0.000000000000000000e+00,0.000000000000000000e+00,0.000000000000000000e+00,0.000000000000000000e+00
0.000000000000000000e+00,0.000000000000000000e+00,0.000000000000000000e+00,0.000000000000000000e+00
0.000000000000000000e+00,0.000000000000000000e+00,0.000000000000000000e+00,0.000000000000000000e+00
8.688184954343260939e-04,-2.249772952186060611e-03,1.131269723232908525e-03,2.496847335188268589e-04
1.039400813602356496e-03,-2.692476342230373017e-03,1.354459458274796498e-03,2.986160703532097778e-04
1.275051669288231092e-03,-3.264826447137802231e-03,1.629886653404759213e-03,3.598881244448021675e-04
1.870701578626333484e-03,-4.108700109501113758e-03,1.812860945403320422e-03,4.251375854714538349e-04
9.741682922766337505e-04,-9.183288234828066235e-03,8.172384284543214930e-03,3.673565800820696297e-05
3.049455335532918684e-03,-1.124194901016868815e-02,7.832460286763081453e-03,3.600333878726838413e-04
7.477900218451479994e-03,-1.461291426175713622e-02,8.301998188801123710e-03,-1.166984145495495026e-03
7.420101045381713271e-03,2.731217075331236668e-03,-5.442129160295839513e-03,-4.709188960417119534e-03
2.981993227623515362e-04,1.590797052029001291e-02,-4.458610895883912198e-03,-1.174755894716848423e-02
-7.639875058591159233e-04,1.103347842747603134e-02,-1.950829035624613347e-03,-8.318661885992340022e-03
1.715303349954376208e-02,2.077992305590053296e-02,-1.388195743576143941e-02,-2.405099911968276022e-02
-1.410968106525490283e-02,1.621436087550507874e-02,-2.041932208535054884e-03,-6.274760171515014588e-05
-1.957075221917614280e-02,1.447219045255281576e-02,9.309393755734087297e-03,-4.210831989110787148e-03
6.601829463892586701e-03,-7.588135425636436011e-03,1.484528513695454466e-02,-1.385897917521073004e-02
-3.336714080496955975e-02,1.766362393758753521e-02,1.329321059201836117e-02,2.410306275363700672e-03
-2.268958590828084460e-02,-8.691480697248657808e-03,2.291981768001120218e-02,8.461248925518395636e-03
1.861522062658394535e-03,-4.446835275869864129e-02,3.319941760287715288e-02,9.407413093163140283e-03
-1.661593104543791083e-02,4.635686606112638525e-02,-1.239907637083521863e-02,-1.734185864485332171e-02
5.952959329079185631e-03,-3.191456212328298847e-02,-6.038875351674921794e-03,3.200047814587873157e-02
-5.022540981236331588e-03,-2.272742705157478754e-02,-1.860880365130852115e-02,4.635877168411965676e-02
-2.205385553486699513e-02,-3.789111775086150165e-03,8.168391714687953456e-03,1.767457559526519617e-02
-3.083111721137149486e-03,9.733687979800263040e-03,-4.498917962163718337e-03,-2.151658296499412131e-03
-1.220846302388083927e-02,-4.518680851058655586e-03,4.443262940594355781e-03,1.228388093434511392e-02
-1.384636960879581311e-02,-1.305819980129446084e-02,-1.384741472773486082e-02,4.075198413782523538e-02
6.713405828758217848e-03,-2.036520188017628893e-02,-7.685124814200678008e-03,2.133692086561882889e-02
-2.457264916864134330e-03,-5.703394374088563597e-03,-2.836767588865580711e-02,3.652833517960840659e-02
-3.798357292786535503e-04,-4.651723820609325252e-03,-2.129801606460989677e-02,2.632957561449793954e-02
-2.685220950150544322e-02,3.240389947576541307e-02,-5.800024082426899485e-03,2.483341081668510842e-04
-1.653172008780826735e-02,2.813369007433900656e-02,-1.831354770233614704e-02,6.711577715805309811e-03
-8.530383063662310555e-03,1.353068470281535395e-02,-1.717121623539328776e-02,1.217091459624020794e-02
-9.193649736141357859e-03,5.800625650256854837e-02,-4.430023120801651615e-02,-4.512375558410650078e-03
-3.852235903705820107e-03,3.063177989154613687e-02,-4.928492590354254660e-02,2.250538191570227234e-02
-1.706005102739455159e-02,1.986593309353607006e-02,-3.742650681316263966e-02,3.462062474702129466e-02
-1.251230177778333945e-02,1.175519393868304854e-02,-1.902035963888123668e-02,1.977746747798152932e-02
2.588325174545232695e-03,-6.861538241775949447e-03,-1.711371180295289708e-03,5.984584247526024241e-03
7.490181154134410366e-03,-2.728882390669041744e-02,4.572088673616701350e-05,1.975292186581981482e-02
7.728518195775474151e-03,-1.930498532180584259e-02,4.953706559079977187e-03,6.622760566950379978e-03
-9.213833620857627511e-04,7.047431223183326689e-03,1.911666379581977195e-03,-8.037714240679505462e-03
-9.972645719297106720e-03,1.190057037177549848e-02,-1.395724512660930644e-02,1.202932047413096672e-02
-4.500984898180970112e-02,-2.373852253780808514e-03,1.157894455862270612e-02,3.580475667696787767e-02
-2.024722571800248450e-02,1.847490032645588212e-02,-1.301362179880347081e-02,1.478594719035016165e-02
-3.227494684657332413e-02,1.495062693438233871e-02,1.498502119422190533e-02,2.339298717969140375e-03
1.353049654560985367e-02,1.717041117148335183e-02,-2.369406649298784993e-03,-2.833150106779436239e-02
1.483249480299796662e-02,-2.006359447958949022e-02,1.348422678591192254e-02,-8.253127109320362517e-03
1.100502063962735706e-02,-1.635820939436329405e-02,9.575877025190840733e-03,-4.222688270454924564e-03
1.859426597068088161e-02,-8.691457886945868835e-03,8.540233333266637750e-03,-1.844304141700167654e-02
2.068223862040584685e-02,-7.442004112101835954e-03,2.995860865835762998e-02,-4.319884316666156021e-02
1.203757857082812972e-02,-1.214934822555028583e-02,2.486532206974989556e-02,-2.475355241502768741e-02
1.062682152789763516e-02,-1.054377804760041511e-02,1.844543653651210813e-02,-1.852848001680934900e-02
1.004304237332063338e-02,-1.055476893692369050e-02,3.979952286108724528e-03,-3.468225722505686916e-03
4.996947430200866964e-03,-1.374662534690525122e-02,1.156487717689737640e-02,-2.815199260192939243e-03
1.682643911815740606e-02,-1.378773087156752106e-02,-1.552268302308718951e-03,-1.486439944281157163e-03
5.115340487047716732e-03,-9.228703577275537695e-03,3.614213090764421387e-03,4.991499994633922035e-04
4.878932986802104327e-03,-8.913843977537075011e-03,3.519233000533068464e-03,5.156779902019288913e-04
3.570489993478496993e-03,-6.979889354486982708e-03,2.888005338855489587e-03,5.213940221529903820e-04
1.686310349607606646e-03,-4.116197189212173965e-03,2.010731405859002199e-03,4.191554337455669641e-04
6.830884729557715413e-04,-1.735404254701638322e-03,8.632574290841549041e-04,1.890583526617204693e-04
0.000000000000000000e+00,0.000000000000000000e+00,0.000000000000000000e+00,0.000000000000000000e+00
0.000000000000000000e+00,0.000000000000000000e+00,0.000000000000000000e+00,0.000000000000000000e+00
0.000000000000000000e+00,0.000000000000000000e+00,0.000000000000000000e+00,0.000000000000000000e+00
0.000000000000000000e+00,0.000000000000000000e+00,0.000000000000000000e+00,0.000000000000000000e+00
0.000000000000000000e+00,0.000000000000000000e+00,0.000000000000000000e+00,0.000000000000000000e+00
0.000000000000000000e+00,0.000000000000000000e+00,0.000000000000000000e+00,0.000000000000000000e+00
0.000000000000000000e+00,0.000000000000000000e+00,0.000000000000000000e+00,0.000000000000000000e+00
1.145060515528127393e-03,-2.966459353859996276e-03,1.492637394373920890e-03,3.287614439579406738e-04
1.322626257688448411e-03,-3.423420852409069914e-03,1.722139761346059032e-03,3.786548333745571584e-04
1.341737174758627889e-03,-3.472909191114460781e-03,1.747077290260426246e-03,3.840947260953982427e-04
1.810620957235734669e-03,-4.094409872543974815e-03,1.854707387272511946e-03,4.290815280357239718e-04
1.350530622368592386e-03,-9.858410875212393620e-03,8.369887087094339886e-03,1.379931657494827069e-04
2.550480065261183978e-03,-1.045354320614960524e-02,7.610489957504337766e-03,2.925731833840970980e-04
1.119726591872978114e-02,-1.388995677172775306e-02,3.506761741552873960e-03,-8.140708885548831718e-04
6.353551974421824296e-03,4.963915645867486397e-03,-7.244205282120407853e-03,-4.073262338168918452e-03
-3.828037953559967812e-03,5.891365470189127186e-03,3.930277884417956655e-03,-5.993605401047128606e-03
-2.829957486232033068e-03,1.664744424088766828e-02,-6.595019351137779693e-05,-1.375153656114427164e-02
1.073329206961091790e-02,9.960161665234760001e-03,2.837196233195222843e-03,-2.353064996804088427e-02
-1.123513357462208213e-02,1.104296485842937332e-02,6.762487692108377739e-03,-6.570318975915733981e-03
-1.886203365426490641e-02,2.663701746446651281e-02,-1.919473442150247938e-03,-5.855510368051330267e-03
4.367766634124167595e-03,-6.557470550348658278e-03,8.715971795799979174e-03,-6.526267879575521451e-03
-2.222549980615055182e-02,1.402310463285758426e-03,1.873866996160661411e-03,1.894932234670409013e-02
-1.965040223689226359e-02,-4.423608505221617027e-03,9.273834993855711167e-03,1.480017574825818506e-02
1.180348456021905034e-03,-1.503609325852039644e-02,-6.739239149285803504e-03,2.059498395178428753e-02
-4.244925889026950235e-03,3.941546790060266106e-03,-5.144845549270982317e-03,5.448224648237668180e-03
-2.082973737324704533e-02,2.710902691409599555e-03,-8.153428545739764902e-03,2.627226322757720417e-02
-2.121212568551179151e-03,1.671285995484540071e-02,-2.039253729381022492e-02,5.800889907515973005e-03
-1.051424689851014095e-02,1.509135396236218653e-02,-2.937982717244473890e-03,-1.639124346607554773e-03
-9.718427123261598813e-03,-7.897102149872280846e-03,1.641401901037010946e-02,1.201510262763798818e-03
-1.418572081107526139e-02,-9.119985144707137489e-03,4.167489727340098656e-03,1.913821622844229242e-02
-8.016944407147497814e-03,1.573178502082894781e-02,-4.302002972560294534e-03,-3.412837641121191021e-03
-7.765979363268614086e-03,-2.480636028221067449e-03,-4.803142272098874835e-04,1.072692961869959639e-02
-6.583879492282223612e-03,-1.714383401259306043e-03,-3.060699341980131424e-02,3.890525631334284390e-02
-1.234472662378269595e-02,7.058020547467922477e-03,-5.186176214599386679e-03,1.047288229091412025e-02
-1.928112722551571928e-02,1.787398610268790301e-03,5.112860783438089897e-03,1.238086783180881653e-02
-6.247574208239709860e-03,3.230967084875577267e-02,-2.655196393797983750e-02,4.898672974639660610e-04
-4.310412756240330351e-03,2.561715832984826774e-02,-2.367685452430121074e-02,2.370108950693226076e-03
-8.874651529585978263e-03,3.230589882822541836e-02,-4.539393585537124243e-02,2.196268855673186304e-02
-1.414583152176591280e-02,2.719661426497828327e-02,-4.251441609633614671e-02,2.946363335312376930e-02
-1.592419408821574983e-02,1.371543082418376532e-02,-2.322905636217057618e-02,2.543781962620251386e-02
-2.827072232900477902e-03,5.003094340026942831e-03,-1.558177716111786536e-02,1.340575505399143642e-02
-1.524646028895881161e-02,5.622019290960304262e-03,1.412825580880917864e-02,-4.503814810810698177e-03
-4.803326562300202184e-03,-1.259804584888036053e-02,2.432509558815243878e-03,1.496886285236533921e-02
-1.374497443389710929e-02,2.410778077532395314e-02,1.069192482947056537e-02,-2.105473117089731033e-02
-7.741029098580437182e-03,2.187285356002696690e-03,9.549584621730298822e-04,4.598785280404710067e-03
-1.672197623493484886e-02,2.700413507302686089e-02,-8.178363382450808128e-03,-2.103795455641137551e-03
-1.441226811421051669e-02,-3.418675756553498507e-02,3.218539689013323254e-03,4.538048599073202932e-02
-1.947007905535952377e-02,2.199110296638593504e-02,-1.671919395654662341e-02,1.419817004552019479e-02
8.558884918999648192e-03,-5.581451349746933098e-03,-1.073902067543267697e-02,7.761587106179980086e-03
-4.896584347718811042e-03,1.168526647891546602e-02,3.517129765330934132e-02,-4.195997978450612814e-02
4.924284558358202682e-03,-1.315271501176479285e-02,1.683848804538254015e-02,-8.610057591975915289e-03
2.011603338706783456e-02,-1.527292998052844249e-02,-3.265904265061965028e-03,-1.577199141477368931e-03
2.180479684378196226e-02,-2.265722845948749814e-03,-9.767344212791852567e-03,-9.771729785041406713e-03
2.274840147968628865e-02,-2.111821812546158320e-02,2.735775059616249449e-02,-2.898793395038713056e-02
1.254129801374345536e-02,-6.860914309180485976e-03,2.047536618062363242e-02,-2.615574988518668334e-02
6.615196434391973183e-03,-1.752756239922933362e-02,3.546976187289243437e-02,-2.455739590805501235e-02
4.880213457955616570e-03,-1.127883760991223172e-02,9.669925548038849766e-03,-3.271301396082236784e-03
2.137117843979462282e-03,-2.049148605068107712e-02,2.374448394375397453e-02,-5.390115737052305483e-03
6.635395937223152914e-03,-1.298904230394961994e-02,7.046990997396757571e-03,-6.933446306702919582e-04
5.024240191221311484e-03,-9.802115112487087487e-03,4.109852772497426046e-03,6.680221487683591719e-04
4.143242517576516473e-03,-8.390606203716127406e-03,3.602779027300162095e-03,6.445846588394212994e-04
2.642306565282363968e-03,-5.877827641435759073e-03,2.712104924040861960e-03,5.234161521125343377e-04
2.410043727794897866e-03,-5.155093583246186939e-03,2.293951000255565337e-03,4.510988551957249826e-04
8.549333005497140175e-04,-2.213563609491768242e-03,1.112951412959135898e-03,2.456788959829102489e-04
0.000000000000000000e+00,0.000000000000000000e+00,0.000000000000000000e+00,0.000000000000000000e+00
0.000000000000000000e+00,0.000000000000000000e+00,0.000000000000000000e+00,0.000000000000000000e+00
0.000000000000000000e+00,0.000000000000000000e+00,0.000000000000000000e+00,0.000000000000000000e+00
0.000000000000000000e+00,0.000000000000000000e+00,0.000000000000000000e+00,0.000000000000000000e+00
0.000000000000000000e+00,0.000000000000000000e+00,0.000000000000000000e+00,0.000000000000000000e+00
0.000000000000000000e+00,0.000000000000000000e+00,0.000000000000000000e+00,0.000000000000000000e+00
0.000000000000000000e+00,0.000000000000000000e+00,0.000000000000000000e+00,0.000000000000000000e+00
1.254537070334462443e-03,-3.249701772425143617e-03,1.635277518484988969e-03,3.598871836056884654e-04
1.339807531204864751e-03,-3.465917507102218506e-03,1.742818384328426217e-03,3.832915915689265080e-04
1.388183240309686728e-03,-3.561749397078614685e-03,1.785630240195820338e-03,3.879359165730984034e-04
1.685043323164623101e-03,-4.107340290557436741e-03,1.979579734438075868e-03,4.427172329547298573e-04
4.544148074387432978e-04,-1.082857959157090301e-02,1.044767864580092506e-02,-7.351386166875883185e-05
2.414503322071749614e-03,-1.054669633104422279e-02,7.859312236352052755e-03,2.728807726204515336e-04
7.388762816979964690e-03,-1.281893254502754556e-02,5.606459313717642411e-03,-1.762895856700694272e-04
5.448665659742318174e-03,5.128846516614332315e-03,-5.661428367720111772e-03,-4.916083808636499686e-03
5.645287266985539280e-03,1.242345435322275531e-02,-9.990261775532690430e-03,-8.078479844675605023e-03
-8.547889455378354304e-03,1.840186319191924533e-02,5.336121962119962786e-03,-1.519009569866083473e-02
1.144326245655062461e-02,1.771320877367053848e-02,-5.285943003613870032e-03,-2.387052822660734250e-02
-7.393612799547899170e-03,1.308223995194087580e-02,1.867642339201750108e-03,-7.556269491594770973e-03
-2.266017783896364171e-02,2.949868766816854046e-02,-2.792586291147561035e-03,-4.045923538057326005e-03
-2.144174056514983225e-03,-1.006271285637570876e-03,1.179055528040422185e-02,-8.640109938251651703e-03
-9.342790829465439165e-03,-8.002661039745463320e-03,5.520720193333580710e-03,1.182473167587731744e-02
-3.682413311115297766e-02,6.073306317341207669e-03,1.428702464461692467e-02,1.646380214919485399e-02
-1.026814535702340846e-02,-1.121158194884444570e-02,-4.905562437932004492e-03,2.638528974379986472e-02
-4.648795758483929147e-03,2.429735510626727241e-02,-6.456085086805182262e-03,-1.319247426097815493e-02
-8.034421309428630212e-03,-2.908542058017724724e-02,1.771189979101268908e-02,1.940794209859321440e-02
4.423386270226316655e-03,-3.779312714845440430e-02,2.873815291393556470e-03,3.049592558683455329e-02
-6.386504608335930554e-03,-2.847321791690114387e-02,1.225893245166051991e-02,2.260079007357655712e-02
-1.128218854332333279e-02,-1.216551223454129249e-02,3.944402131281663990e-03,1.950329864658293874e-02
-1.460141725416167630e-02,8.695606029339065937e-04,-2.535681099390039300e-03,1.626753775061778873e-02
-9.418649025591646282e-03,6.193171365951480843e-03,-6.300932100614775166e-04,3.855570869701607176e-03
5.137831409176341069e-03,-5.678105829261223189e-03,-9.634529207734065376e-03,1.017480362781895790e-02
-1.408193402344417840e-03,4.190566306138135411e-03,-1.536143293092385141e-02,1.257906002713020215e-02
6.721837963696022759e-03,1.712105798847237195e-02,-1.421268262482107414e-02,-9.630213327347305827e-03
-3.567938967324313371e-02,2.954359140629411740e-02,-3.356740488700447715e-03,9.492538755649555099e-03
-5.788293718109033086e-03,3.108283429040567883e-02,-2.368739757382827896e-02,-1.607142998468396710e-03
-7.045388165487908617e-03,1.851718760158398147e-02,-1.458621733276549946e-02,3.114417896669439186e-03
-5.030280460648827931e-03,3.084155873377530596e-02,-5.377476001251347421e-02,2.796348173938702220e-02
-9.595329532911683196e-03,3.259415873773295613e-02,-3.725499965462685664e-02,1.425617044980559064e-02
-1.870476326954613119e-02,1.399725983074598563e-02,-1.723908249620301897e-02,2.194658593500314545e-02
-2.522618394367798916e-02,3.065121217570693224e-02,-1.297620072113796381e-02,7.551172489109005126e-03
-1.585996403290331619e-02,2.449564255761724207e-02,2.326872279826654698e-03,-1.096255080454059706e-02
-1.230664446998996735e-02,4.116485706419951984e-02,-1.333699816977152635e-03,-2.752451277723252238e-02
-8.895457180422576896e-03,2.910423166926767030e-02,2.676846185218915378e-03,-2.288562067406396672e-02
-9.631503510000256896e-03,1.923657039970736934e-02,-9.722273977903900244e-03,1.172070881967263346e-04
-1.635594952313561626e-02,1.274354324000217392e-02,-8.491430717576235743e-03,1.210383700070970410e-02
-1.479819180977761869e-02,8.247063541840116835e-03,-1.063638197644783089e-02,1.718751024438524774e-02
-4.745724098635942245e-02,-1.506968831133163010e-02,7.939821811614625885e-03,5.458710748607666086e-02
-4.897954772059541668e-03,2.803876775678480759e-02,-1.545976542249176584e-02,-7.681047562233559931e-03
-1.548831278010008583e-02,9.783293478196352505e-03,3.790217626263299444e-02,-3.219715696072918826e-02
3.632257992893343779e-03,3.349720227598303201e-04,1.434956525257872692e-02,-1.831679526823191267e-02
7.238392257371137166e-03,-9.689340939559266605e-03,-1.105759241262761717e-03,3.556707923450906552e-03
2.358843455699022665e-02,-3.637313148323159835e-03,-1.783363866995417435e-02,-2.117482738712872514e-03
1.878085760569532178e-02,-1.726112223484593117e-02,2.063887148663242146e-02,-2.215860685748188494e-02
9.265995372786422352e-03,-3.172773753828450876e-03,1.691121161322835589e-02,-2.300443323218624714e-02
-1.185517515551757616e-03,-3.261276690844557360e-03,1.112250210887423887e-02,-6.675707902477913923e-03
3.361178485738038589e-03,-8.699254678783708075e-03,1.012745121695263900e-02,-4.789375023906999006e-03
5.812911574697284152e-03,-1.479637288568801633e-02,1.108991525581292346e-02,-2.106453944822217744e-03
8.555015402314505510e-03,-1.353959549097481611e-02,5.138476248716450541e-03,-1.538961600561762849e-04
5.097997024634816701e-03,-1.024413933950466156e-02,4.399291019455902653e-03,7.468512954139651903e-04
3.805205766975190262e-03,-8.213744394445516434e-03,3.700828025444397214e-03,7.077106020259033708e-04
2.437614306708617111e-03,-5.631655893289302939e-03,2.649002546339603026e-03,5.450390402410773810e-04
1.345129277543285259e-03,-3.477263611776588124e-03,1.748285781853559139e-03,3.838485523797457327e-04
9.098301781859041096e-04,-2.312752766543737723e-03,1.154131509517702416e-03,2.487910788401347215e-04
0.000000000000000000e+00,0.000000000000000000e+00,0.000000000000000000e+00,0.000000000000000000e+00
0.000000000000000000e+00,0.000000000000000000e+00,0.000000000000000000e+00,0.000000000000000000e+00
0.000000000000000000e+00,0.000000000000000000e+00,0.000000000000000000e+00,0.000000000000000000e+00
0.000000000000000000e+00,0.000000000000000000e+00,0.000000000000000000e+00,0.000000000000000000e+00
0.000000000000000000e+00,0.000000000000000000e+00,0.000000000000000000e+00,0.000000000000000000e+00
0.000000000000000000e+00,0.000000000000000000e+00,0.000000000000000000e+00,0.000000000000000000e+00
0.000000000000000000e+00,0.000000000000000000e+00,0.000000000000000000e+00,0.000000000000000000e+00
1.334300719006758932e-03,-3.454479913831958772e-03,1.738010142104124810e-03,3.821690527210730242e-04
1.372625017830057890e-03,-3.530953920553879955e-03,1.771875224079113133e-03,3.864536786447072517e-04
1.414436188255177541e-03,-3.607581438039709435e-03,1.804086082185669612e-03,3.890591675988707928e-04
1.990715478360781648e-03,-4.638665854666577243e-03,2.171925774749647580e-03,4.760246015561518640e-04
2.389819047489690623e-03,-5.085651180737803256e-03,2.227715784754898121e-03,4.681163484932189035e-04
2.366524278253168394e-03,-1.029591269626667534e-02,7.757622395489265944e-03,1.717660225242398874e-04
5.074325612177092194e-03,-1.115508082906227320e-02,6.306287592466304145e-03,-2.255323755811316469e-04
-5.920867824852466509e-04,7.615854879751791408e-03,-1.713741168646358342e-03,-5.310026928620198775e-03
9.122499503929073009e-03,9.009696616507049602e-03,-1.047791718926345539e-02,-7.654278931172667222e-03
-6.827687310692942546e-03,2.043539071651871014e-02,-1.197031113780861345e-03,-1.241067229204482862e-02
-3.123537121290197085e-03,2.118880603056397596e-02,-1.532752666692653760e-02,-2.737742242347231299e-03
-4.678713818114422704e-03,8.119380121193489966e-03,4.367652966632685867e-03,-7.808319269711742720e-03
-3.574080795049665304e-02,3.817440343955581100e-02,4.569308371503093269e-03,-7.002903860562428168e-03
-2.453038811540358966e-02,1.186303563985400579e-02,2.577984391316621299e-02,-1.311249143761647647e-02
-1.528446244589780345e-02,-5.703103626750936038e-04,1.174429151874455124e-02,4.110481289828358392e-03
-4.007547005918844774e-02,1.988865786168134836e-02,1.842847722507821254e-03,1.834396447499931151e-02
7.348180544141223562e-03,3.857853374401657310e-03,-8.305456294748964942e-04,-1.037548828906799565e-02
1.161685046455712298e-03,3.035625585573597032e-02,-1.423332508897855349e-02,-1.728461581321314583e-02
3.007277012482675177e-02,-3.644240921275433004e-02,-6.425622631284973706e-03,1.279526171921250080e-02
1.699308209469146611e-02,-4.417693297428860327e-02,-1.467437459226299777e-02,4.185822547186018872e-02
1.493535422302011938e-02,-1.942588616048777223e-02,-1.504506575118336057e-03,5.995038512586027719e-03
1.082493555759073828e-02,-1.032440183381955028e-02,-3.539571907831739507e-03,3.039038184060573189e-03
1.421073416951960933e-02,1.725220721011635344e-03,-6.645616096311915064e-03,-9.290338794219301852e-03
1.132742754984474715e-02,1.414536762321815487e-02,-8.049752154359008510e-03,-1.742304301870392647e-02
1.418222405424073712e-02,1.365184779080868410e-02,-1.366531793929598795e-02,-1.416875390575341072e-02
1.247896487423552983e-02,-2.810104726327886625e-03,-1.384961551148960329e-02,4.180755363581976566e-03
4.517573527129776882e-03,1.375407374250131034e-03,5.738935468491407690e-03,-1.163191636987133577e-02
-8.936058353550793004e-03,1.086312841040652137e-03,3.659924706773891962e-04,7.483753041832743973e-03
-4.245640242928989602e-03,1.052898372288173234e-02,-1.080164699943132744e-02,4.518303519478615062e-03
-1.860034494588585358e-03,5.360965278212463138e-03,-8.886947014318040752e-03,5.386016230694173380e-03
-7.478583509624989797e-04,3.406549540129154285e-02,-3.803956795807150043e-02,4.721930907742406466e-03
2.345504376082573061e-03,1.929098685528142162e-02,-3.009595715833484481e-02,8.459465926970954203e-03
-8.211756677908622210e-03,8.027787532883790683e-03,-1.666394223637237756e-02,1.684791138139721603e-02
-1.601126289637780711e-02,2.885602576375190936e-02,-1.431516983537622391e-02,1.470406968002030152e-03
-1.358193895044842482e-02,3.697646749208925027e-02,-1.215800990309222861e-02,-1.123651863854872521e-02
-8.351281282134154910e-03,4.560171355107291158e-02,-2.108213360174582274e-02,-1.616829866719289924e-02
-2.157507066893970312e-03,2.110558583611947189e-02,-5.443975563809212194e-03,-1.350410320541635747e-02
-9.940312690884113567e-03,5.022709018323652519e-02,-1.735666174160417977e-02,-2.293011575074826308e-02
-2.101051896973901364e-02,3.989295611640043121e-02,-1.393585699419566323e-02,-4.946580152465630299e-03
-2.365932147889774836e-02,4.632289624810871642e-02,-1.917872501182427483e-02,-3.484849757386871468e-03
-3.042368894672235757e-02,6.641679104873485055e-03,-2.139626891853939599e-03,2.592163673370280821e-02
-2.137035083395999110e-02,2.730944857255697758e-02,-4.645670720851237390e-03,-1.293427017745785298e-03
-1.427760307876694938e-02,1.736069305159918669e-02,8.666666995489926556e-03,-1.174975696832219335e-02
1.032370104621598353e-02,9.074292573387019584e-03,-2.286903132588250561e-03,-1.711109048701479896e-02
-4.127002146849003718e-03,3.159303705578386107e-03,-1.016013057830784504e-03,1.983711499101406452e-03
2.258319410851754999e-02,-6.387310395793531839e-03,-1.343595905764396678e-02,-2.759924655080072623e-03
1.905445018871173776e-02,-1.536294776038545258e-02,1.721080910566983452e-02,-2.090231153399613531e-02
1.079274517593635345e-03,-9.845377862118580292e-03,2.237058420961139313e-02,-1.360448086508646119e-02
6.239260420828284491e-03,-5.136773618793246537e-03,6.103724465424628133e-04,-1.712859248577479516e-03
7.774162067611734180e-03,-1.247936024818419726e-02,7.664948294645624292e-03,-2.959750114073171189e-03
1.222831344753463542e-02,-1.653538641379209695e-02,6.738134444719390444e-03,-2.431061478461883380e-03
8.475880009145264279e-03,-1.299440580767631005e-02,4.539555751661759550e-03,-2.102995313069890324e-05
4.757124027481872408e-03,-9.636760675081552582e-03,4.190772846710472295e-03,6.888638008892117824e-04
4.029230366145078630e-03,-8.466545917634821228e-03,3.790997841361394994e-03,6.463177101283548677e-04
2.511909549398091794e-03,-5.718017329554289825e-03,2.677582999712310296e-03,5.285247804438964088e-04
1.433983756937901033e-03,-3.632726975219431002e-03,1.811145679751513006e-03,3.875975385300158785e-04
1.749339323446009705e-03,-2.931514736563374610e-03,1.161734729703853969e-03,2.044068341350723688e-05
0.000000000000000000e+00,0.000000000000000000e+00,0.000000000000000000e+00,0.000000000000000000e+00
0.000000000000000000e+00,0.000000000000000000e+00,0.000000000000000000e+00,0.000000000000000000e+00
0.000000000000000000e+00,0.000000000000000000e+00,0.000000000000000000e+00,0.000000000000000000e+00
0.000000000000000000e+00,0.000000000000000000e+00,0.000000000000000000e+00,0.000000000000000000e+00
0.000000000000000000e+00,0.000000000000000000e+00,0.000000000000000000e+00,0.000000000000000000e+00
0.000000000000000000e+00,0.000000000000000000e+00,0.000000000000000000e+00,0.000000000000000000e+00
0.000000000000000000e+00,0.000000000000000000e+00,0.000000000000000000e+00,0.000000000000000000e+00
1.330280189457367203e-03,-3.442890004050320075e-03,1.731987578167502742e-03,3.806222364254697533e-04
1.422014322859817747e-03,-3.591504125890614477e-03,1.788717554805389562e-03,3.807722482253984939e-04
1.347523863382841126e-03,-3.458808677155568879e-03,1.734205949284139958e-03,3.770788644885839460e-04
2.182164452574152091e-03,-4.780336799910838569e-03,2.145054992686760888e-03,4.531173546499099223e-04
2.510691840703173101e-03,-4.935107148710078315e-03,2.033881111647474656e-03,3.905341963594280647e-04
1.063918226571769010e-03,-1.202773882178366158e-02,1.110141579302465625e-02,-1.375951978127930417e-04
4.123677830584380859e-03,-1.036626096387421349e-02,6.730827287184393444e-03,-4.882441538945448767e-04
-3.120736900825757994e-03,5.827156147285838042e-03,1.909750273104350972e-03,-4.616169519564445115e-03
1.152076433693902287e-02,5.388861732511051814e-03,-9.684457577317595253e-03,-7.225168492132498510e-03
-5.401892195812089785e-03,1.429486045960798833e-02,-1.173851416318678811e-03,-7.719116847477223639e-03
-2.126505071294870070e-03,1.989562752694171155e-02,4.593650573541210088e-04,-1.822848751300095924e-02
-4.370990702609049879e-03,6.576630367917528017e-03,-1.672588524717512955e-03,-5.330511405909652911e-04
-2.317597922779801242e-02,2.354602267199134777e-02,2.218957068832942692e-02,-2.255961413252289757e-02
-1.665365812621996677e-02,3.093308358430470542e-03,1.444037759874261702e-02,-8.800278309531011636e-04
-3.805206171994515718e-02,1.772725521411373448e-02,1.426550470147933819e-02,6.059301804351957012e-03
-1.990344956576812346e-02,5.157813216064888878e-03,6.763825094105203883e-03,7.981811255597963048e-03
-3.496114485171024702e-03,2.825152419334057974e-02,-4.785734411154140069e-03,-1.996967529701533517e-02
1.637313650089045058e-02,9.895166536036890113e-05,-1.438938653461137480e-02,-2.082701631639432768e-03
1.755170952183189581e-02,-3.260752642807472623e-02,-1.612007099180613745e-02,3.117588789804893665e-02
-3.321818909789003068e-03,-3.409915852402546459e-03,-4.398937059648424554e-03,1.113067182183998319e-02
1.594228086884260862e-02,9.496114306264185831e-03,-4.354272398550152259e-03,-2.108412277655669076e-02
1.292412739427440185e-02,7.959978418652216559e-03,-3.016471948159701964e-03,-1.786763386476693943e-02
3.591433379912112832e-03,7.238253121700077147e-04,-3.119115957840266299e-03,-1.196142734241855332e-03
1.114478996677017129e-02,1.112306192445484607e-02,-5.486631421165129308e-03,-1.678122047005983775e-02
1.118408831430947950e-02,2.473723072958426694e-02,-5.097036887598579806e-03,-3.082428215629513801e-02
1.252415980592126374e-02,1.639512801861259597e-02,-5.603169950727968432e-03,-2.331611787380585138e-02
1.018734587431133123e-03,-1.365780932751052697e-04,-7.378525571547191880e-03,6.496369077391159555e-03
-2.800695480111282509e-03,-2.525190440280734513e-02,3.197358584094706600e-03,2.485524129882389285e-02
9.232439092815116974e-03,-5.493767989688017397e-03,-1.113047360127885493e-02,7.391802498151718928e-03
6.241544884405199160e-03,-7.554910025562474631e-03,-1.067920636245614160e-02,1.199257150361339626e-02
-3.808014383151175474e-04,1.219109922287716676e-02,-3.197414372929578696e-02,2.016384594473368680e-02
8.061880367717201091e-04,2.146480635729529872e-03,-3.248519296994311495e-02,2.953252429744183602e-02
-9.010171447427261018e-03,-1.704048150187360486e-02,-1.559889500325237037e-02,4.164954795255319114e-02
-1.210528990223363847e-02,1.547308115408057086e-02,-2.850468557586087470e-02,2.513689432401395446e-02
-1.933341540024080540e-02,-5.732079910551120564e-04,-1.870203303260439126e-02,3.860865642390039210e-02
-3.703828578390668414e-03,-8.390371198781198733e-03,-2.271161670114868816e-02,3.480581647832062253e-02
1.643004245570923181e-03,3.336352765779981855e-02,-2.189720128838889071e-02,-1.310933061498187682e-02
2.401240525375681559e-03,5.288624419856084724e-02,-2.630973474263538503e-02,-2.897774998130111038e-02
3.701771904480158706e-03,4.238457104100896988e-02,-2.268998937958313991e-02,-2.339635356590590715e-02
-3.218112828739170400e-02,4.395854211208474055e-02,4.001905514878812374e-03,-1.577931933957187061e-02
-1.053899959227300870e-02,2.647243087842046996e-02,-2.115436003821771771e-02,5.220928752070293742e-03
1.437274711919816171e-02,4.440127417613932460e-03,-1.910382259189416856e-02,2.909480550820923365e-04
-2.657645660920148964e-02,2.371507755283694396e-02,1.111400030621117335e-02,-8.252621249846563492e-03
1.161498098025713285e-02,5.113581892789753657e-04,1.302539937926873274e-02,-2.515173854880473764e-02
-2.296716171619420360e-03,6.478979632298643944e-04,2.883817995711417288e-03,-1.234999787321854926e-03
2.423790667034418297e-02,-2.069234433416056521e-02,-1.662134188729215770e-02,1.307577955110858503e-02
9.950140875278014677e-03,-1.613806866118543126e-02,8.926148850620953951e-03,-2.738221064713587671e-03
-5.208208175060135420e-03,-3.345345134017077820e-03,1.219064029405505199e-02,-3.637086984977853064e-03
5.931583435324050066e-03,-3.595948620070429751e-03,-2.749525766530617685e-03,4.138909512769884248e-04
9.262699081967999334e-03,-1.578169369664923424e-02,9.738446821332525857e-03,-3.219452206651293551e-03
1.648091236450797276e-02,-1.734193544059495218e-02,3.651688157504124916e-03,-2.790665081417104728e-03
1.020888160222269657e-02,-1.299233852982293290e-02,3.222840717560955786e-03,-4.393837899607619022e-04
4.633526783125480053e-03,-9.252559593019170706e-03,3.960269640531231122e-03,6.587631693624762270e-04
3.754563494447674468e-03,-8.023920695526981853e-03,3.628625966020661807e-03,6.407312350586388556e-04
2.875887488824148408e-03,-6.302530889985303968e-03,2.881736388211710801e-03,5.449070129494329407e-04
1.341321035511856396e-03,-3.471002782738649012e-03,1.745971812961373375e-03,3.837099342654174522e-04
2.597018403772053969e-03,-3.233882426789348643e-03,8.953049843080959462e-04,-2.584409612908001880e-04
0.000000000000000000e+00,0.000000000000000000e+00,0.000000000000000000e+00,0.000000000000000000e+00
3.862216631871443211e-04,-1.002200732572097134e-03,5.050519953233743517e-04,1.109270740615791388e-04
0.000000000000000000e+00,0.000000000000000000e+00,0.000000000000000000e+00,0.000000000000000000e+00
0.000000000000000000e+00,0.000000000000000000e+00,0.000000000000000000e+00,0.000000000000000000e+00
0.000000000000000000e+00,0.000000000000000000e+00,0.000000000000000000e+00,0.000000000000000000e+00
0.000000000000000000e+00,0.000000000000000000e+00,0.000000000000000000e+00,0.000000000000000000e+00
0.000000000000000000e+00,0.000000000000000000e+00,0.000000000000000000e+00,0.000000000000000000e+00
1.332137311533447858e-03,-3.448307122728203316e-03,1.734829128424552691e-03,3.813406827702049348e-04
1.455046320795957927e-03,-3.659523334462593501e-03,1.819190923867383030e-03,3.852860897992504302e-04
1.477077331081805885e-03,-3.663475072205496594e-03,1.795786409950680560e-03,3.906113311730132387e-04
1.847588299170577902e-03,-4.129036185671168535e-03,1.912483841052986131e-03,3.689640454476050433e-04
2.525889706287675826e-03,-5.137888182178466066e-03,2.163902852964346823e-03,4.480956229264235766e-04
3.170626238355732894e-03,-6.448326707819715918e-03,2.768645936692397391e-03,5.090545327715908369e-04
3.679037231071127963e-03,-9.309694597996727092e-03,5.663966098102718970e-03,-3.330873117709740456e-05
4.243707370236665753e-04,1.858116598655897792e-03,1.403242636704779144e-04,-2.422811599350036590e-03
9.320393160346563885e-03,8.273333431826988132e-03,-1.099318742366377569e-02,-6.600539168509772861e-03
-3.378240225586258243e-03,9.964762747417442446e-03,-4.150576724670192348e-03,-2.435945797160945451e-03
-1.855920528885922306e-03,1.314690824193595273e-02,-9.724603696567529851e-04,-1.031852734339330953e-02
-1.601245762207587900e-03,2.848352504615165367e-04,3.425135039087355039e-03,-2.108724527341297120e-03
-4.980502316572317338e-03,2.261954044513472123e-02,4.518152889122412086e-03,-2.215719101768484980e-02
-1.381860797811219552e-02,1.037559100306751671e-02,7.764037297651562794e-03,-4.321020322606972455e-03
-3.010270364906980634e-02,2.647242166760139376e-02,1.483004517674377416e-02,-1.119976319527529740e-02
-2.961217496854806272e-02,2.462147719454504252e-02,6.344264130952654603e-03,-1.353566356949530104e-03
-1.742417458024659097e-02,2.050271474713988989e-02,-4.855257560474974567e-03,1.776717393581682142e-03
1.803429641182395168e-02,-9.064912969169528975e-03,-7.290097420951655201e-03,-1.679286021702695733e-03
1.807652534803907626e-02,-8.774116860007652105e-03,-9.442726137947946713e-03,1.403176499165445642e-04
1.607429889259178672e-04,-6.806432744479219005e-03,1.571790195255474759e-03,5.073899560297832206e-03
1.921401336033838007e-03,-8.603990851222424741e-03,2.632096779116535178e-03,4.050492736072021198e-03
-8.386488432779537570e-04,-3.572335501655415826e-04,-1.581123157819170743e-03,2.777005551262675190e-03
-6.813694153749884699e-03,2.154557060046555922e-03,3.170393060068491496e-03,1.488744033634852026e-03
-8.708989673382462951e-03,-7.827955548938680258e-03,1.183387826335902636e-02,4.703066958962114248e-03
-1.776732090790354886e-03,-1.001198896227336807e-02,1.868651466529046290e-02,-6.897793612226715658e-03
1.015488841012667995e-02,-1.338845600889560991e-02,-6.431637988464243214e-03,9.665205587233190523e-03
1.873951870123199970e-02,1.516445408813063903e-02,-1.991278475652798197e-02,-1.399118803283457002e-02
-1.866687073228508534e-02,1.469833362499948885e-02,4.379590073791930945e-03,-4.110529665063668227e-04
1.593780520440020443e-02,-1.507594093011427891e-03,-9.928235028669183879e-03,-4.501976082719642315e-03
1.179324053825019092e-02,-2.347386172504935600e-02,-8.014120414460092559e-03,1.969474160125926632e-02
-8.926705710630492008e-03,-6.997696357084956520e-03,-1.573562214242704010e-02,3.166002421014246088e-02
1.614834015907445387e-03,3.317905169399949696e-03,-2.611702588005502743e-02,2.118428669474757553e-02
-1.637846613935579551e-02,3.485510762025894899e-04,-1.374848607200417246e-02,2.977840113515740211e-02
-1.143535703287952045e-02,-4.089501641067120989e-03,-1.773960932587246783e-02,3.326446799981909452e-02
-1.349072613077360351e-02,-5.266332499058861381e-03,-5.955682007173540744e-03,2.471274063700600737e-02
-4.691499347622235701e-03,1.640744399671906564e-02,-1.562032342119567402e-02,3.904378772098839739e-03
1.720779453784910661e-03,2.423114392402144282e-02,-2.733892901648877008e-02,1.387005638682372579e-03
6.966559208343081275e-03,1.843735232052453807e-02,-2.909724332787318180e-02,3.693331799005521686e-03
1.979020403094040523e-02,1.148352598389412553e-02,-3.514858837806662806e-02,3.874858363232282915e-03
-1.078145527453456751e-02,1.295749061714895206e-02,-5.765082058802407754e-03,3.589046716188055292e-03
-3.560667105263754309e-03,3.079333534030103542e-02,-3.339562212196509755e-02,6.162953886927688071e-03
1.565511351778816826e-02,5.974353203427835296e-03,-1.993589986632563968e-02,-1.693566854890281911e-03
-6.036902528210162482e-03,2.565509598089667914e-02,-1.198618115128443056e-03,-1.841957533755810700e-02
1.208831271671877107e-03,-7.891342960275190069e-03,2.423684747304706566e-02,-1.755433578444375378e-02
-6.854579299701044764e-03,9.171686389490613447e-03,3.948039802517580577e-03,-6.265146892307150127e-03
8.774064502442632460e-03,-2.521029310506937848e-02,3.777383063501053417e-03,1.265884553912574075e-02
1.909157652238473819e-03,-8.937999836714019541e-03,8.109659126620139685e-03,-1.080816942144541704e-03
1.070776152791969027e-03,1.457920954789326514e-03,-1.657710389847649561e-04,-2.362926068596516924e-03
1.053575653762373401e-02,-1.258132779903813232e-02,-2.971488912025907914e-03,5.017060173440331811e-03
1.267702980040327256e-02,-1.578778887972897768e-02,4.837593955876787720e-03,-1.726834876551102977e-03
1.443518367051755194e-02,-1.606842784649700762e-02,3.272202962428930051e-03,-1.638958786449467219e-03
9.459928000746523763e-03,-1.261028370277133583e-02,3.287246570305899472e-03,-1.368908682810988204e-04
5.165910070308365153e-03,-9.942660716703839371e-03,4.084556165695757066e-03,6.921944806997549918e-04
4.166099839132730680e-03,-8.758449465314527976e-03,3.927937821015315030e-03,6.644118051664961444e-04
2.944584861263727527e-03,-6.492417138502740853e-03,3.003615776304835797e-03,5.442165009341814325e-04
2.062351785653439903e-03,-3.719186621887153512e-03,1.554509183742201284e-03,1.023256524915177191e-04
2.600992289015699281e-03,-1.923166572268344716e-03,-4.509017100560774237e-05,-6.327355457417506652e-04
0.000000000000000000e+00,0.000000000000000000e+00,0.000000000000000000e+00,0.000000000000000000e+00
0.000000000000000000e+00,0.000000000000000000e+00,0.000000000000000000e+00,0.000000000000000000e+00
0.000000000000000000e+00,0.000000000000000000e+00,0.000000000000000000e+00,0.000000000000000000e+00
0.000000000000000000e+00,0.000000000000000000e+00,0.000000000000000000e+00,0.000000000000000000e+00
0.000000000000000000e+00,0.000000000000000000e+00,0.000000000000000000e+00,0.000000000000000000e+00
0.000000000000000000e+00,0.000000000000000000e+00,0.000000000000000000e+00,0.000000000000000000e+00
0.000000000000000000e+00,0.000000000000000000e+00,0.000000000000000000e+00,0.000000000000000000e+00
5.486109931947239947e-04,-1.417614533850282974e-03,7.128591439719695862e-04,1.561443966835917511e-04
1.413690910151972450e-03,-3.600263747170414762e-03,1.799247144095816788e-03,3.873256929226324627e-04
1.756895575150031839e-03,-3.880815043001819686e-03,1.802089201507153403e-03,3.218302663446344987e-04
1.690447372981707021e-03,-3.874136465754996449e-03,1.824675925905499835e-03,3.590131668677835203e-04
1.843653450771689075e-03,-4.393931709614225245e-03,2.128374254277681094e-03,4.219040045648513905e-04
4.356064303328932054e-03,-7.374137841112045691e-03,2.792712634467488676e-03,2.253609033156143634e-04
4.967144785897946273e-03,-8.829958064907912976e-03,3.498703713569598518e-03,3.641095654403759380e-04
4.943555620056113743e-03,-1.213757887533797007e-02,6.901493390934172918e-03,2.925298643476574980e-04
2.067282335939430067e-03,7.874850253440280126e-03,-4.773960151483571182e-03,-5.168172437896183247e-03
-2.484782270356699426e-04,1.042299047227336975e-02,-6.613921510077011047e-03,-3.560590735160669516e-03
-6.068468672700106162e-03,5.708516355666290107e-03,2.485563030350045922e-03,-2.125610713316231169e-03
-7.363208788218202072e-03,-2.383141001821141407e-03,6.358565200354330399e-03,3.387784589685010912e-03
1.437520625440029919e-02,4.428956495546263264e-03,-7.062003808249817625e-03,-1.174215894169669192e-02
-1.548822484422933583e-02,9.879921855245509671e-03,5.316340263441628015e-03,2.919627255421962495e-04
-1.304797014172471951e-02,-1.294207798168978303e-02,6.215838290446027044e-03,1.977420983296844167e-02
-2.105296857325911555e-02,3.973396246360665941e-03,3.782473921771421516e-03,1.329709840512696348e-02
-6.369258272149261497e-03,-1.749837883905033115e-02,1.560024270183231823e-03,2.230761284101632005e-02
-9.265545691011791221e-03,3.180832255964780725e-02,-1.453354194442421643e-02,-8.009234924211697249e-03
1.215963260426932563e-02,-1.648288604487159470e-02,-6.538439242154817956e-03,1.086169268275708442e-02
-1.277656696651187709e-02,-1.935141139837647309e-02,4.020558284552060873e-04,3.172592253643310295e-02
-5.746704629769739878e-03,-7.305038412452767062e-03,1.512528757538885967e-03,1.153921428468360211e-02
-6.467200038364691837e-03,4.326295827648713420e-03,-2.971831928492184045e-03,5.112736139208152487e-03
-3.178255115956778957e-03,9.183782753536699761e-03,-7.934189089726042046e-03,1.928661452146113869e-03
-1.321298231715704180e-02,5.547084573436259283e-03,-4.990435095785143368e-03,1.265633283950594323e-02
-1.283507523711284459e-02,-2.993825749562778037e-03,2.680662415721817536e-03,1.314823857095382721e-02
-1.938262876258187162e-03,-1.155062398129373148e-02,1.272955602103276532e-02,7.593308365191605907e-04
3.532866212663000448e-03,1.763296422708904299e-02,1.809302472954488900e-02,-3.925885516929682878e-02
-2.160920913076278330e-02,1.701960738600888715e-02,5.966391775796305377e-03,-1.376790031042477314e-03
1.085923061262803087e-02,1.744277548194605315e-02,-9.473392772192142444e-03,-1.882861332238197974e-02
4.296981648420191736e-03,-1.119265610765888576e-02,-3.297296566216938261e-03,1.019297102545565180e-02
-1.486635806130511342e-02,5.973904330508362365e-03,-1.371866089218224186e-02,2.261111462297897209e-02
1.201125386678494195e-02,-6.825417568153864523e-03,-1.674581403017461056e-02,1.155997773154357304e-02
-2.894535193545474949e-03,-3.718860623657804267e-03,-9.220522612491912533e-04,7.535448078452485973e-03
-3.161773737979569048e-03,-1.893368608364713948e-02,9.164623045758815353e-03,1.293083677586785545e-02
-4.490212957863181503e-03,-7.374870335903998793e-04,1.428409252672422150e-02,-9.056392535270645430e-03
-6.410653306220718585e-03,-5.081776679591252502e-04,1.767120764063535854e-02,-1.075237666645543523e-02
-1.399441371669191657e-02,-1.089774439479789317e-02,3.125828732200731236e-02,-6.366129210517439303e-03
-1.211669052942741277e-02,-9.237451982898665925e-03,8.971415528311207227e-03,1.238272698401484372e-02
-5.272990046174552865e-03,-1.160658541070225779e-02,7.820221372421290451e-03,9.059354084455486372e-03
1.094658393723945897e-02,1.222582990002387196e-02,-1.437504633352926393e-02,-8.797367503734103422e-03
1.619077526494531669e-02,-1.098758001433947432e-02,-1.613771009848877572e-02,1.093451484788297151e-02
-6.314509713056514276e-03,3.639432331220804426e-03,-1.458951923483673384e-02,1.726459661667243198e-02
3.231202244823876851e-04,-8.255739603415190864e-03,-4.378582261955834415e-03,1.231120164088864849e-02
-2.396711683002700124e-03,6.685918922987602910e-03,-1.964710825596785448e-02,1.535790101598293565e-02
-2.490249475714682859e-02,1.067568946937972815e-02,7.544788816486153182e-03,6.682016471280980210e-03
4.760305931105958009e-04,-3.682278502843069207e-02,2.477009353172927864e-02,1.157666090359080018e-02
1.382196799069656742e-02,-3.410021731278069408e-03,1.545001346097386267e-03,-1.195694760551587084e-02
5.582820489073614563e-03,-1.925583078186700195e-03,-4.795411064190667830e-03,1.138173653303766039e-03
2.926278335809531805e-04,-1.282497338080120126e-02,3.263119161804267122e-03,9.269226385415982317e-03
9.154017956610176893e-03,-1.518335887602701925e-02,7.056526585477527168e-03,-1.027185666060713648e-03
1.146920537916668731e-02,-1.449492216555628606e-02,4.563536615797190998e-03,-1.537819829407633667e-03
1.054298109123828417e-02,-1.271604188074059068e-02,2.850921874903219501e-03,-6.778610854009283881e-04
6.520344527794171181e-03,-1.120145186048181370e-02,4.175262159158362602e-03,5.058451735293171018e-04
5.049096842159130939e-03,-8.729495338633597168e-03,3.505975225340875450e-03,1.744232711335620472e-04
3.500425231661811413e-03,-7.007979740708573588e-03,3.043513286212444231e-03,4.640412228343161554e-04
1.895055086909595713e-03,-3.613325782896482149e-03,1.527031790784392487e-03,1.912389052024934615e-04
2.106336766284321038e-03,-1.540647429039146898e-03,-3.288877034174434713e-05,-5.328005669034370029e-04
4.203572926585188389e-04,-1.082215291433053124e-03,5.430420535949911660e-04,1.188159451795385248e-04
3.864268832685984422e-04,-1.002091876939585928e-03,5.043248597322654188e-04,1.113401339387233677e-04
0.000000000000000000e+00,0.000000000000000000e+00,0.000000000000000000e+00,0.000000000000000000e+00
0.000000000000000000e+00,0.000000000000000000e+00,0.000000000000000000e+00,0.000000000000000000e+00
0.000000000000000000e+00,0.000000000000000000e+00,0.000000000000000000e+00,0.000000000000000000e+00
0.000000000000000000e+00,0.000000000000000000e+00,0.000000000000000000e+00,0.000000000000000000e+00
0.000000000000000000e+00,0.000000000000000000e+00,0.000000000000000000e+00,0.000000000000000000e+00
0.000000000000000000e+00,0.000000000000000000e+00,0.000000000000000000e+00,0.000000000000000000e+00
1.441014720425134055e-03,-3.621625515375834301e-03,1.800275739594939381e-03,3.803350553557596726e-04
1.611170409702577947e-03,-3.677628719214851363e-03,1.736683398012629082e-03,3.297749114996420040e-04
2.355971305837522949e-03,-5.138551676564818808e-03,2.377885162477185507e-03,4.046952082501127385e-04
2.365348901072420861e-03,-5.440654959208295754e-03,2.577703675092850744e-03,4.976023830430154754e-04
4.795391928843079250e-03,-7.965825136103030918e-03,2.907638359527479552e-03,2.627948477324666948e-04
5.721259835063036321e-03,-9.554318663824569111e-03,3.505943276974171543e-03,3.271155517873354426e-04
5.861855934601012917e-03,-9.164312168045380541e-03,2.964321972801437291e-03,3.381342606429056132e-04
5.060904672589840560e-04,1.103952267571065016e-02,-4.937302054311840799e-03,-6.608311088657798510e-03
-2.036710556874698867e-03,1.321028770429481629e-02,-6.183391391474508947e-03,-4.990185755945586790e-03
-5.831356709859182282e-04,1.059819190989214760e-02,-8.512623660826137278e-03,-1.502432578080080709e-03
-1.940398483649269585e-03,1.105787404495856864e-02,-4.669406977820238051e-03,-4.448068583489073365e-03
1.356903891651982212e-02,-4.232199535732388863e-03,-2.119597617941487711e-02,1.185913679862740308e-02
6.242773615426028787e-03,-4.803121806168392932e-03,-5.289950285788560212e-03,3.850298476530929128e-03
1.133920027856675193e-02,-5.636575219071754232e-03,-1.078147745829558836e-02,5.078852398800641835e-03
2.240004936559258225e-02,-1.672538058890680329e-02,-7.558538286691195152e-03,1.883869510005501628e-03
-3.903670923180214275e-03,-5.978162683490923987e-03,8.250986623613707632e-03,1.630846983057424558e-03
-1.310865236689683425e-02,2.914428220300455813e-02,-1.217463183501028834e-02,-3.860998001097454627e-03
-7.169632015292771391e-04,1.047017389275552678e-02,-4.419992991445176149e-03,-5.333217699781106665e-03
6.413186420631538688e-03,-1.883925259178351186e-02,7.156708537599328242e-03,5.269357633552633653e-03
4.666038390052954735e-04,2.019247842464993656e-03,5.211876299712983433e-03,-7.697727981183260203e-03
-3.907835009372453462e-03,1.493374356981642254e-02,3.788908108059548408e-03,-1.481481666850353179e-02
-1.374699136697184361e-02,2.444405164079525156e-02,1.382962778048931222e-03,-1.208002305187231770e-02
-1.951927591187831504e-02,1.157574781546226277e-02,-1.801223507565825757e-03,9.744751603981796281e-03
-1.230008763418381605e-02,1.985555210656920685e-02,-9.889658215163075680e-03,2.334193742777702224e-03
1.164293117616670148e-03,5.503626303683118760e-03,-1.047037427761725488e-02,3.802454856317464670e-03
1.799462548022915179e-02,6.720160054863810956e-04,3.935619837482996590e-03,-2.260226132319851505e-02
-8.118560079825636044e-03,4.091774812970053535e-03,6.324097903042663962e-03,-2.297312636187074514e-03
5.012553017679149264e-03,4.155559614234374810e-03,-2.965756560562337815e-03,-6.202356071351199270e-03
-6.096940814855158521e-03,-9.786387489989471430e-03,-7.302367089140208815e-03,2.318569539398480234e-02
-6.276497142593012724e-03,8.299907887265410913e-03,-2.196945219794361331e-02,1.994604145327117523e-02
1.014742130224000755e-02,-9.960100309620188372e-04,-1.665307690803807458e-02,7.501665636760143988e-03
1.827940461736091496e-02,-1.889863888666789768e-02,-1.388180770730115809e-02,1.450104197660819806e-02
-2.192451543704386410e-03,-3.623417173624053633e-02,8.854138603254620848e-03,2.957248467669014447e-02
-1.402738704715791526e-02,-3.371494405496598679e-02,1.015568317548725709e-02,3.758664792663660159e-02
4.940945501690782206e-03,-2.775474308622017175e-02,2.425276154649595728e-03,2.038852142987981550e-02
-3.231186246450860953e-04,-4.267381455579283278e-02,1.968326673374436522e-02,2.331366644669353311e-02
1.147268662899183708e-02,-3.551935127447246321e-02,1.998058259498557143e-02,4.066082050494936734e-03
4.764696698111639366e-03,-2.446563265420824071e-02,8.834878321483359900e-03,1.086605763461322843e-02
-5.711257548550654518e-03,-1.370246920243474963e-02,1.782764767840338063e-02,1.586079072582051268e-03
1.248228290379030034e-02,-2.085427663593949696e-02,-1.475280554097828899e-02,2.312479927312745265e-02
4.778583135524311701e-03,-4.310441643111177952e-03,-2.019380448074268447e-02,1.972566298832954812e-02
1.379402418142599597e-02,-5.792977951218217410e-03,-3.370983805665585253e-02,2.570879182644805749e-02
-2.544059695074067304e-03,2.184835695451571580e-02,-2.898076429792797309e-02,9.676467038486322864e-03
-2.822137298873624023e-02,-1.771600653905600585e-03,7.178592104808687903e-03,2.281438153783323097e-02
1.077669907677429768e-02,-1.551174078434926565e-02,1.248176823719954892e-02,-7.746726529624502894e-03
1.081006853321702516e-02,-4.635821824987265173e-03,2.864859794795057875e-03,-9.039106503024838674e-03
-1.309191878919957995e-03,5.286480338550792737e-04,-5.680271674302975193e-03,6.460815519367835158e-03
-5.455957292214790554e-03,-1.619993462111171331e-02,7.597770705699723702e-03,1.405812120762679057e-02
8.749867739373147491e-03,-1.470138393713093378e-02,6.918893042411230522e-03,-9.673768446533899173e-04
1.047271301319842828e-02,-1.342858144188641828e-02,3.590204447166895577e-03,-6.343360184788916951e-04
9.990454728646692636e-03,-1.179714806598817882e-02,2.557340824713765122e-03,-7.506474873722644107e-04
9.923375396788582797e-03,-1.169299843604055048e-02,2.478145543385908058e-03,-7.085225041339499215e-04
6.007856956631250564e-03,-9.492864211680572539e-03,3.346960382627208082e-03,1.380468724221153300e-04
4.303648281230104504e-03,-6.645903466692550804e-03,2.485651205591533127e-03,-1.433960201291147995e-04
2.522861770262460092e-03,-3.491306319058683130e-03,1.072931277680719622e-03,-1.044867288844950125e-04
4.047000494629434883e-03,-2.666566812933938904e-03,-2.091215161571104261e-04,-1.171312165538393197e-03
1.054236688624462419e-03,-2.726518065172003902e-03,1.371541379363303568e-03,3.007399971842336867e-04
0.000000000000000000e+00,0.000000000000000000e+00,0.000000000000000000e+00,0.000000000000000000e+00
0.000000000000000000e+00,0.000000000000000000e+00,0.000000000000000000e+00,0.000000000000000000e+00
0.000000000000000000e+00,0.000000000000000000e+00,0.000000000000000000e+00,0.000000000000000000e+00
0.000000000000000000e+00,0.000000000000000000e+00,0.000000000000000000e+00,0.000000000000000000e+00
0.000000000000000000e+00,0.000000000000000000e+00,0.000000000000000000e+00,0.000000000000000000e+00
0.000000000000000000e+00,0.000000000000000000e+00,0.000000000000000000e+00,0.000000000000000000e+00
3.894016894970258203e-04,-1.002424069957006574e-03,5.029822786882606365e-04,1.100401017717205778e-04
1.290416026728016244e-03,-2.755547972538354654e-03,1.270699790572411706e-03,1.944321552379332102e-04
1.717960891278973298e-03,-3.839844434817016837e-03,1.800424387183861049e-03,3.214591563541777195e-04
2.552855370561298801e-03,-5.715806808120624596e-03,2.647738236261746887e-03,5.152132012975514782e-04
2.907615055941420012e-03,-6.004118830131895644e-03,2.670202133842950170e-03,4.263016403475300160e-04
4.277838427636837353e-03,-8.003844740515934572e-03,3.216769499448839456e-03,5.092368134302528845e-04
7.064500376351676852e-03,-9.990986741355055781e-03,2.882217004495077773e-03,4.426936050832708805e-05
6.820565072630837763e-03,-1.009577921459185734e-02,3.258928978900992729e-03,1.628516305999311086e-05
2.278953035572543837e-03,9.129747754205335894e-03,-6.750733055482521436e-03,-4.657967734295325769e-03
6.629163426276412155e-03,8.974532770464688919e-03,-9.933299414441510225e-03,-5.670396782299604727e-03
-2.101726430532460319e-03,2.303906310656921377e-02,-1.484901813962562558e-02,-6.088318536411094044e-03
7.127064495012091008e-03,-7.022156038172297672e-03,-2.043047588819852864e-02,2.032556743135871188e-02
1.319302271513234917e-03,3.928122004127604762e-04,-1.476977484624693825e-02,1.305766037432091325e-02
9.015872401087742308e-03,-9.730959004970257675e-03,1.351422727997836706e-02,-1.279914067609586384e-02
1.977823811205338747e-02,3.802461485539180511e-03,-8.780549770700151607e-03,-1.480014982689240033e-02
2.863426768572433986e-02,-3.003017253681902060e-02,6.139355936716386734e-03,-4.743451085621627067e-03
7.384301368926041859e-03,-1.596277612902825480e-02,4.649361696830652500e-03,3.929113063271578651e-03
-1.066417981882727614e-02,2.313089354536460723e-02,-6.919872055967197545e-03,-5.546841670570103189e-03
-2.993664619777938220e-03,1.653944101570159128e-02,-1.170712533795892699e-02,-1.838651057964696585e-03
3.523408960728439520e-03,2.138380274945639228e-03,-3.998396197781348138e-03,-1.663393037892739717e-03
-1.293252792052499702e-03,1.016212708494063782e-02,-4.611652724402572913e-04,-8.407709020447913517e-03
-4.292447552527943119e-03,7.462548904434326315e-03,3.283556521306710881e-03,-6.453657873213082367e-03
-1.896830398162158799e-03,-4.491293570067000159e-04,2.300975508835771070e-03,4.498424633307736439e-05
-8.712965174055032139e-03,3.577769475600210865e-03,5.774801843600881838e-04,4.557715514094780145e-03
-1.246924182831021626e-02,1.491607520419316324e-02,-6.413888301220370229e-03,3.967054925337467480e-03
-3.123700867063677021e-03,1.056791460989836388e-02,-1.207993244538185795e-02,4.635718702547136395e-03
8.634222374154744070e-03,-2.893212904694171615e-03,-6.921707925276045052e-03,1.180698455815488426e-03
-3.083134574768646441e-02,1.747038490900041860e-02,1.706096682606191017e-02,-3.700005987375888650e-03
5.153699843280060665e-03,-1.279433143185232206e-02,1.341997059420512936e-02,-5.779339005632877502e-03
1.122739629197824947e-02,-3.237260793213516535e-02,-1.347597646899778394e-02,3.462118810915459227e-02
-5.810722122478482153e-03,-1.052014997463616812e-02,-2.334198190782080934e-02,3.967285400493547609e-02
-7.149492595981986331e-03,1.354813502061096193e-02,-1.123117828778396471e-02,4.832535863154976095e-03
1.260430530843343819e-02,-1.186103723863444342e-02,-1.961252266750695972e-02,1.886925459770794414e-02
-5.301516266863372587e-03,-2.441535222386062923e-02,-5.335502825419631730e-03,3.505237131614371421e-02
-7.334874133045436555e-03,-1.398593558007205605e-02,1.462981398019461837e-02,6.690995732922834331e-03
-1.783735424976881211e-03,-2.391927111611880097e-02,1.223407982009253048e-02,1.346892672100310356e-02
-1.072952611394962195e-02,-2.773413361510083941e-02,2.020482564820041613e-02,1.825883408084994636e-02
-1.438883888594808848e-02,-3.331135010848998435e-02,3.202041145045864817e-02,1.567977754397926332e-02
1.478924195312379154e-02,-3.720014939039491264e-02,1.902456174947558462e-02,3.386345687795483134e-03
6.076173941761756937e-03,-2.440508674473665374e-02,7.178248687114094709e-03,1.115066411586073010e-02
3.238496489901954850e-02,-1.441762875552647996e-02,-2.008270171747342930e-02,2.115365573980323034e-03
1.130020649630926292e-02,-9.033761161199332923e-03,-1.912890974668891809e-03,-3.535543604410738621e-04
8.512716851522200007e-03,-1.729624045032406368e-02,-1.257880560800973303e-02,2.136232920681155681e-02
-1.312872768662435782e-02,1.472515261169774804e-02,-3.739071222061612839e-05,-1.559034212852793925e-03
-1.957689338282119634e-02,-2.297666905972958751e-02,9.145749664989587593e-03,3.340781277756119105e-02
1.591061699232408991e-02,-2.581337970630218429e-02,5.010358799489383896e-03,4.892403914488768595e-03
1.079880834360013621e-02,-1.340372606105846333e-02,9.985383410462140424e-03,-7.380465693003796825e-03
6.269440435355316289e-03,-1.060291026366363965e-02,-6.757680484864974843e-03,1.109115031317334243e-02
-2.370163929897136019e-04,-1.445473047589229676e-02,1.144993338934119316e-04,1.457724753498861568e-02
1.142720113072268062e-02,-1.590747110195732394e-02,6.683244441162088274e-03,-2.202974469927428472e-03
1.118972218697929580e-02,-1.386928684540269380e-02,3.274433470789786700e-03,-5.948688123663581264e-04
1.216566736747743890e-02,-1.258111180224046576e-02,1.252771311742018664e-03,-8.373268769789997271e-04
8.579618661861835097e-03,-1.126167430316446505e-02,2.820296168576401016e-03,-1.382405272737482951e-04
7.932271316567002933e-03,-9.366186052628825212e-03,2.437218328146157926e-03,-1.003303592084349091e-03
3.353034298998670837e-03,-4.728292061003907046e-03,1.568432124148791320e-03,-1.931743621435603965e-04
4.074053585697619967e-03,-1.817542034070502828e-03,-7.876253532755519548e-04,-1.468886198351573207e-03
2.218435010954984254e-03,-2.456354260253634184e-03,5.272238745139318141e-04,-2.893046252152819378e-04
8.016073153657820704e-04,-2.075784009560298522e-03,1.043734382793000794e-03,2.304423114015227323e-04
0.000000000000000000e+00,0.000000000000000000e+00,0.000000000000000000e+00,0.000000000000000000e+00
0.000000000000000000e+00,0.000000000000000000e+00,0.000000000000000000e+00,0.000000000000000000e+00
0.000000000000000000e+00,0.000000000000000000e+00,0.000000000000000000e+00,0.000000000000000000e+00
0.000000000000000000e+00,0.000000000000000000e+00,0.000000000000000000e+00,0.000000000000000000e+00
0.000000000000000000e+00,0.000000000000000000e+00,0.000000000000000000e+00,0.000000000000000000e+00
0.000000000000000000e+00,0.000000000000000000e+00,0.000000000000000000e+00,0.000000000000000000e+00
0.000000000000000000e+00,0.000000000000000000e+00,0.000000000000000000e+00,0.000000000000000000e+00
6.199409144632577525e-04,-1.237262728111368114e-03,5.466311585506471171e-04,7.069065509746130587e-05
1.731666756919983483e-03,-3.659896026569468136e-03,1.672252977726418864e-03,2.559762919230726191e-04
3.212952147771337089e-03,-6.380444813994487138e-03,2.712280976689262525e-03,4.552116895338591176e-04
3.257133867362911692e-03,-6.355732166311217624e-03,2.704406441925310493e-03,3.941918570230119184e-04
5.032009182985147482e-03,-8.120516023289989227e-03,2.886306330811673568e-03,2.022005094931877197e-04
7.087890861698776038e-03,-9.667448271474711127e-03,3.034081382114371065e-03,-4.545239723384208509e-04
5.512768397964401372e-03,-8.763459801691447087e-03,3.075742300078799282e-03,1.749491036482311737e-04
-7.090766744949839528e-04,3.635849259271314513e-03,7.555322120039181296e-06,-2.934327906896380504e-03
8.017083459895893438e-03,4.709474745623417995e-03,-9.319287028852362223e-03,-3.407271176666938801e-03
1.136639567572710454e-03,1.113583498959499520e-02,-9.380829688224300716e-03,-2.891644868943415124e-03
1.322103690401228021e-02,4.738256895243629814e-03,-1.246099090333714632e-02,-5.498302895918733349e-03
1.861277470467105535e-03,3.003318054764455170e-03,-1.326439793439179553e-02,8.399802409160224415e-03
2.352979846252751736e-03,1.121514725178848228e-04,2.486245151832019995e-02,-2.732758283709080943e-02
5.393317838646060486e-03,-1.341122662632884474e-02,1.346449548805568955e-02,-5.446586700372901824e-03
2.954043192106693347e-02,-1.051190699445476127e-02,-9.397478415363199472e-03,-9.631046511248872108e-03
4.666293375917555074e-03,8.066706175074610935e-03,-7.627273887303749958e-03,-5.105725663688381356e-03
-1.589481161221321937e-02,7.358768614394884701e-03,1.297025606295969420e-03,7.239017391522357438e-03
1.074628282403968654e-02,-2.125394291488180015e-03,-1.085894990051865933e-02,2.238061367967136318e-03
-4.318115844472190934e-03,1.048944318939931328e-03,-9.013123276324206193e-03,1.228229480185650917e-02
-4.331426806828732497e-03,7.448234234325184014e-03,7.200447965035844215e-03,-1.031725539253226624e-02
-4.891032258293030212e-03,-3.139641105833568344e-04,8.222801235583873658e-03,-3.017804866707485961e-03
-3.071153444456498158e-03,1.492708422629006803e-03,4.532998539474403406e-03,-2.954553517646914002e-03
-1.044839390170477361e-02,-2.537640212442127986e-03,3.727300872936567012e-03,9.258733241210331116e-03
-8.114652998133155964e-03,8.026445453095948021e-03,5.163997288677445695e-03,-5.075789743640268109e-03
-3.674652661114328686e-03,2.645983939985739955e-02,-8.683871460734193110e-03,-1.410131527800891071e-02
5.418220792602132865e-03,7.660453936987010777e-03,-3.125802619370764862e-04,-1.276609446765204769e-02
-2.599649834040821533e-02,6.545889768598091903e-04,7.653838944597593334e-03,1.768807041895071805e-02
5.353575906752768530e-03,-8.214585782548817355e-03,1.384032562570243832e-02,-1.097931574990642853e-02
6.662758344868722517e-03,-3.019581864187954878e-02,-5.668511076065808375e-03,2.920157137307663811e-02
-2.701768536794677336e-02,-4.362387020703465540e-03,-1.086083513659591611e-02,4.224090752524630593e-02
-6.157293340088546181e-03,6.896949317580528156e-03,-1.351256331067546973e-02,1.277290733318347388e-02
6.013072686628557779e-04,-2.443720320505474511e-03,-2.041339596822997968e-02,2.225580902007273307e-02
-2.672155176641809529e-04,-7.914612182462912524e-03,-9.779821084662078737e-03,1.796164878478918869e-02
-4.526789606654342026e-03,-1.424050323007357982e-02,7.572195157306724385e-03,1.119509767942118358e-02
2.110635614378463931e-03,-2.042286507014079086e-02,1.532115667376803339e-02,2.991072781994400659e-03
-1.679402502098241781e-02,-9.628989756616662676e-03,2.539139449465278170e-02,1.031620282946349530e-03
-2.531623909585822840e-02,-1.273781773224509466e-03,2.749470165834319579e-02,-9.046807892604486010e-04
-1.466442789178337876e-02,-5.174326590484596040e-03,2.626516368250914057e-02,-6.426409200241208278e-03
1.900297789436347293e-02,-2.390172637185443774e-02,1.281575828536884142e-02,-7.917009807877784661e-03
1.401595252817228882e-02,-1.108506497387759006e-02,-4.910266615620197984e-03,1.979379061325474507e-03
2.317259799254148961e-02,-2.377945473170423388e-02,-9.270030909845861046e-04,1.533859830147306196e-03
2.244249350129537759e-02,-2.364776845634593977e-02,7.799419301331256098e-04,4.253330249175382087e-04
-1.459516203495892644e-02,2.674455832780501738e-02,-2.841232387758750848e-03,-9.308163905087325773e-03
-2.629343835761425649e-02,-2.531623775164095966e-02,1.030139301509741361e-02,4.130828309415774530e-02
4.609177020569161717e-03,-3.274766635506623502e-02,2.670420107298747056e-02,1.434288261509685577e-03
1.946837978568988908e-02,-1.257758360393186267e-02,1.857158144370101190e-03,-8.747954326128126734e-03
1.188972169992307329e-02,-1.213404818801749017e-02,-9.388011410797520925e-03,9.632337898891901382e-03
4.134434508917630459e-03,-1.584067060063627796e-02,-4.593660870191717681e-04,1.216560217873786411e-02
1.763952199543035101e-02,-1.864330755403837553e-02,5.039127314651019665e-03,-4.035341756042924027e-03
1.519640471530150395e-02,-1.479027568319658467e-02,1.706248758298526671e-03,-2.112377790403405838e-03
1.311616948717454767e-02,-1.281578515284361071e-02,9.722452126794741290e-04,-1.272629547010424318e-03
8.616038551873249698e-03,-1.137970224812820744e-02,2.925174110965878416e-03,-1.615104147109173169e-04
5.458675003901664220e-03,-8.198345675062342075e-03,2.656870650807587487e-03,8.280002035306127065e-05
5.332936527781005458e-03,-3.269343623080232450e-03,-2.272530987211361252e-04,-1.836339805979626556e-03
3.812142496267146435e-03,-2.509061611264871549e-03,-2.547911440060832968e-04,-1.048289740996193433e-03
1.428881352583949785e-03,-3.107498869147371032e-03,1.444695204388508685e-03,2.339223121749234855e-04
0.000000000000000000e+00,0.000000000000000000e+00,0.000000000000000000e+00,0.000000000000000000e+00
0.000000000000000000e+00,0.000000000000000000e+00,0.000000000000000000e+00,0.000000000000000000e+00
0.000000000000000000e+00,0.000000000000000000e+00,0.000000000000000000e+00,0.000000000000000000e+00
0.000000000000000000e+00,0.000000000000000000e+00,0.000000000000000000e+00,0.000000000000000000e+00
0.000000000000000000e+00,0.000000000000000000e+00,0.000000000000000000e+00,0.000000000000000000e+00
0.000000000000000000e+00,0.000000000000000000e+00,0.000000000000000000e+00,0.000000000000000000e+00
0.000000000000000000e+00,0.000000000000000000e+00,0.000000000000000000e+00,0.000000000000000000e+00
1.328805153739480308e-03,-3.439440610541961811e-03,1.730303828416184051e-03,3.803316283863034152e-04
0.000000000000000000e+00,0.000000000000000000e+00,0.000000000000000000e+00,0.000000000000000000e+00
1.562843753036928778e-03,-2.961555191202064861e-03,1.270366895238635163e-03,1.283445429265067748e-04
3.069972881982687210e-03,-6.137407968468853829e-03,2.691122144220115669e-03,3.763129422660435228e-04
3.523252770022784839e-03,-6.835455408373647228e-03,2.862864875085578339e-03,4.493377632652743999e-04
5.430329367709148085e-03,-8.098782425569753599e-03,2.917039724248741452e-03,-2.485866663881510625e-04
6.934456728936519085e-03,-9.145845001868593491e-03,2.497022856135257089e-03,-2.856345832031851771e-04
7.634487079217188929e-03,-8.988586548139171004e-03,2.310032012035339363e-03,-9.559325431133345197e-04
6.938859995080890429e-03,-5.416581916242689532e-03,-1.125905201875510410e-03,-3.963728769627074548e-04
8.391603481412246088e-03,5.575141415582806487e-03,-9.443051764383085522e-03,-4.523693132611984399e-03
4.713421121696450417e-03,8.523896901821665512e-03,-1.087163802420607235e-02,-2.365679999312073501e-03
1.041502161507213212e-02,-3.468987818073360988e-03,-4.698163005893619786e-03,-2.247870791105165654e-03
2.448850883431360429e-03,7.727919004111177305e-04,2.304098113817553990e-03,-5.525740897660048195e-03
1.291292468510664947e-02,-5.711849857658631360e-03,8.264204792748572337e-03,-1.546527962019656963e-02
1.922968944147856324e-02,-2.988585806415784696e-02,1.549707384621797253e-02,-4.840905223538658451e-03
3.647932194771832254e-02,-1.575451798899597106e-02,-1.554333274583425198e-02,-5.181471212888088228e-03
4.968667741645535312e-03,-2.514922139287830219e-02,-4.724341466821483336e-03,2.490489511805434736e-02
1.031895649768120073e-02,-3.969219880147720723e-03,8.226931000973578684e-03,-1.457666761850704221e-02
3.042574460195617003e-03,-1.610515391867004421e-03,-3.470910624234383813e-04,-1.084968005905169322e-03
-5.410982930561779487e-03,-1.066011458411188304e-03,2.810386283335063098e-03,3.666608105637908597e-03
-7.553963343874782292e-03,-1.610125698606673390e-03,4.953200157239132139e-04,8.668769026757562959e-03
-1.377220283938919952e-02,5.901047309611817497e-03,-5.628555647539043583e-04,8.434011094531285516e-03
-2.566497688184143401e-03,3.435417684152238839e-03,-5.238427310042188464e-03,4.369507314074080884e-03
1.981660776628392669e-04,1.109516076059298070e-02,-1.529108956150286927e-03,-9.764217882105536567e-03
-5.874869333833424891e-03,1.699353336366854483e-02,8.347049146619485264e-04,-1.195336894449706110e-02
-9.874873219818563683e-03,4.074060999543279750e-03,4.446540021301488912e-03,1.354272198973803043e-03
-2.072200628442180843e-03,2.290636239077952635e-02,-4.490911610647529278e-03,-1.634325015168982403e-02
-1.904973891560304486e-02,8.644008805921444064e-03,4.413122388249723395e-03,5.992607721431873063e-03
-8.886781410555110589e-03,-4.931001795682437433e-03,3.217281377966078361e-03,1.060050182827143757e-02
-1.056762168405413031e-02,-7.429978037871208182e-03,1.652367856397393611e-03,1.634523186552792190e-02
-2.774931959023047359e-02,-6.092055467317678344e-03,-7.062699820969358007e-03,4.090407487851763224e-02
4.419410246473927557e-03,5.328663362651377654e-03,-2.708172876786802546e-02,1.733365515874276883e-02
6.324511525076988508e-03,-8.453828077663363407e-04,-1.710862148445014413e-02,1.162949276713947343e-02
-2.626627050898942481e-02,1.664014522380848765e-02,-4.314098113192758703e-03,1.394022339837369326e-02
-1.837443993846123169e-02,1.566004092189872063e-02,-2.860931176766320048e-03,5.575330193328929124e-03
-1.786974658245589140e-02,2.182794809714522569e-02,1.165432758893850292e-02,-1.561252910362778690e-02
-2.088715448707803915e-02,2.329437376069549634e-02,1.792343153311535056e-02,-2.033065080673270367e-02
-2.752528150358125869e-02,1.052016049734466954e-02,2.355203453182827533e-02,-6.546913525591749501e-03
-2.341520236405154540e-02,7.713721896508725535e-03,2.085673882297012921e-02,-5.155258355427275521e-03
-2.254862652565034833e-03,9.792464932087935336e-03,9.247175108922525352e-03,-1.678477738844537728e-02
1.974841047703465233e-02,-1.303003561984140447e-02,9.096949991810206887e-03,-1.581532484900348076e-02
7.265610698186524691e-03,6.275435437892013663e-03,-9.580215514778804217e-03,-3.960830621299723728e-03
1.465482980831156294e-02,-4.914066526867453405e-02,2.153405962535194160e-02,1.295177583501109370e-02
-2.291889589155990999e-03,-1.429711661111740832e-03,1.445948187293648671e-02,-1.073788062266878458e-02
-1.012725860302825243e-02,-2.735001695473558703e-02,1.458435724637644794e-02,2.289291831138740366e-02
-4.746558033300360413e-03,-2.888075868450225639e-02,1.917432943256468236e-02,1.445298728523797260e-02
2.001674457998901466e-02,-1.002928997208978393e-02,-1.265823144101763977e-02,2.670776833118411638e-03
9.363371231937317116e-03,-1.505679087909154654e-02,-3.656021045553161687e-03,9.349440692707397180e-03
9.170532032599270841e-03,-1.899207524331835567e-02,4.926809067303050162e-03,4.894734143415968748e-03
2.059635423282482614e-02,-1.964418540474480515e-02,2.336068064207937316e-03,-3.288236892287860289e-03
1.440892478426613124e-02,-1.457345505784426315e-02,3.754733852146867508e-03,-3.590203578568726926e-03
1.349687438975669639e-02,-1.359501294600833771e-02,1.200506418518879331e-03,-1.102367862267241263e-03
9.350521066293440015e-03,-1.140153698390212848e-02,2.347829559090692207e-03,-2.968136414819933845e-04
7.920872873018233035e-03,-6.069450287021994385e-03,-3.287508744568963743e-04,-1.522671711539352359e-03
3.782879139832758062e-03,-2.887942392254624294e-03,-1.658677719002909351e-04,-7.290689756778434560e-04
3.856547823333352984e-03,-3.251424393898723689e-03,2.178371501626659879e-04,-8.229605795972912445e-04
1.131267179364020201e-03,-2.930737321486565333e-03,1.474620067354236825e-03,3.248500747683122098e-04
3.889051150219785861e-04,-1.002388697997011208e-03,5.032445649647556644e-04,1.102390180102750064e-04
0.000000000000000000e+00,0.000000000000000000e+00,0.000000000000000000e+00,0.000000000000000000e+00
0.000000000000000000e+00,0.000000000000000000e+00,0.000000000000000000e+00,0.000000000000000000e+00
0.000000000000000000e+00,0.000000000000000000e+00,0.000000000000000000e+00,0.000000000000000000e+00
0.000000000000000000e+00,0.000000000000000000e+00,0.000000000000000000e+00,0.000000000000000000e+00
0.000000000000000000e+00,0.000000000000000000e+00,0.000000000000000000e+00,0.000000000000000000e+00
0.000000000000000000e+00,0.000000000000000000e+00,0.000000000000000000e+00,0.000000000000000000e+00
0.000000000000000000e+00,0.000000000000000000e+00,0.000000000000000000e+00,0.000000000000000000e+00
5.206374955477770846e-04,-1.344854912828171052e-03,6.761175923553591587e-04,1.480998249250312310e-04
1.387992589664886148e-03,-2.744559567453677944e-03,1.211648698504719625e-03,1.449182792840674275e-04
2.880818199260207560e-03,-5.761936434835561276e-03,2.481677805292107578e-03,3.994404302832295492e-04
3.216119735903937970e-03,-6.377849642139860054e-03,2.746142029147180790e-03,4.155878770887160858e-04
5.061325661985016482e-03,-7.453772073960475766e-03,2.659597364370425415e-03,-2.671509523949847239e-04
7.704739790621340477e-03,-8.442449352805581064e-03,1.569192832540742578e-03,-8.314832703565216152e-04
7.489585055847130732e-03,-1.037797781763662858e-02,2.692884058973970662e-03,1.955087028155315474e-04
9.726859336893314487e-03,-1.282290379959792094e-02,3.065851323690714069e-03,3.019313901389423109e-05
1.994080428633977775e-02,-3.142320126838423541e-03,-1.232470830506463694e-02,-4.473775854436753269e-03
1.115394639774731737e-02,4.392668625696660896e-03,-1.452864564301577753e-02,-1.017969380428256250e-03
1.338695374984173389e-02,-8.476831592439544030e-04,-8.052701717654955210e-03,-4.486568872942805521e-03
1.115055909059421528e-02,-4.931617296697913752e-03,-2.475497838543336011e-03,-3.743443955352962049e-03
2.345652172759007253e-02,-8.469630571062593608e-03,-6.594731848457825209e-03,-8.392159308069675402e-03
2.860211849129154146e-02,-4.248397630940804054e-02,1.258068634593393145e-02,1.301171472182723315e-03
2.224627281414602933e-02,-3.099182351703964888e-02,1.793502700764732795e-04,8.566200432817232951e-03
-1.364791012596284223e-03,-1.396264945653380614e-02,2.537995487593232204e-03,1.278944498153685404e-02
1.659866497210429545e-02,-2.666810476697277933e-03,-4.883188476392020562e-03,-9.048666019014930603e-03
-4.365499059000631753e-03,-2.752123923129812591e-02,1.345788098388486917e-03,3.054095019191019333e-02
-1.061888656530876954e-02,1.484838627887269998e-03,5.119777926476023339e-03,4.014270010945469695e-03
-4.905710438476149245e-03,-6.198707475639182903e-03,-4.454561606102761841e-03,1.555897952021807751e-02
-8.239308242696481710e-03,-6.516787739208006885e-03,-7.856556678057742549e-03,2.261265265996226584e-02
-1.213250122829463533e-02,-2.382088475017839820e-03,-5.758255319465447469e-03,2.027284502277792305e-02
-1.074724315171560543e-02,6.937117047535913163e-03,-4.065539627281372637e-03,7.875665731461044955e-03
-1.758953924931601701e-02,2.784847164660961272e-02,-2.097821150568837927e-03,-8.161111246724701840e-03
-1.124444788332141371e-02,1.128060424538902123e-02,3.889266779653732797e-03,-3.925423141721327315e-03
5.586480706663767004e-03,1.976164181299938996e-02,-1.220712931262083172e-03,-2.412740958840102132e-02
-2.070198697346332592e-02,1.004106582418519931e-02,5.760040690145165967e-03,4.900880459132925075e-03
-1.370378921623954631e-02,-7.551439622606757017e-03,1.932128238248073324e-02,1.933946456365523252e-03
-1.009268200017590655e-02,-1.112686581201486778e-03,6.382196918553515071e-03,4.823171662823935724e-03
-2.366524959419754118e-02,-5.249145283766243342e-03,2.806767351311249131e-03,2.610762752665256314e-02
-6.658382253507206562e-03,6.480279615010426514e-03,-1.149679433293400443e-02,1.167489697143076800e-02
-1.612909338837903439e-02,5.164916847935771375e-03,-1.274574527680342843e-02,2.370992181724666803e-02
-1.899503827886933963e-02,4.781294407365432181e-02,-6.041991736116753518e-03,-2.277591405866827290e-02
-2.508787648466031389e-02,3.021640772759036711e-02,-5.054070960466537817e-03,-7.446028246356373062e-05
-3.302661207054066739e-02,2.635489998084193305e-02,-1.665415934934082361e-03,8.337128024632784601e-03
-3.259433285008431908e-02,1.517511018792934083e-02,-1.996588599373390425e-03,1.941581126152838038e-02
-2.045837570711553366e-02,6.417374508470357827e-03,1.125226731621987303e-02,2.788733882425304105e-03
-1.929899342013113861e-02,7.480629883750926530e-03,2.690332968674983682e-03,9.128030567705247914e-03
-1.959182914690875757e-02,2.799093351433879981e-02,2.314812235437964123e-03,-1.071391660286798685e-02
-1.221151821724078892e-02,1.868696461776875664e-02,-2.329147778307343649e-03,-4.146298622220617562e-03
-4.663308432820268030e-03,-2.115947630120626130e-02,1.745102366031554353e-03,2.407768236799488065e-02
1.698117406498018955e-02,-2.799061817266330909e-02,-5.249396157004100616e-03,1.625884026468727567e-02
-2.313426061858757724e-02,-2.234097154466952243e-03,3.932867716210523140e-02,-1.396031938905074182e-02
-7.253471930982881982e-03,-2.351442907328553725e-02,2.380187360583308973e-02,6.966027398435226288e-03
1.824120163021971178e-02,-2.099590794214389877e-02,-6.728732231692479727e-03,9.483438543616566976e-03
2.195053262020339735e-02,-3.040151678924232857e-03,-1.613601556679066656e-02,-2.774365374488464969e-03
1.037931916738160480e-02,-1.451457300562184957e-02,-2.793211759873071021e-03,6.928465598113344413e-03
1.034813154984290211e-02,-1.890069837522758214e-02,9.310391043780242779e-03,-7.578242183955953776e-04
1.587648888358128910e-02,-1.974865055035494171e-02,6.867394443639225805e-03,-2.995232776865618292e-03
2.211748515648353369e-02,-1.729761256661107444e-02,-7.902338035678493000e-04,-4.029638786304613751e-03
1.449515963413478339e-02,-1.297966600502897458e-02,-3.095118799586652316e-04,-1.205981749147171447e-03
9.391286832986950675e-03,-1.024487409973740167e-02,1.062374461329840042e-03,-2.087871945793713516e-04
7.420150300472667937e-03,-4.775580225720696230e-03,-1.319151685404999427e-03,-1.325418389346968377e-03
6.191423783558550227e-03,-3.791807971882307175e-03,-1.921222121980092250e-03,-4.783936896961558439e-04
2.624699480922696934e-03,-3.261361910243547584e-03,5.693684153125307861e-04,6.729401400831884754e-05
0.000000000000000000e+00,0.000000000000000000e+00,0.000000000000000000e+00,0.000000000000000000e+00
0.000000000000000000e+00,0.000000000000000000e+00,0.000000000000000000e+00,0.000000000000000000e+00
0.000000000000000000e+00,0.000000000000000000e+00,0.000000000000000000e+00,0.000000000000000000e+00
0.000000000000000000e+00,0.000000000000000000e+00,0.000000000000000000e+00,0.000000000000000000e+00
0.000000000000000000e+00,0.000000000000000000e+00,0.000000000000000000e+00,0.000000000000000000e+00
0.000000000000000000e+00,0.000000000000000000e+00,0.000000000000000000e+00,0.000000000000000000e+00
0.000000000000000000e+00,0.000000000000000000e+00,0.000000000000000000e+00,0.000000000000000000e+00
0.000000000000000000e+00,0.000000000000000000e+00,0.000000000000000000e+00,0.000000000000000000e+00
0.000000000000000000e+00,0.000000000000000000e+00,0.000000000000000000e+00,0.000000000000000000e+00
1.147995300365252597e-03,-2.970749619042088816e-03,1.494783800001196544e-03,3.279705186756390789e-04
0.000000000000000000e+00,0.000000000000000000e+00,0.000000000000000000e+00,0.000000000000000000e+00
2.705871088225115899e-03,-5.680659396818631135e-03,2.504188469052934587e-03,4.705998395405758782e-04
3.487524252709788952e-03,-6.636814931001393594e-03,2.731597774678459940e-03,4.176929036131419920e-04
5.559553430563768731e-03,-7.406103102067795874e-03,2.011264696593878954e-03,-1.647150250898623549e-04
7.309954011378725670e-03,-7.671841553379058279e-03,1.289172140543901057e-03,-9.272845985435708340e-04
6.584138229251594934e-03,-9.444737437022641957e-03,2.505179897357240771e-03,3.554193104138262554e-04
1.935868375536169139e-02,-1.587511107218042214e-02,-1.161041732567216550e-03,-2.322530950614036006e-03
1.981436509662247436e-02,-4.899816851820538999e-03,-8.283101321156160005e-03,-6.631446923645736326e-03
2.424135794438939465e-02,-5.610587833593249328e-03,-1.156663598322513545e-02,-7.064134127571036759e-03
1.708045100604801969e-02,5.262801371036376213e-03,-1.445230498338151426e-02,-7.890947393702840013e-03
3.175846518622414683e-02,-1.181499844069143143e-02,-1.351085815598626616e-02,-6.432608589546434490e-03
3.267059764415721629e-02,-1.171283431820447155e-02,-1.130235007733776213e-02,-9.655413248614986080e-03
3.687801893414591192e-02,-4.781002879758126933e-02,-7.883420911581871110e-03,1.881543077501730138e-02
5.410321451741171867e-04,-3.528088489822297363e-02,7.500553433691414459e-03,2.723929931935750032e-02
-6.036662224666586481e-03,2.736173492621950341e-03,6.273034195473457114e-03,-2.972545463428835286e-03
-1.455333256573276141e-03,8.305072979063970670e-03,-1.846152254710458664e-03,-5.003587467780230662e-03
2.843957381384708792e-03,-1.488570255343813452e-02,-5.383048929151589522e-03,1.742479410120504127e-02
5.871528303289459509e-03,4.424586905945195915e-03,-1.071016548035238873e-02,4.140502711177317346e-04
-5.898176028593056508e-03,4.865840871983510320e-03,-4.670348517834549060e-03,5.702683674444090044e-03
-1.596001597549159823e-02,-6.931889615651169907e-03,1.389382462075958342e-02,8.998080970383209864e-03
-2.141623891577579611e-02,-5.822455917547346947e-03,1.550198701858309519e-02,1.173670781474005394e-02
-1.511693980412182926e-02,1.476993472567323176e-03,5.728634279313347434e-03,7.911312052241183806e-03
-7.564616770891473621e-03,1.620013992826627169e-02,-6.268500842915854070e-04,-8.008673073083186211e-03
5.209384670207150257e-03,1.219631854331279172e-02,-9.693008513231365312e-04,-1.643640236219685163e-02
3.538024204151614741e-03,1.519179680657088520e-02,6.915840065800851072e-05,-1.879897941138049949e-02
-1.845417561495850747e-02,2.210913142680789520e-02,4.786249777343424237e-03,-8.441205589192835382e-03
4.483877428490889300e-03,-4.787857602994689300e-03,8.623438108900358112e-03,-8.319457934396538162e-03
2.400334850126409000e-03,-1.235291856332429612e-02,-4.321172524101497305e-03,1.427375623729939050e-02
-7.408749826778593568e-03,-2.029637512655065035e-03,-1.518848628271906274e-02,2.462687362215274650e-02
1.102261444588808689e-03,1.447827923222437703e-02,-2.606703086254398907e-02,1.048649018573070794e-02
1.603445813262900643e-02,-2.674038504816026330e-03,-2.025735343765550089e-02,6.896933809842463979e-03
-3.670415576332704006e-03,2.147247897861329774e-02,-1.850502792607254532e-02,7.029645237918587773e-04
-2.156885733507993286e-02,3.335124360476031391e-02,-7.728444561389092443e-03,-4.053941708291397897e-03
-3.688470781337332971e-02,4.146786271391722511e-02,-1.009399554983718590e-02,5.510840649293202893e-03
-4.187950265147091095e-02,1.446156296512133080e-02,9.267707853460730935e-03,1.815023183288878503e-02
-1.967626029544545380e-02,8.983345033595976914e-03,6.610647589160099924e-03,4.082267672689411653e-03
-1.870948845149024431e-02,-6.164681831638690185e-03,2.686721877484419315e-03,2.218744840564453730e-02
-1.455608006724894848e-02,2.067112438927467752e-02,3.552216921605880337e-04,-6.470266014186340162e-03
-1.774784558285955050e-02,3.423054846041188870e-02,-1.786702457257544410e-02,1.384321695023112185e-03
-8.270573456695319179e-04,-3.278576661157123900e-02,8.132035648498172828e-03,2.548078830874263290e-02
1.495913255073103368e-02,-1.149201213183711177e-02,-1.509217667287145875e-02,1.162505625397754552e-02
-1.381349247698892072e-02,-2.476845575893266149e-02,3.079167957637943265e-02,7.790268659542196397e-03
1.578826218400795900e-02,-2.678293668847717829e-02,2.549454316795179108e-03,8.445220187674056661e-03
2.270453396649861275e-02,-1.548239167112719014e-02,-1.687780475717664749e-02,9.655662461805242236e-03
2.538706174093125628e-02,-6.677464115524212734e-03,-1.832225890851957653e-02,-3.873387168873595175e-04
1.027542911337597092e-02,-1.722890615793679775e-02,-2.316546018525445991e-03,9.270023063086257203e-03
2.315175631873245612e-02,-2.126408248287854283e-02,-1.865631410201948771e-03,-2.204242565198362384e-05
1.874431221610638187e-02,-1.897901992189755110e-02,3.617665990500158399e-03,-3.382958284709045547e-03
2.045505237464447651e-02,-1.741867770296018358e-02,1.704433278739934932e-04,-3.206817999558202095e-03
1.778747961215551565e-02,-1.574489352646686602e-02,-4.369596846441193400e-04,-1.605626401044529805e-03
1.201083079715888069e-02,-9.044068615178514625e-03,-1.692824485369151663e-03,-1.273937696611172118e-03
9.920014077907211500e-03,-6.353051473000013473e-03,-2.444952501198349552e-03,-1.122010103708828525e-03
5.691659733794806990e-03,-4.796052695585742084e-03,-7.434420419727260504e-04,-1.521649962363364969e-04
4.267016498314875686e-03,-3.810029588486335984e-03,-4.838344324554331066e-04,2.684752262687843557e-05
0.000000000000000000e+00,0.000000000000000000e+00,0.000000000000000000e+00,0.000000000000000000e+00
0.000000000000000000e+00,0.000000000000000000e+00,0.000000000000000000e+00,0.000000000000000000e+00
0.000000000000000000e+00,0.000000000000000000e+00,0.000000000000000000e+00,0.000000000000000000e+00
0.000000000000000000e+00,0.000000000000000000e+00,0.000000000000000000e+00,0.000000000000000000e+00
0.000000000000000000e+00,0.000000000000000000e+00,0.000000000000000000e+00,0.000000000000000000e+00
0.000000000000000000e+00,0.000000000000000000e+00,0.000000000000000000e+00,0.000000000000000000e+00
0.000000000000000000e+00,0.000000000000000000e+00,0.000000000000000000e+00,0.000000000000000000e+00
0.000000000000000000e+00,0.000000000000000000e+00,0.000000000000000000e+00,0.000000000000000000e+00
0.000000000000000000e+00,0.000000000000000000e+00,0.000000000000000000e+00,0.000000000000000000e+00
0.000000000000000000e+00,0.000000000000000000e+00,0.000000000000000000e+00,0.000000000000000000e+00
0.000000000000000000e+00,0.000000000000000000e+00,0.000000000000000000e+00,0.000000000000000000e+00
2.436227378841812098e-03,-5.027137283586982988e-03,2.164467685499365818e-03,4.264422192458165099e-04
4.753310509473749820e-03,-7.274935157869970304e-03,2.078587405835787948e-03,4.430372425604215303e-04
4.752848186110054073e-03,-7.643177152898830880e-03,2.512642212655767388e-03,3.776867541329886565e-04
7.969397528116794679e-03,-8.762617418540995587e-03,1.515578248419857232e-03,-7.223583579956105710e-04
8.940917903853450033e-03,-1.154996316295560377e-02,2.408265660278901144e-03,2.007795988232345663e-04
1.781135132329811355e-02,-1.516453549184109371e-02,-8.747352645659391092e-04,-1.772080566891068255e-03
8.765430947760667960e-03,-2.924522850239496576e-04,-6.316731970370162604e-03,-2.156246692366530979e-03
3.059400039012437345e-02,-1.397110617014135636e-02,-9.113345424109171519e-03,-7.509548795873845564e-03
1.862135832068348429e-02,-3.773444364403790927e-03,-7.819364468221059669e-03,-7.028549488058572110e-03
2.232949494018836301e-02,-1.330993861458651742e-02,-1.016577711195191386e-02,1.146220786350070440e-03
2.600699010495945498e-02,-8.695464037187388556e-03,-1.666597064214984242e-02,-6.455554256222700892e-04
1.691708686186811986e-02,-3.626954967720100176e-02,-2.631911026595867235e-03,2.198437384192879901e-02
2.175208876181829436e-03,-1.864386863442287282e-02,-7.397514579068838018e-03,2.386617433730989571e-02
9.489085439235704633e-03,-1.596722833107007758e-02,4.478643729629871312e-03,1.999499162204535895e-03
-9.358421347874046423e-04,2.619662598196166939e-02,3.219589809952571723e-03,-2.848037365712684232e-02
4.969027105877754473e-03,-1.746261936972394241e-03,-4.057287639418490945e-03,8.345224705131321216e-04
6.809167422903197354e-03,8.599950225448693003e-03,-7.342108815903985834e-03,-8.067008832447868094e-03
-6.835300082736827688e-03,3.082827241374976870e-04,1.174736031505342181e-03,5.352281327093988579e-03
-1.456435807304132073e-02,-2.345069682057969972e-03,1.478273570459952106e-02,2.126692050499773973e-03
-2.187458418531745830e-02,3.830538079740460847e-03,5.270602910420414504e-03,1.277344319515654955e-02
-2.603275519566168247e-02,1.397611572462602661e-02,6.600369135877495264e-04,1.139660255744791122e-02
-4.448960489025469492e-03,1.704858406303625881e-02,-2.055335255827474630e-02,7.953728984263951779e-03
1.300905463872085652e-02,6.582911676829841623e-03,-1.687975315427554801e-02,-2.712213161275075536e-03
1.241281233014247982e-02,1.460068931407728157e-02,-4.551260023496764111e-03,-2.246224162072295652e-02
-1.130352631803977978e-02,1.454397578810939264e-02,-5.312394649015881633e-03,2.071945178946214133e-03
1.133845302339234890e-02,-1.167054015027330994e-03,-2.322106097005218091e-03,-7.849292911359773139e-03
1.461411084529302268e-02,-7.481123476343221762e-05,-1.513062196282424082e-02,5.913223522946102874e-04
6.608120279655578522e-03,5.173756810288801175e-03,-2.581477080213006106e-02,1.403289371218559983e-02
1.922624584026020461e-02,9.735391564950336002e-03,-2.806474831871200865e-02,-8.968890864985599402e-04
2.133167686027707954e-02,7.600868314499883809e-03,-2.118466673206364712e-02,-7.747878442713454147e-03
-1.588683782756641211e-02,2.752230456967462782e-02,-2.803483364567924477e-02,1.639936690357093191e-02
-2.567500224617944374e-02,2.797094662043007884e-02,-2.109804172726998522e-02,1.880209735301947849e-02
-2.527897774656326368e-02,2.284389144123592785e-02,-1.728412706992690925e-04,2.607927576026573564e-03
-1.148347008999947225e-02,1.880555891937615853e-02,-6.294095770166420641e-03,-1.027993059210259141e-03
-1.594728605377472574e-02,1.715462079522334093e-02,4.982983061751564656e-03,-6.190317803200179846e-03
-1.020178394605591489e-02,3.366842978420511376e-03,6.084308531283197201e-03,7.506324363521983982e-04
-9.739550537905492314e-03,8.011670364823100798e-03,8.313062775043603483e-03,-6.585182601961221509e-03
-1.228136414549352426e-03,1.588303952987980957e-03,-7.721154015535716848e-03,7.360986477097080510e-03
-3.230007833996203365e-02,2.088103691246863142e-03,2.026095682986247745e-02,9.951017818852733385e-03
1.196064421281572282e-02,-1.308603898586115782e-02,1.320530447952469877e-02,-1.207990970647932968e-02
8.456100701002219194e-03,-1.885576697884287084e-02,-5.866955893798386952e-03,1.626662217163909324e-02
-4.638595788666998593e-03,-2.587326519752010390e-02,-4.378101466247869000e-03,3.488996245243482230e-02
2.410243480907018482e-02,-9.404352540517614545e-03,-2.989714682671386695e-02,1.519906455816123943e-02
2.233565797027362021e-02,-3.187818874976895873e-03,-1.633380250599248545e-02,-2.814036589304173396e-03
1.387047361110525096e-02,-2.255473692514519540e-02,3.346281972629990432e-03,5.337981341409975267e-03
3.035281641174671433e-02,-2.681316267210557061e-02,-2.678052954878306410e-03,-8.616007847627094778e-04
1.189574086074140363e-02,-1.768931767496907323e-02,8.142647640760383373e-03,-2.349070826532669541e-03
1.117085692648083287e-02,-1.522756579342563095e-02,-6.984211144901105752e-05,4.126550978393802270e-03
1.871967843984086860e-02,-1.466734786988818998e-02,-1.292901090191158090e-03,-2.759429479761471744e-03
1.665650171143415875e-02,-1.278586340052951034e-02,-1.315454551806785350e-03,-2.555183759097935485e-03
8.589024777181269651e-03,-6.421015326876110783e-03,-1.673014312107353428e-03,-4.949951381978227871e-04
5.749420976453909794e-03,-4.915803954032662605e-03,-8.452214676688012043e-04,1.160444524754520095e-05
6.748631891680010805e-03,-2.173328444991884899e-03,-3.987768161342960735e-03,-5.875352853451393676e-04
0.000000000000000000e+00,0.000000000000000000e+00,0.000000000000000000e+00,0.000000000000000000e+00
0.000000000000000000e+00,0.000000000000000000e+00,0.000000000000000000e+00,0.000000000000000000e+00
0.000000000000000000e+00,0.000000000000000000e+00,0.000000000000000000e+00,0.000000000000000000e+00
0.000000000000000000e+00,0.000000000000000000e+00,0.000000000000000000e+00,0.000000000000000000e+00
0.000000000000000000e+00,0.000000000000000000e+00,0.000000000000000000e+00,0.000000000000000000e+00
0.000000000000000000e+00,0.000000000000000000e+00,0.000000000000000000e+00,0.000000000000000000e+00
0.000000000000000000e+00,0.000000000000000000e+00,0.000000000000000000e+00,0.000000000000000000e+00
0.000000000000000000e+00,0.000000000000000000e+00,0.000000000000000000e+00,0.000000000000000000e+00
0.000000000000000000e+00,0.000000000000000000e+00,0.000000000000000000e+00,0.000000000000000000e+00
0.000000000000000000e+00,0.000000000000000000e+00,0.000000000000000000e+00,0.000000000000000000e+00
1.138337643180730580e-03,-2.944944595889439042e-03,1.481561118894927486e-03,3.250458338137759886e-04
3.465368487664346759e-03,-5.461459766973492634e-03,1.600646553625769851e-03,3.954447256833809035e-04
3.115729275723366255e-03,-6.358852273780223226e-03,2.687724324159018914e-03,5.553986738978306838e-04
6.711907694005749166e-03,-9.210849937892964800e-03,2.298599347323986540e-03,2.003428965632377684e-04
1.114598135678085238e-02,-1.319217681131861289e-02,2.993551381752986972e-03,-9.473559272152551900e-04
1.388147266883071364e-02,-1.363627583724194396e-02,-1.569543493748010101e-04,-8.824248221400134097e-05
1.269396204518898758e-02,-1.556809294422585067e-02,7.623011544783683075e-04,2.111829744558515499e-03
2.422477945065894256e-02,-1.648593395789744315e-02,-4.149647441139133267e-03,-3.589198051622365711e-03
3.279651453058539390e-02,-1.256015766108820736e-02,-1.293164065851090498e-02,-7.304716210986291966e-03
2.478947887916364487e-02,-7.119640031120279960e-03,-4.848366560757873950e-03,-1.282147228728548402e-02
1.327391948627574571e-02,-1.475191027091749506e-02,-1.446491544933988828e-02,1.594290623398156651e-02
1.718741946999389689e-02,-1.623406558636557567e-03,-1.931821514761240463e-02,3.754202236255049698e-03
9.762862029300071673e-03,-3.196541751214154042e-02,7.055597490559329527e-03,1.514695799228212014e-02
1.244828997983439198e-02,-1.351621261351654626e-02,-1.591632103346970681e-02,1.698424366715182987e-02
7.165885078171216338e-03,-1.392305493511097718e-02,3.292973649120856713e-03,3.464196207818920174e-03
6.549417047422942829e-04,2.299193480661899935e-02,7.055757803319865663e-03,-3.070263431468116602e-02
-6.356165491662599080e-03,7.216234695502311315e-03,6.707104257720078542e-04,-1.530779629611740689e-03
-5.136119392314681363e-03,8.132855444032487460e-03,2.269140488631811448e-03,-5.265876540349607136e-03
-8.267234562035877948e-03,5.188197291526724930e-03,-1.195677001300021096e-03,4.274714271809191245e-03
-2.490233026473612221e-02,7.636998815703718857e-03,5.622875038188523793e-03,1.164245641084395329e-02
-2.644443509575901755e-02,1.425212992538598886e-02,3.518820127133693958e-03,8.673485043239311312e-03
-1.065344228942287710e-02,2.343489798414614272e-02,-2.904205079234709053e-03,-9.877250615488514934e-03
3.259796624096136016e-03,2.662600226600563696e-02,-1.442003872371850834e-02,-1.546576016638334140e-02
8.328476314600307198e-03,1.990575386853184192e-02,-9.102847704544470356e-03,-1.913138247858769611e-02
9.123316480949028237e-03,2.999039565493939394e-02,-4.750693433788753459e-03,-3.436301870209956116e-02
-3.939878728036613591e-03,1.153965534282224217e-02,-3.126294672462717836e-03,-4.473481942322899904e-03
1.608394846871762443e-02,-8.914047107476711154e-03,3.904053184687562763e-03,-1.107395454592847300e-02
-2.260718338466099868e-03,3.038028537576028740e-03,-5.526041669004646585e-03,4.748731469894720315e-03
-1.522401439556531066e-02,2.632069355474361220e-03,-9.374338402049077479e-03,2.196628344214004991e-02
-3.784764880446073176e-03,2.247131549291927349e-03,-5.150279994117699413e-03,6.687913325271846107e-03
-1.143156638802475186e-02,2.121263552737204586e-02,-2.695176548319244691e-02,1.717069634384515986e-02
5.000883314911362849e-04,4.371096357276937731e-03,-3.731948172775746090e-03,-1.139236515992321638e-03
-5.610305315434654418e-03,3.059426376543843487e-02,-2.355761011398430083e-02,-1.426348336019549017e-03
-1.371843715904189943e-02,1.507625328894266967e-02,-1.193809185427966921e-02,1.058027572437887816e-02
-1.526064658033683685e-03,1.785370600636502353e-02,-2.232074430143295846e-02,5.993102953101603000e-03
-1.052766270462742772e-02,1.727452824208524154e-02,7.255630282885036251e-04,-7.472428565746331436e-03
-1.648191211232651054e-02,-8.198361172690360639e-04,1.508764773321314735e-02,2.214100496382377572e-03
-6.772919410459878400e-03,5.980272720623217367e-03,6.391532280721578911e-03,-5.598885590884940429e-03
-3.403664885125619322e-04,6.573737948920659567e-03,-5.757948996967576782e-03,-4.754224634405265445e-04
-1.668428495499523281e-02,1.642557242999807474e-02,1.331896822216843603e-03,-1.073184297219688778e-03
1.257259109192374741e-02,-3.116276822752883993e-02,2.380504311231795497e-02,-5.214865976712957860e-03
-9.081750853955555336e-05,-1.669723095616871059e-02,9.143608768494244921e-03,7.644439696214019864e-03
-1.740588065440881391e-02,-2.208690533490777902e-02,1.466367445501742979e-02,2.482911153429922732e-02
1.686711411249404088e-02,-1.332796300864096811e-02,-2.036565189426855702e-02,1.682650079041540792e-02
2.140026416321683805e-02,-4.523919650582954206e-03,-2.142570616969905611e-02,4.549361657065160124e-03
9.730065717854501084e-03,-1.741113235145836519e-02,-6.519791577455483211e-03,1.420085821105940803e-02
9.625158737205347093e-03,-2.304955711572998292e-02,9.136267747868319355e-03,4.288130630656290451e-03
2.324991120686067253e-03,-1.940391803027738393e-02,1.648610625524669915e-02,5.928206543445478172e-04
1.037838078635635632e-02,-1.524869848363537457e-02,8.787568470730127562e-03,-3.917250773451089359e-03
1.063622769473460822e-02,-1.361450106290918761e-02,-3.035153213034823792e-03,6.013426581209394516e-03
1.893749359324141401e-02,-1.296464735786819443e-02,-2.589542787544292166e-03,-3.383303447828884918e-03
1.144130375304045800e-02,-1.065281500474143592e-02,-3.167878541073879659e-05,-7.568099628883046773e-04
1.133797065326980387e-02,-4.371666448449959205e-03,-6.063376393096653848e-03,-9.029278117231942860e-04
5.359665586070508532e-03,-1.562142012140320521e-03,-3.337586686200190878e-03,-4.599368877299952357e-04
0.000000000000000000e+00,0.000000000000000000e+00,0.000000000000000000e+00,0.000000000000000000e+00
0.000000000000000000e+00,0.000000000000000000e+00,0.000000000000000000e+00,0.000000000000000000e+00
0.000000000000000000e+00,0.000000000000000000e+00,0.000000000000000000e+00,0.000000000000000000e+00
0.000000000000000000e+00,0.000000000000000000e+00,0.000000000000000000e+00,0.000000000000000000e+00
0.000000000000000000e+00,0.000000000000000000e+00,0.000000000000000000e+00,0.000000000000000000e+00
0.000000000000000000e+00,0.000000000000000000e+00,0.000000000000000000e+00,0.000000000000000000e+00
0.000000000000000000e+00,0.000000000000000000e+00,0.000000000000000000e+00,0.000000000000000000e+00
-1.308373900210350752e-04,-1.255392914946524066e-03,1.304569039265629374e-03,8.166126570193422594e-05
-9.355117611828034558e-05,-1.760286564158163123e-03,1.742830673697020596e-03,1.110070665794256372e-04
3.990858624672407646e-05,-2.035864862585128835e-03,1.868571689484239311e-03,1.273845868541658203e-04
1.653859797372585693e-04,-2.102899442782726804e-03,1.802965387577471976e-03,1.345480754680001081e-04
3.500664993167408243e-03,-5.954257881876673375e-03,2.016494531402907974e-03,4.370983573063484304e-04
3.308666132219478025e-03,-7.804161435003178007e-03,4.505563269365283306e-03,-1.006796658160941120e-05
4.933852788623715666e-03,-1.118515577892681412e-02,6.023326018777608662e-03,2.279769715254842887e-04
1.351003742293420233e-02,-1.356772604094781849e-02,1.918366032462361104e-04,-1.341479852326154230e-04
1.917724815987730674e-02,-1.771339050071802160e-02,-3.038424958544785285e-03,1.574567299385377624e-03
1.582029681756874986e-02,-2.324609582351015030e-02,7.840558380035804117e-03,-4.147593740944252550e-04
2.079465390504489294e-02,-2.485080218335251889e-02,7.525246915053032670e-03,-3.469098636745391977e-03
3.210921470516897580e-02,-7.254671503485808463e-03,-1.839144323203848602e-02,-6.463099969644774991e-03
1.504396754129443646e-02,1.631381862597777602e-03,-1.255536744975689449e-02,-4.119981954135318487e-03
1.030138908360505798e-02,-7.939521726524071538e-03,-8.933635110110726626e-03,6.571767753029751462e-03
1.779910441839017629e-02,-1.025694508702457283e-03,-1.567873525508495930e-02,-1.094674654602733688e-03
1.051328137723036953e-02,-3.319507360666943546e-02,1.361324109423266669e-02,9.068551135206357611e-03
1.991840814724983935e-02,-1.988168479589730309e-02,-1.161562560272621190e-02,1.157890225137373115e-02
-3.442446976644072953e-03,8.010424971948395395e-03,-8.816055868485979038e-03,4.248077873181681750e-03
-1.358647433746437575e-03,1.129490890821712411e-02,7.424607561723251849e-03,-1.736086903619391691e-02
-3.540460482834536723e-03,9.972345738636860090e-04,-2.401517901176926199e-03,4.944743810147782768e-03
-5.013570102304648439e-03,9.697296619218172611e-03,-1.501390566711841533e-03,-3.182335950201659221e-03
-1.392405336102084910e-02,9.677125609181476060e-03,-2.871693006906654751e-03,7.118620758746001774e-03
-4.784865047496670784e-03,5.984712676214613922e-04,2.352030330639752302e-03,1.834363449235472485e-03
6.954308934563088566e-03,3.752568733806489927e-03,-1.785460724300941705e-03,-8.921416944068638957e-03
1.935182204585356820e-03,3.214387525898848314e-03,8.172962110289483037e-03,-1.332253184077370270e-02
9.191980246557471257e-03,8.238248404761550764e-03,-3.926393204479990476e-03,-1.350383544683905757e-02
-1.059575674566239122e-03,1.001839824381037941e-02,-4.879262446791169695e-03,-4.079560122453001168e-03
1.797758334563971314e-02,3.016678920166412231e-02,-1.678421756356051134e-02,-3.136015498374326166e-02
1.173469733238974126e-02,2.936007282356203896e-02,-2.858472321754592944e-03,-3.823629783419719291e-02
2.634121178220027656e-02,9.524133084474658553e-04,-3.814026277484356764e-04,-2.691222246289931563e-02
1.995911183657846696e-03,1.211601919295325104e-02,-1.991751061463485281e-02,5.805580238023765917e-03
-2.859398073518878893e-03,1.288998157952400865e-02,-2.405317497371159755e-02,1.402259146770645608e-02
3.078669291931205362e-03,3.015377234433772730e-02,-9.904253784424794232e-03,-2.332818785184414406e-02
1.070428254638896258e-02,2.165903449139684397e-02,-2.919807600127973662e-02,-3.165241036506043475e-03
3.134703381154351973e-03,1.907024159057096185e-02,-2.124804909777343320e-02,-9.568958739518366053e-04
3.894714397651806090e-03,1.645606030822900287e-02,-2.103808433535223760e-02,6.873096294714739572e-04
-1.734823478745815828e-02,8.652340595377958424e-03,3.918849816963783372e-03,4.777044375116439902e-03
-1.628228531652761019e-02,9.876581129521267571e-03,2.500368338308135187e-03,3.905335848698226944e-03
-2.381632524418135152e-02,1.389080044522068499e-02,-8.147421646344263010e-03,1.807294644530487229e-02
-8.304312232174683450e-03,-2.477035628292456951e-03,8.652528087037310994e-03,2.128819773429825937e-03
1.736085932389755306e-04,-7.982609843593054672e-03,1.906254678485573908e-02,-1.125354553450164108e-02
1.674273518256843684e-03,4.280053880049057742e-03,-3.064871877089636858e-03,-2.889455521216254593e-03
7.627373181480613749e-04,2.071645440079770799e-03,-5.873622411586579273e-03,3.039239653358759459e-03
1.144585056584754984e-02,-1.222912596240623498e-02,1.336698227711195612e-02,-1.258370688055333690e-02
-1.866935106548021917e-02,2.118339183291774452e-03,1.723027114729733592e-02,-6.792592651089408590e-04
-1.954532188496807543e-02,-3.271403815665096387e-02,1.956802335469624496e-02,3.269133668692273537e-02
1.827193514630037416e-02,-8.659917687121210239e-03,-1.509053199739004807e-02,5.478514538210959607e-03
8.491694970204383131e-03,3.470921276024589979e-03,-5.467782565268813552e-03,-6.494833680960145246e-03
5.373315462119407880e-03,-1.058266158143492813e-02,-4.932767119340509491e-04,5.702622831249584863e-03
6.158255845361657044e-03,-1.751323154114178826e-02,-2.715711363751165900e-03,1.407068705953128454e-02
7.254722595620438294e-03,-2.060231799076487832e-02,1.629627112710886616e-02,-2.948675731964455187e-03
3.708162065240592532e-03,-1.862174130548656381e-02,1.692136408498974565e-02,-2.007784844743826843e-03
1.254280618514107618e-02,-1.386393092200572177e-02,5.318042264340438682e-03,-3.996917527475771399e-03
1.270754399776930117e-02,-1.318728264790152219e-02,-6.380356122207915016e-03,6.860094772340144705e-03
1.644422574259076994e-02,-1.230840912041636197e-02,-3.069730583296868386e-03,-1.066086038877517685e-03
5.749428469368170203e-03,-7.478263717494545298e-03,2.057192997663021862e-03,-3.283577495366653059e-04
9.582492358775026794e-03,-6.565769854574639297e-03,-2.677327193425118983e-03,-3.393953107752419518e-04
0.000000000000000000e+00,0.000000000000000000e+00,0.000000000000000000e+00,0.000000000000000000e+00
0.000000000000000000e+00,0.000000000000000000e+00,0.000000000000000000e+00,0.000000000000000000e+00
0.000000000000000000e+00,0.000000000000000000e+00,0.000000000000000000e+00,0.000000000000000000e+00
0.000000000000000000e+00,0.000000000000000000e+00,0.000000000000000000e+00,0.000000000000000000e+00
0.000000000000000000e+00,0.000000000000000000e+00,0.000000000000000000e+00,0.000000000000000000e+00
2.159513944534061970e-04,-2.385369817535802975e-03,2.010547070324253047e-03,1.588713527581447882e-04
3.339042207689053203e-04,-2.562915097018300323e-03,2.049190275090293206e-03,1.798206011591006043e-04
4.519467117435318950e-04,-3.021342656955472872e-03,2.350767799411782131e-03,2.186281458001609066e-04
4.623462843865513440e-04,-3.023273572059055440e-03,2.339271398808987542e-03,2.216558888635108894e-04
4.343542156451919386e-04,-3.260783244721514925e-03,2.593161355789340341e-03,2.332676732869923492e-04
3.822137679248230769e-04,-3.284552732739306775e-03,2.671542534736052587e-03,2.307964300784287799e-04
2.905657130306445613e-03,-6.610766899033532207e-03,3.168078874562763741e-03,5.370308941643317426e-04
2.458565142367599710e-03,-8.708326981179657228e-03,6.133549939768614782e-03,1.162118990434047889e-04
1.169788319381138975e-02,-1.280280569370468614e-02,1.091382139687003833e-03,1.354036020628541691e-05
1.700793761371543339e-02,-1.914335797088613858e-02,-2.305737285242106822e-03,4.441157642412841937e-03
1.734853806942447674e-02,-2.170893881894036398e-02,-6.593000638734689391e-04,5.019700813389318776e-03
1.780125264753917858e-02,-2.326071117535401592e-02,6.688890667284383418e-03,-1.229432139469532849e-03
9.343184520476034705e-03,-5.114556359542825337e-03,-4.288391852965003220e-03,5.976369203177959522e-05
1.178574707833792388e-02,-2.473965579687914702e-03,-6.414650371698812394e-03,-2.897131126951173370e-03
1.354999704975998198e-02,-1.878356605787933785e-03,-1.330092388574798112e-02,1.629283441775940516e-03
1.807528589146087383e-02,-3.209313515776086000e-04,-1.363064286204592954e-02,-4.123711677837317048e-03
3.465401147781114067e-03,-6.615198393863690879e-03,-3.567670486220733163e-03,6.717467732303329490e-03
1.453378577334687657e-02,-3.345335537814653204e-02,-6.844933260527321164e-03,2.576450286532705816e-02
8.926219579001790083e-03,-1.632696555924401105e-02,-9.217239457371568254e-04,8.322469925979474395e-03
-8.816798267859452323e-03,1.815020359425342095e-02,-5.407294620509554318e-03,-3.926110705884452469e-03
-6.081743828776437800e-03,1.538514068843138335e-02,2.173506319141996646e-03,-1.147690317879690447e-02
2.884336385622267556e-03,-8.085261613318796628e-03,-3.004315373498149533e-03,8.205240601194678171e-03
-1.159604622658383551e-02,1.543325640115282560e-02,-8.219712166281620313e-04,-3.015238957940812991e-03
4.953817683683367848e-03,1.263141212595440994e-02,-6.815257163928530385e-03,-1.076997264570921965e-02
4.398627675098011787e-03,1.183735060154473412e-02,-1.262024246213384361e-02,-3.615735814508931351e-03
1.113580205293315459e-02,1.909092419267183899e-02,-1.030828447601919717e-02,-1.991844176958581722e-02
1.295742642602543300e-02,8.926641598231048816e-03,-5.269805205912955759e-03,-1.661426281834352606e-02
-2.442543218180728837e-03,1.192405772160145573e-02,-2.353095045651021084e-03,-7.128419457769689764e-03
3.558658040914055697e-03,5.543095081059718453e-03,-4.317540399497655362e-03,-4.784212722476173865e-03
-7.955366474396161416e-03,3.527915885222303316e-02,3.920388492357223913e-03,-3.124418087018420928e-02
-1.986224258821129435e-02,2.659821472256061053e-02,2.213617367290705417e-03,-8.949589501639978670e-03
1.536268428283695670e-02,-7.633942583332247421e-03,2.465518582422346339e-03,-1.019426028192708597e-02
2.412107754647374678e-03,-1.558271026842666766e-02,-5.328066071987566307e-03,1.849866858576686840e-02
-1.360865532286843023e-03,3.910593334810845548e-05,-1.171658163755073291e-02,1.303834123648949656e-02
3.778144479430170250e-03,2.362754293040420298e-02,-1.702059044449284395e-02,-1.038509696534149242e-02
1.038705228613661519e-02,1.716095872235620656e-02,-3.028416008472534920e-02,2.736149076232634141e-03
-5.270411480100006428e-04,1.136017410264841820e-02,-2.757680839579293788e-02,1.674367544115448400e-02
-2.940968275319596949e-03,7.817507468680399627e-03,-4.275289043873190496e-03,-6.012501494876336481e-04
-4.976027320788444473e-03,6.501931985223425269e-03,-1.188145895558178657e-03,-3.377587688768312496e-04
6.517751844447826348e-04,7.575923596508981998e-03,-5.834815002456085822e-03,-2.392883778497687918e-03
-2.844487579363291427e-03,3.237293073121879500e-02,-3.293897050228739715e-02,3.410527350431786456e-03
-1.725275156711191318e-02,1.052195411311285071e-02,1.014405481556767720e-02,-3.413257361568572228e-03
5.702172388109027264e-04,-3.635338121819975659e-03,9.921329631055048059e-03,-6.856208748045941083e-03
3.805768566865006929e-03,-1.356564656861935017e-02,9.767990363619983782e-03,-8.112361865637098034e-06
7.418566545914894589e-04,-4.071298047372498563e-02,7.611909322960519475e-03,3.235921449617285006e-02
3.165036809917125965e-02,-3.053276534231651705e-03,-9.447683751075078989e-03,-1.914940781386442401e-02
-4.433795048499589164e-02,1.509512243730841592e-02,3.298227990323716191e-02,-3.739451855549667976e-03
-1.454022358671370162e-02,-2.198543230776177013e-02,2.301809137822475454e-02,1.350756451625068771e-02
-4.178999724322430241e-03,-1.151249888702977030e-02,1.087384878573100649e-02,4.817649825621208790e-03
6.446925328620411533e-04,-1.377822068480871048e-03,4.769266458982822539e-03,-4.036136923363971285e-03
-7.894070819532394414e-04,-5.058786463484107876e-03,6.629965222606789589e-03,-7.817716771694364171e-04
4.027926158949445869e-03,-6.297185384671799037e-03,-1.333732299529046168e-04,2.402632455675259276e-03
3.033237714838008057e-03,-1.458315054424351963e-02,-4.718098409411288613e-04,1.202172267034659972e-02
1.290724565643587216e-02,-1.774547759268543107e-02,1.046830657360796855e-02,-5.630074637358398366e-03
1.017135455468955868e-02,-1.489573124156759985e-02,1.179883546930726029e-02,-7.074458782429251212e-03
1.292350678760739030e-02,-1.231463714625285338e-02,3.156201737832168164e-03,-3.765071379186756689e-03
1.440405936098966555e-02,-1.219633425327423977e-02,-1.063948309949208334e-03,-1.143776797766259947e-03
1.363786768438035590e-02,-1.002027462677027372e-02,-2.855508855464913408e-03,-7.620842021451962019e-04
-3.370435697270622068e-03,-3.810707032045736273e-03,7.312414995532803483e-03,-1.312722662164547368e-04
0.000000000000000000e+00,0.000000000000000000e+00,0.000000000000000000e+00,0.000000000000000000e+00
0.000000000000000000e+00,0.000000000000000000e+00,0.000000000000000000e+00,0.000000000000000000e+00
0.000000000000000000e+00,0.000000000000000000e+00,0.000000000000000000e+00,0.000000000000000000e+00
0.000000000000000000e+00,0.000000000000000000e+00,0.000000000000000000e+00,0.000000000000000000e+00
0.000000000000000000e+00,0.000000000000000000e+00,0.000000000000000000e+00,0.000000000000000000e+00
3.771191440351736863e-04,-3.278336474745891221e-03,2.671891629223902172e-03,2.293257014868101042e-04
3.950318147837797856e-04,-3.311003739508902761e-03,2.682166357338605471e-03,2.338055673865225734e-04
2.740950696038385592e-04,-3.032703771868908507e-03,2.552158700421845207e-03,2.064500018432258253e-04
2.509866960651028264e-04,-2.965051511980554538e-03,2.513520476608497884e-03,2.005443393069443405e-04
3.510061157311756804e-04,-3.150165046644053547e-03,2.582206536097951272e-03,2.169523948149157248e-04
4.597234029209186241e-04,-3.333591121944235423e-03,2.635672228488605134e-03,2.381954905347027744e-04
2.121824959916984027e-03,-7.822802367506046656e-03,6.176708460437710033e-03,-4.757310528486672447e-04
7.461657799713535856e-03,-9.702064578573674908e-03,2.244633800793222316e-03,-4.227021933114408931e-06
1.299764666990111533e-02,-1.727424227811790586e-02,-2.300997032867328155e-03,6.577592641084168551e-03
1.906574411685607595e-02,-2.123413553778726731e-02,-2.601531562862453937e-03,4.769922983793708181e-03
1.969379412095548579e-02,-2.276644355572372130e-02,1.510045532902267677e-03,1.562603901865947239e-03
6.154565781322673956e-03,-1.009325973100108024e-03,-3.423190670782264803e-03,-1.722049137440306767e-03
5.734188472824751012e-03,-1.100100989390769175e-02,1.965972023525267530e-03,3.300849397557679282e-03
1.662696121125287543e-02,3.256292129023433471e-03,-9.933543224426957460e-03,-9.949710115849372261e-03
1.055611791353660428e-02,2.789520614924973616e-05,1.226197057382369306e-03,-1.181021017706824702e-02
2.793039498780539032e-02,-9.516457299625854377e-03,-1.728185458874432687e-02,-1.132083099435303398e-03
-1.710735153739193284e-02,5.469784482476251763e-03,-6.324370211227508740e-03,1.796193726614321237e-02
9.519063254422619608e-03,-2.879590008544282570e-02,-1.795857348318511716e-03,2.107269417933868225e-02
5.124528689156099097e-03,-3.054838076687957371e-02,1.128500015942419249e-02,1.413885191829928126e-02
5.331517340268799275e-03,1.250680381135541204e-02,-1.362488524631366021e-02,-4.213435905310504263e-03
-1.517047657717787018e-03,8.395830433512399549e-03,-2.334146853196142259e-03,-4.544635922598456827e-03
-9.193682919175927976e-03,-2.376535932909791668e-04,8.880130931988795134e-03,5.512055804781469193e-04
4.272959020256732708e-03,8.693774640134620257e-03,-1.430669993260316524e-03,-1.153606366713105791e-02
-2.989406155825460615e-03,5.926937342515687865e-03,-4.111663240658155506e-03,1.174132053967940617e-03
1.612456085950404955e-03,8.869439773698003897e-04,-2.567428172855374616e-03,6.802810953516688630e-05
2.334673728374332853e-03,1.519697518401261736e-02,8.066656919554758901e-03,-2.559830583194184356e-02
-3.032853056906369550e-04,6.717931101914494108e-03,9.617718223814466019e-03,-1.603236402003829775e-02
-3.253865746118995983e-02,1.196260334430558799e-02,8.902240610904372728e-03,1.167381350598000606e-02
-4.299110095832595416e-03,1.753497341805759823e-03,1.311504834609462586e-02,-1.056943559206775275e-02
9.506112678765129761e-03,-2.773865287217943797e-03,-8.810930928184934965e-03,2.078683536637678745e-03
-8.032892772765426112e-03,1.313591375804778853e-02,-1.441572040095003698e-02,9.312699415667679767e-03
-1.243194936163522987e-03,-4.621178607542789527e-07,1.133487591146381535e-02,-1.009121885743955935e-02
-3.494493606506748895e-03,-1.278057443912188930e-02,1.294968175672431103e-03,1.498009986995625306e-02
-2.990571052039229724e-03,-6.029319216564329835e-03,-7.629364851804459891e-03,1.664925512040803593e-02
1.839955552832013997e-03,1.597846875412037293e-02,-2.430219304704802144e-03,-1.538820500224755312e-02
2.840674073575443978e-03,3.179803997204762311e-02,-4.069575085961909394e-02,6.057036813996039860e-03
-3.896570216533909968e-03,9.616241711533378422e-03,-1.554481893080734457e-02,9.825147435807904742e-03
-2.042182806869071582e-02,1.707264646286205459e-02,1.148362427685365415e-02,-8.134442671024940882e-03
-1.623440101065127400e-02,-8.190970887708396049e-04,9.670169812637545090e-03,7.383328286784568949e-03
-6.068594638418290527e-03,-1.010245799627784366e-02,4.840432799115078344e-03,1.133061983558107666e-02
1.348550706075879804e-02,1.165016121008740843e-02,-2.265630111064470542e-02,-2.479367160201485440e-03
1.270667575955627439e-02,1.505035690634595790e-03,-2.523308761522230839e-02,1.102137616503134562e-02
1.752292966930021206e-02,-6.104414415300352115e-03,-8.146510493561886709e-03,-3.272004760437985382e-03
7.853684415346081846e-03,-1.790004214319122072e-02,8.060085231770408240e-03,1.986272496074706351e-03
-2.734673077156298242e-03,-2.223497614389068414e-02,1.144921408143725373e-02,1.352043513960979326e-02
7.137169578901524439e-03,5.805829683356980087e-05,-1.346866957182617924e-02,6.273441696091099952e-03
-3.433972073884328235e-02,-1.481539836863324244e-02,3.352770279647826479e-02,1.562741631099837450e-02
-1.864480933124926243e-02,-1.649143776128089711e-02,2.412602829959215045e-02,1.101021879293804899e-02
6.787907915571374934e-03,-3.386600891707519916e-03,-1.174740830011927577e-02,8.346101276255398632e-03
7.575712446547664585e-04,-4.630201106810881775e-03,5.705099435272561852e-03,-1.832469573116449028e-03
-2.566540246109752337e-03,-1.342782442999778184e-02,1.211757043761095554e-02,3.876794238496589912e-03
-1.177318851580978071e-02,3.706916403706488148e-03,1.283004202814502087e-02,-4.763769916041740889e-03
1.090806150835668155e-02,-4.178809110785166973e-03,-2.366610185364535247e-03,-4.362642212206971522e-03
3.323672703063516864e-03,-1.393951615667448317e-02,-3.408556725989427081e-03,1.402440017960041550e-02
1.012022887644919988e-02,-1.867181143283964603e-02,7.448398068576404275e-03,1.103184487814044042e-03
1.430590313358743627e-02,-1.383786876604814649e-02,5.262497334853235079e-03,-5.730531702392521395e-03
1.180132586442965079e-02,-1.089962747565199723e-02,-3.414538862801437882e-03,2.512840474023835501e-03
1.356404691602258565e-02,-1.113160292180890958e-02,-6.584652082467158836e-04,-1.773978785967025460e-03
6.551869906713166450e-03,-7.778462208402771479e-03,1.618717538531272296e-03,-3.921252368416619006e-04
-1.266228966944444971e-03,-5.143612108765336678e-03,6.611183608741174299e-03,-2.013425330313629695e-04
0.000000000000000000e+00,0.000000000000000000e+00,0.000000000000000000e+00,0.000000000000000000e+00
0.000000000000000000e+00,0.000000000000000000e+00,0.000000000000000000e+00,0.000000000000000000e+00
0.000000000000000000e+00,0.000000000000000000e+00,0.000000000000000000e+00,0.000000000000000000e+00
0.000000000000000000e+00,0.000000000000000000e+00,0.000000000000000000e+00,0.000000000000000000e+00
3.773019989496547918e-04,-3.241901051813155920e-03,2.638782759756053316e-03,2.258162931074464571e-04
4.870490225153631413e-04,-3.298650407128494739e-03,2.576211400817752812e-03,2.353899837953919315e-04
4.995661011452371585e-04,-3.291814234331592003e-03,2.554009485856312527e-03,2.382386473300533757e-04
4.289909657200348348e-04,-3.303421607309527715e-03,2.638266040190124020e-03,2.361646013993563646e-04
3.545584943528341023e-04,-3.178990491152197499e-03,2.604896434248128983e-03,2.195355625512333570e-04
1.093072179331599104e-03,-6.075066972089135375e-03,5.489524430726466613e-03,-5.075296379689096327e-04
2.275442424655311699e-03,-6.510521534376424203e-03,4.277887134683976827e-03,-4.280802496284970667e-05
1.273433863856763236e-02,-1.040618204579268381e-02,-1.455572707635946397e-03,-8.725838851390064869e-04
1.967096856025562363e-02,-1.767910063571853305e-02,-1.883678610710356376e-03,-1.081893138266788539e-04
1.795292219180992174e-02,-2.514728737547897858e-02,8.598246198855477584e-04,6.334540563783612292e-03
1.054508385059790831e-02,-5.384644183166618220e-03,-7.668215532593185627e-04,-4.393618114171942909e-03
4.735827424592018407e-03,-8.619839158159368214e-03,3.042769695158617158e-03,8.412420384087342757e-04
8.229587461268443593e-03,-1.280652498198911124e-02,1.851223864053922526e-03,2.725713656666745987e-03
1.984963607925222320e-02,2.214920792715173014e-03,-3.096898084806537933e-03,-1.896765878716096324e-02
-3.513354472565633109e-03,-8.579813097836353972e-03,-4.891952249116438174e-03,1.698511981951838709e-02
9.692417885633356628e-03,4.701841209394275363e-03,-4.789756914088164584e-03,-9.604502180939467407e-03
-9.061228634359893772e-03,4.401961938644057687e-03,-6.755050066077429409e-03,1.141431676179329585e-02
2.259820448161667383e-02,-1.772765946330348216e-02,-1.629096677732806350e-02,1.142042175901494643e-02
7.801080123350588591e-03,-3.562362646043009534e-02,1.575680940081819123e-02,1.206573693626138664e-02
-7.229622538908068129e-03,9.316634345342613300e-04,5.187248994659041969e-03,1.110710109714760927e-03
1.764470448946482879e-04,-9.407566957318347009e-03,2.379838012720165291e-02,-1.456726021477794050e-02
1.880222333466591289e-02,-2.339136049435045807e-03,-3.799285666165727084e-03,-1.266380161906520765e-02
-8.819455529571681995e-03,2.631664105575974230e-02,-1.459072554283091100e-02,-2.906459983357190507e-03
-1.204601139860318748e-02,1.610174522218308507e-02,-6.280367371504880052e-03,2.224633547924939961e-03
-2.272293828641017838e-02,1.203832524063493288e-02,1.313388254030108983e-02,-2.449269494525838694e-03
-3.519098609331846282e-03,3.238475938330325106e-03,1.002902368430514356e-02,-9.748401013303627585e-03
-1.382412072249553266e-02,1.274658023432149491e-02,1.016886248076706231e-02,-9.091321992593021095e-03
-2.567832305768007889e-02,5.903115546449662007e-03,1.643407119227770913e-02,3.341136318952591961e-03
-1.968370807330729194e-02,-1.626202590755037106e-02,2.316266240714253202e-02,1.278307157371514485e-02
2.221250854512866416e-03,-8.979239725625991556e-03,3.064722066352053818e-03,3.693266804761046167e-03
-6.714393276300509306e-03,5.571886584374175638e-03,5.105767148642867750e-03,-3.963260456716536685e-03
8.104005662615057504e-03,-1.644518641672228221e-02,2.415927703214248989e-02,-1.581809627803529295e-02
-1.609556959154635541e-03,-5.172683329310272596e-03,-6.559836553068514910e-04,7.438223943771749870e-03
-7.000604176815920093e-03,-2.143377573764640442e-02,-3.050023362120509157e-03,3.148440327658291737e-02
9.322697006899706082e-03,-6.092549315312791557e-03,4.686308621184387055e-03,-7.916456312771337142e-03
4.767945156914372984e-03,5.973204008114137153e-02,-3.833030736288280116e-02,-2.616967787517284622e-02
-1.093121035345852483e-02,2.822606066526737317e-03,-2.807085386308600869e-02,3.617945815001778059e-02
-1.683886773355951216e-02,1.070785702935774832e-02,-3.400893879328888234e-03,9.531904583530653383e-03
-1.599104121003139950e-02,2.064807979138627569e-02,-7.986260204044585281e-03,3.329221622689570309e-03
-1.424345342839510031e-02,1.625742180120020794e-03,7.328878292315289637e-03,5.288832955959774269e-03
-9.963806255034875561e-03,4.671201763807166646e-03,1.220806957287594655e-02,-6.915465081648261916e-03
1.130869758259113803e-02,-3.115032369682920951e-02,-4.841788843540609406e-03,2.468341495777871125e-02
1.718028346967344355e-02,-3.866450011072574550e-02,3.329459204925090676e-03,1.815475743612720780e-02
1.228061758126637766e-02,-6.373937194011342240e-03,1.406288693670660955e-03,-7.312969080925696592e-03
-4.671855236708079284e-03,-4.203870863265742053e-03,4.724129720332343575e-07,8.875253687001772793e-03
-7.150586337517787598e-03,1.230396967703038932e-03,-1.067791331802524050e-02,1.659810268784002105e-02
-4.140335726158084206e-02,-2.898997589363105226e-02,5.468511892591474549e-02,1.570821422929713496e-02
-2.157894029712473932e-02,-6.697160564597758915e-03,1.258225617687285317e-02,1.569384468484956441e-02
-1.612259264332603984e-02,-1.259356922509384524e-02,5.429307959575738933e-04,2.817323107246227226e-02
-7.407327626859024766e-03,-8.615276376775332342e-04,3.593485168853209188e-03,4.675370095683382098e-03
-3.231401943769748614e-03,-8.497347981183336549e-03,1.383587705826847328e-02,-2.107127133315383778e-03
-1.059669189903344848e-02,-8.771439787118815237e-03,1.465306073041503128e-02,4.715070955737246314e-03
3.859573834905757634e-03,1.301095707292198277e-02,-1.358159472239118312e-03,-1.551237143558859694e-02
1.134093558590531375e-02,-9.339461555134738815e-03,-1.090945416059973909e-02,8.907980129829110374e-03
3.657729900064374349e-03,-1.028967224991386535e-02,-1.135969179165743741e-02,1.799163414150691670e-02
2.721921507833942734e-05,-1.685648773923270269e-02,1.439570966173082944e-02,2.433558862423530322e-03
4.186137785015000418e-03,-1.139770499461641509e-02,1.206886721409153665e-02,-4.857300004490137588e-03
6.665787347346831260e-03,-1.206283724198153190e-02,-4.446236133845095709e-03,9.843286028479773797e-03
1.226996902386840935e-02,-9.576728900750808640e-03,-2.034897412792828920e-03,-6.583427103247542229e-04
-1.453014320379612681e-03,-5.113024247874739699e-03,6.768824418602003429e-03,-2.027858503476567950e-04
-4.046058686459050140e-03,-3.898963875918336208e-03,8.001976322408035219e-03,-5.695376003066009971e-05
5.377722424168877250e-04,-2.425160527758244648e-03,1.699765388964362888e-03,1.876228963770005392e-04
5.552486762027818590e-04,-2.548897114583801703e-03,1.798231322000334777e-03,1.954171163806777485e-04
5.921672761234823661e-04,-2.822097950994319725e-03,2.018497678621739271e-03,2.114329962490882212e-04
4.690021706793233154e-04,-3.224643524658304342e-03,2.522783567332885762e-03,2.328577866460853176e-04
5.564961795572558566e-04,-3.075218200511738945e-03,2.290993707450591447e-03,2.277283135038887687e-04
5.087771297207175367e-04,-3.235634994886905751e-03,2.491538136364718301e-03,2.353197288014740869e-04
4.943474858955989454e-04,-3.310052228849847018e-03,2.576338960521378646e-03,2.393657824328660930e-04
9.069526438975493605e-04,-3.534965701397325358e-03,2.473594582465020626e-03,1.544184750347556698e-04
3.128576730053818280e-03,-6.371401686645672240e-03,3.471231566241343280e-03,-2.284066096494893742e-04
3.586088155759383552e-03,-7.509043470243008563e-03,4.133279774957831533e-03,-2.103244604742103173e-04
1.630868531535662608e-02,-1.805783914857551908e-02,-2.946664641508786944e-03,4.695818474727680818e-03
8.559267014159641085e-03,-2.358316265620022389e-02,9.767903994219685401e-04,1.404710524261865850e-02
1.421669567971205542e-02,-1.118263497535580686e-02,-1.724749589589291482e-03,-1.309311114766946883e-03
1.210803582380263604e-04,-4.760418071311274361e-03,5.121360944466352497e-03,-4.820232313931296355e-04
7.647688979896378157e-03,-1.189274911477027075e-02,3.846946459747245008e-03,3.981136751266439494e-04
9.325449040875078907e-03,-1.186778034498094450e-02,-1.029575255893651776e-03,3.571906559999551197e-03
1.554761572764352257e-02,-4.470133538466151274e-03,-1.433154729651262439e-03,-9.644327459526071122e-03
-1.368601769146346112e-02,2.775012888882713840e-03,1.348904192567731627e-02,-2.578037123096582443e-03
8.443102976328525910e-03,-3.914979748257090691e-03,-3.960599826347888965e-03,-5.675234017235451702e-04
2.843446728126476121e-03,1.043312088248458426e-02,-1.607022757777932728e-02,2.793659967168249120e-03
1.610711668721103926e-02,-1.316665557170284585e-02,-4.071350449724923590e-03,1.130889334216733655e-03
-5.111202900132848052e-03,-3.381402015691022805e-02,2.667639379430238739e-02,1.224882926274062714e-02
-7.069944920919784756e-03,-1.940570563346693048e-02,8.528976043533075327e-03,1.794667451085360521e-02
4.077491034536321647e-03,3.256807165247817184e-03,6.574882691883454817e-03,-1.390918089166756980e-02
3.579301844286791965e-03,1.644245361632818564e-02,-1.770100745579645043e-02,-2.320748004818498113e-03
-2.274963646460207919e-02,1.993554952957804147e-02,-1.917402188813585552e-03,4.731489123837594006e-03
-1.806596974290146720e-02,-4.550615382701049712e-03,4.631875232717847304e-03,1.798470989288476415e-02
-3.518814497023771415e-03,-1.887923785930064116e-02,9.699527707253035105e-03,1.269852464907142257e-02
-9.614873110325673419e-03,-7.847251131482116393e-03,1.224159565846677858e-02,5.220528583341020774e-03
-1.286012467454944637e-02,1.187785864863601798e-02,5.107360958701478472e-03,-4.125094932788076971e-03
-7.527791737792724307e-03,3.805116417536126214e-03,-3.956882947227125837e-03,7.679558267483730001e-03
9.281120477872131097e-03,-2.223701585003151279e-02,-4.802395397668371424e-03,1.775829076982782945e-02
6.638304717245306803e-03,-4.955765411629363404e-03,-2.622126742848776559e-02,2.453872812287181959e-02
1.959250011474249556e-03,3.184758524474809449e-02,-1.542675155870289715e-02,-1.838008369751946425e-02
3.129689070928765721e-02,-3.821047758628005626e-03,-4.185705179826854430e-03,-2.329013777083278544e-02
1.064758037802983164e-02,6.711093041860165948e-03,-2.085680128583245266e-02,3.498127865942471989e-03
5.538693164755283983e-03,1.206055754707005372e-02,-1.970906397603584478e-02,2.109813264210522697e-03
2.765076113074763434e-02,3.095986758318864870e-02,-2.103117042096669734e-02,-3.757945829296959611e-02
1.002188017284767470e-04,3.311267141312708440e-02,-2.688002843729872179e-02,-6.332861777556817937e-03
8.653237304116807730e-04,-5.245160149956481707e-03,-2.170131095567440910e-02,2.608114737521926435e-02
-1.464502409071454653e-02,-5.150789895827988414e-03,-5.300114199980309956e-03,2.509592818652280413e-02
-7.771577056557809650e-03,2.775681106876324959e-03,-2.967485657041251008e-03,7.963381606722741771e-03
-6.245783982932726075e-03,9.055585180670381110e-03,-1.682220034589133537e-02,1.401239914815359186e-02
8.082706941478383150e-04,-1.964617414306309086e-04,3.506590834416080903e-03,-4.118399787133278714e-03
5.220358886490583661e-03,-3.417439716489734797e-02,-6.169080238909647670e-03,3.512311851731634432e-02
-6.623233890269574278e-03,-3.771812161140639802e-02,1.826826661707161431e-02,2.607308888460435278e-02
3.079920030270039393e-03,-1.218160009954214786e-02,1.186474524480835360e-02,-2.763065175536226058e-03
-5.624336600230152652e-03,1.160013971363861628e-03,1.212440967602956311e-02,-7.660087047163323046e-03
1.958591718602635187e-02,-8.811124836439875735e-03,-1.573752550907060732e-02,4.962733159484181492e-03
-4.508877545025161138e-02,-2.705832631455704421e-02,4.773522417918694277e-02,2.441187758562175791e-02
-2.574162329614095371e-02,1.698830761503583239e-02,2.030886810995641625e-02,-1.155555242885134351e-02
-1.829404862869352111e-02,2.882941132651051577e-03,3.336626735043363937e-03,1.207448076099911817e-02
-1.462082317210136248e-02,-1.320919085634102152e-02,-2.965766315705880597e-03,3.079578034414831231e-02
-9.646150048977951072e-03,-2.839752520982095213e-03,8.445563774247558109e-03,4.040338795712511595e-03
-4.929829988073720221e-03,-9.309906046262443266e-03,1.678886035847953692e-02,-2.549124324143386012e-03
-1.242423049339582862e-03,-5.460748550937585127e-04,1.086264350171603499e-02,-9.074145597282704673e-03
4.616645519507310384e-03,7.656387831278365329e-03,-3.135231511651711601e-04,-1.195951019962055405e-02
1.788221476241231558e-03,-1.116102803079184989e-02,-1.085709643244624906e-02,2.022990298699681860e-02
-2.758734903187677850e-04,-9.469577170924092444e-03,-4.117953134371752158e-03,1.386340379561459141e-02
1.081229962190680474e-02,-1.294326660659449527e-02,5.079691087428843572e-03,-2.948724102741177768e-03
1.137328617000701522e-02,-1.130832644653262040e-02,-1.426075573337428270e-03,1.361115849863093075e-03
1.264767138676967280e-02,-1.143264770170858077e-02,-2.100916893496496064e-04,-1.004931995711349450e-03
-2.155962685454119825e-04,-5.467133465424873009e-03,5.767507347755518668e-03,-8.477761378525128070e-05
-8.031386493416386258e-04,-5.587839283102667871e-03,6.321680587689289255e-03,6.929734475503114750e-05
-2.228881829385593021e-03,-4.732180145424262803e-03,6.831998018074034174e-03,1.290639567358245780e-04
4.665705937765036873e-04,-3.342784736860701482e-03,2.637107633060344243e-03,2.391065100238392671e-04
4.547261169681052011e-04,-3.343587321709663111e-03,2.649812173853060074e-03,2.390490308884913576e-04
4.350695901709016283e-04,-3.283031061705402997e-03,2.614364392850657050e-03,2.335970786838354818e-04
4.683504380035475212e-04,-3.342292436449387661e-03,2.634413885030015799e-03,2.395281134158275661e-04
4.572800366968737969e-04,-3.350458820818133249e-03,2.654119481482673532e-03,2.390593026385894439e-04
4.682672980118133817e-04,-3.355935838257983420e-03,2.650248298574958174e-03,2.374202416712127594e-04
-7.745187680238649645e-04,-5.753378665206959792e-03,6.629770136377314063e-03,-1.018727031464912713e-04
2.793273722793301102e-03,-6.429598562297296309e-03,3.928634540098170473e-03,-2.923097005941534200e-04
9.928655017805815622e-03,-1.434683669139555189e-02,-2.519732535869115362e-03,6.937914209458883284e-03
1.860930648119609593e-02,-2.074548010839006446e-02,7.735016110311928803e-04,1.362672016162828990e-03
1.674290058314302498e-02,-2.063496342819972837e-02,2.009755665253763323e-03,1.882307179802943315e-03
6.460394537613444593e-03,-7.179140980630297972e-03,3.575110873564031708e-03,-2.856364430547185269e-03
3.252631048905841801e-03,-1.231962758200062444e-02,6.093270048307623983e-03,2.973726484787140006e-03
7.063002467454265049e-03,-1.523735646440854338e-02,1.422806434593680688e-03,6.751547562360613909e-03
1.656527383053024716e-02,-6.031570342648083505e-03,-2.875464753821677273e-03,-7.658238734060451684e-03
6.086597655846156911e-03,6.375073269648448733e-03,4.935142637362678261e-03,-1.739681356285726482e-02
-4.234384328676405428e-03,1.213932632376539360e-02,6.600138463562969446e-03,-1.450508045865192552e-02
-4.008144066686434963e-03,-9.633243557757142222e-04,-8.319202337981347270e-03,1.329067076044353896e-02
1.528930399759558488e-02,-2.228132056879083330e-03,-1.461288502101257443e-02,1.551713080296073313e-03
1.666888528646550544e-02,-1.716115089626368828e-02,-1.939036049892722921e-04,6.861692147874708320e-04
-2.260982838450644340e-03,-2.518728263660109309e-02,1.021196875971686416e-02,1.723629671533488672e-02
1.423087495507902034e-02,-2.809592332156849413e-03,-1.137709836880615964e-02,-4.418425411604475107e-05
1.228426091993139492e-02,1.347134341888374734e-02,-1.311412014013759592e-02,-1.264148419867757236e-02
-1.224025473123620256e-02,2.264368652787928163e-02,1.704228111683974691e-03,-1.210765990832708520e-02
-1.914038022388848612e-02,-4.462906659268487015e-03,-5.273860822602640525e-03,2.887714770575961279e-02
-7.459452541858065458e-03,-2.262438935521160835e-02,1.084289197006228778e-02,1.924094992700736348e-02
1.124368931969997251e-02,-1.776886892715773270e-02,-3.225999517775561369e-03,9.751179125233384870e-03
-1.437630428088895740e-02,1.358157147384681483e-02,-1.020851954317989786e-02,1.100325235022212196e-02
-2.296313112002266316e-02,2.221920853413965335e-02,-1.986052692280288953e-02,2.060444950868581607e-02
-1.230881211532959410e-03,1.356095926620538850e-02,-1.953740204404999514e-02,7.207323989377537217e-03
-3.089410037501897754e-03,5.630597568623139232e-03,-6.324117497180478838e-03,3.782929966059230854e-03
2.467387531313960415e-03,-1.023009079005090215e-02,-5.956482410170101148e-04,8.358351499753901431e-03
-3.807513607947479468e-03,3.871003327193452831e-02,-1.663952613575777825e-02,-1.826299352822925368e-02
1.648110795141287735e-02,-2.105059990085284341e-02,1.441047469487592367e-02,-9.840982745435917708e-03
-1.206685239332844911e-02,-9.776080015699776041e-03,9.997301652205218755e-03,1.184563075682309140e-02
-1.413052528461849165e-02,6.680263137540482128e-03,-5.696683265902171070e-03,1.314694541298017626e-02
1.022593426317570248e-02,2.895790495237301337e-02,-2.969812112537804222e-02,-9.485718090170765573e-03
-5.427450239521353602e-03,2.952951239686305018e-02,-2.091611224389051948e-02,-3.185949913451288553e-03
-4.773443234013149614e-03,2.064860774646744279e-02,-2.189450458739407995e-02,6.019340074939650599e-03
-1.594881024003940231e-02,1.313446955742423108e-02,-4.318994079566663524e-04,3.246240090571824409e-03
-3.205146944810013943e-02,1.769561863977296701e-02,-4.898339858724692734e-03,1.925419066705183133e-02
-2.813549559888656529e-03,9.803443757034683431e-03,-2.231123083641893198e-02,1.532133663927286865e-02
9.469430896836014775e-04,7.075048451183555374e-03,-1.742044888103267547e-02,9.398457340165526641e-03
1.117165960685790639e-02,-2.896249275149461941e-02,-4.904314471295434866e-03,2.269514761593217911e-02
8.399663086245803822e-03,-4.850737570155738004e-02,2.114758170370426710e-02,1.896013091160726749e-02
-7.800397125514980066e-03,-2.361550129479493207e-02,1.053300905079573337e-02,2.088288936951413280e-02
5.906760294360735922e-03,-7.396698843337420892e-03,9.388239232291992545e-03,-7.898300683315309309e-03
1.927937433439401438e-02,-1.814031781380691030e-02,5.519643285889342006e-03,-6.658699806476442613e-03
-3.114164063587096520e-02,-3.120360775103305992e-02,4.208320815633340845e-02,2.026204023057070688e-02
-1.979522343667138723e-02,5.258984330667119088e-03,2.574343020577659139e-02,-1.120719109977232411e-02
-3.384243149512417698e-02,1.536932566525045854e-02,1.211644100990671817e-02,6.356664819967141646e-03
-1.464510214277482333e-02,-4.572928267388694928e-03,-4.020433299524514038e-03,2.323846370968795857e-02
-1.599776622932268938e-02,-4.099999370077467807e-03,6.115779656594736054e-03,1.398198594280542287e-02
-1.076968325600235338e-02,-1.635398455759752567e-03,1.202039967967262479e-02,3.846820320894481920e-04
5.977938860203423597e-03,-6.081345917372196373e-04,1.380597076386280188e-02,-1.917577503232901007e-02
-1.530033024994559461e-03,2.171703295491418748e-03,6.368122662085479689e-03,-7.009792932582370635e-03
2.584119389360693599e-03,1.280803280583294292e-03,-4.584157058218169163e-03,7.192343882741735741e-04
-5.665337711690461228e-03,-1.304608549768631297e-02,-3.658254052299993436e-03,2.236967726167676460e-02
-3.192771041749288118e-03,-1.516758719117265904e-02,2.858572162388057190e-03,1.550178607053387392e-02
4.131210178137357907e-03,-1.178857382146719299e-02,1.044058718216500994e-02,-2.783223538835154047e-03
1.014223430478907589e-02,-1.204753328586691263e-02,-3.395090769035890438e-03,5.300389750113734116e-03
6.662329077944234221e-03,-8.422654335902534858e-03,1.985317629686091361e-03,-2.249923717278132750e-04
4.000715010685699353e-04,-5.825338604663423715e-03,5.382457469909054590e-03,4.280963368580412327e-05
-2.940868123234410218e-03,-4.826968456596359737e-03,7.686068110257381243e-03,8.176846957338499799e-05
4.507011912117354848e-04,-3.333386042319197006e-03,2.645789026409291374e-03,2.368958246981468644e-04
4.807743497249771696e-04,-3.313419833671464067e-03,2.595830853766217371e-03,2.368146301802629122e-04
4.619972404995880333e-04,-3.350559980980908834e-03,2.649159348171628136e-03,2.394033923097041298e-04
4.597860819516722333e-04,-3.350828355932991987e-03,2.651875625125458928e-03,2.391666488558519081e-04
4.591000341141720370e-04,-3.350545057733897002e-03,2.652521785661473945e-03,2.389232379582460330e-04
1.519094414959978618e-03,-4.181081626850982266e-03,2.690797572684884738e-03,-2.881036079386752001e-05
1.123088936255556324e-03,-4.908769424023687149e-03,3.866275914926330191e-03,-8.059542715819933869e-05
1.044805578465964795e-03,-4.711654762775988221e-03,3.554576882926275324e-03,1.122723013837341027e-04
1.489104155517959917e-02,-1.757376610917921189e-02,-1.877141774878978179e-03,4.559866328878552089e-03
1.127547933868827679e-02,-2.210667379426928258e-02,2.969484000230931259e-03,7.861710455350019028e-03
2.169846514067923660e-03,-5.922887613555685368e-03,6.700311942478644200e-03,-2.947270842990913284e-03
-1.748999266425775101e-03,-8.291061663578581584e-03,5.714496661709366453e-03,4.325564268294979607e-03
1.671289728173531736e-03,-1.510920138143741730e-02,5.643628687627477887e-03,7.794282965636389893e-03
1.944450364049302507e-02,-4.840920446475852242e-03,-2.995635773165806950e-03,-1.160794742085146519e-02
1.214761649647331382e-02,5.851031831433673456e-04,3.570382638704744892e-03,-1.630310231832138995e-02
-2.417118382517402953e-03,2.070457805608157814e-02,-1.346975026230685631e-03,-1.694048464733342862e-02
3.390672479328747223e-03,1.899301580329476038e-03,-3.463242427955979738e-03,-1.826731631702243090e-03
-1.374333550509207642e-02,9.855848179244905763e-03,-5.517006855513432312e-03,9.404494181360632463e-03
-7.154966596339813051e-03,8.864636869306722483e-03,-6.044447354294215161e-03,4.334777081327294453e-03
1.379059791961290355e-03,-1.100343123106747346e-02,1.376821789639356454e-02,-4.143846457287380346e-03
6.691635199092896280e-03,-2.030300056807680942e-02,1.840746270439166162e-03,1.177061909854481073e-02
2.158492124193659920e-02,-1.024915013556607600e-02,-1.297202453926066257e-02,1.636253432890153034e-03
7.646190006280736105e-03,1.816640103536137918e-02,-4.160716752222418970e-03,-2.165187428941967029e-02
-6.510771958119901393e-03,4.590654461132345418e-03,-1.077415405918013581e-02,1.269427155616764148e-02
-8.197003895654871031e-03,-7.277460787120714446e-03,-2.742525088647088365e-03,1.821698977142267861e-02
-4.103693775118523457e-04,-3.274175343169088981e-02,1.138145002351165051e-02,2.177067278569108991e-02
-2.084973409452869995e-03,1.891305006888860602e-03,-7.172138505940733530e-03,7.365806908504716685e-03
-9.424681131912540644e-03,1.058609946171629526e-02,-1.538074095938568933e-02,1.421932262958189828e-02
-1.598069309947514061e-02,2.256992284758015804e-02,-1.280120560126857265e-02,6.211975853163596850e-03
7.129677878008089040e-03,5.128537160185346611e-03,-1.662267001275658310e-02,4.364454974563119691e-03
-7.047168578187611859e-03,6.814485689620546766e-03,-5.117153655273926419e-03,5.349836543840967226e-03
1.678222955151786877e-02,-1.280702314036022936e-02,-1.486724803177217648e-02,1.089204162061459084e-02
4.349295316238033574e-03,6.861555738979799313e-03,-2.141282587980364305e-02,1.020197482458585353e-02
2.008536097061853695e-02,-1.637026489262112874e-02,4.403256428201902245e-03,-8.118352506199319127e-03
5.823274370598850030e-03,7.479856794292469692e-04,1.252696254501984349e-03,-7.823956304530062592e-03
-1.481277826867500973e-02,-7.673676311624254114e-04,-1.492418241648450512e-03,1.707256414148585963e-02
-2.118796012770328419e-02,2.346076725030691451e-02,7.053285387838641694e-03,-9.326092510442291969e-03
-1.742510495905388868e-02,9.980956985854029517e-03,-7.155852421973865228e-04,8.159733215397207626e-03
-1.487908021893891153e-02,2.231217555265311084e-02,-3.037232852487843290e-03,-4.395862481226327396e-03
-8.241158591296787739e-03,1.643027722299945578e-02,-3.085957389076289699e-03,-5.103161242626373141e-03
-2.366649164872751746e-02,1.021680467996925745e-02,-1.272285606817681125e-03,1.472197257557593744e-02
-3.362473042993307203e-03,2.637644652680493432e-02,-1.815517257809614107e-02,-4.858800905715443541e-03
-5.179967347708331477e-03,1.627111359853727207e-02,-1.551321065118049444e-02,4.422064400351572930e-03
9.509443964655991607e-03,-1.836397377757536739e-02,-2.670277136274260953e-03,1.152480694919365105e-02
1.340131682171914751e-02,-3.921423988578605357e-02,1.067847207272465404e-02,1.513445099134231968e-02
-1.481696898964215102e-02,-3.339821588697388516e-02,3.224926207716929255e-02,1.596592279944662740e-02
-3.574589130318044528e-03,-1.336580477921220020e-02,8.721195498082451314e-03,8.219198411447817265e-03
1.458528517149625808e-03,-1.693626402420545657e-02,7.204493119497239325e-04,1.475728619510610108e-02
-1.432890290793347593e-02,-3.007517205734623264e-02,2.605182652267916746e-02,1.835224844260047172e-02
-2.805648635638537027e-03,2.800961391176257000e-03,2.101873226076782925e-02,-2.101404501630554922e-02
-2.203233404833613782e-02,7.111407325590483322e-04,3.308869340867996722e-02,-1.176750009290295981e-02
-2.663461190107901944e-02,-7.155293867458647518e-03,1.120071465300087783e-02,2.258919111553669978e-02
-1.278090540355212440e-02,3.571941069573382130e-03,2.081062034377374921e-03,7.127902299601371686e-03
-1.373738242937649554e-02,-1.309692642061537505e-03,1.846727553771828137e-02,-3.420200466280223610e-03
-9.225004762407295472e-03,2.281198128277668342e-03,1.006390985675553740e-02,-3.120103222625890318e-03
8.428993837023858720e-04,9.823325164514701714e-04,1.676299816314567870e-02,-1.858823006329958158e-02
6.603986805488492803e-03,9.747443332686829207e-03,-4.006474042584209048e-03,-1.234495609559109475e-02
1.488626872482727613e-03,-6.952773416060483574e-03,-9.659023238154620244e-03,1.512316978173241545e-02
-7.815861533079572140e-03,-9.085699119157037568e-03,-4.762386010298502899e-03,2.166394666253505796e-02
8.712650864716330393e-03,-1.445534724574996759e-02,6.977491554632800352e-03,-1.234795173599161208e-03
9.838726568598285538e-03,-1.169441397975244483e-02,3.877203099751210728e-04,1.467967101179039465e-03
7.590098213119979981e-03,-9.437855547012437285e-03,3.797067586267598594e-03,-1.949310252375132616e-03
1.219732136882030298e-03,-5.307205141377134561e-03,3.995262204781454239e-03,9.221079971362065571e-05
-2.192420170839995842e-03,-4.746514412815869451e-03,6.807685541465540759e-03,1.312490421903295481e-04
-3.917795461998961615e-03,-4.341353293707843689e-03,8.278798914112844853e-03,-1.965015840603724618e-05
4.614865238649443636e-04,-3.341361256310572750e-03,2.641220300700205734e-03,2.386544317454242518e-04
4.639215757785555903e-04,-3.350943885578426019e-03,2.647685686468455313e-03,2.393366233314179895e-04
4.603215456979881256e-04,-3.350249916227561724e-03,2.650957299021085029e-03,2.389710715084915782e-04
4.732371685586702183e-04,-3.353889912583075169e-03,2.643458865609749683e-03,2.371938784146486272e-04
-7.184946695745231824e-04,-5.642754777531641328e-03,6.456175416938562429e-03,-9.492596983240061644e-05
1.763890795602431104e-03,-6.835610480799883190e-03,5.879156474211884136e-03,-8.074367890144589378e-04
1.180659802396248322e-03,-1.271992070538566048e-02,-1.728954684610319330e-05,1.155655044983554952e-02
1.297180947715467769e-02,-2.182205250688414727e-02,8.565162219598061386e-03,2.850808101313487253e-04
8.237681020696857592e-03,-1.151619711602599148e-02,1.531141949041233156e-03,1.747374146287930226e-03
9.768962920503292471e-03,-9.746191884931965782e-03,-4.395443796213524112e-04,4.167733440500272940e-04
1.783767266124842120e-03,-9.318132447503922611e-03,-1.299007693659527413e-03,8.833372875038625685e-03
1.862975757512582223e-02,-1.286343258987734071e-02,-1.349872813177539852e-03,-4.416452172070949034e-03
1.323489563544795466e-02,-7.128418697258314535e-03,2.553658713999160026e-03,-8.660135652188779773e-03
-3.444038201375641817e-03,1.864876134996271834e-02,9.082926515887244229e-03,-2.428764966447431381e-02
3.058311117869864666e-03,2.012115957144320483e-03,-5.093963147397828281e-03,2.353607238364974980e-05
-1.010514460201751216e-02,3.715600391065566541e-03,8.387628758262781828e-03,-1.998084547310856156e-03
-1.222605661890915213e-02,1.300198723288585601e-02,-7.430876137520288013e-03,6.654945523543628373e-03
-7.666303932568841774e-03,6.994176771701235418e-03,3.493432872931916296e-03,-2.821305712064341598e-03
-1.239107248562130005e-03,-1.504429028417004696e-02,2.205288539838870868e-02,-5.769487865656598713e-03
2.392764498750676871e-02,-2.002871771395654116e-02,7.767119981595978391e-03,-1.166604725514620335e-02
2.690827551984872543e-02,-2.162489192802429655e-02,-1.049527897614399401e-02,5.211895384319482731e-03
1.019537265738514054e-02,2.179537093746173118e-02,-1.167225689410536331e-02,-2.031848670074151361e-02
-1.855088928937503878e-02,-1.515535783477417204e-03,-1.763045909946428860e-02,3.769688417231677191e-02
-1.952900696617675125e-02,-9.956876526502672978e-03,-6.929342424305359738e-03,3.641522591698484468e-02
-6.879196512207981506e-03,-2.531899397704917912e-02,-2.912681382210627161e-03,3.511087187146791355e-02
-1.966589203496430655e-02,-8.109097162126875299e-03,-3.608178307859408185e-03,3.138316750495063340e-02
-2.615471036911274152e-02,3.406157955951538002e-02,-6.059523291182838077e-03,-1.847345899219771581e-03
-2.369519514795945941e-02,2.060746735953576658e-02,2.641922261275620604e-03,4.458055271481035616e-04
9.453941378780476379e-04,3.285742562722705155e-03,-1.374415042280942778e-03,-2.856721658319819231e-03
-8.416385048626120677e-03,1.577493766821934720e-02,-2.008671883464135596e-02,1.272816621504821964e-02
3.782320073444685703e-03,-2.863075992860131432e-03,-4.846812031511740955e-03,3.927567950927191021e-03
-3.477228123313496309e-03,-2.672442644484435896e-04,3.285199354992725251e-03,4.592730327692176292e-04
5.581767754149502894e-03,-2.804343028871167029e-02,8.118949769135229769e-03,1.434271276542696538e-02
1.592296991063356371e-02,-1.261481936289121294e-02,-3.768338288617268089e-03,4.601877408749574429e-04
1.295948459903140115e-02,-9.404323304932189764e-03,-1.409865660563553239e-02,1.054349531153631059e-02
1.809232395212313771e-02,2.035677008621509815e-03,-1.022231474595603276e-02,-9.905686214788596983e-03
-5.286677746067770800e-02,1.026974032402046787e-02,1.521989028494102718e-02,2.737714685171625112e-02
-4.413410902398596375e-02,1.606304327062628521e-03,1.058469794409779875e-02,3.194310675282541895e-02
-1.535152550607314474e-02,1.799304148151566196e-02,9.006556486376458837e-03,-1.164807246181893095e-02
-1.853906603138785747e-02,8.875172898959728454e-03,-7.602008591933833055e-03,1.726590172436191784e-02
-7.636952756944932752e-03,-1.211242738200398990e-03,-4.960560949106586869e-03,1.380875644425190625e-02
-8.001216315058966994e-03,1.658026446988949271e-02,4.020740055009164836e-03,-1.259978820983972611e-02
-1.032642959403724629e-02,5.237422819223907719e-03,1.843721383470162470e-02,-1.334820705988828092e-02
1.652291591046231925e-02,-1.489210251445995115e-02,-3.065223454217299356e-03,1.434410058214883764e-03
-5.757025895112292263e-03,-1.163759986804006668e-03,-1.920479703090358396e-03,8.841265585006643016e-03
6.099703303301674297e-03,-1.251754657509183619e-02,4.986777999592356334e-03,1.431065272197781053e-03
-2.142066949977055115e-02,-1.152661690514611426e-02,9.981868076507038195e-03,2.296541832840963415e-02
-1.602189639622186509e-02,-3.543151109440489943e-02,3.779584038349573238e-02,1.365756710713091938e-02
9.387566738277284759e-03,1.020552816725584996e-02,-4.882511829694071229e-03,-1.471058307583905135e-02
-3.470684601422139876e-03,2.852536359680647813e-03,2.198626510124660968e-02,-2.136811685950507425e-02
-4.184623718400975155e-03,-2.408575918416569137e-02,1.603671710634907085e-02,1.223366579621751847e-02
-1.873183792822033164e-02,-5.212728609348510692e-03,1.790106207623187382e-02,6.043504461336913873e-03
-1.826680238998511230e-02,4.557367359852667298e-03,1.308799077978822431e-02,6.214442503442508311e-04
-1.589098771766288970e-02,-2.068845485289082069e-03,1.937967129511019432e-02,-1.419838092158208238e-03
-5.840974632186377545e-03,6.133181569251394856e-03,1.090665351864957174e-02,-1.119886045571456303e-02
3.589334843990255302e-03,-1.867351205816666828e-03,1.503589088762678945e-02,-1.675787452580036058e-02
2.951036463189028129e-03,4.371923419500557337e-03,-7.985023961557879274e-03,6.620640788682816656e-04
9.104579090436221026e-04,-7.232425843532214356e-03,-6.417846146261972640e-03,1.273981408075058365e-02
9.969495064174365567e-03,-1.425698123947968625e-02,-1.945647791272560686e-05,4.306942653218050199e-03
6.465847375628640432e-03,-1.353016565452419724e-02,4.140226687041328665e-03,2.924091591854232914e-03
1.099416724711203136e-02,-1.073246156588389053e-02,2.420827840018117852e-04,-5.037884652298912002e-04
2.137996357831288552e-03,-6.423453764322147215e-03,4.417803510549096584e-03,-1.323461040582108968e-04
-2.992743023059517369e-04,-3.976730857605472250e-03,4.081388687790416664e-03,1.946164721210017390e-04
-1.836433986674320317e-03,-4.485176710110827351e-03,6.181423790655353814e-03,1.401869061297897887e-04
4.942559498237167250e-04,-3.283156555099679512e-03,2.551012801687700671e-03,2.378878035882664530e-04
4.614259315450857063e-04,-3.348466049860339411e-03,2.647420806731691587e-03,2.396193115835484021e-04
4.610274208262348373e-04,-3.351026467112181405e-03,2.650792715532819966e-03,2.392063307531239452e-04
5.718328978447945882e-04,-3.394606695603086949e-03,2.605081750892590704e-03,2.176920468657037434e-04
2.404001154998222818e-03,-5.781965536035982116e-03,3.687984492510978235e-03,-3.100201114732168231e-04
8.042949888859497916e-04,-5.168626484115012784e-03,4.494635485236143230e-03,-1.303039900070613992e-04
8.964390205581831972e-03,-1.473220548545958741e-02,8.041460459657061169e-04,4.963669233912093234e-03
1.411908393779634854e-02,-1.642988194989913539e-02,1.597512315288086805e-03,7.132856968146783581e-04
1.060085258098955943e-02,-6.099155194262693806e-03,-1.974566934751001077e-03,-2.527130451975830288e-03
1.027458739842363128e-03,-7.164351562365674220e-03,-4.939552443823992146e-03,1.107644526634731126e-02
1.633136851839850009e-02,-1.402237774468171813e-02,-5.211582457728570518e-03,2.902591684011805468e-03
1.196099855331731604e-02,-9.443795193914519479e-03,1.938181191628759060e-03,-4.455384551031586413e-03
-3.425480476423285866e-04,1.699759038057989044e-02,7.945439917536960793e-04,-1.744958632469114854e-02
-2.032730496882963114e-03,3.998712702387892393e-03,7.040140763631971312e-03,-9.006122969136916637e-03
-6.396273267171051838e-03,1.074417527135420637e-02,9.169686073563931448e-04,-5.264870611539574675e-03
3.769547327826533976e-03,-3.091712169217454651e-03,-3.071003038779281970e-03,2.393167880170206981e-03
-1.705670959505456441e-02,-1.392454199292816192e-03,2.789423925300085760e-02,-9.445075458653450981e-03
8.176829180146220899e-03,7.396283212607538803e-04,7.954431203083501059e-03,-1.687088870449040406e-02
3.441559327743066304e-02,-1.201825648543101109e-02,-2.223158719276128697e-05,-2.237510520480684093e-02
1.784721034450816035e-02,-6.902239428882637855e-03,6.788096573669161193e-03,-1.773306748929467935e-02
-5.054221819145455477e-04,-1.386011452267162276e-02,-1.067089159907648639e-02,2.503642830366265351e-02
3.303542451336809963e-03,4.580356233241586472e-03,-1.885889591640690921e-02,1.097499723182846290e-02
-1.717111798291895419e-02,-2.584155800431243641e-02,-3.102228891597307546e-03,4.611490487882860534e-02
-2.232112495291602508e-02,-1.064959876785369353e-02,7.224142233489698299e-03,2.574658148727997434e-02
2.800324138786813074e-03,-3.222298963680818307e-02,-8.353729875121636457e-04,3.025803848553353104e-02
-2.423712464395870458e-02,1.495286431134934708e-02,2.090985000966816536e-03,7.193275331642487620e-03
-3.014643016818834356e-02,4.261951386500173466e-02,-1.028746861802450931e-02,-2.185615078788959425e-03
-2.239284816686834545e-02,5.431969701528219924e-02,-1.134997720047088016e-02,-2.057687164794314363e-02
-1.422174629193321063e-02,9.119298359509364627e-03,4.791515251762477716e-03,3.109326806613138083e-04
-8.230855803711176200e-03,-8.397962873927897198e-03,-4.635200635041848878e-03,2.126401931268083814e-02
2.952806606763601002e-02,-2.298209371164623618e-03,-1.868934982693421648e-02,-8.540506869537204185e-03
-1.534965050228938831e-02,3.414078050343936910e-02,-1.425479384548622962e-02,-4.536336155663644489e-03
-2.323303242326925540e-03,-1.842828727528246328e-03,1.019741631682991728e-02,-6.031284346974739342e-03
-6.222964057811680022e-03,4.840258483502953880e-03,2.540963041194214522e-03,-1.158257466885483176e-03
-7.635522354763852465e-03,2.176515946623425179e-02,-7.810027622595526117e-03,-6.319609488874854998e-03
-3.797404475608313207e-02,9.920465399451778785e-03,2.184952730624850278e-02,6.204052050382917287e-03
-3.212620396059618494e-02,2.363225296037649650e-02,-2.791846538448353350e-03,1.128579753866799582e-02
-2.212038889895771854e-02,1.004146195002933624e-02,-6.747457812136906444e-03,1.882638476106527139e-02
-1.681745746164692865e-03,2.908493791603946124e-02,-4.363734275572497302e-03,-2.303945789430224614e-02
3.252980194857186635e-04,1.258154454499731296e-02,-1.050921626872131434e-02,-2.397626295761729701e-03
-1.807977059713156403e-03,9.183597278390418298e-03,-2.771528055875162322e-02,2.033966034007423512e-02
-1.067289599084545078e-02,4.650742991316830083e-03,-8.922448742074345907e-03,1.494460174160295099e-02
-1.522684853213337845e-02,-1.813601166226954178e-02,1.763579177427386166e-02,1.572706842012905337e-02
-1.964361377316523397e-02,-1.750972230149240322e-03,9.215003905355567682e-03,1.217958209795889923e-02
3.498478440503197898e-03,4.910510964447390748e-03,-8.957843143187408166e-03,5.488537382368042323e-04
8.775386420731747655e-03,-2.127155574377935163e-02,-4.554169703248879542e-03,1.705033902629653902e-02
-2.488361249397016625e-02,-3.233142645579219904e-03,3.030706892982498041e-02,-2.190313790275566063e-03
-2.160885921008625504e-02,-2.329512400008599063e-02,2.379307184057742261e-02,2.111091136959487163e-02
5.903596996167427297e-04,2.094012983341390910e-02,-9.611247107474663834e-05,-2.143437706195585810e-02
1.814634038190012302e-02,5.758769715573009221e-03,-4.938945283798034692e-03,-1.896616481367513832e-02
-2.815102581479663781e-03,-2.620609354205902589e-02,2.267259481702649238e-02,6.348601306512134841e-03
7.441300607020580153e-03,-8.761236475564045112e-03,6.026897630521276493e-03,-4.706961761977854035e-03
-1.362348196424000880e-02,-1.153003468494498071e-02,2.511638736164941571e-02,3.712928753566146898e-05
-1.857061847748181158e-02,1.482699503272414711e-03,1.852565772399568378e-02,-1.437738749786334619e-03
-1.165036531659120397e-02,-1.251925330787559756e-03,1.146179491334606802e-02,1.440495734032700261e-03
2.562199321158837619e-03,1.194177474770772652e-03,1.284256344349521926e-02,-1.659894023942482671e-02
6.448353552138058782e-03,1.054546932140040675e-03,2.300922887155203850e-03,-9.803823371433272732e-03
-1.241929799294393816e-03,-9.521661629779002226e-03,-2.792703811283396911e-03,1.355629524035675479e-02
-6.694290716195467825e-03,-8.277477045733779709e-03,6.078114349844372134e-03,8.893653412084822490e-03
1.370035709539414899e-02,-1.576831522970429181e-02,2.596809606410213980e-03,-5.288514721000866668e-04
1.069169689522263614e-02,-1.196605079320630337e-02,1.744813444035763460e-03,-4.704595460520724854e-04
6.722914353696530804e-04,-5.588060914819403986e-03,4.871659293250528433e-03,4.411018619923590329e-05
-4.545044375046758227e-04,-3.948088300997736923e-03,4.197289756499210378e-03,2.053029820031922030e-04
-9.641725178810024157e-04,-4.272973272634014545e-03,5.049154443575482043e-03,1.879913469395425886e-04
-2.816717530552744798e-03,-4.673883671516539627e-03,7.409886170596817132e-03,8.071503147242875065e-05
4.548454471664492679e-04,-3.349018614000123795e-03,2.655637328810639929e-03,2.385358380230330260e-04
4.663946336665521935e-04,-3.350041684376824092e-03,2.644108942446356681e-03,2.395381082639130214e-04
-6.278319181036666865e-04,-5.683901974598265690e-03,6.559939069401163510e-03,-2.482051766992476676e-04
5.140299993072651105e-03,-8.333998258931192907e-03,3.734398157308646462e-03,-5.406998914500941436e-04
-4.053386369755726006e-03,-1.240109877743366881e-02,5.632398177952107308e-03,1.082208696923731353e-02
1.002973804213964926e-02,-1.817770672708735047e-02,1.000540750477271583e-02,-1.857438819824948698e-03
5.055376086536021718e-03,-1.027429018530991167e-02,4.186725986773024918e-03,1.032188112000863084e-03
6.096751065874258385e-03,-8.684671075023749076e-03,3.347888099122489549e-03,-7.599680899730049295e-04
1.317830118363702216e-02,-1.820424516871401235e-02,-6.696700358661832747e-03,1.172264434373887672e-02
1.227843314947466014e-02,-1.057611781568484378e-02,-3.277048517163873645e-03,1.574733183374045151e-03
8.779268808974134003e-03,1.269471049987457023e-02,-6.881852619240885933e-03,-1.459212668960781223e-02
1.635090800703391896e-03,2.528657313005111106e-03,7.210361679018454512e-03,-1.137410979272691566e-02
-1.900058809764265883e-03,1.531341224270963385e-02,5.229438757347756872e-03,-1.864279219029314066e-02
3.136727531236888005e-06,2.748390464982370177e-03,-3.348668222804896885e-03,5.971410302912782010e-04
-1.521943791548118798e-02,-6.903611459418097784e-03,2.969457874835533528e-02,-7.571529373456007891e-03
-1.474451560483007288e-02,-3.755844725193223984e-03,2.614529893629288781e-02,-7.644938606269539340e-03
3.132268987419567496e-02,3.769137166183539681e-03,-1.219178168558134566e-02,-2.290004535479782388e-02
2.705451789017315409e-02,-7.576134974867179163e-03,-4.593216683313910455e-03,-1.488516623199192396e-02
5.708420367071663504e-03,-2.248018163682093118e-02,2.854740117769239902e-02,-1.177563990794317991e-02
-7.211371851559147256e-03,-1.658854098087736038e-03,-6.242293273408383060e-03,1.511251922305525443e-02
7.780599743024517803e-03,1.393050737898060727e-02,-2.029468625263662271e-02,-1.416420869368514943e-03
-2.150208519767119950e-02,-4.424172512191419139e-03,-7.641000149385558833e-03,3.356725785924818267e-02
-2.456328068063317466e-02,2.135876570695464244e-02,-1.058087347165035524e-02,1.378538844532877471e-02
1.069505709893599395e-02,-1.967406833564934454e-02,-5.611596217256982315e-03,1.459060745397029388e-02
-3.233317162971522524e-02,3.044582866146735428e-02,-3.944965223608177911e-03,5.832308191856067948e-03
-4.122482403698827375e-02,5.048958840253073982e-02,3.723911544056469035e-03,-1.298867590959912680e-02
-2.708309152094581437e-02,4.929368304051561650e-02,-9.997904544930710097e-03,-1.221268697463929673e-02
-7.348599873183140306e-03,6.179820693003007341e-03,-9.592069703901678207e-03,1.076084888408183025e-02
5.745027412295458831e-03,-3.265470097270353755e-02,-8.117904415911463695e-03,3.502757797631966125e-02
9.308207493763147322e-03,-4.806714537596373793e-03,5.599464937556515674e-04,-5.061439449922421410e-03
1.488037316485771311e-02,2.057807610491452915e-02,-1.608005260014156584e-02,-1.937839666963062091e-02
1.190031301835481857e-02,-8.031443905398354469e-03,9.652392897550005763e-03,-1.352126201050641435e-02
-3.355301630276039029e-03,-9.427048809787793400e-04,1.968122784872985628e-02,-1.538322133747501048e-02
-1.421435519080297034e-02,1.493018311411370945e-02,-4.648261261704647422e-03,3.932433338393916122e-03
2.854096124954796053e-04,-2.656859320994308087e-03,7.152334661787892707e-04,1.656216242320028044e-03
3.057441520656139881e-03,1.242205867361421273e-02,-1.628765296242207922e-02,8.081527681517255198e-04
-1.437143619811500489e-02,1.017345775816028142e-02,4.186707641496385975e-03,1.127079845831266682e-05
-7.472111847439178757e-03,2.504595144847004268e-02,-1.636859272752204126e-03,-1.593698032827869579e-02
-1.433866838408900772e-02,9.429545219715666782e-03,-9.308024593006307065e-03,1.421714775737961678e-02
-9.835064375120597044e-03,9.828186749076145770e-03,-1.473884843874914002e-02,1.474572606479361385e-02
7.335618445140814313e-03,3.314973859525189442e-03,-2.358066380780707294e-02,1.293007150314101454e-02
-1.776062590308250758e-03,-3.082397605753898345e-02,1.973910320281611896e-02,1.286093544503118247e-02
-4.774677187329942618e-02,3.353580673985902347e-03,2.060496489513234317e-02,2.378822630418101630e-02
7.712849684769581453e-04,2.422485099507722811e-02,-2.104827540006925721e-02,-3.947860563484968839e-03
9.488626384190105081e-03,-2.902109720269500578e-02,5.192092575795510812e-03,1.434037824270938469e-02
-1.952858865353782059e-02,-4.598700794314618256e-03,1.616589689472383573e-02,7.961392553128613520e-03
-2.551135200379320983e-02,-1.353070178018313773e-02,1.787072894586601637e-02,2.117132483811036067e-02
-1.572569267682555685e-02,2.729337791083311787e-02,-7.199491059130414677e-04,-1.084773612809453690e-02
2.813754184658855389e-03,9.528483140513429803e-03,4.019199245177428916e-03,-1.636143657034975010e-02
1.088085288596867678e-02,-1.488826681344863727e-02,3.428799516843223771e-03,5.786144106367753157e-04
2.892415541443823547e-03,-1.192910827391447520e-02,1.521939002428834321e-02,-6.182697291817697630e-03
-1.244432419680307871e-02,3.859373659590961854e-03,2.047112096890478863e-02,-1.188617043169269694e-02
-1.045066678555804131e-02,2.926743417417065635e-03,1.036675246685232581e-02,-2.842829098711369216e-03
-1.157715232584698335e-02,5.078075143968101800e-03,1.005801218899012722e-02,-3.558935007111262584e-03
-1.433857041246665298e-02,4.221904621069785292e-03,1.385182508598204083e-02,-3.735159294585134113e-03
5.166896012489646285e-03,-5.549414097347380934e-03,1.748317293008240514e-02,-1.710065484522467483e-02
-1.620165548198806461e-03,-1.485454581120399561e-04,-3.012440192290639484e-03,4.781151198601461642e-03
-4.244466612863288454e-03,-7.943767785636698942e-03,-1.259007076784116313e-03,1.344724147528410588e-02
7.056934237404979306e-03,-1.713785403954328976e-02,2.851177518080850234e-03,7.229742284057463254e-03
8.716175665844334147e-03,-1.214153975019306893e-02,1.077662035204743482e-03,2.347702049143936438e-03
1.562569832717444459e-03,-5.265410396669997078e-03,3.696989530723101668e-03,5.851033229451054908e-06
2.237527022940491959e-03,-5.151282079784944359e-03,2.882846264771700331e-03,3.090879207273077137e-05
8.952527006741835226e-04,-4.606672091449638684e-03,3.528263955994377643e-03,1.831554347810675709e-04
-5.184416341562161652e-04,-4.063208677305548029e-03,4.370461709117867688e-03,2.111886023438918443e-04
4.555635019736987480e-04,-3.348782310381982937e-03,2.654149227704510373e-03,2.390695807037862563e-04
4.529464126293432065e-04,-3.355960362084509357e-03,2.663943073015436792e-03,2.390708764397383025e-04
-1.648325270196109591e-04,-5.748261256987617987e-03,6.011369405035206677e-03,-9.827562102797546761e-05
-1.125519964290684069e-04,-3.796788596928178487e-03,3.672734572944776673e-03,2.366060204124789353e-04
-1.129205879020477379e-03,-1.443911662653766040e-02,2.107041164987707559e-03,1.346128134057046101e-02
1.068348977767786222e-02,-2.110696905702820828e-02,6.996208710615484279e-03,3.427270568734856575e-03
1.199531193975640966e-02,-2.470681290135274925e-03,-7.324627271858249675e-03,-2.200003377762874222e-03
4.070094025168267439e-03,-1.895740784056777414e-02,6.428841518988872086e-03,8.458472296410628546e-03
1.555469957136069656e-02,-1.434690341218327302e-02,-1.107246739443976807e-02,9.864671235262351470e-03
9.065910912008133885e-03,2.734482692847889189e-03,-6.853393642980265543e-03,-4.946999961875785286e-03
-1.850478586830542511e-03,3.836179017069741128e-04,1.431401049299082379e-02,-1.284714980786729431e-02
-1.950155542400452968e-03,1.270698316958269319e-02,8.476064605343278926e-04,-1.160443408771663285e-02
-8.002801806726472442e-03,-1.361757583168064951e-03,1.238315830777329818e-02,-3.018598917878735632e-03
-1.418477412654060681e-02,1.134815374091397051e-02,7.760841218703543216e-03,-4.924220833076855749e-03
-7.413351030014433962e-03,-1.537583507275115322e-02,2.972038906190042212e-02,-6.931202959134825405e-03
-4.684582543257043152e-03,3.458203656759287117e-03,2.316346469420335445e-03,-1.089967582922585264e-03
8.602547213475199642e-03,-9.010076412437627996e-03,3.893727045321171334e-03,-3.486197846358703948e-03
3.920370740418104016e-02,-2.229566947875829749e-02,-7.221440216062564518e-03,-9.686597709360278766e-03
5.236348601961755660e-03,-1.857336421754806483e-02,2.332543181126847665e-02,-9.988416195682177021e-03
-1.074683078892391293e-02,1.016624869355873921e-02,-1.367002458983558946e-02,1.425060668520072502e-02
1.703867870998012615e-04,-1.746231216794415968e-03,-6.087078902546129737e-04,2.184552319949234402e-03
-2.174025580846397979e-02,6.971673474924255584e-03,4.635583018916504192e-03,1.013299931462322868e-02
-1.351041102443220447e-02,-1.018835128484606341e-02,5.821935888407949941e-03,1.787682642087035437e-02
1.430935063693333743e-03,-4.437636903440707672e-03,-4.358454146699247689e-03,7.365155986446630942e-03
-1.881885946133444315e-02,1.862256171716884443e-02,2.650410895988339257e-03,-2.454113151822708439e-03
-2.582710557239763921e-02,4.046161066836876513e-02,2.664604244472421144e-03,-1.729910934044359000e-02
-1.392442848938938230e-02,3.649873760406650153e-02,-1.055029673748501123e-02,-1.202401237719208371e-02
-1.285188849005672318e-02,9.900358014629195152e-03,-6.298836435422015649e-03,9.250366910849530666e-03
5.414020319821869799e-03,-1.220025644213233208e-02,-1.304460667867160008e-02,1.983084280098200772e-02
-2.154048967620316325e-03,-8.140773703667820646e-03,4.009618987564767326e-03,6.285203683723381354e-03
-1.961104405805951661e-02,-3.164080731009340838e-03,-1.847340436461831353e-02,4.124852915368713152e-02
-1.542440365442214294e-02,-1.546601082524538297e-02,1.764909535850567313e-02,1.324131912116182329e-02
-1.314513486320038720e-02,-7.329965704252087771e-04,9.007919782233116471e-03,4.870211651392499994e-03
-3.065079375679366849e-02,-3.999191034943631352e-03,1.687808553338605508e-02,1.777189925835136533e-02
-8.272177038271225080e-03,-2.099874549820286707e-02,7.309830030466671520e-03,2.196109250600738333e-02
-1.593879523321761011e-04,-6.812493489747206525e-03,2.819048049336484764e-03,4.152833392742900573e-03
-1.977896834918782196e-02,-3.949064654052176528e-03,1.808346925657762158e-02,5.644563746662275422e-03
-1.328248891934564677e-02,2.052204665422605739e-02,-4.301072589568228841e-03,-2.938485145312207374e-03
1.703595688148100591e-03,1.146762751249573789e-02,-2.468214368902789044e-02,1.151092048838406670e-02
-5.808934732947238465e-03,-5.470649015904853127e-03,-2.755182448386177957e-02,3.883140823271407499e-02
9.167712990414838420e-03,-2.097608113049685436e-03,-2.182507799477933358e-02,1.475497311741415067e-02
1.816182563278306112e-03,-2.750367043086369978e-02,-1.088965805216458296e-03,2.677645367280189273e-02
-1.391223354301042089e-02,-5.586597028130830568e-03,-2.696924711802170440e-03,2.219575528294333994e-02
-3.765659745098611476e-03,2.615544574135914013e-02,-1.236747538798549199e-02,-1.002231060827502539e-02
1.360683778443471260e-03,-1.207230161435304469e-02,1.969587096523643666e-02,-8.984253129326878404e-03
-3.186667281846110311e-02,1.416097956633925736e-02,1.546618084765156304e-02,2.239512404470391134e-03
-2.213158970567925127e-02,-1.910282634342242922e-02,5.215117276633827841e-03,3.601929877246781708e-02
-2.148974462076721353e-02,3.763264924502805059e-02,-1.479636274307599350e-02,-1.346541881184789994e-03
-1.112310242759035651e-02,1.861884027644424705e-02,8.887393194757708600e-04,-8.384477168329646651e-03
-1.547109208122768309e-02,-8.022685619260803980e-03,1.541224471056974916e-02,8.081532989918770865e-03
1.767875745772315779e-02,-1.521438613004424609e-02,-5.491220617051205920e-03,3.026849289372235234e-03
-1.136255999492462657e-02,1.471277969777980360e-03,1.278551657963183583e-02,-2.894234554485221930e-03
-1.515130511193064911e-02,9.203489720574371466e-03,2.296394277178701385e-02,-1.701612738043071713e-02
-1.229641866889118196e-02,7.850839678047352721e-03,1.195483505542342152e-02,-7.509256064579559325e-03
-1.057624124773373468e-02,7.521279783132226240e-03,1.611171164401745820e-02,-1.305675017941602956e-02
9.099130294236746925e-04,5.843280691037682981e-03,-3.003686540294460850e-03,-3.749507180166893570e-03
1.181558883285571075e-03,-6.167837852148715973e-03,1.139961991095307312e-02,-6.413340942089943396e-03
-1.534408442958887795e-03,-1.251962041075554283e-02,-3.869549639228336401e-03,1.792357849294272734e-02
6.083870402954391979e-03,-1.157707218282427730e-02,9.304281453155439571e-03,-3.811079673285513048e-03
1.620433339399832834e-02,-1.488537844759991839e-02,-7.494452979822363841e-04,-5.695096484162429518e-04
-1.838373803428610558e-04,-6.458157367624713617e-03,8.123035958559508482e-03,-1.481041210591935815e-03
3.315242339497947045e-03,-6.089987457924894883e-03,2.711975580981396822e-03,6.276953744556948856e-05
-3.866517227857607761e-04,-3.970272026136693888e-03,4.141944602227631313e-03,2.149791466948179847e-04
-2.380500142736634815e-04,-4.030428248525960190e-03,4.056090893488498508e-03,2.123873693111325359e-04
4.556507615377021914e-04,-3.350858180733346653e-03,2.656340472241211503e-03,2.388669469544258837e-04
4.579857889545939842e-04,-3.350754728895679983e-03,2.653509297735409320e-03,2.392596422056881720e-04
3.908114457095561781e-03,-6.743353229698502947e-03,3.125121459785906199e-03,-2.898826871829876918e-04
-3.971993949445253155e-04,-5.132586793435590412e-03,3.546999299490332606e-03,1.982786888889791904e-03
1.298660531662967042e-02,-1.296255462402093502e-02,2.173791550000208413e-04,-2.414298476087369774e-04
1.194374186532548305e-03,-8.217422032551343833e-03,7.454701305899511660e-03,-4.316534598807030129e-04
1.270561316118344435e-02,-4.943551152966851880e-03,-4.082759896605851237e-03,-3.679302111610681814e-03
1.705476959173503337e-02,-1.780855367963943281e-02,-8.762123056126428292e-03,9.515907144030791298e-03
1.579916284986659231e-02,-1.082759713502994860e-02,-1.151113249476863089e-02,6.539566779931949014e-03
-2.053832712310010736e-04,3.860564493600243501e-03,4.382752921613460202e-03,-8.037934143982714691e-03
-2.322997923972907990e-03,4.737720176288050082e-03,5.854774111454018846e-03,-8.269496363769173949e-03
-6.197476536759271952e-03,-7.066251190857958083e-04,9.565958202440364225e-03,-2.661856546595317390e-03
1.102076666504764367e-03,1.050713733673099178e-02,4.751185079691757317e-03,-1.636039908292749936e-02
9.685230549631784281e-04,-4.044133864647705967e-03,9.033706237100409472e-03,-5.958095427415883126e-03
1.140890905685337797e-02,-7.703848617235264755e-03,3.509411871086567502e-03,-7.214472310704676816e-03
-1.032039376240625854e-02,-2.813683445260965234e-03,4.082230306148338511e-03,9.051846901518901742e-03
1.483091001980685504e-02,-4.860570457780475674e-03,3.740703222380062885e-03,-1.371104278440645266e-02
2.578391607626605644e-02,-2.164480008998705476e-02,8.253553475517323712e-03,-1.239266946179630458e-02
1.159537187380108546e-02,-6.957086731458069807e-03,2.170719482866129146e-02,-2.634547997100437564e-02
-3.748922037095239745e-02,2.047226939459956957e-02,2.827902504413767892e-03,1.418904847193896632e-02
4.880385046665088565e-03,-4.664351159797755497e-03,-5.205971102879403123e-03,4.989937216012064851e-03
-1.584050493563932821e-02,-5.843063298274313137e-03,6.060215754628320642e-03,1.562335247928528861e-02
-6.243489040678047372e-03,-1.754532918006630835e-03,7.147307070378350162e-03,8.507148883063125411e-04
9.223442856776242066e-03,-1.906468877504200951e-02,-1.323852579493594618e-02,2.307977171320170842e-02
3.417199772427719981e-03,2.989752447976148399e-03,-7.444955053907033847e-03,1.038002833503172623e-03
-2.009581744541451276e-02,4.223709145488823563e-02,-9.084228187338387606e-03,-1.305704582213525894e-02
-1.006525917856701188e-02,2.588615718103860416e-02,-4.909871715877801163e-03,-1.091102628659377551e-02
-1.447444260351555406e-02,3.145755626725886111e-03,-1.964253967606049284e-02,3.097122665285010484e-02
1.532127373087568620e-02,-2.874786594401011319e-03,-2.763411004262274900e-02,1.518762290614806242e-02
1.609452430240957549e-02,5.290563587724301381e-03,-1.193895396888319110e-02,-9.446133921250670154e-03
-9.013138862555876082e-03,7.751022429041135725e-03,-6.355342802336735181e-03,7.617459235851439976e-03
6.795233231919628816e-03,1.724162505384923367e-03,-5.563974149216829824e-04,-7.962998322382869310e-03
1.172778852447156628e-02,-6.472929629907648273e-03,-1.964668971982326540e-02,1.439183082525926152e-02
2.300950979159309146e-03,-2.757065155997193845e-03,-2.808265329422171726e-03,3.264379506260040812e-03
2.379061900373383187e-04,-1.148856149278620550e-02,9.920712333681861589e-03,1.329942969067039044e-03
-2.935203559050953044e-03,-8.077280787514817242e-05,2.214925800049013117e-03,8.010505668770760788e-04
-8.253457578137609468e-03,2.227116437317845296e-02,3.087313805853315885e-03,-1.710502060089423224e-02
5.313055247006505215e-03,1.476174453782610682e-02,-4.909651295090385406e-03,-1.516514848974228995e-02
-1.302582897414749979e-03,1.468863903543757808e-02,-1.310812841924120439e-02,-2.779277187817009586e-04
8.478912850926095118e-03,-5.699626791254146794e-04,-3.407793958808979368e-02,2.616898941628903810e-02
1.369734196423904975e-03,-1.592587215361875030e-02,-2.382410356244311217e-02,3.838024151963795316e-02
9.856616415058985781e-03,-2.703815383787145851e-02,-1.070009903446018582e-02,2.788163645727256834e-02
-1.903748944044612174e-02,-2.731582353229396534e-02,3.029238551139923265e-03,4.332407442160005756e-02
-3.493197288834069803e-04,-6.831748818211314141e-03,-9.405466350845062551e-04,8.121615182179280773e-03
-2.797838599202033451e-03,-1.061206282512088678e-02,2.325484958316727593e-02,-9.844948158844398639e-03
-3.748458241196152285e-02,3.646962708617691729e-02,1.546450309334450150e-02,-1.444954776756014053e-02
-1.590379733704311294e-02,-7.865381585095091582e-03,6.933345243332333929e-03,1.683583367880591222e-02
-1.381478716155861396e-02,2.871171126269364549e-02,-2.189125604357711544e-03,-1.270779849677742060e-02
-2.261259229374620525e-02,1.405457488365827352e-02,2.858287260069099873e-04,8.272188684081055454e-03
-1.434424292032377736e-02,-1.116430675680222043e-02,2.171034156502427148e-02,3.798208112101794393e-03
4.422017536425773901e-03,-1.194411065176962695e-02,-2.801929776457895904e-04,7.802286092989665738e-03
3.984121771969524085e-03,-8.534008426880790310e-03,9.591320304531315497e-03,-5.041433649620005036e-03
-6.554195059889675323e-03,1.206557523780834792e-02,1.947340561509140408e-02,-2.498478579301003158e-02
-3.243487614039500429e-03,1.172449508720498079e-02,8.158431701419933263e-03,-1.663943917458546307e-02
-1.616471427844452802e-02,6.532638385902226306e-03,1.882089755220906283e-02,-9.188821659666765451e-03
-7.336725839339568872e-03,1.100550038835151553e-02,5.936276074487672853e-03,-9.605050623499620382e-03
2.983111202014560991e-03,-4.021291207399402962e-03,9.521847350236539373e-03,-8.483667344851668346e-03
-5.375541063469246525e-03,-7.591632292778489020e-03,2.384375922440298834e-03,1.058279743380746533e-02
1.560788851722341372e-02,-1.153190449838375868e-02,5.150431231970168354e-03,-9.226415250809878038e-03
6.662964910302019914e-03,-1.691830716266227649e-02,7.342675100235295221e-04,9.521074742336757199e-03
-1.868293384441047013e-04,-7.204376652411113163e-03,9.232972732450115197e-03,-1.841766741594901479e-03
3.392929252792521548e-03,-5.834497568342553696e-03,2.411870766181874876e-03,2.969754936814649455e-05
3.812772468548019283e-05,-3.718073121452836628e-03,3.452287898008579454e-03,2.276574987587845500e-04
5.235088444520295727e-04,-4.185346298310424484e-03,3.455349364356001887e-03,2.064880895023955723e-04
4.648275174082907050e-04,-3.348032162085265700e-03,2.643525320399713573e-03,2.396793242772703126e-04
1.204896951848815077e-04,-4.394825339892454233e-03,4.197932019871727233e-03,7.640362483583043552e-05
5.460494197681842882e-03,-8.009357648639916019e-03,3.353281381951281424e-03,-8.044179309932111051e-04
-1.488797550964169290e-03,-1.242391083822535006e-02,-3.485455688204545151e-03,1.739816407739401549e-02
1.927506554541881176e-02,-1.799123733538215628e-02,-1.771170772380684880e-03,4.873425623439809349e-04
-5.903338318652267928e-03,2.509593020845256577e-03,6.097384665452843834e-03,-2.703639367645844192e-03
1.184307248748829589e-02,-1.838795894473500489e-02,1.279536665243991705e-02,-6.250480195193271367e-03
1.559851066286775841e-02,-1.326467917307678698e-02,-6.632706199679651651e-03,4.298874709888679362e-03
5.172473982146824287e-03,5.241543317765618923e-03,-1.939548657304705770e-02,8.981469273134652653e-03
-4.000425680781549351e-03,-2.860120307142300592e-03,1.084593947210157547e-02,-3.985393484177729428e-03
-6.645736840808855010e-03,6.287076719557223650e-03,6.112858919009601585e-03,-5.754198797758015328e-03
2.060971078978722417e-03,-1.309005207393123746e-03,4.576994489478547999e-03,-5.328960361064162717e-03
1.041074525167699077e-02,2.703251082998619527e-03,-1.969990280515393054e-03,-1.114400605416018646e-02
1.341021869843174669e-03,4.866721953629329217e-03,6.204447599017626387e-03,-1.241219142249013786e-02
7.569800499930636774e-05,-1.348064850942560892e-02,9.654936130795929022e-03,3.750014373630363926e-03
-4.138878268934342158e-03,1.152224975978914656e-02,-3.779384547454748416e-02,3.041047398369267282e-02
3.079535878329654882e-04,2.384837633206204378e-03,2.005958514970958631e-02,-2.275237637074879402e-02
2.389120552067255238e-02,5.531374780876238163e-03,4.032270414939230670e-03,-3.345485071648810621e-02
5.701913644135716414e-03,-3.223191816227089640e-03,1.945888440142567663e-02,-2.193760622933427912e-02
-3.513578798927208258e-02,1.575620717104994628e-02,1.108796343616374157e-02,8.291617382058438096e-03
7.258450248210228687e-04,-1.782765562921348468e-02,3.447395405822566757e-03,1.365441519856983726e-02
-8.042527285281427657e-03,-5.149786682509649438e-03,8.713867778940575376e-03,4.478446188850474831e-03
-4.473442833252280759e-03,-9.336096055867385696e-03,1.499191750323903899e-03,1.231034713879574846e-02
9.753528493053472206e-03,-7.824704696785917193e-03,-1.421506466795423654e-02,1.228624087168666418e-02
3.629145846745319981e-03,-9.256336178483004842e-03,-2.405638797869422748e-03,8.032829129607095900e-03
-9.135254888275929144e-03,3.725065528286684857e-02,-1.224691608677504727e-02,-1.586848430781581665e-02
-2.254605781367420569e-02,2.261591050624381025e-02,5.963287644478293924e-03,-6.033140337047835158e-03
-1.974640950551074040e-02,1.187695270771133016e-02,3.400545300947185076e-04,7.529402267704720514e-03
-9.361455743169998928e-03,1.235493690274420270e-02,3.680793680789851922e-03,-6.674274840364109035e-03
-2.038311671590616568e-03,-1.260275607876079271e-02,4.804424350407456371e-03,9.836643399943958976e-03
-1.055165113249760013e-02,9.435465512476270272e-03,6.028935494162459240e-03,-4.912749874141146729e-03
-6.394236505817699548e-03,-1.990925527547024888e-03,1.071939327126127973e-02,-2.334231237896559202e-03
2.638269246505797923e-03,-1.302021665490743886e-03,-9.850026018974437914e-03,8.513778437959380191e-03
-7.310173070369976878e-03,3.878635674793267231e-04,-3.089436399024060413e-03,1.001174590191470683e-02
-8.341896479844831958e-03,-1.645593092959010684e-02,1.588447695029719664e-02,8.913350459137773379e-03
6.052143145102823266e-03,7.202149947200129016e-04,-7.207861786708144244e-03,4.355036468853029814e-04
-3.604423482558318220e-03,9.975189884702096929e-03,1.134430243799856332e-02,-1.771506884014234853e-02
2.467555587451032879e-03,-3.439566185964402969e-03,1.667704644741885203e-03,-6.956940462285171730e-04
-3.595197249189427836e-03,2.356628500052939182e-02,-2.742873232421731700e-02,7.457644572877396814e-03
-4.146502542890707910e-03,1.799514487115966375e-03,-2.302978716136668338e-02,2.537677521714150689e-02
8.737426920244720230e-03,-1.565827008473213988e-02,-3.185209269550846878e-02,3.877293585999591619e-02
7.527883761810976251e-03,-9.357361117017053836e-03,-1.181437150692424796e-02,1.364384886213035157e-02
-6.279830866825200295e-03,-1.692528832738161501e-02,-6.181758651624519839e-03,2.938687784583129611e-02
1.221867216779967680e-02,-9.397841071039312114e-03,2.401002623111086337e-03,-5.221833719871446684e-03
3.446903750575181728e-04,-1.818458742618616827e-02,1.279699845109522581e-02,5.042898600033411498e-03
-1.870290536305965062e-02,2.698342736986829304e-02,1.097522984247726284e-02,-1.925575184928588271e-02
-3.794911514821861127e-03,1.311473667309418292e-02,-2.273694970337071259e-03,-7.046130187935294338e-03
-1.651816185333232490e-02,3.846420308035682079e-02,1.202880938177952087e-02,-3.397485060880395952e-02
-9.000304213037385245e-03,2.713791371891429577e-02,-1.546684037592962156e-02,-2.670769129947327559e-03
-2.725126054072224413e-02,-4.467696408267014113e-03,1.823543207617746298e-02,1.348352487281167730e-02
-2.060868373468622422e-02,-9.416369065795298851e-03,6.998758083728328847e-03,2.302629471675313524e-02
-4.373997236283107791e-03,-1.144027234182228188e-02,2.098601650848555544e-02,-5.171746930380250774e-03
-1.616794380995465949e-02,1.254279303179917614e-02,2.204064059562424807e-02,-1.841548981746876645e-02
-8.415497113796081147e-03,1.153328156722206385e-02,1.525930449932951134e-02,-1.837708895275551313e-02
-6.632064397270663429e-03,8.137225850953881678e-03,1.753865353377644792e-02,-1.904381498745958898e-02
-1.386468276218989076e-02,1.094577747290297748e-02,7.463525176943068204e-03,-4.544619887656150582e-03
-7.826474136834885367e-03,7.915718032271236437e-03,-5.371573994358239991e-03,5.282330098921870706e-03
2.984767222959009477e-03,-1.527772019203017285e-02,1.109337580815573585e-02,1.199577160915515570e-03
1.574452482763380803e-02,-1.230283989173535340e-02,-7.749518685818667643e-04,-2.666733067316574748e-03
7.220544554774318245e-03,-1.739506996396625316e-02,3.618767153407892510e-05,1.013833773765781925e-02
1.920787534833833660e-02,-9.651281892678706398e-03,-5.780741588504975485e-03,-3.775851867154716296e-03
2.154942957177338660e-03,-5.474315540139946222e-03,3.172208379212150108e-03,1.471642037504455544e-04
5.530564599953548613e-04,-4.240032014981911027e-03,3.477809302727058807e-03,2.091662522595024809e-04
-2.817779625822239265e-04,-3.900626682336032214e-03,3.962700262253492783e-03,2.197043826647637364e-04
4.535093705988432777e-04,-3.348994242318437987e-03,2.656662263583547522e-03,2.388226081360503858e-04
-1.183054717943435395e-03,-5.431483224928366702e-03,6.767255654860170229e-03,-1.527177119883499454e-04
5.219270628381485547e-03,-8.321718673329876748e-03,3.882654564931217397e-03,-7.802065199828130777e-04
1.745446251434753333e-03,-1.395809348981590092e-02,2.604463191465083809e-04,1.195220091923464810e-02
5.893883115094850252e-03,-1.957708803488864696e-02,7.014556833591315682e-03,6.668648086202585111e-03
4.740051032093247664e-03,-5.105968501146387201e-03,-3.426283267605999012e-03,3.792200736659146788e-03
1.809607328413799857e-02,-1.159194839531438835e-02,1.004370787500763473e-03,-7.508495676324342463e-03
2.230086375712151195e-02,-6.532442159304389408e-03,-1.588161576667136352e-02,1.131941688541757189e-04
-3.569388357256270301e-03,2.274632301470535991e-03,-1.543200764166508714e-03,2.837956819952234134e-03
3.730799925710879400e-04,4.866741293356776753e-04,5.179601695590826949e-03,-6.039355817497608393e-03
-3.236426655796389995e-03,-5.194062153564875384e-03,8.889136151048330700e-03,-4.586473416870478115e-04
6.116623998868079247e-03,9.308786018916779051e-03,-5.109481756197596647e-03,-1.031592826158731283e-02
-5.522890095835126210e-03,8.008808877778276353e-03,4.500356756164678243e-03,-6.986275538107817977e-03
7.685021262262382163e-03,1.718838698941376007e-03,-4.528207229592759973e-03,-4.875652731610997763e-03
-1.568124436045317815e-02,-1.359061555017609599e-02,1.245107075489600319e-02,1.682078915573330391e-02
-6.093313082350381230e-03,-1.138713135781371381e-04,-1.535395750223044267e-02,2.156114189815900445e-02
-3.651079540868033303e-03,8.308203359783421921e-03,1.415418149776732915e-02,-1.881130531668271863e-02
2.594242955590911337e-02,1.174996268130444436e-02,-2.570011600384064596e-03,-3.512238063682947969e-02
1.165956757068847827e-02,-9.087041572077767665e-03,1.084781404839654621e-02,-1.342034004700729498e-02
-3.342115953036954579e-02,2.967745568488469599e-02,2.255542999843847610e-02,-1.881172615295367487e-02
-1.259331795007869598e-02,-1.519569798990541391e-03,1.176131646284168594e-02,2.351571286227542319e-03
-1.129450196207937469e-02,7.980912895006379935e-04,2.082897073068157648e-02,-1.033256005810288987e-02
2.133060293367697313e-02,-2.992988990923590282e-04,-1.509673354069256297e-02,-5.934570493892014215e-03
8.095096247363526773e-03,-3.863387356393384320e-02,-1.096780406092201857e-02,4.150658137749224652e-02
1.705519038720297543e-03,-2.140111000652791112e-02,9.206362058582599761e-04,1.877495476194930915e-02
-1.072024369575673083e-02,2.913034113843596118e-02,-2.370236932864506086e-03,-1.603986050981468306e-02
-3.181462337144912861e-02,1.250967964690643565e-02,8.992222152900981175e-03,1.031272157164179505e-02
-1.588169538230521302e-02,9.648613916234925064e-03,-2.969282381373062208e-03,9.202363847443380956e-03
2.313415865568718699e-02,-6.104114288432016663e-04,-3.354650457128536233e-03,-1.916909676971545809e-02
3.980625372129782506e-03,1.062140094915340824e-02,-8.027674114604980288e-03,-6.574352206678208722e-03
3.280269824835926711e-03,2.337507896586236977e-02,-1.599758710048596044e-02,-1.065776169021227099e-02
-4.249561814521421454e-03,-1.294190401064963108e-02,1.001515485188339750e-04,1.709131427665226341e-02
-2.120816823960885306e-02,1.536614652213460705e-02,-7.489879284197274723e-03,1.333190100167154502e-02
2.034082228078963259e-02,-4.289926213256491897e-04,-2.335621405767433767e-02,3.444384398210294587e-03
-2.045676026007617679e-02,-1.395056787236663952e-02,2.470236690695516713e-02,9.704961225487669998e-03
-1.948701816080670654e-02,3.832503726419425171e-03,1.092158683868537164e-02,4.732927595701885877e-03
-1.297807649344565398e-02,1.105279792739135084e-02,6.430324359306345376e-03,-4.505045793252030091e-03
-2.318159680793668159e-03,-6.515944394535163296e-03,1.204743792758435246e-02,-3.213333852255481540e-03
-1.428802648964866504e-03,6.092298985760235923e-03,-2.167837680157128771e-02,1.701488046477588750e-02
-1.394312691341833416e-02,-1.387185361158745078e-02,-1.190606696117240760e-03,2.900558722112299426e-02
-1.211447284295618342e-03,-1.691410738501066338e-02,-2.260601726627417540e-02,4.073157193558052391e-02
-5.407273680874821568e-03,-1.004540766252893201e-02,-1.307440942571788667e-02,2.852709076912166367e-02
-6.966961360169388918e-03,-1.037244627296043942e-02,-8.455222030321242130e-03,2.579462966345110256e-02
-5.036452651599831673e-03,3.659785417611003972e-03,9.362498748153759778e-03,-7.985831514164935113e-03
-1.433753117998085025e-02,5.278775769221828035e-03,2.380449125772887350e-02,-1.474573584696977149e-02
-1.653161251177567501e-02,3.776449760501850161e-02,1.600498310062066151e-02,-3.723786819386334934e-02
-1.414693029742047567e-02,2.300148763000444199e-02,-3.966785780817730367e-03,-4.887771551766392081e-03
-2.392830468683389625e-02,4.643427899837412193e-02,-2.955179812815549728e-03,-1.955079449872457187e-02
-1.608617721664379416e-03,2.066947134097905925e-02,-1.328744431836035612e-02,-5.773409300954313733e-03
-2.460387860020683826e-02,-4.714938566034387012e-03,1.039175002583014006e-02,1.892706714041106700e-02
-3.025790697481713087e-02,-2.385379938257632150e-03,1.640281563300890685e-02,1.624047128006585530e-02
-1.989911500032726793e-02,-1.277178721535606951e-02,1.615981936399171412e-02,1.651108285169173781e-02
7.625678240322671369e-04,1.465220347313933406e-02,1.288709084731726358e-02,-2.830186214448889015e-02
-1.169032590577176282e-02,1.463840078242510841e-02,1.225747748304539288e-02,-1.520555235969869683e-02
-3.224753602285608447e-03,1.488065705117350319e-02,3.733482195239421625e-03,-1.538938564412730033e-02
-1.921171877900033215e-02,1.305626436933687504e-02,1.617065598328756848e-02,-1.001520157362424668e-02
-1.515688851811209346e-02,1.258640731272513136e-02,-1.434756548044353744e-03,4.005237753431261857e-03
-1.428285322362684434e-02,-1.490816077786629584e-02,2.800352710856243016e-02,1.187486892930763585e-03
1.423813179028772524e-02,-1.601997898689060812e-02,2.725718992649407788e-03,-9.438717960465404155e-04
7.557543141053015522e-03,-1.659949236815523588e-02,5.348745691654763212e-03,3.693203535447449337e-03
-6.973918704103508094e-03,-8.846980480813860029e-03,1.784910232090739651e-02,-2.028203135990012344e-03
3.077440840487631179e-03,-5.686987545523340161e-03,2.501325767685399614e-03,1.082209373503062374e-04
2.590829075745861194e-03,-5.243990468893004742e-03,2.575472721281032388e-03,7.768867186610571118e-05
-4.498544653127873987e-04,-4.024415689226942816e-03,4.260604651740648730e-03,2.136655027990753595e-04
4.657587192251148303e-04,-3.350205561691149084e-03,2.645229789200873299e-03,2.392170532651548569e-04
5.017989919530829561e-04,-6.250387480477127312e-03,6.019725667456331600e-03,-2.711371789322955376e-04
4.524227299491116391e-03,-7.667094941206094999e-03,3.736317263385548898e-03,-5.934496216705437274e-04
1.196875517453794419e-02,-1.378005642879274149e-02,5.395917622122277596e-04,1.271709492042593726e-03
3.517656480515229250e-03,-1.392056168795217062e-02,5.577163571100479840e-03,4.825741636336503167e-03
1.315528998486441368e-03,-1.895023647007917922e-02,1.206306359922399568e-02,5.571643872368730460e-03
2.114668694388360456e-02,-1.838731323233614573e-02,1.645081866767035376e-03,-4.404455578314455180e-03
1.534160250560925691e-02,4.849111219202782361e-03,-1.372250185288715479e-02,-6.468211871924828098e-03
-1.312027567986926704e-03,2.463675038954141043e-04,-2.753763951197815175e-03,3.819424015289317638e-03
-1.239121919087670526e-02,1.068896113735267467e-03,1.000961303240204946e-04,1.122222694681739366e-02
-7.528781263062419085e-03,3.011263679022606506e-03,-5.540343714774515708e-04,5.071551955517255260e-03
-6.588403610913628333e-03,5.734996496076604617e-05,6.270650863697285575e-03,2.604027822555657345e-04
1.007579133411311712e-03,5.882527038676667146e-03,1.200946898964452315e-02,-1.889957516173244520e-02
-1.238281015415600497e-02,-6.744661729373485105e-03,7.594513004828063948e-03,1.153295887870146863e-02
-2.666155312398001478e-03,-8.671939364537587652e-03,-5.493042150241713231e-03,1.683113682717738563e-02
-5.761370030570609445e-03,1.835312166891147831e-02,-2.597294241073201324e-02,1.338119077239114697e-02
9.197305788924718326e-03,2.631151951811741205e-02,-8.472970652992116783e-03,-2.703585465404997543e-02
3.533529455802859182e-02,1.561527791563380348e-02,-1.686728868573463339e-02,-3.408328378792782609e-02
1.530740450409409127e-02,-8.959776488339739331e-03,2.059491323497240380e-03,-8.407119339251605331e-03
-6.503999201053185276e-03,3.235677159145125548e-02,2.034178237615670223e-02,-4.619455476655472820e-02
-1.226286581746617935e-02,1.061354057375434382e-02,1.147109349219777551e-02,-9.821768248485913955e-03
-1.704499374966659056e-02,1.544681101422023910e-02,1.928796046081673529e-02,-1.768977772537040291e-02
5.692284031282919977e-04,5.193613835190972507e-03,-3.637820072283360880e-04,-5.399060231090917032e-03
-5.139210659043333754e-03,-2.165340005611659027e-02,-3.815424269890907785e-03,3.060803498505082487e-02
-9.850505890352001179e-03,-1.520531250053725955e-02,7.418908233403083419e-03,1.763691015748627619e-02
-1.614738221546653182e-02,3.219049846633371958e-02,-1.507355413883128964e-02,-9.695621120358913995e-04
-1.480502842684904008e-02,3.065934367648540451e-02,-2.021280287027614822e-02,4.358487620639722206e-03
4.360073181799554477e-04,1.071611071979486525e-02,2.573361617020998669e-03,-1.372547965499584452e-02
2.905785282432761865e-02,-4.989442097694769991e-03,-1.290226746559957650e-02,-1.116614326103333200e-02
2.135473392086262648e-02,-3.203930527854634801e-03,-2.729681578220594443e-02,9.146012389197998721e-03
-2.553466247084339863e-03,-1.773012990532257110e-02,-1.803275370327226540e-02,3.831634985567924229e-02
1.250712743517900898e-02,-1.216827425945242805e-02,-1.880426267590288095e-02,1.846540950017631910e-02
-8.445011910995196477e-03,2.805850097080533206e-02,-1.792052871199959277e-02,-1.692960347810579030e-03
-1.209570004402914538e-04,9.515057364785417526e-03,-2.207567651136653139e-02,1.268157614702134992e-02
1.085710771212811988e-02,-2.254679461201270982e-02,-1.561381094037973729e-03,1.325106799392251553e-02
2.880437505925722771e-03,-7.335067489760662600e-04,-1.666527628689079901e-02,1.451834552994109295e-02
-2.061752812223952708e-02,-1.119337846602924246e-03,3.459484631176299677e-03,1.827738133766622711e-02
-8.512937627566477886e-03,-1.314225342836400530e-02,9.043940869932770230e-03,1.261125018599764183e-02
-6.339145624210684900e-03,5.211877398334176584e-03,-1.431385758580190279e-02,1.544112581167845534e-02
-4.563781467217064777e-03,1.227867705235465880e-02,-2.938270854071710000e-02,2.166781295557957884e-02
-7.772449344633033767e-03,-1.129374305040808588e-02,-1.410799093475660106e-02,3.317418332979776147e-02
-3.225754368308849079e-03,3.445730408892424840e-03,-1.145259039876566666e-02,1.123261435818207615e-02
3.471788424009226558e-03,3.454959949903800218e-03,-9.773278737464733204e-03,2.846530363551697321e-03
-9.607442828958348904e-03,4.962911782252039591e-03,1.538574812332516549e-02,-1.074121707661883363e-02
-1.545654319128198298e-02,4.752724678152884380e-03,3.643218179109503074e-02,-2.572836327796596684e-02
-1.558648400973767709e-02,3.577481766830020726e-02,1.847705144265571545e-02,-3.866538510121830113e-02
3.095732932083244699e-03,3.757321551385578440e-02,-9.293419684646919698e-03,-3.137552876129214019e-02
-9.439569107834003964e-03,3.754733515424058671e-02,-6.590359935190942542e-03,-2.151740611121568184e-02
1.116843409025663992e-03,2.579189815921753559e-02,-2.218756386189861193e-02,-4.721177706344639909e-03
-1.081080662743513950e-02,-3.301543912562756797e-03,2.403988329890512782e-02,-9.927532758907302649e-03
-2.419983907889528343e-02,9.333880452391597402e-03,4.458351379249088017e-03,1.040760724725468649e-02
-8.055272673134257141e-03,-1.378192278716792139e-02,1.968729683139018583e-02,2.149898628912027404e-03
-1.009874112483066279e-02,1.042948323435082848e-02,4.122811385880610982e-03,-4.453553495400749788e-03
1.246927261453769838e-05,1.742594875355796963e-02,4.061665549091487450e-03,-2.150008357526403749e-02
-6.050255858951946071e-03,2.003490334480590232e-02,1.953741886418751059e-03,-1.593838937227276889e-02
-2.061040813071703462e-02,8.932630074320957805e-03,1.987279940407496101e-02,-8.195021347678866849e-03
-2.064048576324291340e-02,1.029112977254629732e-02,5.517084565189455357e-03,4.832271425507132963e-03
-5.614299460277688038e-03,3.769102351939305692e-03,3.701004638485032132e-03,-1.855807530146633957e-03
1.126885199962623756e-02,-1.035524324903661954e-02,7.810276031761011033e-03,-8.723884782350668082e-03
1.986448582292914267e-02,-1.815956515430993887e-02,-2.304921853504399674e-03,6.000011848851220407e-04
-2.979615728414124285e-03,-1.112066018386745174e-02,5.454395532940038357e-03,8.645880379341495600e-03
7.303107488417802384e-03,-6.183975631701302787e-03,-7.272400721076890517e-04,-3.918917846088013296e-04
2.771205287628882193e-03,-5.756656844784725433e-03,3.049820169997758887e-03,-6.436861284192227416e-05
-1.662062693995336742e-04,-4.030846219899567560e-03,3.981661252606945832e-03,2.153912366921587637e-04
4.647411261222157675e-04,-3.346739004151953571e-03,2.643495592728690394e-03,2.385022853010464606e-04
-1.231725503429497391e-04,-5.897339994071572160e-03,6.253254688398704117e-03,-2.327421439841975866e-04
5.193103833541147692e-03,-9.369295574999434925e-03,1.494509605144885359e-03,2.681682136313406212e-03
9.926639799878553272e-03,-1.319157380816075344e-02,2.303134379628034821e-03,9.617996286541534174e-04
-1.676322991706375711e-03,6.049603180749312838e-03,-3.082021224353472758e-03,-1.291258964689463284e-03
7.241476903150404452e-03,-1.736939625370426468e-02,9.935023382714767287e-03,1.928959678391497818e-04
2.051520401222640608e-02,-1.817767404140450613e-02,3.241570964690562473e-05,-2.369945680468836698e-03
9.258397452457470603e-03,5.659352071529855262e-03,-6.641106012496745745e-03,-8.276643511490553232e-03
-9.487081822709502593e-03,-1.051071693837410045e-03,-3.674320459067737833e-03,1.421247397561465307e-02
-1.134878489832883558e-02,-9.143541673658600946e-03,1.040791376495770089e-02,1.008441280702975819e-02
-4.892712186926141682e-03,6.298702293757095678e-03,-1.785744645230382549e-04,-1.227415642307915552e-03
3.193294233144025086e-03,5.470995198887369446e-03,7.759500384002625392e-04,-9.440239470431642868e-03
2.214416048801811851e-03,6.558973262114164635e-03,6.513768386748399440e-03,-1.528715769766439414e-02
2.715770989256558127e-04,-1.286162796527069892e-02,7.091074867311861381e-03,5.498975999033225634e-03
-1.430374165365179591e-02,3.507642234939616424e-03,-5.582198799575910711e-03,1.637829821828810928e-02
-9.577412032418545704e-03,2.461789591438865235e-02,-2.319133747733136131e-02,8.150853595361301496e-03
1.354845697307339308e-02,1.206049749046085237e-02,-1.407843939683215730e-02,-1.153051506670202744e-02
2.946351875320698741e-02,9.666155693801949111e-03,-4.997573151531798340e-03,-3.413210129547714772e-02
1.530801471870766803e-02,-9.284367821560361375e-03,9.565057387079928947e-03,-1.558870428422721478e-02
-1.481005316707977894e-02,4.114972062831890459e-02,1.936126160737217453e-02,-4.570092906861125681e-02
-1.979132787267401036e-02,1.421409137200175740e-02,2.961625501936868132e-02,-2.403901851869651857e-02
-1.022181705704605127e-02,3.675581494248811396e-03,1.555352967748419198e-02,-9.007294114686951667e-03
-7.966101594485602844e-03,5.037070795614952655e-03,2.016704089982219940e-04,2.727360389872418491e-03
-1.024422182850046222e-02,-8.461573300802889552e-03,3.184350092832933469e-03,1.552144503647040139e-02
-1.500223274698932532e-02,-2.108014954329681320e-02,8.140076760789203766e-03,2.794230552949700588e-02
-1.555925821650649098e-02,1.096188273252376652e-02,-1.455248485520443599e-02,1.914986033918718994e-02
-1.292674503032190721e-03,6.505041290075380851e-03,-1.809189412943990397e-02,1.287952734239674810e-02
-3.809538230786515232e-03,-3.788387082860373775e-03,7.771689656588969854e-03,-1.737643429420965941e-04
-1.132439461456793105e-02,1.556173669220255532e-02,6.136488475561304584e-03,-1.037383055319596181e-02
-1.817420065490026049e-02,5.258508777238001669e-03,1.603177806865443283e-02,-3.116086190992154066e-03
-1.982263139403381974e-02,-1.736849241331027416e-02,1.163244396324965291e-02,2.555867984409447916e-02
-1.680925810940083961e-02,1.163335841753201797e-03,2.670188524124979083e-03,1.297573374352265461e-02
-2.206628330669278132e-02,2.326829879853172314e-02,-6.361532105993461875e-03,5.159516614154583368e-03
-1.277001856928586601e-02,2.744200826855864445e-02,-1.290752013050055352e-02,-1.764469568772204311e-03
-1.277247225229537556e-02,-1.010076648712108192e-02,1.897354244215629718e-02,3.899696297260211476e-03
-1.657106722830524589e-03,1.335843042347801927e-02,-2.118402075921062624e-02,9.482697058563086673e-03
-1.941047202178003070e-02,-2.484052606491368893e-03,5.865504054971922530e-03,1.602902057329947533e-02
-5.023937268950551087e-03,-1.661535572442638655e-03,6.925305790152436192e-03,-2.398329487592543098e-04
-5.588083781024195604e-03,-9.024215542951869373e-04,1.929362599958835004e-03,4.561142735360534418e-03
4.737543696039942789e-04,1.253169895891479216e-02,-1.731626399373494690e-02,4.310810665216228445e-03
7.824182829548824436e-03,-1.969698580098953010e-03,-1.885955472919187068e-02,1.300507047974202787e-02
-5.446799142379230366e-03,1.196625362896030706e-02,-1.107960384970098008e-02,4.560149363119908594e-03
5.017252894510388327e-04,1.105892712082185911e-02,-1.322676412250784134e-03,-1.023797599802210752e-02
-1.503853622872635028e-02,7.678886841366444616e-03,1.002717815200509371e-02,-2.667528764645249201e-03
-2.031055283788696028e-02,8.217093328522427978e-03,2.957410418933284491e-02,-1.748064467996827617e-02
-4.379073428146013081e-02,2.581710709857174685e-02,2.684496410770724484e-02,-8.871336924818999659e-03
-8.963832905645114160e-03,3.380046253068826057e-02,1.033125146596125619e-03,-2.586975477163930281e-02
2.906863649287533957e-05,3.482629849741324807e-02,-5.414772627867871398e-03,-2.944059450603810774e-02
7.186742237069906544e-03,3.621096752903974619e-02,-2.253940892771619936e-02,-2.085830083839353491e-02
-2.211346957029788202e-02,-6.123138021016555008e-03,2.251268556903468498e-02,5.723922022279783264e-03
-2.121891447731476255e-02,1.667172467913647683e-03,1.930044113564343550e-02,2.513008737576346414e-04
-8.346943445095180228e-03,-6.733613476773042325e-03,1.176226428113855832e-02,3.318292640729707602e-03
-1.029018102609548582e-02,9.245067853649457587e-03,2.733175329276156269e-03,-1.688062156830115457e-03
-3.033156999848944917e-03,1.920804074251418816e-02,1.603153045634373624e-03,-1.777803678829961362e-02
-7.100270017315124700e-03,1.999002464081256480e-02,1.142852931144263881e-03,-1.403260755464175169e-02
-1.136685668415531383e-02,1.625466642785781957e-02,1.085218774343074243e-03,-5.973028518045595155e-03
-1.842529990016858119e-02,1.398775237241408655e-02,2.816080301304130836e-03,1.621467226450463766e-03
-1.042118733722597647e-02,8.067855187373480091e-03,-6.699520483503223177e-03,9.052852633355729095e-03
8.113548464171947347e-03,-1.214276557315711186e-02,9.164657189981353230e-03,-5.135440080996177444e-03
1.444608444390845306e-02,-2.118330931950715423e-02,5.829194872653985747e-03,9.080300029447273529e-04
-1.039909450155821142e-03,-1.300321533326577808e-02,-8.526746961321165661e-04,1.489579947955370527e-02
2.601187373313873855e-02,-8.661809812446390894e-03,-1.454401962218458168e-02,-2.806044298507714366e-03
3.497032670102859665e-03,-5.672264326840407815e-03,2.265861696670719034e-03,-9.063003993317240124e-05
1.585243911364066531e-03,-4.546835143278562565e-03,2.769735961533625022e-03,1.918552703808733425e-04
4.561527932261103717e-04,-3.349406389459966098e-03,2.654605901747964913e-03,2.386476944858880757e-04
-1.488112801161544426e-03,-5.249337573940514659e-03,6.811237878824599398e-03,-7.378750372255923244e-05
1.133694081448643858e-02,-1.194949089248554912e-02,-7.411511030982536816e-03,8.024061108981588378e-03
9.063560492691994860e-03,-1.427809606036914251e-02,4.048690109679616705e-03,1.165845457997585809e-03
-5.644314741575671632e-03,5.963794592839082205e-03,-8.564354046987999796e-04,5.369555534353883221e-04
8.356630206990203064e-03,-1.047740496978618631e-02,3.019857354156588528e-03,-8.990825913605775266e-04
1.866952381799545646e-02,-9.392593170633428690e-03,-1.040577780797678591e-02,1.128847160614693083e-03
-1.507010494082526011e-03,3.198136207884940893e-03,6.655671768552769325e-03,-8.346797482355181388e-03
-1.203826786749871876e-02,-1.139053539697758169e-03,-4.839433890460946922e-03,1.801675529765743231e-02
-6.258466669122275889e-05,-1.353595939290384159e-02,3.370462788171692693e-03,1.022808127142335946e-02
-2.753669256571890074e-04,6.214880498700408977e-03,3.813424448347211941e-03,-9.752938021390452836e-03
1.222499910354398096e-02,-8.679462279728234267e-05,-2.828549396847023206e-03,-9.309655083899654598e-03
-3.673706434663505816e-03,8.340868396882864660e-03,2.451513409096398900e-03,-7.118675371315757311e-03
-6.007575021019604701e-03,-3.925289319113424262e-03,1.187643405280660799e-02,-1.943569712673597679e-03
-1.691246933152549051e-02,7.728410893695033569e-03,-7.038765778002403599e-03,1.622282421583279982e-02
-1.351804484291305175e-02,9.901517002990471022e-03,-9.949344301484346759e-03,1.356587214140695698e-02
2.241488598424777601e-02,1.171151360724516019e-02,-3.060492803408896081e-02,-3.521471557403851784e-03
2.631667639481443874e-02,6.585657098303591798e-03,-8.073059441126085797e-03,-2.482927405199196469e-02
3.093148188350633779e-02,2.124729281369928773e-03,-1.518378331293850254e-02,-1.787242785193782907e-02
-2.530829513459519411e-02,3.693464497797066537e-02,1.691809923552521980e-02,-2.854444907890073962e-02
-9.799518830585777357e-03,1.606344361437922127e-02,1.436963078692307140e-02,-2.063355557071656216e-02
-1.290102871239422709e-02,4.438829906245391269e-03,1.068647577852417131e-02,-2.224276972375328551e-03
-1.057836839196702426e-02,1.893156021018316953e-02,9.906632199276773319e-04,-9.343855038143810895e-03
-1.802201649146480122e-02,4.771421169277454549e-03,-1.540600579983297759e-03,1.479119590217071144e-02
-1.669716563182429420e-02,2.217648520117997298e-03,-1.383788452007788782e-03,1.586330556371403494e-02
-1.949533698515578187e-02,2.690210136091792086e-03,-4.318673006209160226e-03,2.112379985527317039e-02
-1.025848571895045941e-02,6.692232153807434886e-03,-5.056906961037679026e-03,8.623160526180706151e-03
-1.228904582595884837e-02,1.717372693760638560e-03,1.269786309594396652e-02,-2.126189963745698380e-03
-2.616513991281918527e-03,1.870760656525080959e-02,6.414587592445589355e-03,-2.250568016641446567e-02
-6.128363139398134048e-03,1.289853542558889489e-02,-9.332577839087722801e-03,2.562405552896964561e-03
7.706851072116212113e-04,8.301496070926069060e-03,-6.575314886831814219e-03,-2.496866291305864776e-03
-1.153192322463872724e-02,1.699549784938441180e-02,-3.725298888283973438e-03,-1.738275736461717845e-03
-1.710097155259165599e-02,1.761059888385022379e-03,-2.844191132652458716e-03,1.818410279685907932e-02
-5.604008517773740282e-03,2.264259486245217071e-02,-1.449452712910472528e-02,-2.544059215573671751e-03
-3.594415723339126206e-02,3.690989691790242701e-03,2.604987175200076249e-02,6.203295789600302840e-03
2.462270049360863397e-03,1.589456739909582764e-02,-2.955986333357987772e-03,-1.540085111509869112e-02
-1.497337863279628312e-02,1.905034303877149726e-02,2.161994684963481142e-02,-2.569691125560996312e-02
-6.724564576058974542e-03,4.058256616790802997e-03,1.770585313455242185e-02,-1.503954517528425898e-02
-7.110292639640336185e-03,-8.982327563194641984e-03,1.311522084975988260e-02,2.977399353075132864e-03
-1.137931116014306333e-02,6.543748915000141032e-03,-3.938206272743086447e-03,8.773768517886073801e-03
-3.507709642558166745e-03,7.257463062717866946e-03,-1.670160728900488625e-02,1.295185386884513574e-02
1.413582446318579350e-02,1.081873865655082548e-02,-1.609697497136949526e-02,-8.857588148367085551e-03
1.342349167144529613e-02,1.163730607149254109e-02,-1.759598150937006014e-02,-7.464816233567790095e-03
-7.405903992305077656e-03,7.028543530200001901e-03,-6.132663042560508072e-03,6.510023504665586429e-03
-1.713487994790807711e-02,1.643985581033667251e-02,2.180450056754759669e-02,-2.110947642997612617e-02
-3.977786155526704531e-02,1.474045363129929294e-02,2.611928768308173152e-02,-1.081879759113903898e-03
-1.845885002600276825e-02,2.099004691035298922e-02,-1.005437808318936609e-02,7.523181198839125165e-03
-1.246970837328613239e-02,3.365701219393677640e-02,-1.071179518658420477e-03,-2.011612430199225324e-02
-1.321726339439840449e-02,5.091167248519090638e-02,-1.752115911511336124e-02,-2.017324997567912850e-02
-1.880798963796539297e-02,-6.959260737490101855e-04,-3.112103893439578683e-04,1.981512610105841052e-02
-1.173007108663061925e-02,3.529112957500551984e-03,1.294754687316457785e-02,-4.746588744034516659e-03
3.167965274675822902e-03,8.799855758526564783e-04,8.512080660920851027e-03,-1.256003151144927110e-02
5.426377649144680307e-03,3.467103130869259899e-03,-3.928048216992828176e-03,-4.965432563021108560e-03
-1.204647479735726501e-03,2.288353490621078401e-02,-8.853577253173988346e-03,-1.282531017330101365e-02
-1.248367757457992562e-02,2.595861253430402707e-02,3.576916510038147864e-03,-1.705185146976218383e-02
-1.146871691722879151e-02,1.969965279457826929e-02,6.473367299762235487e-04,-8.878272607325680618e-03
-2.237634001703561748e-02,5.834041502101755018e-03,6.438933604237816015e-03,1.010336491069607073e-02
-4.847102875344323769e-03,4.310643046643005717e-03,-3.245753105129962120e-03,3.782212933831275836e-03
8.778999839425342608e-03,-6.906014998634785358e-03,1.182284335253309081e-02,-1.369582819332367668e-02
6.648918000786946218e-03,-1.084263141450781710e-02,4.712760769634857447e-03,-5.190473559139944766e-04
-3.633294814760742357e-06,-1.277301387924104081e-02,2.558057528440476572e-03,1.021858964561536340e-02
8.519819947703236723e-03,-7.398246842524633209e-03,1.606808364606869424e-04,-1.282253941639297911e-03
2.726480877360999699e-03,-5.265942636961596333e-03,2.572332345764282747e-03,-3.287058616369903586e-05
2.121221360700625141e-03,-5.198434383469847063e-03,2.944232387047907799e-03,1.329806357213134181e-04
4.575800467947112467e-04,-3.350045960275078050e-03,2.653504797571930047e-03,2.389611159084401178e-04
-2.620547934794522586e-03,-4.859567502634455291e-03,7.374679364462288778e-03,1.054360729666898173e-04
1.772354095397462356e-03,-1.249437997218220270e-02,-3.538208282909635106e-03,1.426023415969434292e-02
5.768366822849903264e-03,-1.518910753714804857e-02,5.360529423835354995e-03,4.060211290462818062e-03
-9.035153433744034374e-03,-3.596710838237641549e-03,8.351284537456584930e-03,4.280579734525103569e-03
7.772287847394311090e-03,-1.660290786567214169e-02,9.814669797912619481e-03,-9.840497796347767376e-04
2.169905763608848473e-02,-7.858371826638784613e-03,-1.098788266897660591e-02,-2.852803140473124128e-03
-7.800734750449343433e-03,6.415280282088171599e-04,-6.555348028662729212e-03,1.371455475090330167e-02
-1.215756070515955009e-02,1.517292425218052772e-03,-4.028555613500868667e-03,1.466882389344239396e-02
-4.326328863211948914e-03,-1.478944039450660886e-03,6.881945986755888360e-03,-1.076673084093275959e-03
9.737813465143204880e-03,-6.181360790015625294e-03,1.992942961390949640e-03,-5.549395636518527491e-03
1.897426993011739910e-03,8.859203696490304189e-03,-3.563043821374089950e-03,-7.193586868127934200e-03
5.424816424370995649e-03,-3.932313343724463603e-03,1.738938508615331911e-03,-3.231441589261814084e-03
-1.974149811515944763e-02,4.317116655149367231e-03,1.768302319544128032e-02,-2.258641735431205985e-03
-1.409516603168986873e-02,6.460156331873088791e-03,4.842079528441852777e-03,2.792930171374916754e-03
-1.858934631168775858e-02,8.577193920076555192e-03,4.391105555942990610e-03,5.621046835668199772e-03
1.728446732693617385e-02,4.179598506428194166e-03,-1.677317930487741762e-02,-4.690886528486997234e-03
1.424377064574873508e-02,9.437701213773519449e-03,-1.595154826936529338e-02,-7.729923590157062631e-03
2.207410877500716462e-02,-2.561542729804030128e-03,-1.180737322675769717e-02,-7.705192818445450766e-03
-2.049622791131924110e-02,1.806352899549667351e-02,1.043113919889061825e-02,-7.998440283068031578e-03
-1.862220839967495753e-02,1.210750155369429495e-02,2.427894671226421205e-02,-1.776423986628369173e-02
-1.336201467550917482e-02,2.031429922701616722e-02,2.494526924019684067e-03,-9.446811475526678201e-03
-1.163633883580849140e-02,8.372453756350029669e-03,-3.669884392387722568e-03,6.933769471846120552e-03
-1.536302825155881797e-02,1.051221956439027036e-02,6.461618223071360564e-03,-1.610809535902861956e-03
-3.575121991894347762e-02,-1.210289412180881596e-02,1.062140536905759741e-02,3.723270867169480719e-02
-2.660874947939966331e-02,5.289206344423862116e-03,2.534519118014976640e-04,2.106609122317427280e-02
-2.801316439194698540e-02,-1.049527868700275181e-02,1.247225979399304782e-02,2.603618328495658357e-02
-4.399848157659318193e-02,1.104390020006744584e-02,2.184697883822277198e-02,1.110760253830311677e-02
-2.060672320910486577e-02,3.038139812211005167e-02,5.052597806691518957e-03,-1.482727271969662766e-02
-3.909477017392000778e-03,2.581258724928546175e-02,-8.946893468102306082e-03,-1.295621676379114622e-02
-1.825915392837632869e-03,3.136248256952052851e-03,-1.530267954338670458e-03,2.199350902242435638e-04
9.744156273323752865e-03,-3.336349052964644561e-03,1.105058484314110202e-05,-6.418857805202222641e-03
-4.456150578526842619e-03,-1.996665459160119980e-03,-1.367056496837863559e-02,2.012338100606567148e-02
-6.418169680272297305e-03,7.794048612938077499e-03,-1.609478668547163760e-02,1.471890775280580016e-02
-1.553844547612765956e-02,9.984461309859998801e-03,6.110528606222812020e-03,-5.565444399551582044e-04
4.395022108797196243e-03,2.492659423238224523e-02,-1.866621965040840894e-02,-1.065539669077101431e-02
-9.466836878129570101e-03,2.492030434474496250e-02,2.484231478427444822e-02,-4.029578225088982502e-02
-3.289564877358110238e-03,3.728142647669573182e-03,1.974037632749384846e-02,-2.017895409780527671e-02
-2.139560491863782069e-02,1.224548209224561417e-02,1.527452867681020586e-02,-6.124405850417988066e-03
-1.439698565979118279e-02,1.041518948533374893e-02,7.052693708878728790e-03,-3.070897534421268473e-03
-1.572574170528937693e-02,1.339110331440200585e-02,-1.085492489924193629e-02,1.318956329012922930e-02
-1.578909048165230006e-02,1.376004690036333050e-02,-8.352583206358199855e-03,1.038162678764715900e-02
6.839936595042110656e-03,6.113880941391472944e-03,-2.173254930755727510e-02,8.778731771123675018e-03
3.657772831613025077e-03,-2.127485822014380315e-03,-1.833485175766115137e-03,3.031981661674708079e-04
-7.362714771457629787e-03,1.701964713171779525e-02,1.279321309305301788e-02,-2.245014545331319028e-02
-1.354934016991294829e-02,1.772817166955269197e-02,7.947349795427648481e-03,-1.212618129506733318e-02
-1.586121257828729258e-02,1.237285925310307490e-02,-1.613465726859013988e-02,1.962301059377440093e-02
-1.512225339475368850e-02,2.533699495690565004e-02,5.298701466186084156e-04,-1.074461170877062666e-02
-1.316253220136727985e-02,4.264218943656242905e-02,-2.256412568588339954e-02,-6.915531549311746198e-03
-2.547356239551010898e-02,1.782865430347955419e-03,6.136049984705584624e-03,1.755464698045657718e-02
-1.585122367994194412e-02,7.282942521327512991e-03,7.216773589004060047e-03,1.351507569610357201e-03
-3.613885016063040495e-03,-2.726440153970415524e-03,9.749497411302718644e-03,-3.409172241269301656e-03
-1.144695099511558282e-02,-6.822368478346313610e-03,8.804513892295305275e-03,9.464805581166585088e-03
2.433915798338126546e-03,1.323849493484512661e-02,-1.697677522646127285e-02,1.304364493277972636e-03
-1.808918626454315490e-02,1.312866294611775980e-02,9.013456834871636653e-03,-4.052933516446186046e-03
-1.489779039266548449e-02,1.972624379449495688e-02,2.872847993699753546e-03,-7.701301395529140496e-03
-2.524957196546434232e-02,3.367064316436583875e-03,2.006614899017243256e-02,1.816358658855299216e-03
5.477280504591047934e-03,5.373940050070798863e-04,-4.818105685273398400e-03,-1.196568824324713808e-03
1.497347991646667126e-03,5.615456712840713113e-03,1.919115835212427314e-03,-9.031920539699832273e-03
5.112942370384092848e-03,-2.066864363402002094e-02,1.139525088714134389e-02,4.160450376494565991e-03
2.707944105532238219e-03,-1.203088792172544649e-02,4.943854026731893739e-03,4.379089789461323642e-03
2.752535565689187298e-03,-7.216057895851243562e-03,5.140610869083586665e-03,-6.770885389215338702e-04
2.707455931167852131e-03,-5.130009340725906301e-03,2.468594773135820725e-03,-4.604136357777008560e-05
2.610989121934048553e-03,-5.047725562420302473e-03,2.305538515542267936e-03,1.311979249439898867e-04
4.701216431438335393e-04,-3.349073045114900251e-03,2.639539437571706507e-03,2.394119643993636195e-04
-2.735688164863674370e-03,-4.863990337750832837e-03,7.502926725628723814e-03,9.675177698579880278e-05
1.341069414662061487e-03,-1.187711387970246529e-02,-3.881641892226226406e-03,1.441768635726667185e-02
2.317449450144054048e-03,-1.041075722159501629e-02,7.183460146832862728e-03,9.098476246180905178e-04
-7.459130457017955178e-03,-9.164813102020781532e-03,1.154703401554318075e-02,5.076909543495556829e-03
-1.750130430909730501e-04,-1.918268607754661237e-02,1.046632331754544266e-02,8.891375803092207292e-03
2.710248879840219255e-02,-9.922668177969311970e-03,-8.889770318340491084e-03,-8.290050302092391230e-03
-9.383890863636068893e-04,-2.340204524766284488e-03,-1.255035278801152655e-02,1.582894639914139701e-02
-3.004558805093069090e-03,3.786305179739192072e-03,-9.686770594269561441e-03,8.905024219623473153e-03
8.129199518622027198e-04,9.337093649513046947e-03,7.389518418523899866e-03,-1.753953201989915181e-02
-3.996465267571989131e-03,-9.283887065019459650e-03,3.814400700534111531e-03,9.465951632057384088e-03
8.076749032818044544e-03,1.189944217954724305e-02,-1.219633067347646732e-02,-7.779860538888822008e-03
-2.472079809014198805e-03,1.189915615150053015e-03,1.836771113072355795e-03,-5.546069192082033915e-04
-1.998941125274887598e-02,1.186950456595627264e-02,1.477303740455983110e-02,-6.653130717767251172e-03
-1.683009012417975916e-02,7.635880569934640552e-03,1.004541506444008719e-02,-8.512055101950142264e-04
-1.394004896951611151e-02,1.302378651533236779e-02,2.696927102220178507e-03,-1.780664648036443679e-03
6.412279471020158102e-04,1.391775893017574775e-02,8.257687057634280315e-05,-1.464156374785407187e-02
1.498043190172204490e-02,7.410163398400673555e-03,-1.918911960985893519e-02,-3.201475690263781530e-03
2.101037705591902657e-02,-1.460320715265487441e-03,-3.108136884047460122e-02,1.153131249982111348e-02
8.042464699997199998e-03,2.280423269070399120e-02,-5.590731833589828934e-03,-2.525596555711135879e-02
-5.866998736439273283e-03,8.877961227685577175e-03,2.331973601001410129e-02,-2.633069850126033840e-02
-6.877712215902111528e-03,-6.825352140032196584e-03,9.104529450683745626e-03,4.598534905250575497e-03
-1.261013687685976457e-02,7.619442987015992950e-03,-6.835955263667339160e-03,1.182664915351112726e-02
-1.908117951357242090e-02,4.945362005976754703e-03,1.586464375816387315e-02,-1.728826250568303016e-03
-3.904325678612038941e-02,-2.823540828895542212e-02,2.830222460737007867e-02,3.897644046770554205e-02
-4.296416942362998870e-02,-1.212244413035381760e-02,2.043064954146360523e-02,3.465596401251996167e-02
-2.673482705117395317e-02,-1.417489908558334198e-02,2.144670684724289331e-02,1.946301928951427521e-02
-3.555146386408161024e-02,2.610510792178906067e-02,1.420837209251702045e-02,-4.762016150224680777e-03
-4.600055992788338113e-03,3.969739021511501514e-02,-1.800257343740089763e-02,-1.709476078492570481e-02
-1.989980788524027197e-02,4.024297632574124622e-02,-9.616257751750959676e-03,-1.072691068875005795e-02
-2.587083202308605029e-02,-6.055615308500155412e-04,2.174907052771023511e-04,2.625890284865899441e-02
-4.480342811378413247e-03,2.168299465347352500e-03,-6.181152309475859523e-03,8.493195655506895550e-03
-3.382670898471607651e-02,3.175034449158493227e-02,-7.200905615070900094e-03,9.277270108202007037e-03
-1.047438888651723056e-02,2.366782697976220484e-02,-1.039137080777707139e-02,-2.802067285467963170e-03
-1.406430763279732828e-02,3.676589247686425262e-03,-8.612744628222599244e-03,1.900046301333353782e-02
-1.552437175903736109e-02,1.049976118158254569e-02,9.307482500273070100e-03,-4.282871922818259902e-03
-1.212330766496420680e-02,4.348067309993345481e-02,4.123510369486576253e-03,-3.548087580445574707e-02
-1.990495229799151000e-02,2.590796775538482116e-02,2.030934066900056192e-02,-2.631235612639391125e-02
-2.147952243302858610e-02,7.903670025293092066e-03,2.268547550283292469e-02,-9.109623095097447998e-03
-1.746618691876594687e-02,2.073483835236789724e-02,5.882233419181162604e-03,-9.150884852783135529e-03
-1.448072160797001483e-02,1.108808356207571788e-02,2.513843870469576174e-03,8.787941754246985466e-04
-1.651144393375292285e-02,1.670451867544010902e-03,7.514588474115920132e-03,7.326403592092920261e-03
-1.657446282326368800e-02,-1.343034116131149947e-03,4.815184128161250840e-03,1.310231281123356954e-02
-9.238892453977323033e-03,-2.991654844168700495e-03,-7.250641727669246417e-03,1.948118902581527298e-02
-1.975682403077481941e-02,3.637850384092131822e-02,6.356880481020542491e-03,-2.297856029116703697e-02
-2.029648513532646831e-02,1.574333679085479151e-02,1.054690516740931956e-02,-5.993756822937632359e-03
-8.025462995379508552e-03,1.210690923659506549e-02,-1.271331805347407015e-02,8.631871812258461174e-03
-1.961728619786351491e-02,3.695131276171857021e-02,-2.504485292556216970e-03,-1.482954127129881491e-02
-2.330839856442697144e-02,3.183991954733712826e-02,-1.212149490089580242e-02,3.589973917985631729e-03
-1.574736835944733071e-02,6.362410957159523174e-05,3.566498301848709199e-03,1.211724594802702538e-02
-5.821241648465872581e-03,1.004151727749558361e-02,-5.741219477573077101e-03,1.520943848543363690e-03
-3.358255074573809028e-03,-9.781767312356443034e-03,1.112000973026246349e-02,2.020012656667807219e-03
-5.515823788550319219e-03,-1.117166135244901035e-02,1.374739785290922563e-02,2.940087288090085290e-03
-3.353823621584860974e-03,6.771782239059643237e-03,-1.889681407207888936e-02,1.547885545460406936e-02
-1.027474142759205941e-02,1.170216361061249266e-02,-3.378113072173451106e-03,1.950690889153042359e-03
-1.448575249881231888e-02,1.933493497637379932e-02,-1.217199580393718301e-03,-3.631982897167743921e-03
-2.569767221852155281e-02,5.546290247680495632e-03,2.708455369328932258e-02,-6.933171722448247185e-03
2.671604441690764208e-04,-2.230210916444852129e-03,-6.013085485747977042e-03,7.976135958023770206e-03
-2.184907934618515648e-03,7.369053143624502457e-03,-6.186524721509568774e-03,1.002379512503596927e-03
5.164083951284204922e-03,-2.910769808504322376e-02,2.083326961563547464e-02,3.110344518123539861e-03
2.549561304205571859e-03,-1.113107719229697486e-02,3.466876135254239044e-03,5.114639752837178699e-03
3.495324795874076886e-03,-6.487364822911472276e-03,3.396673302267996016e-03,-4.046332752305933076e-04
3.747074584937111746e-03,-5.111606721497862632e-03,1.369787090935041312e-03,-5.254954374307252268e-06
1.872806897447660103e-03,-4.609017654341748295e-03,2.587663930214255913e-03,1.485468266798541256e-04
4.533790781391151435e-04,-3.349934001908993954e-03,2.657693306877855627e-03,2.388616168920099840e-04
-2.719873311375062275e-03,-4.861919749677361992e-03,7.482065638444073200e-03,9.972742260835353359e-05
2.166768007260467307e-03,-1.160165613297991366e-02,-3.359095107346615847e-03,1.279398323306610123e-02
4.538195087524235440e-04,-1.057536940396277105e-03,3.150113255828468177e-03,-2.546395824184610659e-03
-7.151584529137269483e-03,-6.826143201384316135e-03,5.576162354785295719e-03,8.401565375736289032e-03
-2.753186547218948888e-03,-1.562659672385377160e-02,1.380667739617134557e-02,4.573105874901374490e-03
1.924120122099769875e-02,-1.145186626012206429e-02,-8.720965881347459217e-03,9.316309204718881869e-04
4.353897801950836269e-03,-6.982474829646504941e-03,-1.574104191201371530e-02,1.836961893970934234e-02
1.135529378285878889e-03,1.315665090302813121e-03,-9.253693261744992335e-03,6.802498793156312035e-03
-1.788388682197456989e-02,1.463377655781955035e-02,2.015343820447269493e-02,-1.690332794031756611e-02
-3.885765185812662791e-03,-3.440423333731593755e-03,6.084007137887423484e-04,6.717787805755503355e-03
1.188454054323352486e-02,4.490475286595890098e-03,-1.476989679869590393e-02,-1.605119031133503231e-03
-3.259159977608097961e-03,2.475935273958619533e-03,2.543296507593968605e-03,-1.760071803944484323e-03
-4.684870633368429585e-03,1.084820204745382856e-02,3.004640285490002127e-03,-9.167971699575392860e-03
-7.651058417717579788e-03,9.714653619313371596e-03,7.129779170157100367e-03,-9.193374371752899982e-03
-2.301284744418184702e-02,1.338160605339491424e-02,-6.927358218172728578e-04,1.032397721260423437e-02
-8.993579906837766147e-03,1.409075739237482597e-02,6.992354486867960982e-03,-1.208953197240503208e-02
4.431167466638671459e-04,8.435476166893918736e-04,-1.024947025902539499e-02,8.962805895672130985e-03
3.504092262807616265e-02,-1.016804872374827209e-02,-3.832169134229651553e-02,1.344881743796855905e-02
1.559853877679609480e-02,1.578152608770675910e-02,-2.233293126997535835e-02,-9.047133594527466058e-03
4.841912327695166874e-04,-7.102069220219349617e-03,6.159462009492929976e-03,4.584159779569165600e-04
-8.440581865475164577e-03,-1.115945607477887049e-02,1.496623935818150106e-02,4.633798582072555690e-03
-7.968193757316400713e-04,-1.915169350859801051e-03,-3.554475369086978944e-03,6.266464095678423753e-03
-2.016761554175459936e-02,-8.775927930218000925e-03,1.614343483982941946e-02,1.280010863214317389e-02
-2.935767749514566274e-02,-1.863406604227862973e-02,1.857048084496346063e-02,2.942126269246081449e-02
-3.009370669884156579e-02,-3.170961045707239301e-02,2.166944332634137757e-02,4.013387382957261940e-02
-3.037659204449470393e-02,-1.377616616489386533e-02,2.281312760180136123e-02,2.133963060758719069e-02
-2.399165123608037326e-02,1.625204616987070347e-02,-5.953980363483791886e-03,1.369358542969345387e-02
-1.421637023579292239e-02,4.467115149370069760e-02,-1.480291795582714710e-02,-1.565186330208068882e-02
-2.065476227207204904e-02,2.873437403997277512e-02,-1.294322216977428219e-02,4.863610401873460706e-03
-2.611525170389358830e-03,-8.557858596586758945e-03,-5.375018855194468696e-03,1.654440262217063071e-02
-1.027537427424078838e-02,-5.534063276447123529e-03,4.045622527914959597e-03,1.176381502277287251e-02
-1.719784291336526327e-02,1.687724371185309394e-02,-1.311087704684664804e-02,1.343147624835881217e-02
-1.629010887850531816e-02,8.033867681834243671e-03,-6.752122053014025620e-03,1.500836324968504720e-02
-2.381351126476335262e-02,1.870378118119512059e-02,-9.473700668708404452e-03,1.458343075227656015e-02
-2.228446537740347982e-02,2.956503654513441617e-02,-4.134786751353129557e-03,-3.145784416377848860e-03
-3.701314442326086168e-02,2.464491060225982091e-02,1.514950538068631641e-02,-2.781271559685248758e-03
-3.155203436287854629e-02,4.070136072859398962e-02,1.146649353694865862e-02,-2.061581990266399614e-02
-1.801828617347648112e-02,1.787223151652854794e-02,2.159864844900760000e-02,-2.145259379205946906e-02
1.088202928055760979e-02,1.437467460024693770e-02,-1.681038196132614987e-02,-8.446321919478425380e-03
2.368196776665453234e-03,6.488957418598180699e-04,-2.273213318348209569e-02,1.971504066495683230e-02
4.226959193157958129e-03,3.946099894053271308e-03,-9.239306628050709611e-03,1.066247540839473451e-03
2.663319679647048206e-03,-1.603730255805461621e-02,-2.109630563779029896e-03,1.548361344218655671e-02
-6.167526846742310380e-03,-1.300298843330222401e-02,3.881886131866135389e-03,1.528862914817834609e-02
-3.580923159883009355e-03,3.129552187220790982e-02,-1.459146345222870310e-02,-1.312313526009622339e-02
-1.917665677917493317e-02,9.562527036646950584e-03,4.037411597807953612e-03,5.576718144720027234e-03
-1.443269560765522881e-02,2.872757237799577340e-02,-8.576485505949464627e-03,-5.718391264391033992e-03
-3.562986193195524093e-02,4.014309728437947394e-02,-9.345696990858453138e-03,4.832461638434126447e-03
-3.102914479763295777e-02,3.557348003069383396e-02,4.350110090411723378e-04,-4.979346242102097864e-03
-2.233302546668490540e-02,1.166659748629413464e-03,1.077588948621562362e-02,1.039047623183993706e-02
1.054412784323500475e-03,3.096175890300124477e-03,-1.469888703342213040e-02,1.054829835879850589e-02
-2.288149335036375985e-03,-9.602609973786846095e-03,1.428335348971155640e-02,-2.392594180888314801e-03
1.645480335795957609e-03,-1.356239201707923163e-02,5.759835111973974839e-03,6.157076569309282918e-03
-8.185478114159806112e-03,4.729960218267725142e-03,-2.499716627349458584e-02,2.845268416938661477e-02
-1.704381617983967423e-02,1.184244837514225081e-02,-2.777576603580870097e-03,7.978944408278280942e-03
-1.859549288546862716e-02,2.017147067769451893e-02,-9.219395401272314442e-04,-6.540382520986455766e-04
-1.336243862265589118e-02,9.402694966154782549e-03,1.487344152137001253e-02,-1.091369786486895074e-02
-6.183615778152821638e-03,7.410963820531986553e-04,-7.859997027935794814e-03,1.330251642403541823e-02
9.625430015758096357e-04,1.319389289378511626e-03,-9.728616038525433538e-03,7.446683747571151632e-03
8.185965248245444942e-03,-2.456329330817113091e-02,1.780146088219846517e-02,-1.424132822272773354e-03
3.937272047690882834e-03,-1.255972301400962166e-02,4.084583683849504938e-03,4.537867282469238220e-03
5.004335305738218977e-03,-6.202072179346905696e-03,1.302181344861615521e-03,-1.044444712529140023e-04
6.386999541777197732e-03,-5.462221944908238203e-03,-8.564185303456736936e-04,-6.835906652327113163e-05
1.821773268813666477e-03,-4.540519322532876080e-03,2.582741837672327713e-03,1.360042160468881781e-04
4.651383059135515206e-04,-3.359999301308056862e-03,2.657295072863662209e-03,2.375659225308505594e-04
-2.214725608912520086e-03,-4.954632642363350492e-03,7.091073830232584758e-03,7.828442104330496896e-05
3.595928863206811123e-03,-9.944986738031829504e-03,-1.682590847761286819e-03,8.031648722586257061e-03
1.390122003291761107e-03,2.606101310846203043e-04,1.391165038822131253e-03,-3.041897173198497215e-03
-1.042936674172445337e-02,-1.470937895612336966e-03,5.038095025580787735e-03,6.862209611756014960e-03
-8.630706040327958128e-03,-8.889879815048478198e-03,1.136519675360333007e-02,6.155389101773129680e-03
1.470226341124320976e-02,-1.453229944113329682e-02,-1.340653611573641019e-02,1.323657214562653540e-02
9.102286403487282879e-03,-8.431785395907517508e-03,-1.751063354692359783e-02,1.684013253934376481e-02
1.066289756948107618e-02,1.385589870019327419e-03,-4.076743920126042059e-03,-7.971743519374355907e-03
-1.279171147938239911e-02,1.694785994048012001e-02,5.615401753889658933e-03,-9.771550214987319988e-03
-2.141931708623141632e-03,2.889905745343054975e-03,-5.117204820036544075e-03,4.369230783316625961e-03
8.272911734066957373e-03,-2.305642455249684846e-03,-1.192518672805355402e-02,5.957917449236260245e-03
9.649935608193949740e-04,-9.903899108267718004e-04,2.017115603212478112e-03,-1.991719253205102153e-03
-2.242206991756613525e-03,4.254992429794521129e-03,8.150913009617288818e-03,-1.016369844765523285e-02
-3.983156732006747601e-03,4.307779803657309399e-03,1.126438976009955586e-02,-1.158901283175009685e-02
-1.805441927311542474e-02,1.562491227358505860e-02,-1.243067448894646324e-03,3.672574448424952617e-03
-8.551043232059032939e-03,5.411309988999696806e-03,1.107369459616667356e-02,-7.933961353107376463e-03
1.470011317488388244e-02,3.055288249402589480e-03,-2.654107013340366653e-02,8.785668709117244041e-03
3.342444749117485375e-02,-1.613463069854830997e-03,-3.124515464307066337e-02,-5.658297782495263530e-04
4.228087945877559602e-03,3.228465708570427400e-04,-1.405514714116876812e-02,9.504212624434195053e-03
-1.298028065758701464e-02,-2.022547318845335437e-02,3.173306372255159293e-03,3.003244747378512949e-02
-1.691045888800031538e-02,9.935642266457508573e-03,-1.048274287248545170e-02,1.745755949402833310e-02
-5.223427927146245299e-03,1.642996326789076394e-02,-9.423734684018601759e-03,-1.782800656725835571e-03
-1.775617542377874725e-02,2.102162192692409379e-02,-6.775357933377969613e-03,3.509911430232583607e-03
-2.860462161573982046e-02,6.664230383285115605e-03,3.110952570686569777e-03,1.882943866176816500e-02
-2.957852070044270781e-02,-4.646641697516417854e-03,1.679048266081902344e-02,1.743467973714000682e-02
-2.366144342822488686e-02,1.255707994064323395e-02,1.006704089055148431e-02,1.037322597030087938e-03
-2.559656498004884723e-03,2.685761535540151512e-02,-1.470807370282240477e-02,-9.589885154574213921e-03
1.669293072267058519e-03,3.122400321191746639e-02,-2.538606386157161304e-02,-7.507232422612890831e-03
-1.183874596893769171e-02,3.051083040511462161e-02,-8.033656492599655641e-03,-1.063842794357734538e-02
4.528507378614570443e-03,2.072518556671483492e-02,-6.961849243626480957e-03,-1.829184370170287496e-02
4.271994165047084818e-03,3.218825383302130472e-02,-2.161513075316621318e-02,-1.484511724490223186e-02
3.995401413434282673e-04,1.315815400682797572e-02,-1.991058290152982260e-02,6.352888753358446050e-03
-4.135326078381664806e-03,1.233161141044018978e-02,-1.758208969707483749e-02,9.385804365016363685e-03
-4.121774915195481476e-02,2.838891796415218133e-03,1.808161977376267909e-02,2.029723758177697304e-02
-1.989791357122218385e-02,2.757784108546861013e-02,-4.622114897335898379e-03,-3.057812616910579075e-03
-3.191660262047490287e-02,1.556236511529989798e-02,4.744885259561732599e-02,-3.109461509044233671e-02
-1.123443819558128144e-02,3.798653095361063936e-02,-2.656268236306210968e-03,-2.409582452172309708e-02
4.302447712549626983e-03,2.634769199856501140e-02,-4.208915151541191627e-03,-2.644122455957334875e-02
1.475580180888438377e-02,1.726904168599149858e-02,-2.951628196159895509e-02,-2.508561533276955878e-03
-4.425709211955545022e-03,1.139580678919030129e-02,-1.511451701179210294e-02,8.144419434557305035e-03
-1.030723415593504631e-02,7.633377890534231644e-03,3.707422296315714301e-04,2.303114035769262755e-03
9.110973381976203780e-03,-1.342842544478676722e-02,-2.273331744706082354e-03,6.590783807516633654e-03
3.550133268800150996e-03,-1.175623635865273749e-02,1.765580404957337295e-03,6.440522684895243558e-03
-3.114003060870991577e-03,1.526729456713638890e-02,-5.485862449184079025e-03,-6.667429057081262350e-03
-1.331956548149986971e-02,9.082978057775040193e-03,-1.153027893530535024e-02,1.576686635903012598e-02
-3.179639296322126635e-02,7.236472445452227058e-03,-2.519319328186888154e-02,4.975311379963796854e-02
-2.099135441732928598e-02,4.246932431055259333e-02,-2.419399954907300657e-02,2.716029655849831921e-03
-2.866095853746109673e-02,2.080622842142863804e-02,3.253738328986628247e-03,4.600991787045868170e-03
-2.901407896321968327e-02,-1.663492689682929179e-03,8.229497082015166040e-03,2.244807457088744684e-02
-9.360488785040225676e-03,1.730395993821690114e-03,-3.841907397310067099e-03,1.147200018852856905e-02
1.155634052669535228e-02,-1.406741431923365371e-02,1.806868438260044243e-03,7.042053542782557773e-04
4.045156543368001907e-03,-1.383327916339831438e-02,1.286080129321999336e-04,9.659514607098134906e-03
-1.846708985416460613e-02,3.778033184318010701e-04,-1.385834884041941238e-02,3.194763537615207677e-02
-6.978604358927600546e-03,1.504351181323118104e-02,-1.718062220448524427e-02,9.115714750181597853e-03
-1.552284953105606893e-02,1.977597288609890189e-02,-2.709055915288451077e-04,-3.982217763513982642e-03
-1.023928568711208152e-02,2.988400375973252528e-03,8.316777783268728547e-03,-1.065892472129932947e-03
8.215514152154438707e-06,4.030883188809018629e-03,-4.541427088108626088e-03,5.023283851474685162e-04
1.091247807469955880e-02,4.154402423297345708e-03,-1.387526280257762867e-02,-1.191617695419306842e-03
3.990970629082719878e-03,-2.445081846146968801e-02,2.369678195151428760e-02,-3.236934119127263948e-03
-3.308747884759691196e-03,-7.379365582631473158e-03,5.785783629387312305e-03,4.902329838003864626e-03
6.562959300856189074e-03,-7.621987500418235702e-03,1.417596079840272982e-03,-3.585678802782450020e-04
8.907277639094782207e-03,-5.840447073319881763e-03,-2.922578723693957953e-03,-1.442518420809033508e-04
2.522730966919474547e-03,-5.325355826128020525e-03,2.717809395885808360e-03,8.481546332273806577e-05
-1.758238283948134265e-02,-3.929343723245264097e-03,2.857782505954500202e-02,-7.066098496818310273e-03
6.244347849977367922e-03,-5.566728049879853674e-03,-5.340309649503928186e-04,-1.435888351471083918e-04
8.995284701803308918e-04,-7.122047401305986111e-03,2.550759714316713517e-03,3.671759216808937690e-03
7.718195030281280698e-03,1.349607208199465544e-03,-4.646547362149760704e-03,-4.421254876330979466e-03
-1.521392636996987333e-02,3.022687083641402862e-03,2.385141776590569539e-03,9.806097509737904394e-03
3.667030879645709080e-03,-3.866139858349379628e-03,5.194354366583078114e-03,-4.995245387879401061e-03
-4.137644700217497917e-03,-1.334398856229390348e-02,-2.663008870672902394e-03,2.014464213318434629e-02
1.626104128076080388e-02,-4.962744540705455072e-03,-1.727010558107960544e-02,5.971808841024257505e-03
1.129677519315252718e-02,2.144854526781143737e-03,-4.861271169416994773e-04,-1.295550260299198689e-02
-6.392228867619234069e-03,9.998121220906777684e-03,-2.518401974810128424e-03,-1.087490378477421046e-03
-1.506727948342829852e-03,9.272826772451307417e-03,1.252583147040896912e-04,-7.891357138812598454e-03
6.051264449605440326e-03,-5.312585064120072843e-03,-4.834267143774557962e-03,4.095587758289195683e-03
6.587749179435544930e-03,3.353724686128775959e-03,-7.702690556781912126e-03,-2.238783308782404426e-03
2.352012776152506799e-04,-3.684234420854871992e-03,8.365096095459519446e-03,-4.916062952219919790e-03
-3.429936681361466996e-03,2.609342876166022285e-03,4.178753664246795917e-03,-3.358159859051359011e-03
-1.111781304486473762e-02,1.409680700953405176e-02,-6.858337625660156003e-04,-2.293160202103280108e-03
-1.714692402218403675e-02,1.056860685563352706e-02,8.335529174077347314e-04,5.744764249142742321e-03
2.281266904795723610e-02,8.797343462621934687e-03,-3.761485413967707164e-02,6.004841629097968508e-03
3.417387510524625555e-02,6.743972843328041068e-03,-4.013864340378973244e-02,-7.792045447844181275e-04
4.919334049136001724e-03,-2.062431464707992126e-03,-3.037523129700431951e-02,2.751832871257633290e-02
5.615912779399000881e-03,-2.584546013221917550e-03,-3.360698142726151194e-02,3.057561466108440693e-02
-1.332772355027750377e-02,1.005468638307718821e-02,-4.322901131539443921e-03,7.595938298739756019e-03
-1.062605278273667450e-02,2.104093958905386280e-02,-1.289378254843099279e-02,2.478895742113733369e-03
-1.414064054620827425e-02,2.371898812159031061e-02,-5.534292873478029173e-03,-4.044054701903953414e-03
-8.726053105532373746e-03,1.215214270111722623e-02,-2.318037362264862861e-03,-1.108052233319928911e-03
-1.502011808844400283e-02,2.082425845220408148e-02,-2.086527948698040178e-03,-3.717612415061982960e-03
-1.474447963063516519e-02,2.705139112978396931e-02,-1.860080814376652335e-03,-1.044683068477213032e-02
-1.403764951344544862e-02,1.441297646983044634e-02,4.084654027751375045e-03,-4.459980984136327660e-03
-9.706476164246191640e-03,9.744918557459915018e-03,-7.691162129144471678e-03,7.652719735930749168e-03
7.902868051257784868e-03,4.720175475563968132e-02,-3.062122895622544638e-02,-2.448339385067195562e-02
1.228099990217266027e-02,2.578661777151413162e-02,-6.982042458612337278e-03,-3.108557521507452487e-02
9.702559190435337128e-03,2.429435157735512080e-02,5.375296615370009183e-03,-3.937220738316035001e-02
-4.180871338584991707e-03,6.618927028420320928e-03,-1.228350237015648876e-02,9.845446680321220251e-03
-9.028680155474009400e-03,3.091897354069398154e-02,-2.159469811179278234e-02,-2.955952734271554880e-04
-2.092167223727312703e-02,2.685879601101380521e-02,-7.450647987364876837e-03,1.513524213624185865e-03
2.130698801928807527e-03,2.196743674127135323e-02,-1.458464953520831157e-02,-9.513486007991817095e-03
-1.933115593081735292e-02,3.127739228312362285e-02,1.224307759140435062e-02,-2.418931394371044361e-02
5.970766130991555024e-03,3.885809108398635692e-02,-6.899428656382137863e-03,-3.792942855859586515e-02
-1.548723599736835307e-02,3.693161294766184044e-02,5.006723292943817023e-03,-2.645110024323726883e-02
-7.107417522949956330e-03,1.986987637588202155e-02,-8.030261617683756917e-03,-4.732197235248361208e-03
-2.180230259931334111e-02,2.274431076246124367e-02,4.843285648217864709e-04,-1.426336727969667673e-03
-5.305115819535546201e-03,5.809813438727627621e-03,1.304034838729624390e-02,-1.354504600648829583e-02
-1.069510375899460942e-02,5.825464209746549805e-03,1.024195045309290487e-02,-5.372310903844859133e-03
5.545087712707467455e-03,2.505531024096018661e-02,-1.226230800712417579e-02,-1.833808994654348434e-02
-6.009173948280665395e-03,2.105184265206407057e-02,8.435750682413577575e-03,-2.347841938619691857e-02
-3.074139849350073644e-02,1.431996364349733507e-02,-1.593942704149102409e-03,1.801537755415247993e-02
-2.844644201033827424e-02,-2.976069748476545089e-03,-1.693531028784339351e-02,4.835782204665809575e-02
-8.064204052867441491e-03,1.953802746115382641e-02,-2.396724139387561986e-02,1.249341798558920198e-02
-3.120094987798164091e-02,1.469196777982753783e-02,-1.091020830998736674e-03,1.760000292915274780e-02
-2.416406962921436793e-02,-1.909995917607324942e-02,2.934047572646429625e-02,1.392355307882335927e-02
7.086998088148715493e-03,5.770415353658900001e-04,-1.728630600884703550e-02,9.622266385332417862e-03
1.671844134941376930e-02,-1.791379634328135392e-02,1.988423052673665790e-05,1.175470763340946299e-03
-5.157931598360962488e-03,-1.064767426826809457e-02,-3.120725285622483972e-03,1.892633115225152152e-02
-2.573223438400834215e-02,2.391333401043158145e-03,-1.194961719491280383e-03,2.453586270245647696e-02
-3.159901352097945100e-03,1.570514816526620561e-02,-2.142170350676072740e-02,8.876456693592500724e-03
-1.240805387041254461e-02,1.463830440738083175e-02,4.644554138721183369e-03,-6.874804675689467903e-03
-1.067071815296044383e-02,-4.875908984827910823e-04,8.798897077284765361e-03,2.359411974158486577e-03
-2.316993545630490273e-03,1.005506120843428948e-02,-5.982616984705883302e-03,-1.755450678097916122e-03
4.377630688988263553e-03,4.060275996438878800e-03,-1.092429639588923286e-02,2.486389710462093110e-03
-5.983992883504992734e-03,-2.801248478485565685e-02,3.490334138702656797e-02,-9.068637186656773640e-04
-2.086606177027408929e-02,-7.933088479013524624e-03,9.594641852607907126e-03,1.920450839667969117e-02
1.010889320396854939e-02,-7.884131595688466387e-03,-1.458393361888849936e-03,-7.663682463912021648e-04
1.083427811959696875e-02,-6.215782686601711675e-03,-4.333168471352883896e-03,-2.853269616423652105e-04
2.683380525392065757e-03,-5.142876072269809279e-03,2.400743827549838439e-03,5.875171932789595479e-05
-1.210383590260109311e-02,-4.050796289649042335e-03,2.096756061121140061e-02,-4.812928418961210514e-03
7.663975991866655603e-03,-5.019613297490512285e-03,-2.510207467172503783e-03,-1.341552272036129170e-04
-1.432552338798328065e-02,-5.795783520501542573e-03,2.575369900664220557e-02,-5.632392098157445667e-03
3.414339108272701311e-03,4.008746871441579152e-03,-5.465921142217521067e-03,-1.957164837496739879e-03
-1.144117376202452400e-02,3.194033785871794057e-03,-6.471475734227839956e-03,1.471861571038051222e-02
3.899289939929427053e-03,5.055213874261129878e-04,-1.331882721044939412e-03,-3.072928606310592389e-03
-8.204977818746466908e-03,-1.501617645037213802e-02,5.902111211713145962e-03,1.731904305740540953e-02
1.442603669072029492e-02,-8.446286276595845952e-03,-1.418424868746760888e-02,8.204498273343159911e-03
1.526561024370451727e-02,1.002812290951834301e-03,-3.878674603675421207e-03,-1.238974793098086315e-02
5.323495130029973037e-03,1.046355543239010748e-02,-1.241397552638051280e-02,-3.373075036039584629e-03
-4.439309961353808849e-03,1.660235140503266496e-02,-6.082707469047331922e-03,-6.080333974631535465e-03
4.604818248345889098e-03,3.883261778738849711e-03,-4.556901452884249554e-03,-3.931178574200481016e-03
1.158387499261359817e-02,-1.876492788938687929e-04,-6.415826047468142605e-03,-4.980399666251578150e-03
-3.991794344829734976e-03,-5.146337500446506244e-03,1.323690682030680132e-02,-4.098774975030580053e-03
-1.462123223560537555e-03,-4.743344098722438243e-03,-6.901222307406049443e-05,6.274479545357030709e-03
-6.372325828262964155e-03,1.154514670667647173e-02,-4.955143222214002368e-04,-4.677306556192134014e-03
-3.002281236304456605e-02,1.957743952270388568e-02,-4.536013396859345931e-03,1.498138623720002456e-02
1.116141486951270460e-02,1.079151306443596088e-02,-2.840150233197694107e-02,6.448574398028305947e-03
1.409682561741964525e-02,-2.066909687960039109e-04,-2.229237589267521122e-02,8.402241244051637803e-03
-5.952649910104501271e-03,-2.367920549382089221e-03,-2.238057845217769973e-02,3.070114891166430410e-02
3.031737777812036627e-03,-3.734467036953928194e-03,-1.999788481565068637e-02,2.070061407479264690e-02
2.867411792221572463e-03,8.672374754504880504e-03,1.214970019556173633e-03,-1.275475656628262400e-02
-4.225139251882036213e-03,1.127046477517674094e-03,-5.371104187599927589e-04,3.635203193124359432e-03
-5.705834482578536065e-03,1.324935005876380634e-02,-1.207953354139338666e-02,4.536017965208151946e-03
9.677056279430938310e-03,7.986449196629785002e-03,-6.105604535420632029e-03,-1.155790094064006353e-02
5.541524811260743408e-03,1.681498356099181760e-02,7.063231236333830654e-03,-2.941973960858641421e-02
1.568695635763465990e-02,2.224724160852615401e-02,-9.710342944318762354e-03,-2.822385502184199951e-02
9.100786138252933005e-03,4.185566421132716312e-03,-9.173307500564737565e-03,-4.113045058820889201e-03
5.947507206717809851e-03,-6.810676278368666542e-03,-1.181553534494074768e-03,2.044722606144948156e-03
4.852427238382128576e-03,1.008858324377945835e-02,-1.633651812192347258e-02,1.395507639761900832e-03
-3.420579811384964058e-02,1.955543076805103114e-02,2.593906986244613744e-02,-1.128870251664767198e-02
8.572071930334728535e-05,7.609686416911703999e-03,1.161878853633679931e-02,-1.931419567255193356e-02
-8.981741785259339875e-03,-3.919795030907253543e-03,-1.524763862375449509e-02,2.814917543992117091e-02
-1.348581973428435513e-02,1.908107220734091627e-02,-4.386733336096067075e-03,-1.208519136960487786e-03
-3.728904746180599500e-02,2.071096281788743776e-02,1.405924278914588189e-02,2.518841854772739964e-03
-1.541735778898022970e-02,3.432221593619620703e-02,3.647635648941534715e-04,-1.926962171211016317e-02
-3.442686931569795966e-02,3.492080622233085380e-02,7.051575889201244784e-03,-7.545512795833965447e-03
-5.947528991532394921e-03,3.270184313458605885e-02,-7.463050577925598589e-03,-1.929126356512804105e-02
1.039433346202436707e-02,1.987144410715467255e-02,-1.576632585474867232e-02,-1.449945171443030659e-02
1.527987663914773947e-02,3.393850725658366201e-03,-1.325739479016909556e-02,-5.416332574636971084e-03
7.839510670384323629e-03,8.358677024291926230e-03,-1.725863949611955786e-02,1.060451801443231456e-03
-7.330373385648960953e-03,-8.836970825830989945e-03,6.365068625275184695e-03,9.802275586204778346e-03
-3.306561093130921253e-02,-3.400927649982069673e-03,2.636014435801692021e-02,1.010639422327443832e-02
-5.235224739931523515e-04,2.701596862203622593e-02,3.770830443524301676e-03,-3.026327659156733893e-02
-1.257163422446548259e-02,4.477330313093406261e-02,-5.058896593703173330e-05,-3.215107994053162388e-02
-2.531264343922635593e-02,2.537831467104740418e-02,-7.270988608984447002e-03,7.205317377163387473e-03
-3.403888167447338686e-02,3.890575589693079372e-03,-1.168858311021369126e-02,4.183688919499384262e-02
6.872695979408749911e-04,-7.100616426472518457e-03,-2.612183756394367840e-02,3.253518439247533867e-02
-1.116303484890527470e-02,-6.378098525493304700e-03,-1.556145197040170042e-02,3.310258534480019915e-02
-1.068870033492222600e-02,-2.252280601492377340e-03,-7.785257604067718010e-04,1.371950669682136213e-02
1.974585942532434968e-03,4.682387282407788655e-03,-1.671889920195686677e-02,1.006192597701663360e-02
5.840981466378365912e-03,-1.631994746925525402e-02,8.549135778577757194e-03,1.929830224299135689e-03
-7.266636729645411727e-03,-1.413381239612777548e-02,2.765648560234047846e-03,1.863480056553912939e-02
-2.276803039160491329e-02,1.171047422742837324e-02,-4.603171274393388711e-05,1.110358787692049959e-02
-2.013021120511585774e-03,1.387051866386364296e-02,-1.904637460859733011e-02,7.188877065245325403e-03
-1.219906141155327299e-02,1.231918889213773176e-02,3.914705717451565266e-03,-4.034833198036028371e-03
-1.432433477814067449e-02,-5.187330412558388039e-03,1.380343562818258339e-02,5.708229562516525107e-03
-3.359482561259218361e-03,1.107310576018260585e-02,-8.879959699798885275e-03,1.166336500875523371e-03
-1.075680195619559262e-03,2.198716303295395608e-03,-5.700934216196131693e-03,4.577898108520273013e-03
-8.058000506015674733e-03,-3.248628497796739178e-02,3.480894250244750271e-02,5.735342981535590696e-03
-2.160780486729527129e-04,-1.233127038667019941e-02,-4.673451751187494493e-03,1.722080018653057362e-02
9.771271484225440770e-03,-7.421679607938685107e-03,-1.608296803552642122e-03,-7.412950727341250344e-04
6.219188398922877864e-03,-5.938519463548168342e-03,1.333104984404816012e-03,-1.613773919779504283e-03
-9.734693936806239345e-03,-5.569704521016255287e-03,2.031733847283649641e-02,-5.012940015013996574e-03
-7.135350897667555245e-03,4.093743063433758628e-02,-9.335159146549133063e-03,-2.446692059012096215e-02
-6.725702302637127938e-05,-4.287690208759858609e-03,5.337212471084587170e-03,-9.822652392983840207e-04
-2.049300488785284376e-03,-4.988172324148283654e-03,6.982454822455095265e-03,5.501799047846890844e-05
3.212217243793092768e-03,8.171582290322768798e-04,-8.980691578653950125e-03,4.951316105828583621e-03
-1.212610310152060318e-03,2.447482121308215165e-03,-1.289476526625681768e-03,5.460471546951640390e-05
-2.551883824489003562e-03,9.019462168018924086e-03,-1.985975280683790513e-03,-4.481603062846125675e-03
-1.404164448326346640e-02,-2.405241922971769475e-02,5.485020082065337338e-03,3.260904363091585850e-02
1.357286344326344603e-02,-8.570282865260505853e-03,-1.523922018658570646e-02,1.023663960858275761e-02
1.563316618675734612e-02,1.999868388337186379e-04,-2.121188176299523137e-03,-1.371196484929155211e-02
8.906474109290013833e-03,3.325733595817980878e-03,-1.203842291083023416e-02,-1.937847942778355467e-04
2.948370273800908666e-03,1.306832449946566423e-02,-1.358590592605718635e-02,-2.430788847209410831e-03
-6.439900964987548340e-03,1.164269773408610140e-02,1.973574468872177270e-03,-7.176371237970727290e-03
5.787938392218029172e-03,6.188298019508507719e-03,-7.711778420752583678e-03,-4.264457990973959285e-03
1.403390379547147029e-02,-2.264763317484050267e-03,3.491553902044262307e-03,-1.526069438003167453e-02
2.622046973504727624e-03,-9.224966133774282692e-03,1.077365006223771418e-02,-4.170730901968164317e-03
5.122212904492409909e-03,1.390800048356927339e-02,-2.303439528131765585e-02,4.004181893255935251e-03
-1.947959058384899148e-02,1.648204796292939561e-02,-1.692299905989281747e-02,1.992054168081255905e-02
-2.681174324407731291e-03,2.584820345259803212e-02,-2.849148997536486705e-02,5.324460847174643414e-03
8.621983619518040765e-03,-1.225870738107252660e-02,-1.335700799792257851e-02,1.699373175947701056e-02
-8.132569700035698762e-03,-5.840655985966412833e-03,-7.595457365354345639e-04,1.473277142253757478e-02
2.039623959554426325e-03,-5.724609211716057307e-03,8.347602427303528472e-03,-4.662617175141870601e-03
2.261736479125139171e-03,1.097298104852441163e-02,-7.828758514356959700e-03,-5.405959013292541658e-03
-2.841689443696108607e-03,2.793785336961077809e-02,-2.599238950592925104e-02,8.962255800145590111e-04
3.341079879232366438e-04,1.529889128189579860e-02,-1.967080500939183407e-02,4.037805739572799049e-03
-2.953401267530784882e-03,-1.945264418911123389e-03,7.499912366368083512e-03,-2.601246679926183698e-03
1.147610848924563061e-02,-3.737741854639145198e-03,1.863621356528066472e-02,-2.637458019988722646e-02
2.039198990118665927e-02,1.480838051872779976e-02,-1.104680736587930479e-02,-2.415356305403512302e-02
2.224121642930450282e-02,2.410137140879478959e-02,-1.764272336626595411e-02,-2.869986447183337994e-02
-2.351580259147224763e-04,1.231381345985498206e-02,-1.529766639618920787e-02,3.219010962248935494e-03
-1.125873565336615693e-02,1.330002355394971705e-02,-1.308956494787643851e-02,1.104827704729285064e-02
-3.319781772835743439e-02,1.705884292790604828e-02,1.961633876534011472e-02,-3.477363964888749003e-03
2.728879111966936184e-03,1.991076022860008635e-02,-1.386080853344362658e-02,-8.778830807123338270e-03
-9.634719620678104321e-04,2.017036631472854044e-02,-3.438308940082122206e-02,1.517619504816049465e-02
2.276231458229535654e-02,1.979797415930988069e-02,-4.718888093310297932e-02,4.628592191497964137e-03
-2.358928135900728237e-02,8.996676973255653478e-03,2.018819533664907573e-02,-5.595590950897394791e-03
-5.022624956169121149e-03,1.689894341797188934e-02,6.354344302184262473e-03,-1.823066276398697255e-02
-2.299571465141165769e-02,1.105770674622832787e-02,1.033836736562337988e-02,1.599640539559888351e-03
-6.547865766088100878e-03,4.466927801370411399e-02,-5.464378061400788737e-03,-3.265703418621523912e-02
2.200514288185103848e-02,1.083233572244690114e-02,-1.754659789744789783e-02,-1.529088070684997760e-02
1.759083642847729043e-02,-6.827409593905459963e-03,1.498148063498692126e-04,-1.091324164092167745e-02
1.293990763084070612e-03,-4.817080763192199493e-04,-4.783229793150382998e-03,3.970947106385541714e-03
-1.347201133124765506e-02,-8.013642338126141743e-04,3.322331133305442188e-03,1.095104443175483507e-02
-3.345813013287973758e-02,5.041624890355592831e-03,2.467102230230664925e-02,3.745482940217435656e-03
-8.505912168204397480e-03,1.277725572526612445e-02,6.576881913372318342e-05,-4.337112376195457336e-03
-1.555402049316084723e-02,4.383787582208661937e-02,-1.480353089668813744e-02,-1.348032443223743694e-02
-4.380785400731222051e-02,4.129892744896245665e-02,1.458912430708185839e-03,1.050014127641731108e-03
-3.525469986358525931e-02,5.103694966125288911e-03,-1.372310832841508108e-02,4.387411322587504714e-02
-9.216382142649998110e-03,-1.984091571821593528e-02,-2.307527804467454993e-02,5.213257590554041393e-02
-1.656683745990756434e-02,-1.930382719491400764e-02,-4.715974319806444837e-04,3.634226208680216286e-02
-1.892533819636317907e-02,6.523331111602115187e-04,7.738049569119436789e-03,1.053495551608354605e-02
1.234635153156899258e-03,-2.052225860170643016e-03,-8.528993497413393798e-03,9.346584204427157289e-03
1.957649459211229968e-04,-1.558121062230894034e-02,1.412616461152792560e-02,1.259281064859935463e-03
-9.193355745439782227e-04,-1.148932316112252945e-02,-2.368625562187698808e-03,1.477728429785421689e-02
-1.777299424400340111e-02,1.668098119068174914e-02,-7.793767747484661897e-03,8.885780800806300853e-03
-1.057530807235539799e-02,7.904333660098145781e-03,-6.007215348532051087e-03,8.678189760789302432e-03
-7.539431789701919392e-03,1.031016471539313202e-02,5.381734313277124725e-03,-8.152467238968348628e-03
-2.512086321642030898e-02,6.344159404200885692e-03,2.042819623264654355e-02,-1.651492420427035264e-03
4.403618700513877143e-04,2.827890023121676019e-02,-1.673277311798451392e-02,-1.198648898328351191e-02
-2.982070199543412903e-03,1.237162110623495591e-02,-1.139291236949000960e-02,2.003361462798475701e-03
-1.080745904149168178e-02,-3.093819487875431803e-02,2.423786350669140943e-02,1.750779041355453314e-02
6.835317092956054571e-04,-1.455790840756345829e-02,8.291955274835519085e-03,5.582421423432310653e-03
8.434160925912278714e-03,-7.218568585830364114e-03,-5.863853889398421698e-04,-6.292069511420899947e-04
3.859482786407375868e-03,-5.125883524057038565e-03,1.213769207559164042e-03,5.263153009050349976e-05
2.931826007016441905e-03,-5.211637034438538693e-03,2.191351781872304984e-03,8.845924554979553163e-05
-6.990860208729278436e-03,4.062183995715998308e-02,-9.492026041719220722e-03,-2.413895370671149954e-02
-2.483744150338475232e-02,-1.958360801225089015e-02,-1.622674403466873574e-03,4.604372391910258738e-02
-6.622199377772216775e-03,3.612479996178270814e-02,-7.955021247823641437e-03,-2.154757933618690197e-02
-1.940157420251057124e-03,7.067893145168778479e-03,-8.971047374461570481e-03,3.843311649543865172e-03
-3.625160376163447280e-03,8.491817967931579100e-03,-9.992949767778008861e-05,-4.766728094090390451e-03
-2.898000460060854398e-03,9.882595054110791463e-03,-8.288886218563724928e-03,1.304291624513780707e-03
-1.285465246056572385e-02,-1.862402820381110422e-02,4.240099248357497540e-03,2.723858141601935914e-02
4.369660876164088367e-03,-2.500718531735703510e-03,-5.986028074195312229e-03,4.117085729766928673e-03
9.141217265474439399e-03,-5.036476459609673037e-03,3.726389953761297894e-03,-7.831130759626055149e-03
7.788634455119323313e-03,7.201699034015279083e-03,-1.193379176765078584e-02,-3.056541721483826100e-03
1.002965465972346405e-02,9.617258052896550044e-03,-1.858552909894663555e-02,-1.061383613673393296e-03
-6.339205861684077056e-03,2.067397603295900374e-02,-1.140237253369313399e-02,-2.932397637581824791e-03
1.986542538243108932e-03,8.943326880685205024e-03,-1.206230191466754927e-02,1.132432495739231189e-03
1.770348484262394481e-02,-1.420353452643843264e-03,6.266502675643750332e-04,-1.690978165754449675e-02
3.008438861192457188e-03,-7.322082516302558589e-03,1.370093390885419177e-02,-9.387290253744051335e-03
1.469494282480528560e-02,1.040441559573273243e-02,-1.617812672909533026e-02,-8.921231691442616657e-03
8.722055470964712801e-03,9.532945665151046355e-03,-2.236393963243964514e-02,4.108938496323853024e-03
-5.698180100848713667e-03,1.354555239561434227e-02,-2.171887921196933094e-02,1.387150691720371448e-02
-1.493457930311074475e-02,-2.404332988949394248e-02,1.132611364848290329e-02,2.765179554412182383e-02
2.373202233781247436e-03,-9.781311342206951143e-03,4.808145228536740527e-03,2.599963879888978792e-03
7.891413807872799807e-03,-8.713876493749132682e-04,-1.427517660073867113e-05,-7.005750981897166697e-03
3.827802478826830990e-03,1.674404112648892468e-02,-1.794948367870418879e-02,-2.622359926611557771e-03
-1.386763307542438275e-02,2.922811749962077321e-02,-1.245916785414117461e-02,-2.901316570055292171e-03
-1.375960902386073187e-02,1.119738816440099365e-02,7.786604920131878597e-03,-5.224384060672182008e-03
-2.557768916327480342e-04,-1.111793654472224661e-02,1.248103359876787458e-02,-1.107320162412879548e-03
9.750993975463216612e-03,-9.038430193102145460e-03,1.286055870330354498e-02,-1.357312248566467684e-02
1.648642082683460242e-02,7.129713384965157170e-03,-7.590017148673312711e-05,-2.354023404031299962e-02
1.617400920631804906e-02,2.612796995570681319e-02,-1.028244866621197753e-02,-3.201953049581290900e-02
3.159769982353183380e-03,3.315133223124963439e-03,8.539189619413320095e-03,-1.501409282489143612e-02
-1.434476500432641487e-02,1.838343636419029897e-02,5.583681035148928967e-03,-9.622352395012780113e-03
-3.422955424401220165e-02,1.606906979096120805e-02,9.323546035779454316e-03,8.836938417271466423e-03
1.961405577466596509e-02,4.900880764955487662e-03,8.759782987485953062e-03,-3.327471952710746306e-02
-8.311955979861085711e-03,1.103859501105724193e-02,1.015752846366861292e-02,-1.288416749486467026e-02
1.812924978673284906e-02,3.020538259177905915e-02,-1.890586575394686067e-02,-2.942876662456506143e-02
-2.403898049387228134e-02,1.880634118433312241e-02,1.731364635916994577e-02,-1.208100704963074000e-02
-2.145445533359528062e-02,2.308410446057377816e-02,1.109162280141468351e-02,-1.272127192839315850e-02
-2.969317891028494874e-02,2.432604502765445958e-02,2.845758236737979535e-02,-2.309044848474947273e-02
1.094739909561231496e-02,3.228391499152535871e-02,-1.226611120876488527e-02,-3.096520287837292024e-02
2.161749054242542017e-02,1.006486234400797743e-02,-1.108137030168097892e-02,-2.060098258475239266e-02
1.543025835231507346e-02,-9.194343949257817103e-03,-1.254402610050524801e-03,-4.981511793006741101e-03
4.303709363032088620e-04,4.896762178495503350e-04,-7.803159134231041696e-03,6.883111980078304888e-03
-1.596171704385063866e-02,1.270267542440903057e-02,9.421229438988548352e-03,-6.162187819546965407e-03
-2.390261787244448571e-02,1.493773439871298736e-02,1.818339367954796212e-02,-9.218510205816470710e-03
-2.399409248180763509e-04,2.753042046104688112e-02,-2.776165036919592266e-02,4.711708329671401179e-04
9.907880571287308244e-03,4.082700508225253072e-02,-3.371533659484219486e-02,-1.701954905869765972e-02
-2.113433425001672722e-02,1.184228637200435488e-02,-9.417497223503219772e-03,1.870954510151563721e-02
-4.589438356379910156e-02,-8.824477666630029015e-04,-1.184175536514499825e-02,5.861858669560712082e-02
-8.299868498723109861e-03,-1.924479908232649972e-02,-1.942365578325570830e-02,4.696832336430547400e-02
-8.205888145723748764e-03,-8.567302249207009793e-03,9.303095202511308878e-03,7.470095192419441872e-03
-2.936133703032545433e-03,-5.493096512232917804e-03,4.248756780839568585e-03,4.180473434425890748e-03
1.163386048814692847e-02,-4.161468389375257496e-03,-1.389804371787096114e-02,6.425651619099290168e-03
5.280113768810584113e-03,-1.417812420603724831e-02,1.071452822706783076e-02,-1.816517789841205375e-03
1.417463958852052111e-03,-4.161080496636101328e-03,-5.338985228337825295e-03,8.082601766121851744e-03
-1.366001706430240367e-02,1.413047192333657248e-02,-1.262149155709278367e-02,1.215103669805872762e-02
-9.936995293846707933e-03,1.916921646394783435e-02,-6.268428362870412905e-03,-2.963792807230698767e-03
-4.053197327126366496e-03,3.865321369572548033e-03,8.193551543926622799e-03,-8.005675586372773544e-03
-2.641362961238214596e-02,6.772871603065390780e-03,1.902806166596874432e-02,6.126963433480078249e-04
-1.003322492168256565e-02,3.880427255847839103e-03,-2.186505657596080066e-02,2.801785424179548817e-02
-7.694518872796205118e-03,-5.432710469943017977e-03,-1.383178954962254771e-02,2.695901889236184887e-02
6.938774047580627789e-03,-1.749638632663350415e-02,4.963589287786514259e-03,5.594022991266304860e-03
8.639875135834813868e-03,-1.505095704028086047e-02,5.108765728404351947e-04,5.900205331605568905e-03
-1.937084064236913733e-02,-8.311025437143465186e-03,4.487803484422006606e-02,-1.719616876470742017e-02
-1.010387953104882304e-03,-5.330925123027523312e-03,7.755845294412045017e-03,-1.414532218279634631e-03
2.426051904461870665e-03,-5.309966303818572896e-03,2.795206012813186442e-03,8.870838654350108362e-05
-1.930857779814602448e-04,1.767570288738612872e-03,-2.572449581370433980e-04,-1.317239552620108958e-03
-1.185727497438787865e-02,4.018949999818841740e-02,-2.645636262451204687e-03,-2.568658876134923691e-02
3.436472063307385036e-04,-3.086754221831001632e-03,2.537479276981477721e-03,2.056277385187822357e-04
3.500757635431083793e-03,-2.667667968508378833e-03,-9.172960758378867485e-03,8.339871091456165994e-03
-1.437414041103943912e-02,-5.898178167389434359e-03,-8.289364121624186871e-03,2.856168270005310719e-02
-3.304653401430920900e-03,3.437938338021698237e-02,-1.433942849732090796e-02,-1.673530148146516044e-02
-1.226002884475674293e-02,-9.179311824423469490e-03,-5.866981033966264976e-03,2.730632170314650081e-02
1.100760085656058470e-04,-9.248426674761528465e-03,-3.800496791833703637e-03,1.293884745802963664e-02
1.579358832832095452e-02,-5.519044510446009973e-03,-1.681855451506514580e-03,-8.592688366368395059e-03
3.754323925164189564e-03,4.270934166914519201e-03,5.208153257225810211e-06,-8.030466245335900893e-03
1.180379216614884340e-02,1.336647797304195244e-02,-2.163222259391562111e-02,-3.538047545275144375e-03
-7.775002877750262706e-03,1.637099319461855426e-02,-9.821129541766220050e-03,1.225139224897968176e-03
1.214861323853798185e-02,1.115838775903540449e-02,-2.041635460676590255e-02,-2.890646390807514142e-03
1.510551855882940643e-02,-2.950311377162357935e-03,2.546619351845616193e-04,-1.240986911685159483e-02
2.026767694020062838e-03,6.929996158030618872e-04,1.125753814672384931e-02,-1.397730545654697967e-02
1.302265529204352408e-02,3.207268336013561691e-03,-1.207413170562893559e-02,-4.155791922428147579e-03
2.385904895561295758e-02,-3.277010514265602664e-03,-1.212011338110849726e-02,-8.461925060238979085e-03
1.443928780601435452e-02,-1.485449516840465015e-02,-1.059721781506715692e-02,1.101242517745750459e-02
-2.556016675774919894e-02,-1.017863804076803678e-02,1.630018294497764114e-02,1.943862185353964836e-02
-1.078030550354654345e-02,-6.008924553538440468e-03,1.421858175685050511e-02,2.570648300234457551e-03
-9.031561837798851577e-03,1.161585067846890827e-02,-1.268515988141843097e-03,-1.315772852528258050e-03
-3.068971743173069290e-03,8.970842973253066385e-03,-1.456452391572799973e-02,8.662652685648005238e-03
-1.992788715155602297e-02,2.668878898878193281e-02,-4.238446559804736301e-03,-2.522455277421174844e-03
-5.747107964315031035e-03,1.296485727551287444e-02,1.521807041255881328e-03,-8.739556352453735355e-03
3.785015961707524461e-03,-1.402959296609330130e-02,1.891755331234032042e-02,-8.672976307954492411e-03
-5.416636322743226956e-03,-1.137695189976492896e-02,1.842867333039488811e-02,-1.635085107886746509e-03
-1.360439516269311248e-02,-3.068200303169018629e-03,1.589772319014869095e-02,7.748722757134088269e-04
2.796676191438577166e-02,-1.053000775131591842e-02,-1.386503687177599933e-02,-3.571717291293822691e-03
1.033689606614540896e-03,1.558140018694978944e-02,-3.382724074769996765e-03,-1.323236571879432555e-02
-2.442237013731773584e-02,9.888077787019923515e-03,-7.085390092726472772e-03,2.161968244302422265e-02
-2.068249165422269067e-02,1.182458541716631395e-02,-1.416746801145852977e-03,1.027465303820226765e-02
2.448418436727763797e-02,-1.546856182593495978e-03,-1.761731693437400487e-03,-2.117559649124678076e-02
-1.361294361721776883e-02,2.234289418665191818e-02,-2.587642588514483481e-03,-6.142307980919726150e-03
3.788434403286841667e-03,2.812426628855590333e-02,-3.419085529918625566e-03,-2.849361516192408517e-02
-1.283727991658685334e-02,1.141596606184202070e-02,9.895559034380836672e-03,-8.474245179636038725e-03
-2.255994081634454460e-02,2.519085207973245297e-02,1.145987110974936753e-02,-1.409078237313732274e-02
-9.764592906964707220e-03,1.439913495842462358e-02,1.856553541052729378e-02,-2.320007746198715637e-02
1.161888859917576886e-02,1.751322571105486808e-02,-1.385348934959940680e-02,-1.527862496063106534e-02
8.377979053696816766e-03,1.309792600117572117e-03,-6.083688260001623820e-03,-3.604083393812763329e-03
1.547502384791143472e-02,-7.914686185602124585e-03,5.168545986154992819e-03,-1.272888364846426305e-02
-3.723467549535057486e-03,7.870548570799981714e-03,-3.853100859492879140e-03,-2.939801617720338121e-04
-2.277866000763313636e-02,1.687847464854187740e-02,1.453367210063523894e-02,-8.633486741543881099e-03
-2.643945721416314509e-02,2.039637067716149749e-02,1.970774832774942892e-02,-1.366466179074782815e-02
-1.928210485591359520e-03,3.481114791027316302e-02,-1.694040547167217914e-02,-1.594253195300968096e-02
-1.150344569333369184e-02,1.369595425025256497e-02,-7.712939153799280422e-04,-1.421214641538907138e-03
-2.686778850542866776e-02,2.057312042720459838e-02,-2.765222404093435615e-02,3.394689211915841859e-02
-9.299732381708664467e-03,8.092722039293997202e-04,-2.608176531103886114e-02,3.457222548881832419e-02
5.732283269320498538e-04,-1.912416989587981467e-02,-3.996988749186948736e-04,1.895064044386647953e-02
4.561851932397751469e-03,-6.447858637982308364e-03,-2.730440054211159210e-03,4.616446759795718273e-03
2.223605611010678277e-03,-1.580049221681520746e-02,1.022905992144210359e-02,3.347826684362440776e-03
1.110531443792384977e-02,-1.434003775017513548e-02,-2.460786377559239478e-03,5.695509689810527784e-03
4.936535834935358406e-03,5.269820342320379221e-03,2.459930145364096557e-03,-1.266628632261982378e-02
2.877583616188267041e-03,6.513139756646042083e-03,-7.311940654060423289e-03,-2.078782718773876294e-03
-1.176145536785981778e-02,3.019949826860870209e-03,6.283078245458286609e-03,2.458427295540654457e-03
-1.380032050361840179e-02,-7.580612485936989026e-03,-5.632301722624988641e-03,2.701323471218045752e-02
6.850201673660286615e-03,1.203703337027350710e-02,-3.253773553152371732e-03,-1.563346149078141331e-02
-1.966175909036422045e-02,2.533282434241836134e-02,1.034036598385574494e-03,-6.705101850439706274e-03
3.262293026101195301e-03,3.976026578824187925e-03,-9.578087348717054250e-03,2.339767743791639366e-03
-1.575075330372411112e-02,-2.323355275479645644e-03,5.447981157649584537e-03,1.262612742155415184e-02
1.160408408333076652e-02,-1.530234214894644375e-02,-3.324130747212428443e-03,7.022388812828145137e-03
2.264776894205910301e-03,-1.713082875173691996e-02,3.479695085312013627e-03,1.138635677221901468e-02
2.738409023772244918e-02,-8.583300728226651161e-03,-1.585258451201565152e-02,-2.948204997480150403e-03
3.991396712893833729e-03,-5.949194502716088039e-03,1.971143907244491192e-03,-1.334611742223215891e-05
2.989033550614644038e-03,-5.277904345402495596e-03,2.249093756552086789e-03,3.977703823574988882e-05
-2.486021067306821639e-02,5.801433757652122575e-02,-1.588255532726519717e-02,-1.727157157618780872e-02
8.045383100251308258e-04,3.015353160978185773e-03,-1.978360049317744087e-03,-1.841531421685569476e-03
-6.909471357396747108e-03,4.047725072984600242e-02,-9.485577606794552349e-03,-2.408220176565472465e-02
1.262381778654132237e-02,-2.463423795125822997e-03,-1.400539268362653404e-02,3.844998692211015149e-03
-6.516901854316885755e-03,3.629358288275650810e-03,-2.065840721718434792e-03,4.953384287759679712e-03
-8.176504953991205497e-04,-3.525254623357106944e-04,-1.926600625447125886e-04,1.362836020279541149e-03
-1.327372597432206411e-02,-1.267503221242709428e-02,-9.358825639297544893e-03,3.530758382604676920e-02
-1.159115795193996733e-02,-1.450872984925818433e-02,-4.345996167735096186e-03,3.044588396893322182e-02
-2.728599640206183594e-03,4.724687765398911769e-03,1.575664999760547150e-02,-1.775273812279819577e-02
5.119701170107333540e-03,3.669261257034066390e-03,6.326477737823795605e-03,-1.511544016496523847e-02
1.532454843511608586e-02,5.648436613980293425e-03,-8.850078762551992842e-03,-1.212290628654435695e-02
-6.390408981074855235e-03,1.867137404568976547e-02,-7.919632315551429838e-03,-4.361332749063507284e-03
-6.984407041311545749e-04,2.028770490714390529e-02,-1.600504455800467671e-02,-3.584219645008066522e-03
7.382164971298778473e-03,4.268376442328662354e-03,-7.971837628621207886e-03,-3.678703785006230773e-03
-4.632376058743338000e-04,3.032495180740679003e-03,1.264501999244360686e-02,-1.521427756730998719e-02
4.428761013849267028e-03,1.126368720378875463e-02,-5.482811370394323480e-03,-1.020963684724370511e-02
2.119088942449693508e-02,-1.048086948047289094e-02,-1.791946654567570126e-05,-1.069210047747834111e-02
2.743679997816216715e-02,-3.678450336900219303e-02,3.974092262620443003e-03,5.373611128219637524e-03
-7.900592555525909680e-03,-3.123257731445797797e-02,-6.885358625304384937e-03,4.601852849528825784e-02
-5.601057445693618728e-03,-4.735068435068163183e-03,2.381971795047975460e-03,7.954154085713842012e-03
-6.226416688787463072e-03,1.508255951995110186e-02,-9.860208128899636271e-03,1.004065297735982519e-03
3.701324753983274013e-03,4.206032695536026517e-03,-8.101786398326085367e-03,1.944289488067989051e-04
-6.388406654849062248e-03,2.604843462558854503e-02,-1.976481443123449117e-02,1.047864604950391235e-04
1.291974011082088576e-03,3.105516032986272573e-02,3.803205591025430351e-04,-3.272745490004726199e-02
-5.728010562103670426e-03,-4.821714199808779279e-03,1.461073406275355951e-02,-4.061009300841085523e-03
3.462432814295236805e-03,-9.166635600898566383e-03,1.510763619354969431e-02,-9.403433406946397691e-03
-6.764731335912917663e-03,-1.687599562231082784e-03,1.232051717760349920e-02,-3.868186279459454296e-03
7.653621335951985190e-03,9.665550562442946567e-03,-4.457556199679902492e-03,-1.286161569871506830e-02
-3.677471175920911817e-03,3.002693815335525859e-02,4.480358299273742330e-03,-3.082982527670820316e-02
-2.245331166280215701e-02,1.077072908018892640e-02,3.673873215821014948e-03,8.008709366792246889e-03
-9.489070260451544503e-03,-4.172803967292014818e-03,3.233590286188602926e-03,1.042828394155493471e-02
2.808350790643334219e-02,2.346181132607192202e-02,-2.174242221594658089e-02,-2.980289701655863474e-02
1.954962127546356135e-02,3.118040794319417927e-02,-3.910573960677137667e-02,-1.162428961188645762e-02
1.544837553407682300e-02,2.435245829389182104e-02,8.063639890145553671e-03,-4.786447371811424628e-02
-9.185106162915028863e-03,4.492603708730783657e-03,1.232074708600638599e-02,-7.628244631822120835e-03
-1.234551306625882028e-02,2.169960716761761693e-02,1.075089031943876269e-02,-2.010498442079756976e-02
-1.420571849338678715e-02,2.720584556952715394e-02,-3.870119786834980407e-03,-9.130007289305358195e-03
-2.538009296838910148e-03,6.262108548045290310e-03,-9.195969789236677766e-03,5.471870538030319288e-03
-7.528762728300604327e-03,-6.621401935048992077e-03,6.217940017912570658e-03,7.932224645437019675e-03
1.089396063616892597e-02,1.290757735698750547e-02,1.164709284021171742e-02,-3.544863083336816101e-02
-1.343311394051380919e-02,1.900627013661049594e-02,-5.295353517309159957e-03,-2.778026787875667982e-04
-2.567182645968369911e-02,1.223341380530012373e-02,4.725560704532161087e-03,8.712851949851484548e-03
-2.421089803953804798e-02,1.837311310715050022e-02,1.836031003492641714e-02,-1.252252510253881387e-02
-1.626678598132812181e-02,2.062055757387832450e-02,-6.023898626692068652e-03,1.670127034141876158e-03
-4.139530073730443571e-02,1.816421198255956798e-02,-9.122030627197259128e-03,3.235311938194222747e-02
-3.333947878343701543e-02,5.209797125515161151e-03,-1.491833937890093068e-02,4.304802103682251607e-02
1.016953709257305575e-03,-5.250610102996022474e-03,-1.672345112832081954e-02,2.095710752205950239e-02
4.443954128414586216e-03,-2.337257933182225120e-02,-9.120782756510653622e-03,2.804940795991820238e-02
-6.470249060656831953e-03,1.159104472159552118e-03,6.015077694619158817e-03,-7.039331061218664053e-04
1.298619944193044051e-02,-1.045487418188472198e-02,1.012558711714360918e-02,-1.265691237718931383e-02
6.125662708724569083e-03,-4.359702739261485382e-03,2.745260769933906796e-03,-4.511220739396982690e-03
8.403242639325013072e-03,-1.065948462198907515e-02,-3.117691046911431462e-03,5.373933029575487033e-03
-4.330706910972773917e-03,-6.667013619011936607e-03,2.042539789981275607e-03,8.955180740003419737e-03
-1.160860927665217229e-02,2.285335079445358596e-03,7.181883003388587171e-03,2.141391193818226093e-03
-1.012071350479332860e-02,-6.234021573846815732e-03,9.316765264342581968e-03,7.037969814297533738e-03
-5.928937525106123957e-03,2.941132613259638331e-02,-2.593234336306561843e-03,-2.088915427118364157e-02
-1.964944216995936910e-02,1.307861538045209347e-02,-1.057379027669977899e-02,1.714461706620698522e-02
2.616383240807108965e-03,5.083473844492675253e-03,-1.425568756124144520e-02,6.555830475941667491e-03
-1.283201655321717510e-02,5.603738851882254226e-04,-4.783558938652788563e-03,1.705520160668177673e-02
-5.293585468715871628e-03,2.068607956078011637e-02,-1.192359812625484912e-02,-3.468895965809393016e-03
-8.518194015975553979e-03,1.856236093098849113e-02,-8.500055057414485776e-03,-1.544111857598405189e-03
1.605931277204740090e-02,-7.279286817164733712e-03,-8.186589474992511661e-03,-5.934364798901638769e-04
5.181833985026637786e-03,-7.383542010198421851e-03,2.349452314564581552e-03,-1.477442893928102258e-04
-1.602125545251565503e-02,-5.611452189798503583e-03,2.756588649825676696e-02,-5.933178855942685542e-03
2.003443303532351921e-02,-9.787201088207072436e-03,-6.017019875104393650e-03,-4.230212072012060932e-03
2.410616236587902889e-03,-4.299087194055492209e-03,1.717974865494567007e-03,1.704960919730386841e-04
-1.545995607789071163e-02,4.089585072929041026e-02,-1.248264195072608558e-02,-1.295325270067351937e-02
-1.708120420501574310e-02,5.087630316343368791e-02,-1.416145126889630824e-02,-1.963364768952167994e-02
-1.442166849324393735e-02,-9.579655777116372409e-03,1.443178023831500831e-03,2.255814624652881933e-02
-1.046340515178478640e-02,-1.686168032870423439e-03,1.611313000208777768e-02,-3.963556817432538348e-03
2.102042121870463954e-03,-8.271192943541439552e-03,-1.462846758407324900e-02,2.079761840574420595e-02
-1.507246068303473747e-02,-1.393398695304233666e-02,9.580199771782406393e-03,1.942624786429458447e-02
1.389374080860503353e-02,-1.230484256822496347e-02,1.369163741952899790e-03,-2.958061982333017991e-03
1.279804738638559702e-02,-8.834724316309007161e-03,4.223245922209373573e-03,-8.186568992286036295e-03
5.258063787453841169e-03,7.245135101917156775e-04,-9.440958078593811309e-03,3.458380780948223671e-03
-2.750857888642740338e-04,1.245788972183271490e-02,-8.456353628318471691e-03,-3.726450304649999313e-03
-5.488832919297826475e-06,3.056088325506494882e-02,-2.270170792179371927e-02,-7.853686500351833230e-03
-1.674350766554261053e-04,2.633693283173124330e-02,-1.392251023839496081e-02,-1.224698751668092979e-02
-1.160696881301903974e-02,1.117054049811165399e-02,6.789364155256346831e-03,-6.352935840348950675e-03
1.264862456169552583e-02,6.060932761560379640e-03,-1.342588215575516233e-03,-1.736696910768039184e-02
3.259119525669053330e-02,-1.719016183806589687e-02,-1.143087524458764707e-02,-3.970158174036991956e-03
2.091444528589807283e-02,-3.852101008026086876e-02,1.777869248911456007e-02,-1.721276947518091973e-04
1.939041931250824746e-02,-3.058735174686709121e-02,-5.345788550872396065e-03,1.654272098523109150e-02
1.370253059199514657e-02,-7.623115458199259536e-03,-2.408356500065013742e-02,1.800414986685424518e-02
5.976278738907907749e-03,1.605759936593809112e-02,-5.553799392457030304e-03,-1.648007871238903535e-02
1.004554078327083225e-02,1.030061349966870411e-02,-3.659383150786683480e-03,-1.668677113215282296e-02
-1.772910626791794272e-02,2.188664054099917836e-02,-6.180310843044943374e-03,2.022776569963779733e-03
-2.820137607452697422e-04,1.784182789005930858e-02,-8.847380326925436550e-03,-8.712433802388572582e-03
-2.802922625498965349e-03,-1.373497464258209219e-02,1.463838750961480792e-03,1.507405851711954119e-02
7.966609522706436658e-03,-3.745569717992041497e-03,4.925171805487562823e-03,-9.146211610201942371e-03
2.823949143497750218e-03,-6.662715427826000798e-03,1.366285350784649660e-02,-9.824087223518218268e-03
-3.110410119906202673e-03,1.243660173664150846e-02,1.260758938308634801e-02,-2.193378099982164903e-02
-1.741582548212053383e-02,1.796487291547428297e-02,2.020527844125782988e-03,-2.569575277479532998e-03
-4.263541460168846636e-02,8.318153976583173709e-03,2.350918871406628904e-02,1.080807191103904698e-02
-4.994083495908886033e-02,-5.714615310950870233e-03,2.994442432031862306e-02,2.571102594972108496e-02
2.054013703036286151e-02,-2.627324582286292426e-03,-1.783954484508659677e-02,-7.326760299003418086e-05
2.352509371092374041e-02,1.055815222134919061e-03,-2.469533411761062544e-02,1.144251845519867193e-04
1.432133645200080359e-02,3.993576587507168332e-03,-5.630568862593157350e-03,-1.268434417691479375e-02
4.856612000015718064e-03,1.096685084211107553e-02,-1.321479601209687126e-02,-2.608666830029943151e-03
-1.087285200457140805e-02,1.822097794582902682e-03,1.681670902295770431e-02,-7.765954812969171409e-03
-5.075344623015066482e-03,3.077427476675450441e-02,-1.274677566206827185e-02,-1.295215448167113224e-02
-5.665840183226751592e-03,1.396682818993446283e-02,-3.024400296238137758e-03,-5.276587710469532282e-03
-8.053539979866150209e-03,-1.093857752540602912e-02,1.717514697266718515e-02,1.816970532604919369e-03
3.257796543915901771e-03,-1.011548873804292729e-03,2.646586398781095723e-02,-2.871211165792257256e-02
-7.370671458817540031e-03,2.336169242842937172e-02,-4.412499916532860739e-04,-1.554977097795860394e-02
-1.496429709158523386e-02,2.945167030288702720e-02,-2.475503896849817059e-03,-1.201186931445191383e-02
3.169028969371721731e-03,3.304420482131874282e-02,-2.251801198754333627e-02,-1.369522180314704587e-02
-2.529665617421658283e-02,1.832184318148854033e-02,-9.415417734948684086e-03,1.639023072767684802e-02
-3.087808178578934151e-02,3.504943730184196388e-02,-1.533992823920950904e-02,1.116857272315692831e-02
-3.163085933732428384e-02,1.216407873160013295e-02,-9.951192149621901004e-03,2.941797275534602241e-02
-7.040118654005296690e-03,2.003492744394399800e-03,-4.724076050411878461e-03,9.760701960022795734e-03
2.317910855727249760e-03,-2.077896527414221234e-02,6.156409616304644311e-03,1.230464480211023760e-02
3.461842716489810321e-03,-1.829304275148341263e-02,3.353016353699316693e-03,1.147818368129426003e-02
5.083902225755692304e-03,-1.251797028381017481e-02,5.500065797159489622e-03,1.934002260894952330e-03
7.442710962723662026e-03,-6.018947344355951926e-03,9.925956799619070278e-03,-1.134972041798676737e-02
1.364843977182890813e-02,-6.082752144672085373e-03,2.487126694566286090e-03,-1.005281432172316393e-02
-1.450562996954391621e-04,-4.197048086960777219e-03,1.348201338569444963e-02,-9.139908999038257043e-03
-2.709243174366138956e-02,-9.875113875241823061e-03,2.873670403902095494e-02,8.230841579882212586e-03
-6.412322305361426063e-03,2.303130905871867556e-02,-7.496964425009382781e-03,-9.122022328347864986e-03
-6.889619705615425069e-03,7.537000730542251989e-03,-6.688863011490071668e-03,6.041481986563251687e-03
-2.814064375618378216e-02,3.760441769208529988e-02,-1.509919098340795594e-02,5.635417047506549246e-03
8.442350199443622583e-03,2.317171927902359364e-03,-1.563075062484948000e-02,4.871228497503534913e-03
1.668915049579626194e-03,-2.942645535652283970e-02,6.396370149562539617e-03,2.136117015738071140e-02
-3.048507448618198792e-03,2.106750805409941807e-02,-5.347261087278448862e-04,-1.748427449675332354e-02
1.155553074615413116e-02,-2.187212504716621111e-02,-7.276444690385741598e-03,1.759303899139779553e-02
1.312082626404221727e-02,-9.151364260316156157e-03,-2.041835727528954272e-03,-1.927626276197133082e-03
1.475678337331409219e-02,1.029416791904643781e-02,-1.478882589906279493e-02,-1.026212539329770385e-02
-1.381882262720461997e-03,2.403135639533127491e-02,-1.268205702048422548e-02,-9.967417112126524328e-03
5.971647736428408772e-03,-5.486656251756728657e-03,5.160558907543888333e-04,-1.001047375426051059e-03
2.315358133597510224e-03,-4.329658103255351435e-03,1.834211627333205653e-03,1.800883423246420634e-04
2.627779328248761731e-02,-1.116329763383062251e-02,-1.025733045235024607e-02,-4.857165196306715768e-03
-8.057472075141961648e-03,2.767115638601097202e-02,5.119190643954254528e-03,-2.473287495482333689e-02
-1.904502607395718548e-03,-5.304079529042867412e-03,-7.792563758963167234e-03,1.500114589540173064e-02
-2.104999892060884642e-02,3.593047106830761506e-02,-6.144910951482616610e-03,-8.735561196216263050e-03
6.222588838100195398e-03,9.164565671861263623e-04,-1.383838565514829838e-02,6.699340249861999823e-03
-1.107210520425983176e-02,-9.885238645152298956e-03,-7.841417306419656841e-03,2.879876115583176674e-02
9.204668804903281014e-04,-1.437211439991549142e-02,3.894541422376095966e-03,9.557106097049116247e-03
1.059374898810164743e-02,-9.283503233146691430e-03,-5.001432994599010889e-03,3.691187239644018025e-03
2.993477550851893210e-02,-7.211797076946798585e-03,-9.516998200548259026e-03,-1.320598023102386061e-02
3.471293818320095141e-03,1.419100327048890969e-02,-8.066208231826388006e-03,-9.596088856982638512e-03
-3.304622644271701208e-03,1.633770126131707176e-02,-9.113851946892915709e-03,-3.919226670152468721e-03
-1.968036121802088211e-03,1.355338473151877429e-02,-1.610363302746252445e-02,4.518284417745900387e-03
-6.797504811592598901e-03,4.074522712060510941e-03,-8.424766813977403040e-03,1.114774891350952916e-02
-8.595279407051060333e-03,1.764450847403221598e-02,6.333899960091140743e-03,-1.538312902707232761e-02
3.120997749813439817e-02,-1.547136466208943323e-02,-1.133259218224757017e-02,-4.406020653797297626e-03
3.025530972595629961e-02,-1.979924083630153417e-02,8.815605042069867350e-03,-1.927167393172471432e-02
3.420900148370573102e-02,-9.211713656956107416e-03,-2.004476931709791090e-02,-4.952518509651778617e-03
8.654171187440273805e-03,-1.238095861445766450e-02,-1.313401807236708879e-02,1.686080549938443959e-02
1.403587209849673639e-02,-3.023942761319738104e-03,3.436667871378055669e-03,-1.444859720855503141e-02
2.588992592525914474e-02,-1.356298113469182887e-02,6.661091873407213801e-03,-1.898803666397451406e-02
-3.355528299831565808e-03,-1.875711281995064497e-02,4.147761182291949573e-03,1.796487993749028289e-02
2.767310768709418858e-03,-1.721465309764374455e-03,4.369837567256573858e-03,-5.415683026201594842e-03
1.379614768462676449e-03,-1.067888825337758203e-02,8.833854616012597194e-03,4.654188689023084973e-04
-1.768760786871774850e-03,-6.961182325313743612e-03,-7.196793040466661212e-03,1.592673615265212048e-02
-1.533362898507771750e-02,1.628619520688650776e-02,1.155267955769029471e-02,-1.250524577949906936e-02
-1.254175594703141154e-02,3.491444432413108156e-03,1.446613873009362609e-02,-5.415827215475362173e-03
-8.879043595008150047e-03,5.396527497032896532e-03,1.195895522589717104e-02,-8.476439127921828187e-03
-5.491806281848716359e-02,1.810117223408807055e-02,2.952565569803083934e-02,7.291234886368217274e-03
-5.484336759226963315e-02,1.302429977324564593e-02,1.462623938480216330e-02,2.719282843422185861e-02
-2.292954537787915067e-02,1.094908149750198519e-02,-1.984594836682382693e-02,3.182641224720095252e-02
-6.411073532465364974e-03,-6.414038208169041628e-05,-8.979025363598312770e-03,1.545423927814537288e-02
-1.539793251916326145e-03,-3.989394392166314453e-03,-1.316438354866129000e-02,1.869357119274392756e-02
-6.023312118536651265e-03,-2.647806084403927368e-03,-2.042566841985966192e-03,1.071368504492649365e-02
2.906661458786995427e-03,4.715306395445177309e-03,-1.276266320076263096e-02,5.140695346530442175e-03
-1.791800995160464441e-02,1.104465081330050467e-02,-4.742555944401476153e-03,1.161591508270566099e-02
-1.651854459267978678e-02,1.833921449295196696e-02,8.327436223436226678e-03,-1.014810612370850053e-02
-2.134932571530922391e-02,1.573630025526423851e-02,2.249951213357852600e-02,-1.688648667353356142e-02
-1.773791040882326947e-02,1.500840479641743670e-02,1.432215170059429610e-02,-1.159264608818847721e-02
-7.164890895693816139e-03,1.544515806247318858e-02,1.786196965230133762e-03,-1.006646413200950121e-02
-2.224853726070931056e-02,2.741173558667377511e-02,-5.870290415456784656e-03,7.070920894924479427e-04
-1.328735380462012575e-02,2.118566752588318947e-02,-6.818192747971037367e-03,-1.080120973292074057e-03
-2.017974955170821413e-02,9.406800572437061178e-03,-4.790846904459316984e-03,1.556379588373048989e-02
-3.111574170850774784e-02,-2.831460694652873471e-03,-1.170846999961070584e-02,4.565567240277123434e-02
-2.020491759959306549e-02,2.101896884823434633e-02,-1.096320669367665569e-02,1.014915544503542516e-02
-8.082882620156085773e-03,1.842278615571862205e-02,-6.752074546886191117e-03,-3.587828988676313498e-03
1.597656967364790084e-02,-9.424622593993257913e-03,5.666331933458974325e-04,-7.118580273000532123e-03
1.278902589350650043e-02,-1.052368844737546633e-02,1.323108322568456938e-02,-1.549642067181551328e-02
4.770176305292259458e-03,-3.063201985407774681e-03,2.168494031336356664e-03,-3.875468351220854885e-03
8.469428978850661316e-03,-1.088629958996071602e-02,8.470288237567435638e-03,-6.053417626457353179e-03
-5.493312621561162760e-04,-3.024859679424340975e-03,1.332883959680310378e-02,-9.754648655222644682e-03
-1.155844289915089473e-02,8.801194610106043842e-03,1.469134243461394339e-02,-1.193409414556911852e-02
-2.094618850405068414e-02,2.660240225007341058e-02,3.151358265424329588e-03,-8.807572011447066876e-03
-1.134474147386417900e-02,1.304702225857654746e-02,-1.070136163836891800e-02,8.999080853656480153e-03
-2.394500869637548185e-02,2.158403415397468911e-02,4.519082200677842186e-03,-2.158107658277053781e-03
-9.780524487808358453e-03,7.723114381231926777e-03,-1.522636454277367067e-02,1.728377464935016219e-02
5.976953550457133994e-03,-9.087587168348887183e-04,-1.319083680664519601e-02,8.122641973022915601e-03
2.030499091793180888e-02,-2.287994592103922628e-02,-8.926793022279047238e-03,1.150174802538644556e-02
-1.554302226152601100e-02,-4.595765933449976089e-03,3.770613048530060962e-02,-1.756734229032453840e-02
7.428726392629037868e-03,4.726685242991485875e-03,-6.116534422495902706e-03,-6.038877213124621904e-03
-2.362803986381541849e-02,-1.242216721168735299e-02,4.838523353462517024e-02,-1.233502645912238488e-02
3.159594142274647736e-03,-5.266684985016227213e-03,2.419901041424624491e-03,-3.128101986830522782e-04
-1.983965865018976014e-03,3.951303257289719845e-02,-1.967531587937311477e-02,-1.785375082850512371e-02
2.547350393185481357e-02,-1.135086294898740751e-02,-1.147212994143645068e-02,-2.650511041430955381e-03
2.577599284304743152e-02,-1.169439489743877465e-02,-1.044218874854067891e-02,-3.639409197067962776e-03
4.058697793077122203e-03,-6.343043116969209957e-03,3.899765517260584107e-03,-1.615420193368498087e-03
-2.400445669991214254e-02,-1.318782710419073162e-02,4.969882469416629645e-02,-1.250654089006343964e-02
-1.850897040282028019e-02,7.642717481150191998e-03,-7.632769251770730318e-03,1.849902217344088703e-02
1.203553988155360056e-02,-1.380709925442803569e-02,9.146530585904080399e-03,-7.374971213029626188e-03
-7.767381715359233940e-03,-9.604390072801690867e-03,1.610400431211849977e-03,1.576137135694911234e-02
-9.426905716150747391e-03,-1.015466816051413187e-02,-1.311474281017045891e-02,3.269631668683534859e-02
-3.349933654552816192e-02,1.748892050703050247e-02,1.159484193509247377e-03,1.485093184498842769e-02
-2.088218454535208102e-02,3.838047084330686778e-03,6.326308384238279320e-03,1.071782907678317867e-02
2.552853762322913195e-02,-4.632549782169094812e-03,-5.241495983404917056e-03,-1.565449185765505069e-02
1.686365326353393354e-02,4.643508701647872799e-03,-9.135992672184777355e-03,-1.237116929299706368e-02
-1.209888962735308771e-02,9.582032988739096549e-03,1.904362194356265872e-02,-1.652676530494855134e-02
3.154545575556517729e-03,1.339650053730573852e-02,-1.229595521949326635e-02,-4.255090893369028494e-03
1.548594203156886465e-02,1.303165484044507653e-02,-1.504877099214989994e-02,-1.346882587986408808e-02
6.940195339377770375e-03,2.614037581214355768e-03,6.119159915781589665e-06,-9.560352080507950392e-03
1.402075832559727085e-02,-4.106437931120391835e-03,-2.418570875562086470e-03,-7.495749518914821170e-03
2.292601880363382208e-02,-1.462160755674216800e-02,-7.310221595890774651e-03,-9.941896510009258330e-04
2.301784676745370281e-02,-2.942311100296951532e-02,-1.045675772612168417e-02,1.686202196163755218e-02
3.293003234548277577e-03,-1.537910177358099706e-02,-3.991180797432256067e-02,5.199790651335514657e-02
-1.261859301656700211e-02,-1.124454038723648498e-02,-1.626873322035213981e-02,4.013186662415559047e-02
1.260374339476257217e-02,-1.853005571064208004e-02,2.251721750412886622e-02,-1.659090518824942601e-02
3.025269825211192656e-02,-2.767739580056209278e-02,-6.976785949236501139e-03,4.401483497686720266e-03
2.809383959126010317e-03,-6.516429006184766906e-03,-6.959569919086814119e-03,1.066661496614558328e-02
4.260930021324168030e-04,-5.779672722327830600e-04,6.665245727931588468e-03,-6.513371457831207412e-03
5.351758448339132175e-03,6.271963488672333692e-03,-1.226379428072898493e-02,6.400723437175110438e-04
-2.165688661462967027e-02,1.010942501976611757e-02,-7.460159914987433971e-03,1.900762150985096238e-02
1.078776344943327588e-02,-6.713729881044234842e-03,5.127084894573676055e-03,-9.201118462962719693e-03
-8.885772677959187169e-03,1.699987905179057429e-02,2.041991479215149766e-04,-8.318305521752942730e-03
-4.797847396189997699e-02,4.095136300715608753e-03,3.785691504757649622e-02,6.026422613607739301e-03
-3.559686188366669585e-02,1.894684293299511713e-02,9.025746109991183985e-03,7.624272840680430298e-03
-1.897083836143425087e-02,1.339262047014717037e-02,-1.538916703172098568e-02,2.096738492300802628e-02
-1.000859224977202963e-02,1.014092965998868688e-02,-1.477311191042651219e-02,1.464077450020983238e-02
-6.865247285129877711e-03,-7.531010790795448530e-03,-8.166000987444630268e-04,1.521285817466979697e-02
-2.779039536242184152e-02,1.332791217901620889e-02,1.315888117669719928e-02,1.303602006708439202e-03
-7.794398228402524449e-03,2.144361329744680703e-02,-1.205833627785642993e-02,-1.590878791187919864e-03
2.360065734326197671e-03,2.118305264708556998e-02,-2.453339221418759236e-02,9.902738327758375033e-04
-1.289182538837493029e-02,5.948283766347223049e-03,6.048371672252317484e-03,8.951699497753723032e-04
-2.713698609544752324e-02,-1.517984123158655843e-02,1.649942983991601123e-02,2.581739748711795249e-02
-2.285416942383890898e-02,-8.868584697703621109e-03,8.849205634101351900e-03,2.287354848744118166e-02
-3.902983367074486318e-03,2.055922114583874898e-03,1.331564002116518083e-02,-1.146857876867452344e-02
-3.380678331492806537e-03,5.174550898056043576e-03,-3.368775728708975174e-03,1.574903162145729462e-03
-2.237444015851220921e-02,8.369526439537094617e-03,-5.377611732177854827e-03,1.938252545115299111e-02
-2.699207176758567847e-02,6.416477766647291298e-04,4.329349761683857177e-03,2.202107422923697475e-02
-2.789472777555813271e-02,6.227510107379127628e-03,7.149800476735969704e-03,1.451741719144302757e-02
-1.799531168343219967e-02,3.368143363647096988e-02,-1.227349541648672287e-03,-1.445877241138997758e-02
1.656866706517956121e-04,1.505444069329105877e-02,3.281981959256052525e-04,-1.554832555986844847e-02
1.616669776527932326e-02,-4.571254532896434734e-03,-9.520835707946199988e-03,-2.074607524436709351e-03
3.960046824349820749e-02,-8.086802585587839209e-03,-1.226662677540702774e-02,-1.924703888250342901e-02
1.058845243601185676e-02,-4.523737216942396236e-03,1.419939150189993742e-03,-7.484654369259483540e-03
-4.412108644922979259e-03,-3.484944981572057378e-03,1.884468346035609448e-02,-1.094762983386101882e-02
-1.447333452761405924e-02,1.880645914784021683e-02,9.712875821775847178e-04,-5.304412202403777435e-03
-1.613983045596029120e-02,1.877415047468998857e-02,4.274314551470220595e-03,-6.908634570199922303e-03
-1.484456339139706219e-02,1.003956937767266477e-03,-5.547439746461150199e-03,1.938804620009095328e-02
-7.346311327167891203e-03,1.858267460808432680e-03,5.245397132817414786e-03,2.426467335420548781e-04
3.681376638751138446e-03,1.542688472668358318e-02,-1.584188463676951958e-02,-3.266376728665221132e-03
-5.792046260905818998e-03,-2.955765039801907385e-03,-6.604741441865746160e-03,1.535255274257345086e-02
1.461727427127327422e-02,-9.928578781983060306e-03,-8.410805826443826932e-03,3.722110337153568347e-03
1.029776407763430962e-02,5.185401876009978171e-03,-2.769652897965576514e-03,-1.271351305567870391e-02
-2.388932675955769344e-02,-1.925509518629811914e-02,5.949087734391508148e-02,-1.634645539805923420e-02
4.716800070056459925e-03,1.189146951470736874e-02,-3.791499802668182612e-03,-1.281676978209568725e-02
-1.866364030104538524e-02,-9.948864431697804211e-03,3.518261457657362312e-02,-6.570109843830298363e-03
-3.712621892863696149e-02,-1.221770863683715666e-02,-3.082372197858040171e-03,5.242629976333221253e-02
-1.079945269530703002e-03,-3.590339366274935846e-03,6.254059138054636480e-03,-1.583774502248984405e-03
-1.324094583216099165e-02,1.152163490275962161e-02,1.527263355449224452e-02,-1.355332262509088490e-02
-2.125521499904675649e-02,2.538544564653366295e-02,-2.741045976690158550e-02,2.328022911941470333e-02
-2.353306213825214974e-02,-1.062028514742287440e-02,-2.049517022137021388e-02,5.464851750704521199e-02
2.734768278099171043e-02,-1.299839027659092927e-02,-1.498119866300345708e-02,6.319061586027261172e-04
-1.808016303730312566e-02,-9.310389448865519918e-03,1.453958833036364268e-03,2.593659365313233378e-02
-1.528295622712698074e-02,1.923263423612239439e-02,-7.297129700871773234e-03,3.347451691876358708e-03
-7.679188490626374583e-03,-4.686260348786952697e-03,1.336213840793266071e-02,-9.966895685193271400e-04
3.005027246346566368e-03,-1.896678162019032124e-02,-5.488386906606004291e-03,2.145014128044970408e-02
-5.136650380732354047e-03,-2.218844687991223391e-02,2.830482127114928442e-03,2.449461513352966385e-02
-2.965775997574070233e-02,5.717368050262510749e-03,2.446012143292599587e-03,2.149437978218550482e-02
1.229846835789805484e-02,-1.061726298742617612e-02,-7.062136542409173240e-04,-9.749917162309931643e-04
3.211841943470752046e-03,2.268535752373792517e-03,1.071271611627018332e-02,-1.619309381211468321e-02
2.709326209246935499e-03,3.042716121473365565e-02,-1.339599266162850265e-02,-1.974049476235210585e-02
9.774757580758570812e-04,3.792689700016934479e-02,-1.120808706429484228e-02,-2.769628569395047452e-02
1.554790203837080366e-02,1.747877066638127766e-02,-1.602569275052624989e-02,-1.700097995422589908e-02
1.619699870340631301e-02,2.450570301257979939e-03,-1.510619266956226073e-02,-3.541376335102028750e-03
8.038608946639051039e-03,-2.119624770492041337e-03,-1.201776431062006635e-02,6.098780134473097414e-03
1.132414701525246217e-02,-9.928942320054087028e-03,-1.948946929861402125e-02,1.809426460341560794e-02
1.088689195610964382e-02,-2.632664243934150061e-03,-1.083295377045544487e-03,-7.170932335129944282e-03
4.898056900541382375e-03,-1.755536090097030086e-02,-1.631936982338925979e-02,2.897667382381819562e-02
7.558143509228345928e-03,-1.676644142249567038e-02,-1.099171858952639053e-02,2.020001650279366207e-02
-6.079329243848438473e-03,-2.365102663456465117e-03,3.084786858127531312e-02,-2.240343667397040953e-02
1.367195081106593706e-02,-2.552643119837453775e-02,3.591148673701903896e-03,8.263331713606684656e-03
-5.809173537935366331e-03,-7.412668423307812275e-03,-3.500200108514121486e-03,1.672204206975730009e-02
-1.368277019852732340e-02,-8.307997581179431094e-04,5.000655978330735552e-03,9.512913978314505373e-03
3.877420534661914480e-03,-1.277287496995896474e-03,-1.608410481685389193e-02,1.348397177918788346e-02
-2.480597780635860825e-02,-5.197774221408994061e-03,-4.163507297891249313e-03,3.416725932565878310e-02
-1.380687111483368083e-02,1.862840987035908197e-02,3.040239198834872748e-03,-7.861777954360290796e-03
-1.029944623934101605e-02,5.803378746403007639e-03,1.283001274436375121e-02,-8.333945251425693354e-03
-1.883600801502411173e-02,8.010971789309126120e-05,2.067252230292314190e-03,1.668864606683867491e-02
-4.334271349403668976e-03,4.294138754377334333e-03,-5.171503905674619539e-03,5.211636500700961988e-03
-1.112657932859189257e-02,6.612263691209327790e-03,2.501715287633370088e-03,2.012600349749146984e-03
-1.340955965388465794e-02,9.506736534277982972e-03,9.714993455363781297e-03,-5.812170335757117605e-03
-1.746501690228594722e-02,1.308267692148388714e-02,-1.223810174574367811e-02,1.662044172654559768e-02
-6.326431350663699882e-03,1.793896614378281268e-02,-9.547982505185318922e-03,-2.064552287933779998e-03
-2.210163189158594402e-03,2.034633816221299157e-02,-1.484946917392450556e-02,-3.286705799129907655e-03
-2.178375924769391375e-02,5.084803505722944317e-02,-2.253237830927972904e-02,-6.531897500255907062e-03
-1.069522098203795450e-02,-7.091175773107920473e-04,-7.790176631694589217e-04,1.218335622251820113e-02
-2.485172229704653984e-02,-2.142292614711023904e-02,2.326196099743610066e-02,2.301268744672065741e-02
-4.452639543342693310e-03,-6.995527932992459848e-03,2.624120017729210212e-03,8.824047458605923863e-03
-1.837249093737167551e-03,9.179972387015697052e-03,-2.361236262565104705e-03,-4.981487030713459274e-03
-2.270482714488067551e-03,1.292838471640472137e-02,-1.538390195622095849e-02,4.725999954304259572e-03
-3.437714001287862919e-02,1.207741892764247274e-02,1.459135454641524027e-02,7.708366538820888431e-03
-3.914776790572165738e-02,6.180452740177166428e-03,8.606314055167079563e-03,2.436100111037730817e-02
-1.052337303244821679e-02,4.176810587463134113e-03,5.169964763349076640e-03,1.176597681635998009e-03
9.427485318371967016e-03,1.153895441506336272e-02,-7.233976621965407380e-04,-2.024304207123876764e-02
1.174950832533324177e-02,8.879249488197177645e-03,-1.111431090549142714e-02,-9.514446908039006154e-03
3.532244935234390287e-02,6.337960544423732780e-03,-2.785277282634673543e-02,-1.380763707042091844e-02
4.334973919148356336e-02,-1.345979317632093122e-02,-1.238819572275638541e-02,-1.750175029240614785e-02
-9.215675460502323335e-03,-2.465113120999806381e-02,4.429608882974804540e-02,-1.042928215924759407e-02
2.570482263599048207e-03,-5.017772409882824934e-03,1.938280939024930941e-02,-1.693551924396556260e-02
-1.063427679820548935e-02,2.022369649507537934e-02,5.578234898153491307e-03,-1.516765459502341165e-02
-2.155290614042014788e-02,-2.860715599126674707e-03,-7.355136719056142719e-03,3.176875845860298309e-02
3.266036980551624645e-03,-1.490942820679692221e-02,7.466177894676514354e-03,4.177213331568824413e-03
7.397141700381361720e-03,1.080071949639436688e-02,-1.074879972338756151e-02,-7.449061473388149737e-03
-1.558968331545419576e-02,1.606653334284925683e-02,-1.471431831090807239e-02,1.423746828351298357e-02
-1.687604647696016452e-02,-9.111313383802175161e-03,1.999944109909837855e-02,5.987918761663957659e-03
1.200186016046523273e-02,-8.647751681388055750e-03,-1.365666627944292326e-02,1.030255780036566822e-02
1.770753419806244539e-02,9.995072400692210993e-03,6.390655379716443478e-03,-3.409326197847104001e-02
-3.835593785172929787e-02,-2.197636735250210749e-02,3.355301721368804391e-02,2.677928799054333023e-02
4.798700450968997749e-02,-1.399576827821659604e-02,1.895650066566216974e-03,-3.588688629803946789e-02
7.699595100142462949e-03,-6.732256265002401797e-03,-7.731032235292648958e-04,-1.942356116108166655e-04
5.075406411307971160e-04,-3.259513276342989197e-03,2.581753057634178679e-03,1.702195775780189317e-04
-1.992266474116023266e-03,3.961094097432171085e-02,-1.971116562197740632e-02,-1.790750887822824960e-02
5.974289544544234823e-04,-3.187766728519080429e-03,2.366661489106005635e-03,2.236762849586583046e-04
5.469466060533096198e-04,-3.092642635096196167e-03,2.318261450449273214e-03,2.274345785936169922e-04
-1.411054280283484570e-02,-9.679657091569825872e-03,-1.477044053297526041e-02,3.856064042737993025e-02
2.931463954462757218e-02,-1.884401137029795281e-02,-1.531303941075483083e-03,-8.939324233254096821e-03
-3.470841777373684638e-03,3.898938519043859685e-02,-2.041275547188856065e-02,-1.510578794117657490e-02
-2.040371788444118178e-02,1.725162006753900440e-02,-1.707887147052655416e-02,2.023096928742870379e-02
6.507441360709229072e-03,1.691051043089812633e-02,-3.814127223988207378e-03,-1.960382456761915193e-02
1.946603112135072283e-02,-9.073394417662344197e-03,-1.216014033277345793e-02,1.767503629085025304e-03
-1.905781901040241519e-02,-2.371316182153088495e-02,-1.484234112014295136e-02,5.761332195207626017e-02
-1.833706418364663276e-02,-1.223687833128266761e-02,1.112306048501461760e-02,1.945088202991464982e-02
-1.525326398274322835e-02,2.099633688174657939e-03,5.784089339509716635e-04,1.257522136061761144e-02
1.970488089927944358e-02,-1.423145922142615011e-02,1.022599845230895074e-02,-1.569942013016224422e-02
1.181680379006271389e-02,-8.232779760641515884e-03,7.817828949118211732e-03,-1.140185297853938719e-02
1.011093422243706033e-02,1.230139412106984360e-02,4.838592024466215578e-03,-2.725092036797313252e-02
2.987901554938638890e-02,1.284496893347500911e-02,-8.540880983826234715e-03,-3.418310349903506962e-02
1.959425235477396318e-02,2.063469888720562834e-02,-3.320448499570978484e-02,-7.024466246269727744e-03
1.119590209841336143e-02,1.716005160555469228e-02,-1.305982173615739469e-02,-1.529613196781066248e-02
3.547456513592838444e-03,4.302260639837717122e-03,-2.203131367034742022e-02,1.418159651691685598e-02
1.903731064233459697e-02,-7.861485354361024552e-03,-1.487367997918479304e-02,3.697854691211214552e-03
1.667344524097293113e-02,-1.731288852214025314e-02,-1.925451554747632452e-02,1.989395882864369164e-02
4.910661812561454946e-03,-1.014579652074501168e-02,-2.539844432083117678e-02,3.063357902901487143e-02
-9.752656825047419445e-03,-4.023934233456071159e-03,1.268535125303868645e-02,1.091239805464807623e-03
9.708681154161369689e-03,-2.079610084968755782e-02,1.152045117728098256e-02,-4.330314817547247170e-04
-2.912309402273462788e-05,-1.006350557481724235e-03,-8.786937508938101604e-03,9.822411160442561656e-03
-1.061339906838873123e-02,1.074053310284191209e-02,-1.873379618321865546e-04,6.020392737900181774e-05
5.096349218647392744e-03,-7.655073483102546768e-03,-1.484770352852995794e-02,1.740642779298515880e-02
-1.551919575828463425e-02,-1.656260065630051417e-02,-7.232292339756321575e-03,3.931408875434150990e-02
-3.498582431784905827e-02,3.845687365318958134e-02,-2.301826704337505726e-03,-1.169222631002916077e-03
-4.236276981206540254e-02,1.121275894772703376e-02,3.591889781239006318e-02,-4.768886948051494906e-03
-2.750043431022690041e-02,7.681976168414951338e-03,1.102008169364042736e-02,8.798376448171512168e-03
-2.410814272933467766e-03,1.793034699587313721e-02,5.840693064182714798e-03,-2.136022578712238468e-02
-1.693790530605287017e-02,-1.124267318198381898e-03,7.668877758164993619e-03,1.039329486608626431e-02
-6.361729346558327169e-03,-7.788078386060516111e-05,1.586370537438571557e-05,6.423746425044550047e-03
-1.452379347655296908e-02,1.238798534292226503e-03,-3.081088553715713094e-03,1.636608349597645784e-02
-1.592774959730790946e-02,2.761151712922141344e-02,-1.930522948868284086e-02,7.621461956769333412e-03
-6.695370013846200195e-03,4.307709184712067013e-02,-2.225102992056536902e-02,-1.413069191270905495e-02
9.324675200475911196e-03,3.968109411068216491e-02,-4.056550801564034331e-02,-8.440261295517476059e-03
-9.736183042834151841e-04,-5.340914624729810193e-04,-2.158740645553999110e-02,2.309511622229641625e-02
-1.438634142997655477e-02,3.614080984173300782e-04,1.231877433795495851e-02,1.706158993604309226e-03
1.184528015005886260e-02,-1.851872132358398093e-02,1.243344449350648664e-03,5.430096724174450148e-03
7.810365866651036845e-04,-4.999204940306452641e-03,4.683930504707187713e-03,-4.657621510658192408e-04
-1.122560972454411665e-02,2.258537786123876456e-02,-2.266607921377400761e-02,1.130631107707947072e-02
-3.149527684950517020e-02,2.555845087231465793e-02,-2.611469220063533311e-03,8.548295197254059466e-03
-9.861013709647967196e-03,9.588822379161964296e-03,-6.400666549597441510e-03,6.672857880083456553e-03
-2.340807038459639857e-03,-1.145257749410141107e-02,-8.036743531189750878e-03,2.183012806375081438e-02
1.706441976792995655e-02,7.481062787181988992e-03,-1.145834989621556319e-02,-1.308713265889636240e-02
1.461828452324541970e-02,7.396794417118369514e-04,-3.400023429238569015e-03,-1.195794053571867452e-02
2.236424913978108525e-02,2.847592894313675117e-03,-8.869451202835538714e-03,-1.634239083125935826e-02
7.067308805669412705e-03,-6.562794508472581147e-03,2.089039417410483435e-02,-2.139490847130167198e-02
1.086126578849519117e-02,-2.673372009644244419e-04,5.821431513004177508e-04,-1.117607173883127837e-02
4.301198537645072560e-03,1.048873493622924993e-02,1.082982791853598879e-02,-2.561976139241020980e-02
-8.215235085943297169e-03,1.630010392251529747e-03,-3.218289911204989546e-03,9.803514604896786458e-03
-1.419256764154785619e-02,-6.965268625433421353e-03,1.212691961867294127e-04,2.103656707079449434e-02
-1.273196451071705732e-02,-6.123380107091305541e-04,1.499195320422474879e-02,-1.647650682798550625e-03
-5.798922266377445900e-03,2.340115428626392269e-02,-8.380017057923886195e-03,-9.222214961962568042e-03
-2.276452508660273960e-02,6.993164424068270581e-03,3.958266663844573277e-03,1.181309399868990008e-02
-1.322256753579246526e-02,5.360647600490799948e-03,6.771714037776518751e-03,1.090205897525172362e-03
2.166772260097117424e-03,-7.064151248196980613e-03,-3.206560922188800809e-03,8.103939910288664866e-03
-4.017940863214401227e-03,-2.030783145948203644e-04,1.430896723535379778e-02,-1.008794805754453273e-02
2.788809277077880337e-03,-1.444329139829464946e-02,8.702065669912066939e-03,2.952416451304677465e-03
2.065234708458367052e-03,-1.083627609102418531e-02,2.261460634718611210e-02,-1.384356496462024397e-02
6.319881389951788157e-03,-6.215948787325955953e-03,1.383660610511092462e-04,-2.422986636769342678e-04
-2.090922205785863876e-03,4.046481941340894506e-02,-2.027146892635284595e-02,-1.810242828127024695e-02
4.277740128831508323e-03,-6.021667192144715582e-03,2.169829383279808354e-03,-4.259023199666268455e-04
1.167661641455051275e-02,-1.929239258937237231e-02,1.712181964764249512e-02,-9.506043472820609533e-03
1.297175258658697888e-04,-2.793791804267832871e-02,-5.946177599119057723e-03,3.375437811593148818e-02
2.696594614028326869e-02,-1.475219156667902619e-02,-7.508203317161976122e-03,-4.705551256442196129e-03
-3.481447576890859402e-02,-1.173100315881984469e-02,2.641558173176027438e-02,2.012989719596822158e-02
-1.120188989157556297e-02,1.877084318539689115e-02,8.825458052711466703e-03,-1.639441134653275151e-02
-1.086317733817263216e-02,-8.626326837416342999e-03,-1.305981228255927076e-03,2.079548540384489053e-02
-1.516460025247431086e-02,3.010890892123930032e-02,-3.769295803888502838e-03,-1.117501286487654344e-02
-1.271269261083966123e-02,3.358968112978084203e-02,-6.031558267319288465e-03,-1.484543025162195738e-02
9.919105298536245313e-03,1.805538079619152525e-02,-2.164630135643594300e-02,-6.328184738291799810e-03
-1.918119340076392815e-02,-1.491974143599796541e-02,-1.026669073017151719e-02,4.436762556693318177e-02
-1.315079127552981446e-02,-5.071454921847490249e-03,4.182011638773515221e-03,1.404023455860377995e-02
1.500592087665098343e-02,3.113543026363886634e-03,-1.302843655188210860e-02,-5.091027351132757992e-03
1.062892991796955677e-02,-1.530069413557909319e-02,2.250857178234944023e-02,-1.783680756473996626e-02
1.774209710877579357e-03,1.538449705243962774e-02,7.686959485089498237e-03,-2.484566624840663096e-02
2.694375549481875520e-02,3.007100959779024016e-03,6.580987181653375449e-03,-3.653184363625099074e-02
1.502530994028098733e-02,5.842510359704497502e-03,-3.790508852846641557e-03,-1.707731144713887581e-02
5.785204415001775520e-03,1.585711716453295714e-02,-4.354311732827992549e-04,-2.120689040625184374e-02
2.260997383257750347e-04,3.775514025281270346e-03,-1.293162425000947066e-02,8.930010486402416986e-03
4.988442898069204989e-03,4.244538883964583779e-03,-1.361651453218453746e-02,4.383532750150764302e-03
1.110311970890393886e-02,-1.203759677885348628e-02,-1.806737032916910790e-02,1.900184739911860501e-02
8.611804108388359733e-03,-2.335536781367143766e-03,-3.046054676076625015e-02,2.418427943374498387e-02
-1.543440755255529560e-02,-1.089510095185907551e-02,-8.216799304205734495e-04,2.715118843483495248e-02
8.054481399558187371e-03,-4.618292840385312091e-03,-7.436876803449544125e-03,4.000688244276632416e-03
-5.480136722683492077e-03,3.780396528775212955e-03,-1.131771194796504093e-02,1.301745214187329490e-02
-7.486330672845407236e-03,1.225703016826944734e-02,-2.455921324146207937e-03,-2.314778171277800944e-03
-2.141976417166200145e-02,2.217600744888326147e-02,-2.591225567863321855e-03,1.834982290642092184e-03
1.709558305319730520e-02,1.698693404831169013e-02,-3.400347386177943881e-02,-7.904323972972138017e-05
-4.546662137937026310e-02,3.477243271053556684e-02,7.986555639321463174e-03,2.707633029513456871e-03
-4.251720305342980566e-02,5.171893593408283946e-02,3.442796309167172469e-03,-1.264452918982022361e-02
-2.928746715074449086e-02,1.725553465197726677e-02,1.182055999385628504e-02,2.113725049109111038e-04
-4.844567248429089076e-03,1.974233859778242676e-03,2.121081861525657593e-03,7.492515271251773152e-04
-2.966970038357576514e-02,-7.213112299935872836e-03,1.328300715469581290e-02,2.359980552881575655e-02
-1.492972781038538754e-02,6.976834958663615839e-03,-5.843063597025059501e-03,1.379595644874688498e-02
-1.685259681997738207e-02,1.390401488136684682e-02,-5.544199563303706937e-04,3.503001894940914289e-03
-1.834666409374514917e-02,1.660198296406669924e-02,-2.970780600078774120e-03,4.715461729757182419e-03
2.972481887434729776e-03,5.580587468943567359e-02,-2.799651692233103700e-02,-3.078183965453933080e-02
-1.750948710779078044e-02,5.291934338998399712e-02,-4.611458726680438269e-02,1.070473098461120591e-02
-3.724287326353511313e-02,3.613957728715797880e-03,1.354658585318898982e-02,2.008232968163020313e-02
-2.666934636498853248e-02,1.332274964458981387e-02,-7.905560256844226721e-04,1.413715274608315364e-02
-3.401469537063323348e-03,-8.812229572177076318e-04,-1.200125376747271898e-02,1.628394626175373727e-02
7.071847310532982170e-03,4.484648720229937255e-03,-1.609295745075620468e-02,4.536461419993235815e-03
-8.381305211896469473e-03,2.073544512240569487e-02,-2.159668024203837897e-02,9.242540331529134484e-03
-5.830526131682466952e-03,1.315518661760687637e-02,-1.680107197323600990e-02,9.476411487311504206e-03
-4.172061669522481205e-03,-2.937987818944217105e-03,-2.662230606508653868e-03,9.772280094975362152e-03
-1.350848028487457598e-03,-4.994578373137537747e-03,-2.204972643667033223e-03,8.550399045292041145e-03
1.498169259832496901e-02,1.368560751710141618e-02,-1.197518097856347600e-04,-2.854754830564075474e-02
5.688793673329937961e-03,1.510094628777898171e-02,-4.559227614369697266e-04,-2.033381719967192885e-02
4.325167799592799186e-04,1.228146948445254204e-02,-3.212872389235200792e-03,-9.501113875176638024e-03
-6.771095975487949510e-03,2.258412084027076536e-02,8.677261263446169742e-03,-2.449028612822895176e-02
1.645517675449516184e-03,2.412978817064066663e-03,1.326231960481927090e-02,-1.732081609733289798e-02
-2.048472867417381119e-02,-1.004713461471091335e-03,1.181882138612468103e-02,9.670620749520275269e-03
-1.935709489288442442e-02,7.524227372827655552e-03,5.997682284719110107e-03,5.835185235337633607e-03
-1.671957100665575138e-02,-4.487209506613692653e-03,1.116683249824609349e-02,1.003994801502335922e-02
-3.770132748323961214e-03,8.491825570363880846e-03,1.034529241402189735e-02,-1.506698523606179313e-02
-2.964339829829575057e-02,-7.019460604600101690e-03,-2.209004266071980293e-04,3.688375932950299640e-02
-3.081045976325483618e-02,2.303167958351691816e-02,1.111552864324903776e-03,6.667227315413035496e-03
1.582344416603587850e-02,-3.602349387743592792e-03,-8.167019042201120391e-03,-4.054075736091117613e-03
4.189787635217014777e-03,-6.482051138178359338e-03,1.050562264524619420e-02,-8.213359142284848771e-03
-1.986560956273700912e-02,-1.418054254169501954e-02,4.187835271282728394e-02,-7.832200608395291710e-03
-6.656271806733195934e-03,-2.782129927274997958e-02,-1.011561848753535393e-02,4.459318956701872200e-02
4.297499197603951715e-02,-1.432931390065897079e-02,-1.718881664246301247e-02,-1.145686143291760155e-02
1.869601479262135435e-02,2.071717346467973411e-02,-2.031094443748804323e-02,-1.910224381981301053e-02
-4.063028622464484249e-03,-1.087883580078903741e-02,-5.550825204634883374e-03,2.049268962788840936e-02
9.459122817702198200e-04,1.721364072462403666e-03,-1.902679281129295193e-03,-7.645970731033257996e-04
2.689080286004447498e-03,8.616218014016126941e-03,-2.134611529282365132e-03,-9.170686770738204971e-03
1.832973930367036083e-02,-1.630262828528104488e-02,6.193502911036218722e-03,-8.220613929425617944e-03
2.690157853875529276e-02,-6.026233662449670403e-03,-1.361860571432775731e-02,-7.256739161977864179e-03
1.299053746005934470e-02,-2.479990742007907867e-02,1.608757278664688485e-03,1.020061268135504136e-02
-8.854713403800807195e-03,-2.603459739836023329e-02,-8.787024104947350339e-03,4.367633490710844113e-02
2.479517174339290059e-02,-1.201928001266125423e-02,-2.281927702479040216e-03,-1.049396402825265688e-02
1.746424440027564626e-02,-2.182021518080228331e-02,-1.538977839172802828e-02,1.974574917225462370e-02
-7.936731513685946898e-03,2.974195827904214939e-02,-2.690683678330444036e-03,-1.911454308702568647e-02
2.829143656122855375e-03,2.326461448050564512e-02,-3.970277106109977062e-03,-2.212348103051857071e-02
1.108189054922731516e-02,-4.411788978498011604e-03,-3.297517115440459518e-03,-3.372584455288818450e-03
-2.383487173818971822e-02,6.091209561800165623e-03,9.308230958670090163e-03,8.435431217719431204e-03
-2.689924949584851163e-02,-5.119136843300753706e-03,-6.726997060338943228e-03,3.874538339948840893e-02
9.147069014952491578e-04,2.626163900373996996e-02,-1.514659896784036584e-02,-1.202974693739478074e-02
1.893659907184601972e-03,3.280979966920933438e-02,-8.777651361360172501e-04,-3.382569444025803479e-02
1.963469983732055169e-02,6.560137294570124109e-03,5.534283355835866065e-03,-3.172912048772642823e-02
1.184736129750163514e-02,-1.224206575258978292e-03,-8.000991114102982971e-03,-2.622163608139649587e-03
1.100541210524898054e-02,-1.926043250417620617e-04,1.623624453429511200e-02,-2.704905231450223727e-02
-5.055248957694605076e-03,-2.427819341581022045e-03,1.221212400084303873e-02,-4.729055701567419848e-03
-2.142288506109911450e-02,2.385260666361382030e-03,1.395658059538354423e-02,5.081043799354256763e-03
-1.818476251360562693e-02,-3.472312342542106193e-03,1.753020584290975294e-03,1.990405427185676368e-02
-2.283034506683161852e-02,-3.890581836067818870e-03,-8.841804484464796388e-03,3.556273138736412015e-02
-3.486494584846826922e-02,3.761851043254504229e-03,-9.156701593627794220e-03,4.025979639884177258e-02
3.093698406899409326e-03,-6.566457229856017402e-03,7.632878536878510457e-03,-4.160119713921905417e-03
4.726169574733618886e-03,-3.631377424817847869e-03,-1.498540440201343450e-04,-9.449381058956423914e-04
1.571088308073714454e-02,-5.014366249348742310e-03,2.444888403471182341e-04,-1.094100567173552502e-02
-2.495365093523289890e-02,3.971145142971089538e-03,3.226723722922188176e-02,-1.128473143696008194e-02
4.379904863515986235e-02,-8.946741934338746371e-03,-3.324924731018139012e-02,-1.603059390639905834e-03
-9.383213638993137540e-03,1.435393353326323146e-02,-6.697578813466083594e-03,1.726858919195976014e-03
-1.736227306923593394e-02,2.904273582239087423e-02,-1.471131418220687336e-03,-1.020933133493419354e-02
-5.669600567384174700e-03,-5.457188999583884384e-03,5.102954431685612427e-03,6.023835135282429309e-03
1.468904445695018435e-02,-2.330479685707913251e-02,1.079842745868619600e-02,-2.182675058557222245e-03
-3.546869538024656748e-03,7.122893401498030285e-04,2.385126494230521959e-03,4.494537036443309471e-04
-1.059082726326322083e-02,1.804072340998135252e-02,9.555537695083352436e-04,-8.405449916226510193e-03
-6.471457707499257000e-04,5.972290698684006374e-03,-1.186440480089269098e-02,6.539259872958599028e-03
4.476348944176986380e-03,6.314645335868928613e-04,-3.509182585124933761e-03,-1.598630892638949492e-03
3.220438461391669609e-03,1.587560185141300567e-02,-1.238777950481455628e-02,-6.708260807990062621e-03
1.627038326065501778e-02,8.185383133274317866e-03,-1.313880672295543103e-02,-1.131695967097387338e-02
-3.757048474569239099e-02,2.461249419156465168e-02,3.656507901730387329e-04,1.259233976395464187e-02
-1.119684512153184749e-02,2.961665414652462150e-02,-7.421885514625136369e-03,-1.099792351036760901e-02
7.803907872896096234e-03,1.637000781140834742e-04,5.343443372934129562e-03,-1.331105132394429583e-02
1.124408636199857037e-02,1.938849640567883326e-03,-1.644303211288908328e-02,3.260096110322607040e-03
-1.375091894011703023e-02,2.021388604572236375e-02,-4.128618495276265878e-03,-2.334348610329082391e-03
-1.505164452289113435e-02,1.161377736029560633e-02,1.162004526276990204e-03,2.275862636318534780e-03
-3.156446441134968389e-02,1.103105450268188764e-02,2.170299789765292933e-02,-1.169587988985085160e-03
-3.174036065546570473e-02,1.252882348801001187e-03,2.475447609150975212e-02,5.733002215154973762e-03
-1.315518197698957448e-02,1.408696767034714817e-02,7.595314717288442763e-03,-8.527100410645980025e-03
-2.652995549565279054e-02,3.767259582242880878e-02,1.229207442479133584e-02,-2.343471475156742520e-02
-5.900122833272234031e-03,8.457047703173107070e-03,4.807651043256993932e-03,-7.364575913157879114e-03
3.830718189358174857e-03,6.555699245366204686e-03,9.053002377650862936e-03,-1.943941981237526373e-02
-2.380042339113575683e-02,-4.380545072756864347e-03,3.161894928449850151e-02,-3.437980820605895070e-03
-1.341123346023418046e-02,-6.089661922934027499e-03,-2.592258108822249885e-03,2.209315349199047346e-02
-1.939198444512924696e-02,5.856290096938098280e-03,-1.338639084500565374e-03,1.487433343269168630e-02
-8.408559902558338309e-03,-4.767957168385828469e-03,1.272161835306751324e-02,4.548987178766732749e-04
-6.400575258045782152e-03,1.560222375149815941e-03,8.959127043882596231e-03,-4.118774160986610720e-03
-2.366252515878280657e-02,2.747534000103646346e-02,-3.841005924905379482e-03,2.819108265168650498e-05
4.849208923177378977e-03,-2.030372592199128357e-02,-2.281918894495137216e-03,1.773643589330904657e-02
1.066873626478131304e-02,-1.661366135266570052e-02,1.579646450853263578e-02,-9.851539420648298614e-03
4.517554112288871271e-02,-2.826987486815946138e-02,5.634530968093301277e-03,-2.254019722282252225e-02
3.144166803349034145e-02,-1.917026281782140823e-02,-5.024448200316763979e-03,-7.246957015352222149e-03
3.154061087385229278e-02,1.414901331892596918e-02,-1.962899780994675075e-02,-2.606062638283165520e-02
4.029734981333409592e-03,1.496436188086586530e-02,-2.472290016928927608e-02,5.728803307089899710e-03
-2.549982812070266183e-03,2.338006751866665914e-02,-6.638787406844361312e-03,-1.419129729975199782e-02
-6.638683674516439488e-03,3.428987735375439022e-02,-2.277853842591006771e-03,-2.537333983664692358e-02
-7.001120342792772032e-03,-4.047698618967643380e-03,-4.628875925730593054e-03,1.567769488749100326e-02
-2.559870264376831392e-02,-6.408851139543136509e-04,5.526485095736674569e-02,-2.902526319964419260e-02
-4.264295228923247610e-02,1.969451407960568293e-02,9.960342659203492641e-03,1.298809555042336299e-02
-1.397459963516517120e-02,-3.096593804583346737e-02,1.589354003892722716e-02,2.904699764207140794e-02
-3.452323045690424558e-02,-1.594943567289042879e-02,-2.322291464510875536e-02,7.369558077490344361e-02
1.229242602731945048e-03,-4.616141552893139946e-03,-1.302886420161422209e-03,4.689785370322609517e-03
-7.091941448104554374e-03,-1.541443939480694955e-02,-1.012673482013403889e-02,3.263311566304558098e-02
-4.427214262552547908e-03,-3.096280064250958239e-02,1.302912099922395005e-02,2.236089390583829301e-02
-6.904152916638513562e-03,-3.021978856201611510e-02,1.146956792811701202e-02,2.565437355053763052e-02
2.606012061522066173e-02,-7.513371694318661184e-03,3.942394123894840674e-03,-2.248914304479688459e-02
-7.102685088173736616e-03,2.187931120601335766e-02,1.174326731515829524e-02,-2.651989343299782781e-02
-4.405799705460854729e-04,-4.768211029107520711e-03,-1.162501226282946012e-02,1.683380326248300890e-02
-2.181914711601379980e-02,2.981951659928552475e-02,-1.134918422223761113e-03,-6.865451061047843709e-03
-2.282813846192746632e-02,-6.726724585670249175e-03,1.512113290308393296e-02,1.443373014451372616e-02
1.011932821522864255e-02,2.879434780932071253e-02,-2.376735794141300942e-02,-1.514631808313619127e-02
2.364937379799722864e-02,8.329447064797592878e-03,-9.185607485630908897e-03,-2.279321337716396292e-02
9.786874952288249219e-03,2.854129884656065913e-04,-9.830017529953308589e-03,-2.422704108005058318e-04
-2.318844772456522818e-03,6.857284732355983098e-03,2.053537983063126113e-02,-2.507381979053080467e-02
1.010600511172189166e-02,1.621797864911006005e-03,6.301302910284502668e-04,-1.235793326766137720e-02
-1.382309000370962257e-02,4.477859343307447407e-03,1.792407896550315960e-02,-8.578848305101024335e-03
-2.879629840806561744e-02,-6.764630766595376363e-03,1.287747189230717057e-02,2.268345728235385272e-02
-2.283513734432094863e-02,4.629970069058220693e-03,-2.575112757010481705e-03,2.078028003227315804e-02
-1.105360560877517370e-02,6.356911403850179672e-03,-1.599194444539445842e-02,2.068863865031942903e-02
-8.810013611246605633e-03,-3.412830228356852034e-03,4.087126171186802534e-03,8.135717668416649062e-03
-4.894553877141855081e-03,1.352760163637535540e-02,-2.388438344537250832e-03,-6.244609414696221730e-03
1.332619797172230952e-03,3.413725440241582171e-03,6.593614749001113981e-03,-1.133995998641492212e-02
-1.019681469497804929e-02,6.052281665083010867e-03,2.305878172708190899e-02,-1.891424869718688964e-02
1.887390438747839350e-02,-2.312435059395291908e-03,-9.586691319140789799e-03,-6.974778008942298345e-03
1.995262601580573628e-02,2.377078579558794189e-02,-3.002810238912953164e-02,-1.369530942226417254e-02
-9.116605118857305790e-03,1.361140093201673729e-02,-5.060675575470035929e-03,5.658797623105579202e-04
-2.281002564868138058e-02,9.050764931352768550e-03,2.323667592813623284e-02,-9.477415210807580911e-03
-5.644209867051542401e-03,-1.695374545442776548e-02,3.140607582327847869e-02,-8.808120501799224580e-03
1.593169658505986727e-02,-5.238503223380486240e-03,9.784298578383716222e-03,-2.047749194006307297e-02
3.429287970940474162e-02,1.831291416402759317e-02,-2.746653707432886171e-02,-2.513925679910347308e-02
1.331185448824951691e-02,-1.747114466056621596e-03,-9.226524417351534895e-04,-1.064208758045774410e-02
-8.440097096083882741e-03,2.942755860265766285e-02,-3.492365308492664452e-03,-1.749509619808110872e-02
4.829708110541762640e-03,3.514701213070467456e-02,-1.731532914983292468e-02,-2.266139109141344921e-02
8.056244218478890093e-03,-1.463371482478381886e-03,-1.093102676437173945e-03,-5.499770059563325805e-03
2.093144194373753458e-02,1.314131663087355663e-02,-2.585520043475280499e-02,-8.217558139858312238e-03
-2.594189128292626739e-02,3.056108401347408868e-02,2.520148773371986423e-02,-2.982068046426766469e-02
8.943614628060954710e-03,1.708552951135814540e-02,-1.445713490714074095e-02,-1.157200923227829498e-02
-1.371249753229945335e-02,1.309222031968934434e-02,-2.540828699604085784e-03,3.161105912214167910e-03
-3.756730286600455659e-02,1.055444924452741268e-02,2.922258504602410698e-02,-2.209731424546907980e-03
-2.657811084925394696e-02,3.746999696268977359e-03,1.864534684109658141e-02,4.185764311888382980e-03
-3.307681086642060009e-02,1.672765467739452741e-02,2.507469668066273152e-02,-8.725540491636752521e-03
-1.991708006999870148e-02,1.746874420969084588e-02,2.911464906446441930e-02,-2.666631320415664697e-02
-1.501600031195306911e-02,8.814882525958277594e-04,1.851099152488927882e-02,-4.376479465532031286e-03
-6.035128872404481835e-03,1.684876113083791371e-02,4.700713212565248850e-03,-1.551434547099860006e-02
-4.706815458851284703e-03,8.909016093811800846e-03,-6.428280435837777085e-03,2.226079800877282192e-03
9.627982963786882106e-03,-3.560799068359892308e-03,-1.099165463220592477e-02,4.924470736778882932e-03
5.372349602986495158e-03,-3.247256652172027334e-03,-5.071611288482779506e-03,2.946518337668342907e-03
-1.023910908409652112e-02,-8.638432085336185742e-03,4.689743254429954008e-04,1.840856684398976470e-02
5.905782816985931209e-03,-5.046372152334689491e-03,7.439003787512472356e-03,-8.298414452163681981e-03
4.777977524159467658e-03,8.082117926607563455e-04,6.040043169020679545e-03,-1.162623248584090767e-02
-2.483847805198003897e-02,3.347821207057984777e-02,7.542753617566893588e-03,-1.618248763616654193e-02
4.534120237845227878e-03,-1.581936767920091164e-02,-1.448260773464609677e-03,1.273350821482029278e-02
3.111644879131682251e-02,-2.913257125352511009e-02,1.577363613879903884e-02,-1.775751367659062982e-02
2.367262680169192335e-02,1.631050726711757992e-02,-2.074486391127934939e-02,-1.923827015753011571e-02
-8.580495622924431270e-03,1.138525085820554436e-02,-2.655669368799520695e-03,-1.490858664815167722e-04
1.304852402275692019e-02,1.762444231147091908e-02,-2.430756074682296347e-02,-6.365405587404926110e-03
-4.343252464667606699e-02,3.663340863354908050e-02,3.668184828025815997e-03,3.130931185101253327e-03
-1.909590469554242262e-02,1.440576659067519362e-03,-9.471139495261550467e-03,2.712646753173642705e-02
-2.182706596781897393e-02,6.963476085904742215e-03,1.404763246696891232e-02,8.159574149452563990e-04
3.458652364647148408e-03,-7.370621520160876121e-03,3.159048027543655962e-03,7.529211279700686070e-04
-2.010142981746301100e-02,4.400839998773319744e-02,-4.185547148124253714e-03,-1.972142302214583212e-02
-1.875126291376968610e-02,1.354213910505560302e-02,-2.256441819899557277e-02,2.777354200770956391e-02
-1.565353081384174630e-02,1.049033907856272881e-02,-4.164699066612394425e-03,9.327890801891379827e-03
-2.219166322098933136e-02,4.323771556725952703e-02,1.472179768844940838e-04,-2.119327032315468720e-02
1.692080013601887645e-02,-1.017201533171091347e-02,1.214482942693655317e-02,-1.889361423124447797e-02
-6.834936935501309888e-03,-6.822923692422460350e-03,-3.893108106969051831e-03,1.755096873489276482e-02
-1.939822465088608672e-02,-1.232371624190167596e-02,7.485565634329657825e-03,2.423637525845819332e-02
-4.010081975561564233e-02,-1.310156376552301660e-02,2.395629581655371598e-02,2.924608770458491519e-02
9.545185255010928474e-03,-1.936463391412629464e-02,-8.066100427247124491e-03,1.788554908636248025e-02
2.448553959686978771e-03,-1.727074837738139246e-02,1.185371583888056302e-02,2.968478578813842864e-03
1.609138683560511207e-02,-2.556985296611369654e-02,-3.303439314585839611e-04,9.808810061967255384e-03
-7.445602283371116452e-03,1.522019609139171068e-03,-5.744975533414410987e-03,1.166855820764637827e-02
1.415338828259597899e-02,-1.190536634849753000e-02,-1.022669024173584323e-02,7.978668307637375168e-03
-3.557943291618629461e-02,1.501420782938905386e-02,1.137193444057193678e-02,9.193290646225303966e-03
-2.470346932612097618e-02,1.666988201968561123e-02,1.870859696988283168e-03,6.162727609447147051e-03
2.091046462591169414e-02,5.604208106145406980e-03,-1.004471236398045420e-02,-1.646996036807666167e-02
3.540812611518396463e-02,-5.664804955425228362e-03,-3.046828260533911842e-02,7.249614455803209991e-04
-1.588818938589575333e-02,1.084558009472743993e-02,4.313604230714718213e-02,-3.809343301597884618e-02
2.419060753535734465e-03,9.852187025943055093e-03,4.432625231719907952e-03,-1.670387301119870271e-02
2.360201876427012874e-02,-3.420802111385273098e-03,1.284663049050471101e-02,-3.302784714338971583e-02
9.856897685514528704e-03,-3.054753586527825249e-02,1.869882116308291611e-02,1.991817016680718332e-03
-9.422128189900571063e-03,-2.364311739030849902e-02,2.300974298141219079e-02,1.005550259879702153e-02
-1.546828411808318787e-02,-1.323186317742746504e-02,-9.214352848916486025e-03,3.791450014442714067e-02
-4.537883898520653214e-03,-2.000718803011203306e-02,6.586360069329071434e-03,1.795871185930369637e-02
-1.153537463233008514e-02,1.577301815575894934e-03,1.770073154971120791e-02,-7.742658732956968042e-03
-5.468493155831366526e-03,-1.260422018393452144e-02,1.636987331626357095e-02,1.702840023502314847e-03
-1.398182580981233679e-02,-7.451338212146291044e-03,3.378929071314460547e-02,-1.235612669118589003e-02
-2.649206449941495303e-02,1.373209480581985206e-02,3.693121703447175413e-02,-2.417124734087656990e-02
1.612975396547656343e-02,2.256871081111589197e-02,-1.337682884934221668e-02,-2.532163592725027515e-02
3.377674995026759119e-03,1.867198336617892362e-02,-7.146602116777930154e-04,-2.133499814952795337e-02
-2.356290332239191487e-02,1.955602688683018026e-03,2.351761661856606109e-02,-1.910315984857125860e-03
-1.297596783422714541e-02,3.848501265680135709e-03,2.268197579383998339e-02,-1.355450922529293639e-02
-5.553051812936864130e-04,-2.640192246136549917e-02,1.457499286422096058e-02,1.238223477843821904e-02
8.792966919496218031e-03,-1.278566962658970671e-02,1.671915239523807592e-02,-1.272644968814464275e-02
4.443716168069474469e-03,-2.476387479482660206e-02,2.719288089924859486e-02,-6.872722272491528853e-03
3.034873760546834710e-03,3.342008393924071792e-03,1.885602841812915667e-02,-2.523291057259999942e-02
1.338616919015612680e-02,-7.838495886135823584e-03,4.431090346670011650e-03,-9.978763650690220324e-03
1.211639395641159536e-02,-8.843956383963897175e-03,-4.931541384165754986e-03,1.659103811718059618e-03
4.531944350555610138e-03,2.634764189208135127e-02,-6.446330824454578508e-03,-2.443325541818240632e-02
-2.201712410147876886e-02,1.161035014590052622e-02,3.436508175840877199e-02,-2.395830780283060221e-02
-7.601429196227161081e-03,1.721841772278344396e-02,1.324072284473839427e-04,-9.749395755003675140e-03
-1.845202546078122605e-02,1.070409815304487235e-02,1.040060172381647267e-02,-2.652674416080084280e-03
-3.278603607043634183e-02,7.390537217326624553e-03,1.737300575100644145e-02,8.022493102103253268e-03
-1.075765832609194145e-02,1.250740692210748801e-02,1.045001316803504266e-03,-2.794749912819001394e-03
-1.478957542735665973e-02,3.904253909714862792e-03,1.646653165719039191e-02,-5.581210139548562453e-03
-4.905654897932156325e-03,1.960899346117158520e-02,-1.233826644092026782e-02,-2.365072122319217002e-03
-9.356113922907400779e-03,1.650032543459135914e-02,5.387771563096669519e-03,-1.253198307478071462e-02
2.456394976712160134e-03,1.057215929947834428e-02,1.191431701554176254e-03,-1.421998597774467091e-02
9.631845147274619573e-03,-3.039109988942006318e-03,-1.433977387503439574e-02,7.747038716701775546e-03
3.004459992752961731e-02,-1.900985219632916542e-02,-2.034615471226090475e-02,9.311406981060444191e-03
-4.434228259818758650e-03,-7.957393805580418450e-03,2.248234379987184423e-02,-1.009072173447268100e-02
-8.383881813304482067e-03,8.806718759356379697e-03,-9.062166307055084455e-03,8.639329361003172947e-03
2.439635061261164958e-02,-5.571635420826528268e-03,-8.808078815254385269e-03,-1.001663637653072043e-02
-1.615312607430934369e-02,2.324031010099541009e-02,-2.578511011343402690e-03,-4.508673015342704905e-03
-5.288961799960046131e-03,-2.151161366573242986e-02,5.721023751006820528e-03,2.107955171468569103e-02
-2.368062905423009776e-03,1.846817025238673554e-02,-8.844037269941429358e-03,-7.256070077022232223e-03
1.412934600709415262e-02,-1.141587265128358487e-02,-9.204171027357016532e-03,6.490697671546464403e-03
9.822862897474637922e-03,2.076818257492329262e-02,-1.235071932332946175e-02,-1.824032614906848093e-02
1.280755269368441009e-02,2.438346598472725026e-03,6.378805052708168971e-03,-2.162470434486530452e-02
1.163861938445595948e-02,-1.279636877893656696e-02,-4.171412728391192537e-02,4.287187667839247734e-02
-3.723469901533170423e-02,1.834432258698552934e-02,9.731450889022040876e-03,9.158925539324107995e-03
-2.250694074862087668e-02,-3.032627776551504936e-02,2.780577392111989454e-02,2.502744459301605925e-02
-5.643968161371075432e-03,1.550125048983796300e-02,-1.825580058945073386e-02,8.398518260983828948e-03
-6.238177534495577270e-03,2.780964276117930088e-03,7.379226118476192413e-03,-3.922012860098528751e-03
-2.646094472288070334e-02,2.653902960028065808e-04,1.457408968817977026e-02,1.162146473869812846e-02
-2.542881649351083628e-02,1.041091957828462269e-02,3.938927724482267634e-02,-2.437138032959666051e-02
-2.993235786795221762e-03,3.544727220351650675e-03,-3.539631019387795563e-02,3.484481876032161085e-02
-3.819830607847242345e-03,1.885196505039593920e-02,-5.577011614950997884e-03,-9.455122827597566698e-03
-1.274177109864570688e-02,4.932805766468932596e-02,-8.560690252509942783e-03,-2.802559631353354966e-02
-1.940782001605246415e-02,-1.595340122456224280e-02,-1.206179271298177605e-02,4.742301395359654198e-02
1.238471481545915139e-02,-6.858317254419293851e-02,5.982698492993262368e-02,-3.628527201198856068e-03
1.303101648676157492e-02,2.223429208001965335e-02,-2.054534898332041962e-02,-1.471995958346094223e-02
-2.032612909619478311e-03,-3.182627071702082838e-02,1.369831428812452734e-03,3.248905219782780018e-02
-2.847733953217808020e-02,7.885032603194523995e-03,-1.808790178843360267e-03,2.240109710782689154e-02
5.583282437245356417e-03,3.942443494582317277e-03,3.047092875504011679e-03,-1.257281880733168537e-02
2.125161545669325067e-02,-1.982522077066830452e-02,-1.772625382131768181e-03,3.462306961067708011e-04
4.509761402655037069e-03,-1.252186099241744954e-02,2.246773937098252988e-02,-1.445563978122011914e-02
-6.528717870065038967e-03,-8.138250303361391214e-03,1.043290924930796552e-02,4.234058924118434299e-03
-1.467418685330364701e-02,1.047048559809028376e-02,-1.398248392120558098e-02,1.818618517641886270e-02
5.934503349128472487e-03,1.009827916198487163e-02,-2.953697032743558132e-02,1.350418781632223460e-02
6.725498039443359929e-03,1.246023707402251456e-02,-1.558477399355228527e-02,-3.600961119913637359e-03
1.413535618349917112e-03,-2.636655878473466506e-04,1.433333944943767334e-02,-1.548320947994026239e-02
2.023179594334416700e-02,-8.820467312657325615e-03,1.445981900779892866e-02,-2.587114763848572668e-02
3.055737899843584057e-02,-1.741770105603512170e-02,8.212367185876302128e-03,-2.135204512827701406e-02
1.513293446765485301e-02,-2.945259059947468588e-02,2.192800392096051418e-02,-7.608347789140685637e-03
1.671057252877801783e-02,-1.805335679287318681e-02,1.045673045730957651e-03,2.971112183642353531e-04
7.640674686858655099e-03,-8.768360409893580232e-03,3.155499715458471091e-03,-2.027813992423549427e-03
7.570844102256794796e-04,-7.667500560237686807e-03,6.080908993538738580e-03,8.295071564732714583e-04
-4.897001892911122430e-03,-8.345279609791863423e-03,2.201200177579045250e-02,-8.769720273087458842e-03
-2.060687883026483119e-02,-6.984455136983395637e-03,2.908038968323535187e-02,-1.489055715987249286e-03
1.063522150620982388e-03,-4.953746990815152337e-03,2.616414102543332398e-02,-2.227391618523917247e-02
-2.806409702029200558e-03,3.505045892507203942e-02,1.048992771473729498e-02,-4.273397693778012429e-02
1.407208369700494680e-03,1.806175504003329838e-02,7.629042709935065537e-03,-2.709800611966886597e-02
-2.537402020319883336e-02,3.564800574848895481e-02,1.173144705233449426e-03,-1.144713025052371269e-02
2.699353985946206986e-04,1.586906192147687772e-02,-2.783633112585801993e-03,-1.335536420748564303e-02
1.745936197028901456e-03,6.867721271931565181e-03,5.400040310199840689e-03,-1.401369777916031470e-02
-5.364745884010858196e-03,2.207956832159042263e-03,-4.087220926929702181e-03,7.244009978781528088e-03
7.636577466979512429e-04,-1.412012803928788460e-02,1.503380506375679923e-02,-1.677334771166894391e-03
1.318632305792889065e-02,-2.187117116548240731e-02,6.683752952518900829e-03,2.001095155034652261e-03
-1.554746626563541408e-02,-2.034559092541469733e-03,1.424695436333411197e-02,3.335070994842796992e-03
1.336051268836487872e-02,1.676311714787646900e-02,-9.678460218588818761e-03,-2.044516961765249080e-02
1.828269074284631993e-02,-3.097882375792409063e-03,-4.351212236630905977e-03,-1.083359613042295458e-02
-3.404338650855224342e-04,4.152397318060362108e-02,-8.273973497355983225e-03,-3.290956581816199128e-02
-9.129699671194880725e-03,3.251939383225400937e-02,1.133652733905107270e-02,-3.472622150011025338e-02
-1.061734850445094323e-02,1.698229647298744524e-02,2.262106812259044152e-03,-8.627054780795624656e-03
-1.453538270555229488e-02,3.625782957309601085e-03,1.705698919950040734e-02,-6.147389451257712252e-03
-3.679461566911799292e-02,2.432896834222661106e-02,7.137517210959867103e-03,5.328130115931469651e-03
-1.533439470353310276e-02,1.901092084192465559e-02,2.286075598276392229e-03,-5.962601736667926845e-03
5.828990856880001022e-04,1.111347021112975807e-02,8.495114931402895572e-03,-2.019148422822060474e-02
-6.320870013395770738e-03,-4.364974755051436936e-03,1.046459385664426714e-02,2.212509118029710824e-04
-6.252830730342241999e-04,9.787378114660922473e-03,-4.783101856935977579e-03,-4.378993184690672773e-03
1.704563005052047581e-02,1.965795641825909823e-02,-1.313402558547320173e-02,-2.356956088330637925e-02
6.928919825287102943e-03,-8.899815939370486068e-03,-5.027897002022614636e-03,6.998793116105999496e-03
3.720500086559342008e-03,-1.437633728109025642e-02,3.415391856788520600e-03,7.240445337742412030e-03
2.260963942669693902e-02,1.722875546905495081e-03,-7.754154688428277140e-03,-1.657836028517417626e-02
8.205451900871362642e-03,-1.507415421845221051e-02,-4.402329190885111501e-03,1.127103150846596805e-02
-1.540696703532928348e-02,4.576648943644458928e-02,-1.317144753543284148e-02,-1.718807486568243309e-02
-1.621963704342623686e-02,7.692318750389970719e-03,1.518865007969740118e-02,-6.661331786661125499e-03
-2.009595123985289354e-03,5.158043611485150018e-03,3.720075509236794864e-03,-6.868523996736670273e-03
3.200046418063376419e-02,-8.127992164566293434e-03,4.569320650354249599e-03,-2.844179266642171341e-02
-1.097517992528043371e-02,-9.978278430022467435e-03,-1.711664250400692783e-02,3.807010085930991744e-02
3.419341088903753070e-03,1.865956876109020959e-02,-8.435946195655581736e-03,-1.364296365433843167e-02
2.128571164697822329e-02,-2.067217058779390396e-02,-5.664015173037148521e-04,-4.713954188060132751e-05
-2.644824234150651085e-02,8.644701580852500941e-03,1.438441690322819419e-02,3.419123857425909827e-03
-5.025908813841017952e-02,4.594551162784793474e-02,-4.404549479169305587e-03,8.718125989731408121e-03
-1.731865872917814908e-02,-9.604689070735576706e-03,7.743768749445953045e-03,1.917957905046774325e-02
3.090858378052914099e-04,1.222432552244667042e-02,1.315014425062366321e-02,-2.568355561087555528e-02
4.128332066648815468e-02,-7.870257319911715468e-03,-4.198705050026789454e-02,8.573987153691668694e-03
-3.516308987328602229e-03,-2.939388826763899079e-02,1.708125542949662885e-03,3.120207171201785229e-02
8.481653187601214533e-03,4.573794297086816035e-02,-2.586657954566746326e-02,-2.835301661280198796e-02
1.292979683072294390e-02,-1.804696250866498833e-02,-7.318305209902169423e-04,5.848996198932233936e-03
-1.717363930870205446e-02,-1.296507852296349510e-02,-1.625335269754508288e-02,4.639207052921054397e-02
-1.890973080862436151e-02,1.321447479506158811e-02,2.146451549540481438e-02,-1.576925948184202536e-02
-8.744209749123236716e-03,1.224356065648118594e-02,-2.108398512327380736e-02,1.758463421591597090e-02
-5.620505976798736286e-02,-3.140897232425018254e-02,3.487496189460435186e-02,5.273907019763311721e-02
-5.946620851023379705e-04,3.297961466198149477e-02,-6.967118884660083479e-03,-2.541783369221918207e-02
-2.191334852802688873e-02,-1.834648402625077904e-02,-9.716727610278204363e-03,4.997656016455576111e-02
4.723334873842890969e-02,-4.254858386742324527e-02,9.411641910806192723e-03,-1.409640678181198897e-02
-1.665618696668359072e-02,2.221393504800901406e-02,2.808725936971519666e-03,-8.366474018296871443e-03
5.533649074253718051e-04,-1.884828189236335133e-02,-2.532273863790573498e-04,1.854814437131709765e-02
1.674266557096399169e-03,-4.361594310893562518e-03,2.205184433574281736e-03,4.821433202228802574e-04
-6.013441323523449795e-03,1.079087134796137201e-02,7.878825408994061599e-03,-1.265625543343196387e-02
1.742049172785733666e-02,7.020083827129004923e-04,-1.086637788410574779e-03,-1.703586232215959992e-02
1.485076263514698187e-02,-1.156722712206427472e-02,-2.918111127814767593e-04,-2.991724400301221717e-03
4.687420109789376677e-03,3.253252728594489308e-03,-3.314974133422327919e-03,-4.625698704961583169e-03
4.191887291097548020e-03,-5.437658978715433945e-03,4.990064843468658418e-03,-3.744293155850788972e-03
2.125289452651376101e-02,-6.304038694389287045e-03,-2.197842337632415627e-02,7.029567544199736943e-03
-2.002233871458567165e-03,-4.893515307657162958e-03,2.172723483647367310e-02,-1.483148565735796162e-02
5.456050230480194441e-03,-1.246196294764393905e-02,4.514694330596921018e-03,2.491218386566817957e-03
4.900302454740781532e-04,9.407835017485398355e-03,-1.433099260945385617e-02,4.433127346494369035e-03
-9.676356442427031315e-03,1.016318528680755680e-02,2.042285551061172842e-03,-2.529114395441704397e-03
6.615851474108273324e-03,-1.759705856284088724e-02,4.708478328300538113e-03,6.272728760432060187e-03
-2.708110273548572366e-03,-2.103016616803588326e-02,2.413210032302989111e-02,-3.938238814454465397e-04
-1.464362752850956358e-02,-4.299556211775320755e-03,2.965386774627621833e-02,-1.071068400599141032e-02
-1.842523787979704827e-02,-4.037951310232810976e-05,3.303771333816172412e-02,-1.457209594526226101e-02
-1.557070228641727928e-02,4.872027025824021002e-03,1.088863167172362395e-02,-1.899564111303287241e-04
7.647477446459886169e-03,1.777270361805823040e-02,-3.600360123686611666e-03,-2.181982094083152399e-02
-3.911171743967734385e-03,5.452601195338551386e-04,1.068721651936676252e-02,-7.321304894932888913e-03
-4.033019295936769548e-03,4.687675352762913153e-03,-2.743029823254725802e-03,2.088373766428568319e-03
-4.714311013921598792e-03,8.744570439074171239e-03,4.360953821532336828e-03,-8.391213246684899735e-03
-2.217013384454456434e-02,1.778985264887235698e-02,-9.577472579377599785e-03,1.395775377504969265e-02
2.734063902044802687e-03,-5.201062360672211067e-03,1.118747231927921804e-02,-8.720473860651835676e-03
8.690844068372640535e-03,-1.706779818625162037e-02,3.861985206265429720e-03,4.514968911613560093e-03
-2.460747318284903576e-02,-5.888805049258463188e-03,-1.519134685132791105e-03,3.201541291724027682e-02
5.243227809339781435e-03,1.794397656227047361e-02,5.134454794619210810e-04,-2.370064985107214403e-02
-3.280745394543565954e-04,5.614231231108305145e-03,2.824862410098749046e-04,-5.568642932663807679e-03
-1.395976011894287973e-02,1.507890743327409792e-02,1.950589784243317651e-02,-2.062504515676447103e-02
-1.688810975339117421e-02,1.398245436435768298e-02,7.681926703697719398e-03,-4.776271314664225567e-03
-2.616193600812282902e-02,1.675988722921665239e-03,2.353007140958277704e-02,9.558758756183774116e-04
-3.123346343967492444e-03,-1.172936325213171788e-03,1.482310728098714357e-02,-1.052682461180647240e-02
-1.052367717208802303e-02,-1.835531025006911093e-02,1.086115590723583414e-02,1.801783151492125992e-02
-1.163658816939162725e-02,-9.214414765377047095e-03,1.368418441236168327e-02,7.166818522407049190e-03
-2.595303337238845983e-03,-1.377867225846779627e-02,1.087530757520373606e-02,5.498668020502879734e-03
-4.086981082775505147e-03,-1.820706425519790991e-02,1.267950463065087643e-02,9.614540707322486585e-03
4.008148886511154097e-04,-5.802781140107441402e-04,-6.265149959353250942e-04,8.059782212949704672e-04
3.952252884170518767e-03,9.672324768523634861e-03,1.031404282274825737e-02,-2.393862047544247085e-02
-2.395729672072602952e-03,4.984420761182694823e-03,1.426700426228082533e-02,-1.685569535139086819e-02
-2.064511421783826392e-03,2.839820324909553967e-02,-5.498823007207450687e-03,-2.083486882010431376e-02
1.755978530425942458e-02,1.341944724050619410e-02,2.535828652527973882e-03,-3.351506119729353445e-02
-2.898288103401142415e-02,3.702191746201106970e-02,-2.168054282949823282e-03,-5.870982145049807518e-03
2.561938007482774185e-02,-1.904960478512019925e-02,1.786328233336665142e-02,-2.443305762307431545e-02
-8.349431664747440293e-03,-2.396342276483947459e-02,-4.949757375118365240e-05,3.236235200333799356e-02
4.224723313825836518e-03,1.342204727441560948e-02,-1.115978868767930100e-02,-6.486981900562116370e-03
3.376702992580452034e-02,2.687491723614150556e-03,-2.706071837667134092e-02,-9.393803272747315233e-03
1.193605580034301158e-02,-2.818915760905832228e-03,-1.957496398136548618e-02,1.045782394192811514e-02
-1.520661342564114116e-02,5.827147244524258363e-02,-2.925163407155242229e-02,-1.381322494804899242e-02
-1.019144553094553617e-02,-1.173449410350902410e-02,9.723111520290589685e-03,1.220282811416394803e-02
-3.326481527708102098e-02,-2.678623798018228003e-02,2.790196097239098019e-02,3.214909228487242143e-02
6.477388919538191840e-03,6.774936348325740279e-03,-1.559183410800515923e-02,2.339508840141280022e-03
3.088044504933098230e-03,-4.415368383131163324e-03,-4.849413822493214496e-03,6.176737700691278289e-03
-4.886509607429080811e-03,1.446527498950010877e-02,5.239429779032411805e-03,-1.481819516110345972e-02
2.214738789239175266e-03,-1.002266619589041452e-02,2.456573667133785110e-02,-1.675780926468662876e-02
-1.364615311487589987e-02,2.918325846166281573e-02,-3.038586046886366035e-02,1.484875512207671153e-02
9.220394886632032579e-04,1.241457289297606507e-02,9.680067637012894355e-03,-2.301668001865219554e-02
9.336738691029891971e-03,1.091581606815928557e-02,1.603248327218413866e-03,-2.185580308640756864e-02
-1.124358846091112578e-02,6.851764889118495960e-02,-3.261362995426297928e-02,-2.466043047601084587e-02
-8.562872934973979333e-03,2.134867246058565898e-02,-2.304149714005703994e-02,1.025569761444524580e-02
3.821235776881105883e-02,-1.699683077963944425e-02,-1.481516161513004443e-02,-6.400365374041626539e-03
-2.609918330559930777e-02,-4.556191520311609136e-03,1.574043250355116122e-02,1.491494232235977477e-02
-1.034962476689814392e-02,1.983900969545551295e-03,2.537432880869056051e-02,-1.700860501133791974e-02
-5.391387707110253252e-02,-3.711218260042351003e-02,7.730198747038911911e-02,1.372407220113695814e-02
-1.239748532327538712e-02,-4.237508864962406807e-02,-1.784992736245452627e-02,7.262250133535388952e-02
2.957266830553971493e-02,1.154121407283799534e-02,-2.399347652360436095e-02,-1.712040585477332677e-02
-1.103471359619664569e-02,7.108993383547764812e-03,-1.159394288423446981e-02,1.551966309688338104e-02
3.491499249555408274e-02,-1.861097118545739643e-02,1.552356035732324396e-03,-1.785637734582912889e-02
3.168772643762468588e-02,-6.727880796004885589e-03,-7.553541650739927643e-03,-1.740630399087993510e-02
-2.929438096050435841e-02,2.717832095839532724e-02,1.213414038858044719e-02,-1.001808038647152010e-02
1.525442993578314359e-02,-3.316932689328418171e-02,-7.090470395036406991e-03,2.500536735253746853e-02
1.226532486870927571e-02,-2.339774031581825370e-02,7.237455347699123026e-04,1.040866991233896886e-02
4.928952660216020208e-03,7.391751146717988677e-03,2.120037465118941242e-02,-3.352107845812335452e-02
2.191132501483042394e-02,-7.799145476228207426e-03,2.052333446241160278e-02,-3.463551400101380628e-02
1.466002162526752793e-03,8.326013969215718263e-03,9.721237273649126556e-03,-1.951325340539154796e-02
2.856838950807785368e-02,-1.096609432658576452e-02,8.045821616696445522e-03,-2.564811679818862142e-02
6.213597497534754238e-03,-5.433302601080102455e-03,4.490299576911877324e-03,-5.270594473366532577e-03
1.211282085594846472e-02,-1.218309122683614541e-02,-1.748815157047268554e-04,2.451518865923891697e-04
1.241534486240781533e-02,-1.575177596044302630e-02,-9.992242578995365679e-03,1.332867367703055583e-02
-3.539185321598667215e-03,-1.377894287537463625e-02,1.176837384478774014e-02,5.549754352185559854e-03
-2.411444986514237748e-02,-9.238347388358816512e-03,3.210789859907065003e-02,1.244898654430637644e-03
-3.266508952056793730e-02,-1.282194147641061571e-02,2.656042374511655493e-02,1.892660725186200155e-02
-1.779878929342836730e-02,1.565108367799480032e-05,-6.636612136528311726e-04,1.844679942340323245e-02
-7.115027505092111695e-03,1.288148867844561432e-03,1.402983695199354472e-03,4.423894942048214006e-03
-3.009645993212660409e-02,-7.108905645180504940e-03,-4.256986017106011849e-03,4.146235159441304802e-02
-2.379718781640231817e-02,-2.081056897425996935e-02,8.995305058907077447e-03,3.561245173175511120e-02
-1.878477502016228859e-02,-9.777772881823697942e-03,-3.575763768783666099e-03,3.213831167076964396e-02
-2.896490205067686965e-02,-1.891135003889457197e-02,-9.592996886196745662e-03,5.746924897576825841e-02
-1.132587292625798422e-02,-1.734973346750959267e-02,-5.691470075828551460e-03,3.436707646959621942e-02
4.285533567736457571e-04,-1.926818560260174992e-02,-2.500589607531145120e-02,4.384552832113941534e-02
-2.616014260233326741e-02,-3.416063780961933142e-03,-7.215208470973909910e-03,3.679141485426916380e-02
1.503106824039069115e-03,-2.266872699172302330e-02,-5.548606503728819271e-03,2.671422667141287385e-02
-4.525316062547330744e-03,-3.688192025038935628e-03,1.064848656311909690e-02,-2.434978475532803641e-03
-1.929118342729576338e-03,-1.902378402665816370e-02,1.346751297041531327e-02,7.485389398972377116e-03
-1.430814511840265528e-02,-2.753547346771000656e-03,5.139265798383446660e-03,1.192242666679014726e-02
-3.582930574795059869e-03,-1.002902662579028235e-02,5.429295689588132037e-03,8.182661510997175924e-03
-4.585792188286823626e-03,-1.753126829474329490e-02,1.992803066956086097e-02,2.189029813469302657e-03
-3.218666310321843219e-04,-2.658556812757434037e-02,1.664355511027655957e-02,1.026387964832999738e-02
-1.438239848927765248e-02,9.222198807523648671e-04,2.566397545336982985e-02,-1.220379684484455829e-02
-1.451329248711868622e-02,-5.446211446508398245e-03,2.804808785755622327e-02,-8.088583923929224678e-03
-4.046816270948027858e-03,1.054692316439301107e-02,3.791682995024487062e-03,-1.029178988846949500e-02
1.363007987339937954e-03,2.194638957454543571e-02,-2.040751889794683617e-03,-2.126864567209072951e-02
1.215464066399990321e-02,2.051468146275253063e-02,-1.307343619733762120e-04,-3.253858776477904641e-02
-2.707757920299360896e-02,7.031670326521545326e-03,5.027541965402911733e-02,-3.022951077755710314e-02
1.217592304976683817e-02,-2.009278409244360034e-02,4.025823773606344337e-03,3.891037269070426064e-03
9.505644424753460428e-03,-7.159652727227281722e-03,-1.878251946752780913e-02,1.643652777000172496e-02
1.857004897271647206e-02,1.958985652073468031e-02,-1.457218795107102435e-02,-2.358771754238014190e-02
1.907167513242287102e-02,-1.505048083440750986e-02,-7.133591639203726298e-03,3.112397341188372080e-03
7.460839751322643348e-03,2.423970038920006398e-02,-1.456770099788435961e-02,-1.713283914263838414e-02
-4.672362131628686466e-02,3.903777289149685387e-02,-1.410994938972399276e-02,2.179579781451428805e-02
3.060500426096141383e-02,-8.982193707889229300e-03,-7.501832856617647420e-03,-1.412097769645464206e-02
-1.372739458544617415e-03,-1.790635422604780480e-02,2.542353444523446065e-03,1.673674024006893690e-02
-2.760165616995578081e-03,-2.649196176925581320e-02,-1.498853088520882542e-03,3.075098047477235058e-02
-8.993286694144869697e-03,-2.042567897670167359e-02,5.606782793474350719e-03,2.381218287737216915e-02
-3.227626698002223488e-02,3.667518836842240115e-02,2.299601454533576825e-02,-2.739493593373617045e-02
-8.953200539534470620e-03,-9.190065080562117824e-04,-4.058075208103067294e-03,1.393028225569378602e-02
7.546081032939413839e-03,-2.681592767573698355e-02,-1.532477990503716518e-02,3.459462654783468372e-02
-7.847747051656698419e-03,1.936253180032740384e-02,3.107806703822651919e-03,-1.462259145249331614e-02
-2.617320560713363130e-03,-7.956340793197106201e-03,1.050559514941474745e-02,6.806620449573545805e-05
-1.031902629947351914e-02,2.187095609769051582e-02,-2.319999245576595190e-02,1.164806265754886674e-02
-1.660811608961437758e-02,1.300244655366491510e-02,2.268247348210139167e-02,-1.907680394615193439e-02
-3.633660863674146452e-02,-2.077492976513506742e-02,7.748618710665501619e-02,-2.037464870477864731e-02
1.313785964946420116e-02,1.698529203378734004e-02,-4.826771211945130383e-03,-2.529638047130638653e-02
1.020411144824041882e-02,-1.724890731196178015e-02,2.646685742643636440e-03,4.398110121077845013e-03
-8.919216581458794951e-03,2.371616139240599608e-02,-2.154721792901078889e-02,6.750273118063742153e-03
-2.715007586777972229e-02,4.761778276534014975e-02,1.440470110721411758e-03,-2.190817700828178935e-02
-1.732995644568665131e-02,4.609246162346449655e-02,-1.847394057705342707e-02,-1.028856460072439041e-02
2.579723184635847669e-02,-1.203139678514779029e-02,-4.532538639566913337e-03,-9.233296421643704538e-03
-3.350323442117236067e-02,-2.613427977905707217e-02,6.226317329928560129e-02,-2.625659099056229170e-03
-2.412024480592661960e-02,-3.001597903423589356e-03,1.564288795772204171e-02,1.147895475162819499e-02
2.233148099341552076e-02,-2.192307681480237455e-02,-1.406013257168562932e-03,9.976090785554316866e-04
-5.275529767259293235e-02,-5.916228400893149345e-03,5.874314861279366501e-02,-7.162253930751172088e-05
-2.528448082316158557e-02,-3.241560688925482214e-02,9.502312215018323197e-03,4.819777549739801686e-02
-1.865442583754374842e-03,6.900428719712376618e-03,-1.664531690413530857e-02,1.161033076817737444e-02
1.758688809699923651e-03,3.184316009501105688e-02,-2.104822020530592794e-02,-1.255362869940512480e-02
3.008673290784685470e-02,3.946196661515312593e-04,-2.047330969163066450e-02,-1.000804288236774656e-02
1.547789152334336574e-02,-2.129733887995844364e-03,2.410284656896545356e-03,-1.575844229224407714e-02
1.829697601183456063e-02,-2.222847502061929895e-02,7.173856128854499276e-03,-3.242357120069723660e-03
7.156213320273037068e-03,-1.295331387251632063e-02,1.583280044660441768e-02,-1.003569989436118269e-02
4.095828134917872156e-03,1.683477189248012637e-02,1.102647559239138333e-02,-3.195707561978942957e-02
-1.193452767463953380e-02,6.075629316916558676e-04,3.927550424280178837e-03,7.399414318667665164e-03
-1.012660771178657687e-02,-1.699545543509207654e-02,7.785371188535489435e-03,1.933669195834326199e-02
1.195789870483142652e-03,5.243605848643534927e-03,-7.148637221899049703e-03,7.092415027723535841e-04
3.037665873950454697e-03,-5.093036186762613625e-03,1.375981853314430479e-02,-1.170444822033216842e-02
-1.651994065449133645e-02,-8.308177330322477627e-03,3.537726169127675818e-02,-1.054914370646309503e-02
-9.769934104184146637e-03,-1.188289801043171910e-02,2.599612775251172736e-02,-4.343295637895889377e-03
-8.543510561760798289e-03,-2.254648274291263469e-03,2.237811067175225765e-02,-1.157995183570016684e-02
-1.836359829569767996e-02,2.098963846407787825e-02,7.543362517473618280e-03,-1.016940268585384347e-02
-2.289161403602363309e-02,-3.464671769700256553e-03,1.915553428090888827e-02,7.200751524815051687e-03
-7.324055472981726156e-03,-8.709457840003939980e-03,6.055192441635193733e-03,9.978320871350483678e-03
-1.121522696537663932e-03,-6.597111411987292492e-03,6.202050798721275501e-03,1.516583309803669647e-03
-8.026809812548506978e-03,1.030427343186079373e-03,4.839886126330740198e-04,6.512393856729364536e-03
-7.534138220097855859e-03,2.229813609592126104e-03,-3.501231360865681569e-03,8.805555971371404819e-03
-4.100000863501498082e-03,-3.217611698693065205e-03,-1.923698473834643818e-02,2.655459730054102532e-02
-1.129968751759702350e-02,1.213041681837069867e-03,1.699715298901331934e-03,8.386930536858629506e-03
-2.633307934063823519e-02,-5.080005573141426991e-05,2.632020352928635121e-02,6.367586708334478369e-05
-9.979321413446384098e-03,3.107676910419312696e-02,-7.749654522368404526e-03,-1.334779316837833574e-02
-9.029684586093884857e-03,1.026683636642597777e-02,-2.705866209071649663e-03,1.468714428739612910e-03
4.763756054351050637e-03,-2.020639647277578180e-03,-8.896461441062545467e-03,6.153345033989128521e-03
6.322806169616163388e-03,-2.504248279553131663e-03,-1.014510350904352341e-02,6.326545618980462631e-03
1.709775381635252446e-03,1.768873650601265543e-02,-6.658397968222419701e-03,-1.274011391942544806e-02
-4.959150263637198720e-03,-4.061101150925311432e-03,1.831880335066680965e-02,-9.298551936104286486e-03
-1.049965110796750520e-02,-5.365981604248496427e-03,3.354099466717028188e-02,-1.767536195495427245e-02
1.535539890251181455e-02,-1.603461472530577636e-02,1.165972731824771805e-02,-1.098051149545381695e-02
-5.458757018755816190e-03,3.064974068748758246e-03,-1.930981148910119061e-04,2.586881064898078741e-03
-2.477351709395228183e-02,7.618564235681250969e-03,-4.297474366499878969e-03,2.145242722477088901e-02
7.985743130619721644e-03,3.081065822346594138e-02,-1.573772588673985617e-02,-2.305867546734582593e-02
3.023932720140904210e-02,-8.534525350353865114e-03,-1.648450764007082514e-02,-5.220294210984421229e-03
1.256025750087980293e-02,-1.064529868258169351e-02,-1.178493810257970863e-02,9.869979284281642576e-03
-1.246979298716073721e-02,2.820919279490825479e-02,-2.085732621404559270e-02,5.117926406298113282e-03
1.768599454221755213e-02,2.993039649959831905e-02,-2.387764156681521088e-02,-2.373874947500061866e-02
2.786296218563646954e-02,-1.774549861881051516e-02,-3.724181783234474692e-03,-6.393281783591396421e-03
-1.499260429164836136e-02,-3.391585218960765230e-02,6.168029898389292866e-03,4.274042658286689861e-02
2.983706246063667217e-02,-1.736630691229478635e-02,-1.067146988109839677e-02,-1.799285667243404052e-03
4.678034442533536043e-03,3.040027834844797813e-02,-1.117925604829415540e-02,-2.389905674268733363e-02
-4.110890831732100237e-02,4.398758181950011142e-02,1.775577586323044688e-02,-2.063444936540953858e-02
-2.006746421321473767e-02,9.084585865886724357e-03,3.585675536248803582e-03,7.397202811079147712e-03
1.740373584269274158e-03,9.216161193198693646e-03,1.536283735401073464e-02,-2.631937213147868965e-02
-2.148859567758291608e-02,-5.097858013395932184e-03,1.365488079892045702e-02,1.293157289205836523e-02
2.081888211149978546e-02,-5.009127480755888595e-03,-1.059742700774563527e-02,-5.212327622998165315e-03
-4.264200736510669054e-02,1.353982500561469113e-02,3.672325776451709073e-02,-7.621075405025217082e-03
-2.803887669509846914e-02,2.182834858813249845e-02,2.789765216617866046e-03,3.420762890348048695e-03
-7.671743543122272815e-03,1.257775802915600018e-02,-4.659189715785875228e-03,-2.468247702478250827e-04
2.913281059185069202e-02,-2.727846853507291669e-02,-1.290351979400246318e-02,1.104917773722470867e-02
1.520329828208681448e-02,-2.512138024109119086e-02,2.213355176869207658e-02,-1.221546980968774010e-02
1.091347256547683942e-02,-2.434972411761376822e-03,5.227404795260990472e-03,-1.370590494897645437e-02
-1.963511332427690312e-02,-3.783531193635725209e-02,6.581254722431005566e-02,-8.342121963675799834e-03
-1.335919387485772457e-02,1.306193125494430930e-02,2.500762505920975723e-02,-2.471036243929631074e-02
-5.984134742901145443e-03,-1.370184467617076816e-02,1.430592140150950195e-02,5.380058017562447219e-03
-3.102327111784885724e-02,2.490059953510981305e-02,-9.278407210021098403e-03,1.540107879276023800e-02
-2.688475683761639215e-02,1.552723297704025791e-02,8.809397599987160710e-03,2.548126260589069370e-03
-1.389378416396983354e-02,-9.465137071935371058e-03,7.803602390089398912e-03,1.555531884581581870e-02
-1.756569656521353787e-02,5.135597360098987513e-03,3.130779478215058031e-03,9.299319726899468036e-03
-1.992730232200868191e-03,4.474697486199192414e-02,-2.161248390794609162e-02,-2.114176072184489885e-02
2.733410442695147213e-02,6.068762176622057372e-03,-1.037109782777027520e-02,-2.303176877580323870e-02
2.251848031813515408e-02,1.045847809536736527e-02,-2.125962427342864558e-02,-1.171733414007385642e-02
-2.076641047595840714e-02,1.181132998725266912e-02,1.738580027700210862e-02,-8.430719788296302947e-03
2.099162580553837112e-03,2.352943993383979984e-02,-6.813597147428792494e-03,-1.881500536696485010e-02
-1.126225967947961336e-02,-1.889550763227057853e-02,2.916682032172042763e-02,9.909469900298123989e-04
2.036990422314503488e-02,4.913978501174663671e-03,7.494553339672976530e-03,-3.277843606399270804e-02
1.669752138778754155e-02,-1.372795706356742113e-02,1.832976160854623074e-02,-2.129932593276628872e-02
1.944957259070841105e-02,-2.953318024103186723e-02,8.089209891891668142e-03,1.994397758431778502e-03
7.394763175805485131e-03,3.328159843356451320e-03,-1.510271976027974597e-02,4.379796741117781764e-03
1.335933514564194118e-02,7.275721396604724507e-03,-1.506591774178503602e-02,-5.569138800461625322e-03
3.439637644888691656e-03,-6.095120021269705493e-03,-1.421201446098672300e-02,1.686749683736769867e-02
-1.969911320845823752e-02,3.450165389682502241e-03,-4.579924434946843273e-03,2.082887225372262105e-02
1.483840383994159198e-02,-1.049960991037300270e-02,-2.007336474159925055e-02,1.573457081203072719e-02
2.741705834985869519e-02,-4.278659108556257668e-02,-3.004642783603471250e-03,1.837417551930727033e-02
5.699146909753378086e-03,-3.047576196489947681e-02,6.932005654948074705e-03,1.784460940019808040e-02
6.471693796952397888e-03,-3.665050725993571762e-02,1.482944879964696698e-02,1.534936466333642127e-02
3.796081344738707827e-03,-1.615898678737119967e-02,5.803426500705140961e-03,6.559478941927379507e-03
-1.554851991031674235e-02,1.107109455637510578e-03,4.314290178173931477e-03,1.012712027650530984e-02
-4.085065827589664383e-02,-1.522639853631827314e-02,2.563530412215266063e-02,3.044175269006231879e-02
-2.935123430776535869e-02,-1.730626501593082039e-02,3.605999193748694875e-02,1.059750738620922512e-02
-2.887873650322319088e-02,-4.820137554115627894e-03,6.115258964196456336e-03,2.758361509314230520e-02
-4.911045065718787350e-02,1.224739295643661845e-02,1.425065257017839662e-02,2.261240513057288445e-02
-5.996772867338100166e-02,5.502686771101179992e-03,1.485090216638733883e-02,3.961413973589249932e-02
-1.558026418970139514e-02,-7.691888001910254097e-03,-1.140552043953541386e-02,3.467767263114700238e-02
-3.152133454397873513e-02,-1.548234491279590688e-02,-3.155408997528716050e-03,5.015908845430347429e-02
-1.504580300247895623e-02,-9.867230119325927015e-03,-1.275503101494814169e-02,3.766806413675300585e-02
-9.797349320714361653e-03,2.724568880675265481e-02,-4.142998061333916238e-02,2.398164112730093167e-02
-1.234697472984961665e-02,1.344925029451210161e-02,-5.683682854528054017e-03,4.581407289865549980e-03
-2.299237250448562479e-03,6.004318740706491610e-03,-1.941076671971286860e-02,1.570568522945502143e-02
-1.413313170990759121e-02,-2.889947314882690063e-02,4.433694727850116292e-03,3.859891013088434519e-02
-6.672112892334997568e-03,-9.170289631998531504e-03,8.695270309843353834e-03,7.147132214490166564e-03
7.937407808984428548e-03,-2.968298218743001954e-02,8.772994858519789219e-03,1.297257951992574626e-02
2.685685137687601493e-03,-2.104258839829559538e-02,-2.446325428953396303e-03,2.080322868956138022e-02
-5.768327212752976003e-03,-1.579463239453133411e-02,9.598066650849999479e-03,1.196489295643429242e-02
-8.955313236895735135e-03,-1.724275074975807967e-02,8.528775734892107829e-03,1.766928825176171738e-02
7.134978674400218983e-03,-1.228421747082787934e-03,-1.213576059256971269e-02,6.229203665252277741e-03
-3.599447513641842143e-03,-1.736966132904380761e-02,8.657237100805181829e-03,1.231187174188039246e-02
1.641362782738107692e-02,-3.337000133056771539e-02,-5.147469004635947011e-03,2.210384250782259502e-02
1.696593403521500648e-02,3.336275224973848236e-03,-1.101288232839968406e-02,-9.289326931789149838e-03
2.936122694380349785e-02,-1.354420720478951949e-02,7.568351423032683607e-03,-2.338537116204669059e-02
4.483708190454152587e-02,2.854439565765014286e-02,-3.635330437118382274e-02,-3.702817319100770027e-02
-8.245319608981034956e-03,5.378737085464769391e-02,-2.050165324585044233e-02,-2.504039799981611428e-02
-4.421867405365669662e-02,4.559845637573917143e-02,1.888136572145224581e-02,-2.026114804353484553e-02
2.922582232449613335e-02,-1.651371034458415377e-02,5.238394690847738774e-03,-1.795050667075980336e-02
-1.473298834444023396e-02,7.414339664784435550e-05,3.770873516805416797e-02,-2.304989022026169079e-02
6.944265556574709744e-03,1.119546131130675151e-02,-1.643599449968556614e-02,-1.703732368195943255e-03
1.920954878546198008e-02,1.851290479008918174e-02,-9.457989073312278103e-03,-2.826446450223892015e-02
-3.099015450363572927e-02,-1.436293561063804909e-02,3.346282922782695124e-02,1.189026088644686181e-02
-2.575452144195115867e-02,1.927747836062209189e-02,5.693085291720371456e-03,7.839577896087261168e-04
3.491970989670176162e-03,-6.524241712233102425e-03,1.060098212980738371e-02,-7.568711407244447034e-03
-6.178926732335512061e-03,1.726982617407813933e-02,-2.133916463257998566e-02,1.024826519083733324e-02
4.590773391941610493e-03,4.220523717095170033e-03,3.549958340159994549e-03,-1.236125544919675252e-02
2.162483870172439079e-02,-1.366341657650041626e-02,-1.016440565404216900e-02,2.202983528818200972e-03
5.072005258469350179e-03,-1.291382346053055429e-02,5.659742627226703460e-04,7.275843939338562383e-03
2.378448429849897450e-03,1.691767872433821637e-02,-1.902132638375481077e-02,-2.748007704332701439e-04
-9.348735142452178903e-03,1.725946501206912162e-02,1.301032202065040451e-02,-2.092105189026735937e-02
-1.280142929188279877e-02,9.908452081009960777e-03,2.325212969654716355e-02,-2.035915248567426658e-02
1.068360299954014894e-02,-2.910768749338811870e-02,1.281353145854468960e-02,5.610553035303177810e-03
2.154050117805090744e-02,-1.830001715149688971e-02,2.037975038053938936e-03,-5.278459064607942362e-03
1.538124548334655027e-02,-3.291647956777351419e-02,-1.961417000130418809e-04,1.773137578443991988e-02
-1.340624090126050702e-02,3.412262370454600957e-02,-1.485023234324761576e-02,-5.866150460037833012e-03
-5.725987973891279864e-02,-5.666653197911053659e-03,6.466394188203718196e-02,-1.737408945213626951e-03
-4.577439993392177532e-03,2.162420906003439253e-02,-1.862085937569384064e-02,1.574090309051587267e-03
-1.776095870476090618e-02,2.087959996141477807e-03,6.584565733851736012e-03,9.088432974767631650e-03
4.877361195341899970e-03,1.286736565496838375e-02,5.797325298806610405e-03,-2.354205214911685856e-02
-3.194958989374497606e-03,9.744801042482819980e-04,3.727677919445801166e-03,-1.507199034319576993e-03
1.786241390662504994e-02,-2.671196498125186745e-03,1.186876930428247025e-02,-2.705998671278226492e-02
-1.241460471790285965e-02,5.306731905472659300e-02,-2.946146858522455739e-02,-1.119124575159916729e-02
3.032767358976195399e-02,-1.052515425124879098e-02,-5.525497100697916025e-03,-1.427702223781521923e-02
2.219833958945792093e-02,1.360299599474488683e-02,-1.224633476153443035e-02,-2.355500082266829068e-02
2.640546947791658650e-03,3.589921831551770581e-02,-5.333694980851545753e-03,-3.320607028245770725e-02
1.194680898749848723e-02,1.447573839798150901e-02,-4.804730861715362372e-03,-2.161781652376463386e-02
2.197111170047696266e-02,4.168185365931238034e-03,2.144127824109047942e-03,-2.828342489051725167e-02
6.854313813364191002e-03,-1.108253402876124491e-02,1.264452791874683298e-02,-8.416307703349787742e-03
-8.344220564992732569e-03,-1.514067368590154596e-02,1.439574314979331394e-02,9.089151101100917743e-03
-1.605358491805761352e-03,-1.418898896736964926e-02,2.831179204309408875e-03,1.296316825486599003e-02
1.321608692402693498e-02,-2.015631005385901467e-02,4.225196216816841897e-03,2.715026913015226081e-03
1.752928924405705233e-02,-1.218923211064712984e-02,-2.343849152554571685e-03,-2.996207980855373348e-03
1.285010335476377205e-03,-5.716985763046748131e-03,-1.801956414249530902e-02,2.245153957006561576e-02
2.187652413057239800e-02,-2.476295299645745948e-02,-2.793197517444033669e-03,5.679626383329109025e-03
1.201829199050473938e-02,4.412606955772231123e-04,-6.240907691665418915e-03,-6.218644994416538431e-03
1.597548498158762528e-02,-2.137048262352474540e-02,-1.238958039290364091e-02,1.778457803484082347e-02
8.441351183542453521e-03,-2.417366529329717864e-02,-2.874957944395941582e-04,1.601980990419437853e-02
1.320063869429150862e-02,-1.385101398953062640e-02,-6.255866254884999943e-04,1.275961920727588074e-03
3.728948035050666954e-03,-2.013166325861109884e-02,1.194753435100518422e-02,4.455180872555236822e-03
8.239230142515714672e-03,1.255006989761748605e-02,2.581956345052471239e-03,-2.337125638518572357e-02
1.691178275222380905e-03,-4.821260833923917723e-03,-3.501156402139504482e-03,6.631238960841039781e-03
1.605801149067159067e-02,-1.556502338933607801e-02,-3.973429017734153232e-03,3.480440916398598507e-03
1.969805732925901734e-02,-1.428884622121848712e-02,-2.081054862314123816e-02,1.540133751510064548e-02
2.447083787073276936e-02,-2.558165854434116260e-02,-5.102551821698838620e-03,6.213372495307250935e-03
3.634902745167088028e-02,2.756328262404324908e-02,-3.223981246704521464e-02,-3.167249760866890085e-02
-4.132871228345743990e-03,4.756501594130085192e-02,-9.056659584304320096e-03,-3.437548512865081646e-02
-2.695268507056152070e-03,1.869165458126527055e-02,-8.640487559976674919e-03,-7.355898514232385443e-03
1.022407568023650341e-02,8.272817478881765857e-03,-3.638503057703892235e-02,1.788813741792071380e-02
1.941632318766835924e-02,-9.016034085004568841e-05,-1.969462554635735205e-02,3.684626995391553452e-04
4.815937773662934233e-03,-5.953067409634558299e-03,-9.643669328474211919e-03,1.078079896444583512e-02
7.107443775892329299e-03,3.773413175434998327e-03,1.320361941982998479e-03,-1.220121889331031786e-02
-2.019677220808093962e-02,-9.107064656187656079e-03,1.121961606517178113e-02,1.808422079909679375e-02
6.361334378323897989e-03,-2.857949986070487669e-03,4.052220428260640099e-03,-7.555604820514036542e-03
2.501162700073331427e-02,2.873472782776125348e-03,-1.313087596456752500e-02,-1.475422381894191462e-02
-7.893961371185318279e-03,6.211582743578846280e-03,5.345301935864539729e-03,-3.662923308258049081e-03
1.303188164970942725e-02,-1.015129775697949654e-02,-2.272811040523388046e-03,-6.077728522065087248e-04
-3.109649151507331340e-03,2.616741331599125881e-03,3.069159549067836806e-02,-3.019868767077028490e-02
3.362310813184062053e-02,-9.120962565626828181e-04,5.485121395977284736e-04,-3.325952401487576593e-02
5.310084829067154844e-03,1.703600969528637488e-02,-8.495732858203300288e-04,-2.149652123853325672e-02
2.406705748016822397e-02,1.890005873674003786e-02,-5.780522541954666652e-03,-3.718659367495357609e-02
2.871919001205411326e-03,2.091284591293664577e-02,4.754766939886048011e-03,-2.853953185402825429e-02
1.044689875557912317e-02,2.899096024630698834e-02,-1.558820912525853836e-02,-2.384964987662761826e-02
-3.369778515630996590e-02,1.154270639599005305e-02,2.351696586204711850e-02,-1.361887101727073373e-03
-1.511638220485589899e-02,1.931925066617707840e-02,2.772048455980835255e-02,-3.192335302112938450e-02
8.976117979442194486e-03,-1.751789841142287196e-02,-8.099091311987844516e-03,1.664087174396850985e-02
3.254449926089323514e-02,-2.300837977203991705e-02,-1.191797978895254954e-02,2.381860300099145587e-03
3.365853306680657159e-02,-3.547772502896343050e-02,9.643853175687253781e-03,-7.824661213530299461e-03
1.926081188392912008e-02,1.384122685977267990e-04,-1.791072899858901085e-02,-1.488495153937934067e-03
1.518573778465717901e-02,-1.652503778926152703e-02,8.580639249883231442e-03,-7.241339245278940670e-03
-1.702126994922708442e-02,4.315314468825975913e-02,-2.533511301895717636e-03,-2.359836343713684476e-02
-4.677946101530956052e-02,3.109668577822561480e-02,1.800285165410530491e-02,-2.320076417021274626e-03
-2.734982240089641262e-02,-3.990265695544392699e-02,-1.894240449082032138e-02,8.619488384716081364e-02
4.260472795623845843e-02,-2.500924921430622977e-02,-6.382596471490301591e-03,-1.121288227044186202e-02
1.762621502447603988e-02,-2.305275121849771885e-03,-4.372598864141949947e-03,-1.094834103848432889e-02
-4.900059463880659244e-02,-3.249994125927498784e-02,9.394855746431107768e-02,-1.244802156622962057e-02
1.690274228100160795e-03,3.041796571609983388e-02,-9.177826660545234869e-03,-2.293041328365484285e-02
-1.728148740831011651e-02,4.076319455969081712e-02,-5.960173067506352972e-03,-1.752153408387431555e-02
-1.677604873868381724e-02,3.331938411013431189e-03,2.499969127774857164e-02,-1.155558095007817518e-02
9.447585151341074752e-03,-3.836922584587389856e-02,-3.258661979441476210e-03,3.218030267397418293e-02
2.983261236501666414e-02,-6.202854789117293261e-04,-2.502889151653921174e-02,-4.183435369565783463e-03
-1.431806989586331506e-02,-4.179023926079586393e-02,4.261905809458552824e-02,1.348925106207359524e-02
-1.607433197260811630e-02,2.816594387813668027e-02,-1.374668397290176869e-02,1.655072067373176319e-03
-2.350463464176342013e-02,1.002263354304404677e-02,1.543965542697890540e-02,-1.957654328259588426e-03
1.854990883581738095e-02,1.446430337752117792e-03,3.044886685174562607e-03,-2.304122585874413681e-02
1.418995885503865004e-02,6.032777447818143263e-03,-9.718029558971568241e-03,-1.050470674388523026e-02
3.986613165663351922e-03,1.726528123558594696e-02,1.744594174724781524e-02,-3.869783614849699183e-02
-2.405083444797019663e-03,2.474363748512823161e-02,-2.689092237285819684e-02,4.552368332526908132e-03
1.351141288848675161e-02,1.853348696083842798e-02,2.131264743013889899e-03,-3.417616459233918658e-02
-9.755891034846314244e-03,9.356416125460516320e-03,1.771726620113792811e-02,-1.731779129175207987e-02
2.287474559321209244e-02,-8.375124871302194740e-03,-8.476020524342280441e-03,-6.023600197567637211e-03
1.512774874089792450e-02,2.492650555610403246e-02,-2.613289881920132646e-02,-1.392135547780059060e-02
1.310921832239923465e-02,-8.112355127147068828e-03,1.054851475928679592e-03,-6.051714671180840645e-03
2.658606225962631756e-02,-1.256660785930039000e-02,-9.120972782568551387e-03,-4.898481617757435153e-03
2.366257739241330038e-02,-2.006681666576944426e-02,2.900740623495851045e-03,-6.496501350139788702e-03
1.841929735431025242e-02,-2.019792340899979541e-02,2.837932206879639329e-03,-1.059306152190092002e-03
4.422831614503251567e-03,1.015293030732594519e-02,-9.244562889216710252e-04,-1.365130563290751532e-02
1.349893050684564111e-02,-5.533065813886292768e-03,-2.077615169267640199e-02,1.281028699971708228e-02
2.341643585961892399e-02,-2.423339934108765647e-03,-5.230470815846774771e-03,-1.576262510966338834e-02
1.022025818383371851e-02,-1.101569267328714359e-02,1.500168113203876122e-02,-1.420624664258529971e-02
1.519957429968895289e-02,4.192980056294191328e-03,-2.947353419476761265e-03,-1.644520093650638642e-02
1.731174436669370015e-02,-1.639704999942001931e-02,1.605188309469677763e-03,-2.519882676743362502e-03
2.150657725401247319e-02,-1.562308795427068929e-02,8.674515803934711167e-03,-1.455800510367655752e-02
-1.010714797843437034e-02,-2.281522095365721287e-02,4.679490164828407905e-02,-1.387253271619243167e-02
-1.495380360865302891e-02,2.563376856216956559e-02,2.394538323206000380e-02,-3.462534818557649885e-02
-9.561425596949462216e-03,-6.563587595762721341e-03,2.515533820865195266e-02,-9.030325015939843700e-03
-5.835735311763306891e-03,-3.467081186090057755e-03,3.090679182359396676e-02,-2.160397532574068885e-02
-4.772069435302374318e-03,-1.480766502418166819e-02,3.612254414303131544e-02,-1.654280968354738049e-02
1.471155694868102922e-04,-1.500890668132483230e-02,1.066584445255747311e-02,4.195946659280515474e-03
1.807519825334394717e-02,4.295832735964426330e-02,3.143002640289451442e-03,-6.417652825327771482e-02
-3.467489684391009391e-03,4.735765921795694749e-02,-1.091443261950778530e-02,-3.297573691405811247e-02
1.245248968388552868e-02,1.465547232691741947e-03,-4.623163769211543865e-03,-9.294873147365731100e-03
2.498118920572374446e-02,-2.755128625994216970e-02,-1.179733118649247368e-02,1.436742824071082433e-02
1.514166967826961405e-02,-1.770133014418416237e-02,5.085009174322589059e-03,-2.525348708408027727e-03
2.800322932590896055e-03,-5.791925836997063523e-03,1.348020455351148748e-02,-1.048860164910535298e-02
-2.245830796907434394e-04,3.673545932985651692e-03,1.553003382690724445e-02,-1.897899668020216687e-02
-2.833401605908419506e-03,1.188702639178519172e-03,4.965099822125753487e-03,-3.320400855395843395e-03
3.165660396871655680e-02,-3.943604026914313519e-03,-2.188912456863295955e-02,-5.823875373169168368e-03
2.894268121303151045e-02,-4.763755214433845297e-04,-1.484971408006721671e-02,-1.361659161152095794e-02
1.973711507147814584e-03,-1.580502842620659654e-02,1.421108640265373105e-02,-3.797694835949601538e-04
1.831124084576313954e-02,7.048495730663874130e-03,-1.910399170377404324e-02,-6.255744872653012066e-03
6.908706486895450742e-03,3.521349222889845476e-02,-1.162419535375592769e-02,-3.049800336203796133e-02
-1.380459602660769579e-02,2.406099175902168263e-02,1.304064040868667396e-02,-2.329703614110060009e-02
-1.473880587559636256e-03,2.898836404203953068e-02,2.383273930297675688e-02,-5.134722275745678965e-02
-4.530589572368398654e-02,-1.306668072596489302e-02,9.080597723560623891e-02,-3.243340078595759873e-02
-4.379832094117756293e-03,8.738583778116978690e-04,2.322419299774648727e-02,-1.971821928144041822e-02
2.048659113581687702e-02,-1.613415196393648207e-02,-1.264443664158231180e-02,8.291997469701930731e-03
2.919640905991647065e-02,-2.164969366671896933e-02,1.774881065700536012e-02,-2.529552605020284756e-02
9.269371787643058622e-03,-3.488095239899064587e-02,-3.965297644936420680e-03,2.957687825628388736e-02
2.399189383087361321e-02,-2.407063547631110509e-02,-2.768119991862609715e-03,2.846861637300020058e-03
1.192126147981125914e-02,-4.682729541442910703e-02,4.435445994706714579e-02,-9.448426012449218092e-03
2.359313913476439664e-02,1.032417804932922629e-02,-2.084687214627867213e-02,-1.307044503781501152e-02
6.320861102729389766e-03,3.185247945393602370e-02,-3.508542549644448616e-02,-3.087915060221022717e-03
-3.530672748436129021e-02,4.187228200727512867e-02,-1.201547137820113687e-02,5.449916855287274126e-03
9.185084731177258974e-03,1.622349401895149812e-02,-2.953641987569556940e-02,4.127841125566806234e-03
-5.932060443156712132e-03,-1.000010546575274585e-02,1.965469097448535249e-02,-3.722525065575935273e-03
-3.244467492790486813e-03,-2.718889053135500541e-02,1.289408204113561170e-02,1.753927598300992693e-02
1.543909535741563518e-02,-3.383045775711734319e-03,-2.466187849406873550e-02,1.260582891236483073e-02
4.293916301252404671e-02,-1.627286394351903226e-02,-1.160545850543266526e-02,-1.506084056357240124e-02
2.449618680888700759e-04,2.128273540089590642e-03,1.322022829675110686e-02,-1.559346370492954194e-02
-2.788912654809104497e-02,2.119336272405405314e-02,1.224758205548613817e-02,-5.551818231449155011e-03
1.693091947641438277e-02,-1.172043645124704742e-02,1.130617512347530801e-02,-1.651665814864254969e-02
-3.364628187946665933e-02,7.928303932073975380e-02,-1.976879776840197861e-02,-2.586795967287155648e-02
-1.438821330177729625e-02,4.315915851195486347e-02,-1.312785037751050023e-02,-1.564309483266699760e-02
7.715433373625293738e-03,-1.159462383043098101e-02,-1.730579314261334462e-02,2.118498359941901887e-02
4.099991267883935616e-04,1.192331162276134143e-02,-1.211926187106177576e-02,-2.140488784880264042e-04
-2.073894945388612271e-02,-2.962666634426634402e-02,2.636241031950781882e-02,2.400320547864468954e-02
-2.953503466069436895e-02,1.373548517465222711e-02,2.102157712170407353e-02,-5.222027635662014958e-03
2.663757323407024355e-02,2.326862686408507578e-03,-2.548682679853434344e-02,-3.477609121944419401e-03
4.103115162006854173e-03,-7.496005116777310941e-03,1.838945705245004225e-02,-1.499656709767952477e-02
-6.589184162937217204e-03,8.949310895866936441e-03,4.262346797449605845e-02,-4.498359470742591126e-02
-2.050109940567635194e-02,5.508804587953468855e-04,4.180802498434053882e-02,-2.185780603745947348e-02
-9.104419022975568376e-03,2.151062015202365521e-02,1.784815884048399082e-02,-3.025435996953214704e-02
1.698671559809027121e-02,5.294251992822125545e-03,-1.074361890711866829e-02,-1.153734868379371545e-02
3.352268552565329518e-02,-1.067603682816685440e-02,-6.774955494413424303e-03,-1.607169320307305638e-02
2.173803534338913587e-02,4.032474988277669854e-04,-9.952103575202708718e-03,-1.218917926701420205e-02
8.706625779208151950e-03,-8.772140576170397303e-03,-2.556211284543334281e-03,2.621726081505571827e-03
2.054957446801477031e-02,5.104273700907536321e-03,-1.802781311765264821e-02,-7.626035051269674028e-03
-5.642017770943937201e-03,3.190878788679421974e-03,1.264429186732064780e-02,-1.019315288505611046e-02
-1.763698839540423641e-02,-1.261088712971445824e-03,2.722936139155075763e-02,-8.331284283175059355e-03
1.695926386810133347e-03,-2.155845825332954307e-03,3.114359864444259367e-03,-2.654440425921450551e-03
2.449121672568129078e-03,6.168380040796027364e-05,-2.528935784334686299e-02,2.277855237037088726e-02
2.525669776983494041e-02,6.637637096766590451e-03,-1.943852505799727529e-02,-1.245580980860423216e-02
3.019715625832605777e-02,1.430742676268906277e-02,-1.725682398266312548e-02,-2.724775903835191873e-02
3.112323652369560281e-02,-2.939579467872009688e-03,-2.379104787030916768e-02,-4.392609185514416772e-03
2.229758709719003792e-02,2.127068999839801852e-03,-2.455448607246984299e-02,1.298299754400628764e-04
3.171651317827013650e-02,3.037376547618859945e-02,-1.700778296393231845e-02,-4.508249569052649036e-02
1.306920457005173765e-02,6.335427939360870585e-03,7.773656620341316825e-03,-2.717828912975394154e-02
1.015986725370363226e-02,2.264853695679518858e-02,-2.318549450228714597e-03,-3.048985476027009714e-02
1.938700304145252531e-02,1.581791599983582361e-02,-7.818352551412886473e-03,-2.738656648987543643e-02
1.265784848179576580e-02,-5.929545250877843281e-03,1.237218155107713997e-02,-1.910048478199501132e-02
7.241067461658182505e-03,-5.977482766153036087e-03,2.203958855295771666e-02,-2.330317324846286134e-02
1.629330228715459086e-02,-2.158091295118457625e-02,5.645382305792976015e-03,-3.577716417628612239e-04
1.231218776914401979e-02,1.874268331895035181e-02,-5.661519549863343499e-03,-2.539335153823106539e-02
1.722849079336993827e-02,4.593648097551324139e-02,-2.962215858970497842e-02,-3.354281317917825328e-02
3.062887683548843817e-02,-1.410134276483077966e-02,-1.191895513905540278e-02,-4.608578931602262674e-03
2.917747783673703410e-02,-2.470862946647568725e-02,-9.258661866186408684e-03,4.789813495925065306e-03
1.094969475188652640e-02,-1.637829432977001148e-02,2.500527016778274561e-02,-1.957667058989932471e-02
2.117026107741380378e-02,2.688652088054309039e-02,-1.157876720575122011e-02,-3.647801475220566192e-02
1.527796049694287242e-02,1.036497585580905406e-02,-7.754142943545299944e-04,-2.486752205839731084e-02
-1.396463479261183388e-03,1.651278237337150748e-02,2.505021517213777520e-03,-1.762134041132408860e-02
-1.705994611333148340e-03,2.032501033584919320e-02,-1.600342544843699408e-02,-2.615590276079089813e-03
-1.063668850131965944e-02,1.810907666141751624e-02,-5.584987375633252392e-03,-1.887400784464556914e-03
-2.323205365486307253e-02,-1.421392924483045120e-02,2.624157408656556736e-02,1.120440881312786963e-02
4.041711974149448956e-04,-1.864625021697328619e-02,1.258283625148313468e-02,5.659242768075207694e-03
3.251629340159910975e-05,4.318126714838179531e-02,-5.402644349405138352e-03,-3.781113909237851511e-02
3.716003547370869825e-02,-1.374191794684905335e-02,-8.710172920017958051e-03,-1.470794460684163654e-02
3.317259992818021724e-02,-9.675502763682413201e-03,2.105963369873374916e-02,-4.455673086323148208e-02
1.269955617688233070e-02,6.045471838146768313e-03,1.474227660426196893e-02,-3.348730461929102370e-02
3.233176558141739355e-03,-3.060157965100426120e-02,7.631634077018858292e-03,1.973676901584370605e-02
2.158232432430920097e-02,-3.926923455819652381e-02,2.798136308175483422e-02,-1.029445284786748536e-02
1.867626561798922322e-03,-4.066488066176741911e-02,1.293476639181353680e-02,2.586248770815488193e-02
-1.264703533911948168e-02,1.470836542821262437e-02,-1.213458386735432118e-02,1.007325377826117328e-02
-1.203675096402345062e-03,3.368877536343181656e-02,-3.168058256621900104e-02,-8.045177008105901511e-04
-1.458607797382546756e-02,3.358075271949479551e-02,-1.491940309953943694e-02,-4.075271646129952595e-03
-1.550226174929770009e-02,-3.701546208393277897e-03,4.403344778752558974e-03,1.480046317893843333e-02
-5.498480226419919653e-02,6.464959117118693199e-02,-7.537507604848069781e-03,-2.127281302139836985e-03
-7.350600967480602245e-03,-1.804925763726409477e-02,8.264512519262896470e-03,1.713534608548168345e-02
-1.428898098139259193e-02,5.074507017314541096e-02,-2.075007032260076101e-02,-1.570601886915204762e-02
1.857049687199532461e-03,-3.001834591811118266e-02,1.476840096494075154e-02,1.339289526597093119e-02
8.689017909921706827e-04,-2.383192694366104841e-02,3.068445427603328640e-02,-7.721429123364272930e-03
7.428908273581246759e-04,4.029551465187149878e-02,-3.661974586690006778e-02,-4.418659612329490192e-03
-1.583092834736243154e-02,7.652754953852817371e-03,-1.563872189539082525e-02,2.381689528890048452e-02
3.328975823763519193e-02,-1.011541631281465299e-02,-6.550159421146224507e-03,-1.662418250367435693e-02
2.000406798163254299e-02,-1.629252574519148358e-02,1.172301469829988355e-02,-1.543455693474087356e-02
-1.063180110921918900e-02,1.072513523514720055e-02,1.050914801196128727e-02,-1.060248213788929361e-02
3.142918541367212965e-02,-1.906026836293066296e-02,3.910539578171993991e-03,-1.627945662891348844e-02
-3.523335120766332967e-03,6.239861932077177264e-02,-3.708404832784521765e-02,-2.179123587216006200e-02
-5.713106138719716183e-03,5.259772375051288001e-03,1.398838653728310712e-02,-1.353505277361460694e-02
4.468525364388259251e-03,-3.464188458421005312e-02,-1.035002708372466948e-03,3.120836192819432739e-02
-2.290269517177367063e-03,3.837873005493658285e-02,-1.995688102387854074e-02,-1.613157951388082684e-02
-8.184170430517227063e-03,1.191789398469293325e-03,-8.679029198816528776e-03,1.567141023086443541e-02
-6.367563605129851305e-03,3.247458334919318956e-02,-9.295611522957273470e-03,-1.681140822110608127e-02
1.041595725853579867e-02,1.920014887662281969e-02,-1.575603944073710599e-02,-1.386006669442153144e-02
3.028231746810372375e-03,2.532681543733330057e-02,3.712834805811221495e-03,-3.206788198995490918e-02
6.924333091762158165e-03,6.693188520776880042e-03,4.611545044526051129e-03,-1.822906665706508500e-02
-6.247909892111116158e-03,2.418822235907706897e-02,8.363396824194348558e-03,-2.630370929116023285e-02
-1.618279907020556130e-02,6.520868812664220616e-03,3.075701502722965469e-02,-2.109508476968840335e-02
3.297222550247600609e-02,-1.422709119727151583e-02,9.401038094152007821e-03,-2.814617239935649634e-02
1.760720586205775928e-02,-1.543949134435448206e-03,8.272153411994512479e-04,-1.689047206882169500e-02
-6.208658513951146977e-03,-9.114234135994478403e-03,8.814871449920352875e-03,6.508021200025192708e-03
1.612607770509582412e-03,-1.643131148990759419e-02,1.300036743572510235e-02,1.818336283672900965e-03
-4.534800284915459570e-03,-1.115489317343389998e-02,2.352071010660793798e-02,-7.831016648258568025e-03
-1.539258627366296359e-02,-8.230501350263203300e-03,2.876145722146906600e-02,-5.138369597542891305e-03
2.163478397344619636e-02,-2.295534988019745561e-03,-1.372973778406177264e-02,-5.609511201364639557e-03
2.308642382374348490e-02,2.060823682383041908e-02,-2.871313034462447816e-02,-1.498153030294937203e-02
2.276995037256854953e-02,9.932356804316750179e-03,-2.145670567374407395e-02,-1.124560150314123964e-02
1.564426756541578353e-02,1.402093051755760010e-02,-1.467693740162866363e-02,-1.498826068134472000e-02
-7.896464934745939246e-03,1.458031592186935163e-02,-9.560502884614090549e-03,2.876651897490702017e-03
-1.587214813528936477e-03,5.997441432967563768e-03,-7.385147252107631538e-03,2.974920632669006415e-03
1.243647165231974612e-02,2.290636094421636543e-02,-2.286195119692153738e-03,-3.305663747684400161e-02
8.141438546800954315e-03,1.931844428915047152e-02,-3.959031361551450245e-03,-2.350085147439996691e-02
-2.315082135701507227e-02,1.437007421957778135e-02,1.611956648167182232e-02,-7.338819344234449871e-03
-2.247493776726108220e-04,1.890110120626327730e-02,-1.323543427716074999e-02,-5.440917551429893910e-03
-8.286155769327912049e-03,-6.283378105260931535e-04,1.095377427979382298e-02,-2.039280699939787205e-03
-1.556231802781180354e-02,2.345321439746770719e-03,2.438676971411262231e-02,-1.116977312604758646e-02
-1.766320765201858517e-02,7.175911885435148907e-03,9.104690763261515107e-03,1.382605003321869981e-03
1.929783255834421809e-03,4.104103274840868731e-02,-1.472608504119334895e-02,-2.824473096304979530e-02
-1.779765462253703190e-04,3.229231734567164502e-02,-2.299088640379330292e-02,-9.123454395652909332e-03
7.876782543675107245e-03,-6.354741012489261050e-03,-2.588718500471536444e-03,1.066676969285684827e-03
1.681611082495141837e-02,-2.774412223834953409e-02,1.290803812853176871e-02,-1.980026715133679019e-03
-9.346465502305199152e-03,-2.940618619368012832e-02,4.706672010070032941e-02,-8.314068404715060923e-03
-1.329796358712047322e-02,9.702811456899251494e-03,2.696027277424673310e-02,-2.336512064402558944e-02
9.327562870516451637e-03,-1.945683175299748864e-04,1.822537358951627912e-02,-2.735836814250272586e-02
2.544628652932552290e-02,-2.314181799176215880e-03,-3.426030690312516398e-03,-1.970607403983678368e-02
4.213105100425509897e-03,-1.388438459884973677e-02,1.589993973481500320e-03,8.081285524942728726e-03
-7.260098359019044947e-03,8.017070962347377895e-05,1.178882125459508601e-02,-4.608893605199528704e-03
8.197656667698883376e-03,-1.682360053447277612e-02,3.603188150206730524e-03,5.022755716567173928e-03
1.648762870075583600e-02,-1.846331006158126800e-02,-7.184404166000973521e-03,9.160085526826440214e-03
2.246381662601126816e-02,-3.355536495693263888e-03,6.265114313598736835e-03,-2.537339444391666782e-02
-4.401177630532841258e-03,-1.834007849007115998e-02,2.640237242431402870e-02,-3.661116303709958508e-03
2.912680739503815952e-02,2.549738516203038652e-02,-8.247863961101895361e-03,-4.637632859596668017e-02
7.701108844561655765e-03,6.413962970972058013e-04,-5.004685601448646132e-03,-3.337819540210213917e-03
-1.281739765409350919e-04,4.006150672374438060e-02,-2.138814161439719919e-02,-1.854519113280638648e-02
3.149350019591084810e-03,-1.655360214404332994e-02,-7.542983557084124990e-03,2.094723568153644688e-02
-4.979874765686114618e-02,8.070425545225055203e-03,1.175728152687770429e-02,2.997104058475833291e-02
1.061248251916377915e-02,-1.303573313819624512e-02,5.345688060864036383e-03,-2.922437441831592965e-03
2.214578859801420632e-03,1.717521964832764041e-04,-2.056908226410484458e-02,1.818275120782012963e-02
-2.815716676183631709e-02,-1.868260946642588682e-02,1.577005706419129863e-02,3.106971916407101283e-02
-4.314892275549449263e-02,5.623774362755382811e-02,-1.075803646215959565e-02,-2.330784409899476581e-03
1.138406115037277240e-02,-3.887086027132941740e-02,3.023649536154309099e-03,2.446314958480234197e-02
2.613919268922952274e-02,-9.620116085217556706e-03,-5.347262955210539334e-03,-1.117181364880140242e-02
2.632161954696671594e-03,-1.872281338373371282e-02,4.430969863321183519e-03,1.165968156571591148e-02
2.067594324642911194e-02,-2.880461972996290615e-02,1.838612533109180991e-02,-1.025744884755785090e-02
-5.609558057994982680e-03,3.155163242625224490e-02,-4.976947286035681914e-03,-2.096512708222153867e-02
-5.285525233754748316e-03,-3.997676590961189019e-02,3.824337170947419984e-02,7.018919433892291219e-03
-2.059267236007059770e-02,2.519958783943723399e-03,-6.156500377982490439e-03,2.422921395410937428e-02
-1.008383230099456872e-02,1.044469248419503150e-02,-2.429392953609859490e-02,2.393306935289811130e-02
2.872737074112450412e-02,-8.105679796659935252e-03,-1.163303346361836211e-03,-1.945838759810266522e-02
2.043274196598486234e-02,-1.263357737588175454e-02,9.903856231898901935e-03,-1.770302082200196983e-02
3.876823984260894303e-03,-8.302810550676151691e-04,7.360090020352035717e-03,-1.040663294954532331e-02
2.233911084726832377e-02,-2.175887783839702827e-02,1.592074443620274463e-02,-1.650097744507395339e-02
1.393595481503884410e-02,2.926879011102795358e-02,-2.576328484318754150e-02,-1.744146008287927874e-02
1.741119719152706136e-02,-8.380728013967201143e-03,-5.769231464983399539e-03,-3.261237712576412970e-03
4.966132092793270301e-03,-3.032511584589760514e-02,2.663810518191877174e-04,2.509260270128512924e-02
3.515960030584495705e-03,3.007266623416758253e-02,-1.921967371477248041e-02,-1.436895254997955923e-02
-1.508481231777929893e-02,-3.862446927068693275e-02,7.925550402959309973e-03,4.578373118550695814e-02
-4.055370765418844065e-04,2.943003146343805415e-02,-2.922940073833720995e-03,-2.610155431306243265e-02
-1.681811220959910161e-02,4.435184107080598209e-02,6.192162000530684191e-03,-3.372589086173776590e-02
-4.784682481822948030e-03,3.457308573592953599e-02,-6.148874553670673031e-03,-2.363952870043589324e-02
-1.222030426889980301e-02,5.679483659133551660e-02,-1.739062945728457946e-02,-2.718390286515120699e-02
-1.704051373380838924e-02,1.075197116193762036e-02,3.031874906625780727e-02,-2.403020649438696033e-02
1.817712906775038537e-02,-1.338280069176516623e-02,8.843357470529611408e-03,-1.363768584651471605e-02
7.829096808850719708e-03,2.347714747678993682e-03,-3.587084085032234224e-03,-6.589727471497496512e-03
5.196471203923967372e-03,-4.990052722906265260e-03,-2.782426617820802934e-03,2.576008136803118603e-03
1.573482564137872533e-02,-1.732728349138856067e-02,-4.538093472540942128e-03,6.130551322550715880e-03
2.260803066785762108e-02,-1.692584084441329378e-02,2.866890675301745055e-04,-5.968878890974353701e-03
1.159597195893937848e-03,-9.651270290266494856e-03,7.657834820495780341e-03,8.338382738767819791e-04
4.382099512813353932e-04,-5.227136790142966095e-03,5.859931293153215759e-03,-1.071004454291584786e-03
-1.011674073970650518e-02,1.894097322107596987e-02,2.167018552465367967e-02,-3.049441800602314609e-02
3.509624028960756353e-03,-5.270943687152933668e-03,1.582024893676808874e-02,-1.405892927857591880e-02
5.038640503733142484e-03,-3.402376167999486643e-03,8.363664282758259336e-03,-9.999928618491905202e-03
-1.867664729342100169e-03,-1.830427824735298206e-02,1.460754128491033137e-02,5.564401691784777969e-03
-1.655380918984165894e-02,-1.989993217366082742e-02,2.902154944564697830e-02,7.432191917855535818e-03
-2.116413326213642185e-03,-1.032089935056106772e-02,2.208868944462824904e-02,-9.651376767853537403e-03
1.095754618647988739e-02,-2.804893947916968586e-03,8.464435080106658474e-03,-1.661708731866956903e-02
-6.236489468409634439e-03,7.303584814659705264e-03,2.632841507838220283e-04,-1.330379497033878271e-03
-7.100836241832037161e-03,-1.827039644404718308e-03,-8.834891843370235726e-03,1.776276772960694653e-02
4.721631415168579642e-03,-1.541010673521886476e-02,-1.830029088954252675e-02,2.898876620959281447e-02
-1.469068540396909102e-02,1.288880645265166533e-02,-1.515280036816361864e-02,1.695467931948105300e-02
-2.428824726137455634e-02,2.459646604697650341e-02,-2.582613376191149075e-03,2.274394590589203305e-03
1.968744153650749465e-02,2.072245028763670949e-02,-1.331993110323561637e-02,-2.708996072090861726e-02
1.050417191735487400e-02,-1.100163386867740456e-02,-3.585211028895744344e-03,4.082672980218243243e-03
9.033536659129030866e-03,-6.646228931593262286e-03,-5.032424120197992370e-04,-1.884065315515979751e-03
1.877863536442186954e-02,-2.750509422526305203e-02,2.118626953870569526e-02,-1.245981067786455614e-02
6.740760080401767863e-03,-8.837194520993069471e-03,2.404002985079472382e-02,-2.194359541020346124e-02
4.172790949069674310e-04,-5.755400768136710414e-03,3.026929440944235022e-02,-2.493117273621263050e-02
2.160974023269735325e-02,-1.270156333773020570e-02,1.511442222698960135e-02,-2.402259912195682523e-02
2.309519238213719738e-02,-1.082816758708993188e-02,1.239552256240493118e-03,-1.350657705128777662e-02
-4.348285624003488982e-03,-1.540275208030032587e-02,9.497772227769983241e-03,1.025326547653384983e-02
-1.157821452065621072e-02,2.375391918009480633e-03,1.002231369243708307e-02,-8.194910897903663225e-04
6.070266070990029336e-03,-1.050308970897327610e-02,2.008476994600539873e-03,2.424346643382653110e-03
2.954792045203131091e-03,2.691886369296799843e-03,-6.298991963499458481e-03,6.523135489995392569e-04
-1.802791238378277303e-02,5.526080923091184621e-02,-2.015973163002047694e-02,-1.707316521710855808e-02
-8.463706936898055325e-03,1.383428681592805895e-02,7.691644827779301787e-04,-6.139744361807893472e-03
9.451112674002948300e-03,5.735450126232035685e-03,1.649981966451007781e-02,-3.168638246474501929e-02
-2.919995062266481436e-02,-1.929428402778477630e-02,6.130444365812938445e-02,-1.281020900767967582e-02
-6.816900847981050698e-03,-1.423522463713362829e-02,2.118369049143690661e-02,-1.315650063222147429e-04
-1.226634722769651825e-02,-1.453703679040938262e-03,1.138076230969240626e-02,2.339288597045039841e-03
-3.828383724264851351e-02,-1.177802464772924849e-02,-1.640319486291717116e-02,6.646505675329517082e-02
-3.493388905276870009e-03,-2.031727299858204078e-02,-1.034052062330195233e-02,3.415118252716084490e-02
6.149144870905881750e-03,-1.861312268067732631e-02,5.084545919961383324e-03,7.379431889810056898e-03
-4.632395722626396484e-02,4.415719644958913254e-02,-5.612258451226764464e-03,7.779019227901612377e-03
7.378571695597915640e-03,-3.310606470831455039e-02,6.690258266818708763e-03,1.903723474589793033e-02
3.815815152254853349e-02,-2.288517065650307047e-02,-5.675073704759547692e-03,-9.597907161285921390e-03
1.071372624006110361e-03,-3.518609125437670987e-02,1.160597143148804980e-02,2.250874719888264555e-02
3.603273391374127443e-02,-3.263048796980647093e-02,5.567130561537294957e-03,-8.969376505471920655e-03
-8.362288668152476762e-03,1.543451654852641018e-03,-1.261396708369298680e-02,1.943280409699288044e-02
-5.141621658968170694e-03,1.813296617277310521e-02,-6.110029056137617452e-03,-6.881315457667350026e-03
1.490857945083983588e-02,1.839027836126494106e-02,-2.416540096877203489e-02,-9.133456843332750721e-03
-9.663263408788275860e-03,1.672534174837079016e-02,-1.127651076392481577e-02,4.214432424342340507e-03
2.780737964432558260e-03,-2.359691442650710402e-02,-2.731276390412959703e-03,2.354745285248759784e-02
-8.319645075636565232e-03,1.212324945086015217e-02,-2.415263237308714825e-02,2.034902799786350580e-02
3.542618968175101357e-02,-2.284377625254875588e-02,6.353218821738024734e-03,-1.893563225094028329e-02
2.174146081424241719e-02,-1.731291042297611327e-02,1.216185039970093217e-02,-1.659040079096711987e-02
1.547646730391303953e-02,2.879995808212476322e-03,-8.625237641932688437e-03,-9.731225470192788815e-03
2.412996737161944918e-02,-2.078252129562258715e-02,1.147152621099711486e-02,-1.481897228699396996e-02
3.405612939033928442e-03,2.833171648753697938e-02,-8.430004431372125143e-03,-2.330732499519875059e-02
-3.032951939276547042e-03,-1.941749717422148677e-02,3.616454403896930681e-02,-1.371409492547129294e-02
-7.472184796717852052e-03,-1.808164029571005665e-02,1.268356450320574577e-02,1.287026058922206145e-02
1.126173920927266148e-02,5.056793777086280271e-03,-3.375101116764982374e-03,-1.294343186959389172e-02
-2.576607375132392366e-02,-5.623167080262363865e-02,5.030705603093653042e-03,7.696703895085388325e-02
1.477848766859318590e-03,1.186555794824088218e-02,1.326141462882873996e-02,-2.660482134392893466e-02
2.028258806029857239e-03,1.608069057473674943e-02,1.809756590535938113e-03,-1.991870597130265472e-02
-1.664396271489977999e-02,4.663060205368458147e-04,4.282566175316552203e-04,1.574940007683132623e-02
-1.091108842089848381e-02,-7.275649174516612451e-03,3.434354227250498853e-02,-1.615680467708973181e-02
1.051793006659111629e-02,-1.712362995500378224e-02,1.432969746503729054e-02,-7.723997576624613316e-03
8.577479072069731092e-03,-3.701536596485057590e-03,9.251529709259605563e-03,-1.412747218484428600e-02
1.239890533088893604e-02,-6.815373388547292001e-03,-2.740933584122325246e-03,-2.842598358219295806e-03
5.432800613731642546e-03,-1.002838880230774894e-02,-3.318100995235952720e-03,7.913689183812105954e-03
1.839299117645964293e-02,2.896914673825479354e-03,-9.173524243222775862e-03,-1.211638160706238893e-02
-4.300335356055376770e-03,3.117047743345869801e-02,-1.199715853078630635e-02,-1.487298354661707560e-02
-1.363514037350848328e-02,2.761796899010284315e-02,2.480098631688022227e-03,-1.646292724828244541e-02
-4.036368042470829184e-03,2.284062492032759226e-02,3.035458096879565994e-03,-2.183971497473628440e-02
5.674786205021593692e-03,3.300431481503068691e-03,-3.551546209596174661e-03,-5.423671476928481651e-03
-1.463697514149462069e-03,1.046341390597527697e-02,-5.221902297711649224e-03,-3.777814094114161341e-03
-7.524610445851106187e-03,4.426064368473856415e-04,-7.495287124056251166e-03,1.457729113305999101e-02
9.629328556743914792e-04,-2.900120318371034872e-02,5.105302946875377515e-03,2.293296738116064673e-02
1.205006650324479166e-03,-2.820909698694677378e-02,6.179002138688545302e-03,2.082508819793375821e-02
1.717642308867502535e-02,-2.100766654634923444e-02,-2.044554814235187076e-02,2.427679160002602088e-02
1.300921580151859734e-02,9.382364727590837864e-04,-2.048940342177836549e-02,6.541951147500685987e-03
1.758923677702552840e-02,-2.311084406653714923e-02,-1.914137941098104437e-02,2.466298670049269642e-02
9.528572338763599547e-03,-3.660876267343338847e-02,-1.770116706532097461e-02,4.478135739999057618e-02
3.453589958319913840e-03,8.019158517193094096e-03,-2.350733580830970115e-02,1.203458733279666806e-02
-2.429129989842626625e-02,1.111564406406943470e-02,-7.150418463487053823e-03,2.032607429784386369e-02
1.196311992802351863e-02,1.289524267506261118e-02,-1.450173052886955492e-02,-1.035663207421664081e-02
6.208739915228456835e-03,-1.404848670554445728e-03,-9.385508547656755754e-03,4.581617302982741828e-03
2.988886810240910016e-03,7.175023309777966291e-03,-1.811746916693582083e-03,-8.352163203325288152e-03
-3.758248496075216986e-03,2.148319814758945304e-02,2.040792905573019390e-03,-1.976574255708726455e-02
-2.758645320481490845e-03,4.457218898881971925e-02,-1.616803432414364375e-02,-2.564550934419462108e-02
-9.161888984031167291e-03,3.146714811426446629e-02,-5.967443647987697580e-03,-1.633781548224554764e-02
5.420064369144098580e-03,3.673183811563070656e-03,7.139662909353099510e-03,-1.623291109006028132e-02
1.402595002032567921e-02,6.667927922388669926e-04,-2.825257956208233542e-03,-1.186748485635629596e-02
-1.441252627549043444e-02,4.547637966639116180e-03,1.613592853826759099e-02,-6.271040229416292681e-03
-1.133230272262316339e-02,8.253121211465463611e-03,8.800192346762106960e-03,-5.721010835604362944e-03
1.917978480357736618e-02,-1.277806295073997608e-02,-4.351826885660600025e-03,-2.049894967176767949e-03
3.800458000474605212e-03,-2.550809725164052480e-02,-1.755344078857000727e-04,2.188317365905152398e-02
-1.317013885089780498e-02,7.911263253433177198e-03,-8.796218004593559653e-03,1.405509360205818570e-02
-1.323778775901266781e-02,6.445927304628233830e-03,-1.048576435021527113e-03,7.840436889406004681e-03
-2.461298698468378232e-02,1.410486624281388594e-02,2.485296344377667735e-02,-1.434484270190674281e-02
2.455505120940331548e-02,-1.099854592746313774e-02,8.390492721042447366e-03,-2.194699800298271011e-02
-1.280297054982027297e-02,2.730956891348062729e-02,1.163711184900981417e-02,-2.614371021267011472e-02
-2.358853377232322107e-02,-1.936010536341541133e-02,5.188497251972137847e-03,3.776014188376625863e-02
-1.832494743470385740e-02,-2.416039539038746312e-02,-1.484343259749379765e-02,5.732877542258538184e-02
7.403981884247438743e-03,-1.422181007812899946e-02,8.162971119452553520e-03,-1.345142925571019693e-03
-1.448546582184143811e-02,4.418900622678354623e-02,-1.007483588459090126e-02,-1.962870452035125196e-02
1.360458645579847373e-02,-2.441502417276453230e-02,-2.573088269372372783e-03,1.338352598633842788e-02
2.312501110798328985e-02,-3.485760656659107892e-02,-1.574007505243320629e-02,2.747267051104096761e-02
-3.340946855137637804e-03,-4.530095757184610800e-02,-1.666418852962562799e-03,5.030832327994633202e-02
2.783511849383014242e-02,-2.483362156069306159e-02,1.014620796285567797e-02,-1.314770489599275879e-02
-9.905280057089970586e-03,2.775734036470451152e-02,3.453734866380881179e-04,-1.819743379425253771e-02
-7.363014880388795043e-03,3.337534915033192606e-02,-7.053843921243600247e-03,-1.895849034869970251e-02
-6.734621180219902900e-03,5.353188835189035683e-02,-3.336415923915107135e-02,-1.343310793251942074e-02
-2.944204815440458131e-02,-1.220385386020724459e-02,4.717647947326414348e-02,-5.530577458652274209e-03
2.022344538427813324e-02,1.025339973876123606e-02,-2.283910980012408484e-02,-7.637735322915254962e-03
-1.357401526326449358e-02,2.300557081109479499e-02,-5.300911818391422503e-03,-4.130643729438827731e-03
1.468561851975451991e-02,-9.126861920662865391e-03,1.159770048930658382e-02,-1.715645708839824701e-02
-1.836509923461296032e-02,2.532267670681969535e-02,-2.801291755098299016e-02,2.105534007877635228e-02
4.030376869750312147e-02,-4.218039768410616203e-02,-8.867078237276809771e-03,1.074370722388001687e-02
2.015275898287522890e-02,-3.787294389792016797e-02,2.116278182611091262e-03,1.560390673243398051e-02
2.697291253733744357e-02,-3.693599208245001639e-03,-2.692575364618108105e-02,3.646440317088619609e-03
1.790460276664818107e-02,-2.231336590011172988e-02,1.997412322282068192e-02,-1.556536008935715740e-02
1.822082411511658298e-02,1.139642393370512985e-02,-2.056317646696210685e-02,-9.054071581859616386e-03
3.639658194488750234e-03,-2.217433259653850061e-02,2.938754541015026894e-02,-1.085287100810048387e-02
-2.703475014513230783e-03,-6.584194234523662453e-03,3.255865428554134168e-03,6.031803820482749094e-03
1.277223254797195048e-02,6.487340779555050146e-03,4.177601443546122978e-03,-2.343717477107307851e-02
-4.808239760896019545e-03,-4.741791160551392381e-02,-4.236729072912391245e-03,5.646288043932231465e-02
-1.859020734576449785e-02,-7.658672064263882893e-04,4.712316120247701107e-02,-2.776708665028605749e-02
-1.282605865051616653e-02,3.390903782621251805e-02,5.867046117544204298e-03,-2.695002529324053847e-02
8.303505395072285954e-04,-1.277414871299047995e-02,3.010866560528735469e-02,-1.816486743180420124e-02
-2.591714591105560937e-03,-1.955881528136096080e-03,2.054559064245350952e-02,-1.599799452321190585e-02
4.071985620668195846e-03,5.135648212030763209e-03,1.135999464118925793e-02,-2.056762847388828030e-02
1.710572348816860946e-02,-1.167408231159812633e-02,-3.596177082740905587e-03,-1.835464093829644117e-03
-2.549507637430697537e-04,-1.782597246181502615e-02,1.126828449061411828e-03,1.695409477649663724e-02
1.349387027896355867e-02,-3.135571528480515791e-02,1.073355945433772732e-02,7.128285551503891863e-03
-7.699316159132591972e-03,4.940587477215787476e-03,-1.161667112513803564e-02,1.437539980705487483e-02
-1.387410030488851059e-02,-1.068733302624878811e-03,1.267353205047835885e-02,2.269301557034991527e-03
-2.016802293164087455e-03,1.675778185400234608e-03,2.966747366585904475e-03,-2.625723258822049242e-03
8.472631335880078524e-03,6.023576290823965708e-03,-5.200377599906658155e-03,-9.295830026797374801e-03
8.324449889440064393e-03,1.330442179755320954e-02,3.118971814916691315e-03,-2.474784350190999474e-02
1.902417448477177917e-03,4.657491714700310800e-03,-2.527879598520936175e-03,-4.032029564656551893e-03
1.084906400092596097e-02,8.623554704088029488e-03,-1.595900799704112055e-02,-3.513610707972900267e-03
-5.379262617542998615e-03,-2.534874713324941631e-02,3.518215469097289542e-03,2.720979428169495798e-02
2.051500526514891259e-02,-2.041657290858079482e-02,-2.821859831708698613e-02,2.812016596051895509e-02
8.745601565283011788e-03,-9.559610966664550125e-03,-2.301946530943398128e-02,2.383347471081558380e-02
1.740274836990826635e-02,-3.693030078859235038e-02,-2.171960596144020816e-02,4.124715838012432689e-02
2.389394207570658471e-02,-2.959673705349920650e-02,-1.886595480976852729e-02,2.456874978756123581e-02
7.311861071174692236e-03,-9.178495884507184566e-03,-2.389179767777434293e-02,2.575843249110687863e-02
-7.932415795124495711e-03,2.008396459488415511e-02,-9.995859363527832137e-03,-2.155689436231801679e-03
6.893567451312619838e-03,2.535979678506368462e-02,-5.566771119986142638e-04,-3.169668712437761354e-02
1.604418585970048342e-02,1.417635425182431352e-02,-1.274553777546501808e-02,-1.747500233605981182e-02
2.936714149102057081e-03,6.807769054511814306e-03,-2.552834835323223705e-03,-7.191648368290662861e-03
3.573264074836477334e-03,1.159349525876748541e-02,-4.922768822076851146e-03,-1.024399051152714152e-02
1.122554618481728288e-03,2.174252924405210494e-02,-7.191166074557532920e-05,-2.279317220178820463e-02
3.947019164299628118e-03,8.283759799354443662e-03,-2.107519906792807915e-03,-1.012325905686125953e-02
6.710374188918821411e-03,-1.316294766464666879e-02,2.733041319643414891e-03,3.719532156084477161e-03
1.205073829887791034e-02,1.454369244090058123e-03,2.335535817864364903e-03,-1.584064336083232383e-02
4.647565650501464529e-03,1.841628708369008952e-03,7.713190065059661628e-03,-1.420238442393010996e-02
-2.340631121774526535e-02,1.174009902614312970e-02,1.935358838638329484e-02,-7.687376194781192149e-03
2.258831434269422279e-03,-4.807846524176554760e-03,6.351401869899571222e-03,-3.802386779992456087e-03
-1.086148460495086829e-02,-3.780680117332016477e-02,1.135330558823436850e-02,3.731498019003651190e-02
-1.065047626401938174e-02,1.783794913719923339e-02,-1.207215222867890660e-02,4.884679355499006378e-03
-2.779770699821539071e-02,4.357645635650224565e-03,8.800879161201301606e-03,1.463918220136396428e-02
6.653300925455112730e-03,2.751022924476629033e-03,1.906330635929562659e-02,-2.846763020922744511e-02
2.414949598990756736e-03,2.302119564464354118e-02,1.130703950484096857e-03,-2.656684919411840193e-02
-9.426108748983322294e-03,-2.153657990530011626e-02,1.153157201489536307e-02,1.943111663938803385e-02
-1.128033060035966983e-02,-2.427739778535747961e-02,-5.029212857503466590e-03,4.058694124322062557e-02
-6.476936166398193813e-03,-1.018235608389498129e-02,3.024573461883937539e-02,-1.358644236854621504e-02
-1.769560905382421348e-02,8.761461615298206385e-03,-1.114997800665293998e-02,2.008412544517891932e-02
1.724483321794235274e-02,-8.339669013920371007e-03,-2.126089126199721263e-02,1.235572705797520487e-02
2.449286164507037677e-02,-2.018293328629429395e-02,6.022729624904438195e-03,-1.033265798368047418e-02
1.333921195029972272e-03,-4.005200806636655814e-02,5.766930402112245384e-03,3.295115646922443242e-02
2.525254621954618403e-02,-1.946676812182403238e-02,9.772940081553363814e-03,-1.555871817927559179e-02
-9.794175670663445368e-03,1.720338103228162899e-02,9.098746220592214204e-03,-1.650795158221049497e-02
-7.360892726765827163e-03,3.389191063089856681e-02,-7.134108605739405799e-03,-1.939690929839341452e-02
-7.604582713481887642e-03,4.911023973955894878e-02,-2.877096576375747644e-02,-1.273469126231951097e-02
1.163364212453414821e-02,-1.413389479638583156e-02,-3.593782095306411861e-03,6.094034767158105180e-03
-1.603825420900601567e-02,-1.289969459181409400e-02,3.382993863958084352e-02,-4.891989838760842264e-03
-2.933763394958302170e-02,-1.234279288613638823e-02,4.715169182197236075e-02,-5.471264986252884904e-03
2.142931930139141405e-02,5.125442899945372582e-04,-1.556376750764413425e-02,-6.378096083741856097e-03
-6.496896926898214700e-03,2.855758926702886558e-02,-1.816678853524412302e-02,-3.893903804886581204e-03
1.414284202744660150e-02,-5.976806499938793794e-03,8.030315183224322542e-03,-1.619635071073210336e-02
-2.160708300847468191e-02,4.862668006257819808e-02,-3.083674573780990566e-02,3.817148683706500078e-03
5.983044418940969278e-02,-3.827489557142171178e-02,-5.744479741197935745e-03,-1.581106887678997847e-02
1.203931274879274475e-02,-3.006707786219434478e-02,1.541246861104263177e-02,2.615296502358999044e-03
1.937454925908958098e-02,1.545186167415210123e-02,-3.086007633083897791e-02,-3.966334602402555101e-03
1.182686100049062071e-02,-3.025339153464860417e-02,2.214330136198786395e-02,-3.716770827829917346e-03
1.077042945478949923e-02,-2.531418968953556836e-02,-1.787722870784413942e-02,3.242098894259021896e-02
2.476232751310236332e-03,-2.958587801894992445e-02,2.717430600908473173e-02,-6.466074144499068459e-05
4.321552913335416184e-03,2.383816858102203243e-02,8.137998231943523869e-03,-3.629771972630093518e-02
9.482965658671795375e-03,2.921079396953799034e-02,-9.308171262537159180e-03,-2.938558836567259011e-02
-8.145025350236374806e-03,-2.754589114100614369e-03,1.669472766368786457e-02,-5.795113199350849370e-03
-2.483849778520447193e-02,9.573592716722704316e-03,-5.659306706424706290e-03,2.092421177490651901e-02
-1.243673855324983410e-02,-4.665978457518050668e-03,2.286144438805511395e-02,-5.758727377287210965e-03
-2.065218888936292806e-03,-1.820846292278888168e-02,1.783728502114960424e-02,2.436396790575516471e-03
-4.391393508222005658e-03,-1.741978344151367750e-02,2.445331029458040414e-02,-2.642133344844708413e-03
1.558168745046845105e-02,-1.328895183013984469e-03,-9.100898969883869025e-03,-5.151893297570618591e-03
-4.349955776727418462e-03,1.132045361885105142e-02,-1.262089193859464858e-02,5.650394096471030372e-03
9.183842134895125672e-03,-1.398164914955966898e-02,1.354992977936744260e-02,-8.752122764702960009e-03
-5.923895396665565180e-03,1.109289857710398994e-02,-5.352302087454467033e-03,1.832989070160491061e-04
-1.024539985483573744e-02,-1.153463347554839968e-04,2.191769266422301243e-02,-1.155694647463176468e-02
-2.052048022176771434e-04,8.145817454534623123e-03,8.570780945314741481e-03,-1.651139359763167253e-02
-1.111664483627034655e-02,1.410710873674745833e-02,-2.023031983987904562e-04,-2.788160702078336904e-03
-1.225345066100133433e-02,2.515669221976723352e-02,-1.818822133330408233e-03,-1.108441942543550093e-02
-5.306218649939208921e-03,1.760892980814322828e-02,8.192248116587023954e-03,-2.049495927479101642e-02
-9.688855731083334186e-03,2.257302731730355741e-02,-1.179499072843435969e-02,-1.089180857785831003e-03
-1.098411412342710156e-02,1.311399005200396782e-02,4.247477449747696920e-03,-6.377353378324531093e-03
5.958681090283513698e-03,1.188760355024074886e-02,-1.988741219260289211e-02,2.041127552078645605e-03
1.785253205941082430e-02,1.329234751796540617e-02,-3.143712715260548601e-02,2.922475752292688763e-04
4.112903156656104106e-03,-2.183825089168810532e-02,3.873270990071001529e-05,1.768661502513125053e-02
1.697832665403066141e-02,-2.081959040956870080e-02,-2.470025406394441014e-02,2.854151781948238709e-02
1.628639269870721037e-02,1.596155991998096874e-03,-1.797775752122519888e-02,9.520883051992274585e-05
-1.175057798130826718e-02,2.961482005257175254e-02,-3.279638628496108540e-03,-1.458460344276733128e-02
9.182258199533391979e-03,2.510270589557629661e-02,-4.452052040508131317e-03,-2.983291205460163881e-02
1.604816693437374764e-02,1.815874328902710583e-02,-1.994603344761031877e-02,-1.426087677579051041e-02
1.016742177350784225e-02,1.552873827315390948e-02,-7.509543704708252290e-03,-1.818661634195352719e-02
-1.335607719318984352e-02,1.965477773094518460e-02,1.043075194619792929e-02,-1.672945248395320272e-02
-1.568739350413238948e-02,1.533354335955077266e-02,1.314342361578228410e-02,-1.278957347120066729e-02
-2.301702598276486600e-03,1.295468154703692532e-02,3.327736209676106314e-03,-1.398071515843659490e-02
4.389735099479366229e-03,7.294743929200001682e-04,2.199513129848742338e-02,-2.711434079088679075e-02
1.419908034571763311e-03,1.470522064462209677e-02,1.766799412946104195e-02,-3.379312280865504059e-02
-1.142449003677092033e-02,-5.755886498122861523e-03,6.130377033425229820e-03,1.104999950146857632e-02
-1.295241371197837325e-02,-6.331920591279917819e-03,5.397753102606481397e-03,1.388658120065182008e-02
1.059004502415906122e-02,-1.638684079856272610e-02,-9.775795493150434435e-04,6.774375323718783565e-03
-1.430387891587264499e-03,-1.935966750372358769e-02,6.156873129606260989e-05,2.072848666401472251e-02
-1.253296417651616340e-02,9.461857750354156146e-03,-8.345941443139340277e-03,1.141704786930133712e-02
-1.953581221037256274e-02,-2.531571435520601175e-03,-2.153981623417870750e-02,4.360719988007177167e-02
-4.282433626005933969e-02,1.323660053397549517e-02,-1.564190573120891048e-02,4.522964145729280877e-02
7.383576839632184294e-03,-2.905577280214462557e-02,-7.682214183198196773e-03,2.935441014571067708e-02
-3.763134185892830913e-02,2.077804354205821380e-02,1.223451560606113667e-02,4.618782710808967337e-03
-2.676021032283762771e-02,7.351531673925377867e-03,5.455075433947885466e-02,-3.514207569056665426e-02
-3.314641082060108823e-02,3.606820463897646156e-02,7.325468891685395570e-03,-1.024726271006067696e-02
9.632508439979934126e-03,1.585434680192809517e-02,-2.178477411179300521e-02,-3.702081130115076994e-03
2.296249101647911649e-03,-1.338152120599341369e-02,2.234484726776055086e-02,-1.125957516341503407e-02
2.292390826210581774e-03,-4.769135630198534370e-02,5.028828868451531119e-03,4.037013660732317183e-02
2.345896498191997470e-02,-1.546046409127170736e-02,8.862889331883916713e-03,-1.686139022253214242e-02
-1.216039773395289139e-02,1.220455355204792813e-02,1.660129599353679306e-02,-1.664545181163187490e-02
-7.545233680274332673e-03,2.244297929968077504e-02,-2.983612816975759249e-03,-1.191413280243067488e-02
-7.591600708810356327e-03,4.877894451110788288e-02,-2.933892866465338811e-02,-1.184841513764405864e-02
9.794902140495611101e-03,-1.356513779573965787e-02,-6.057594829034601731e-03,9.827830484278649373e-03
3.981123865245234095e-02,-4.141199586794897317e-03,-2.902614596381421219e-02,-6.643893101843293021e-03
