4.033491856616665261e-02,-4.033491856616664567e-02
-1.400509162627204714e-02,1.400509162627204887e-02
-3.382313793323050988e-02,3.382313793323048906e-02
-1.660407087803898729e-02,1.660407087803898729e-02
8.943777504252089713e-03,-8.943777504252087979e-03
1.518992678312723089e-02,-1.518992678312724304e-02
5.897065906800558199e-03,-5.897065906800560801e-03
1.059094254361139624e-02,-1.059094254361139451e-02
1.349859938629971619e-02,-1.349859938629971272e-02
1.099962773105686749e-02,-1.099962773105686402e-02
1.157338841660549011e-02,-1.157338841660550052e-02
1.310874171035190418e-02,-1.310874171035190591e-02
3.491869555645009393e-02,-3.491869555645011475e-02
4.224274385548060923e-02,-4.224274385548060229e-02
4.913234274720071348e-02,-4.913234274720072736e-02
3.006483652813339222e-02,-3.006483652813340263e-02
-1.056320004250540720e-02,1.056320004250540547e-02
-2.273179206573280181e-02,2.273179206573281916e-02
-1.637018048424669636e-02,1.637018048424667901e-02
-1.718072991264026766e-02,1.718072991264027807e-02
-1.955089527436482122e-02,1.955089527436482122e-02
-2.308852687436976220e-02,2.308852687436976914e-02
-2.320393110605852710e-02,2.320393110605853751e-02
-2.209303018684032408e-02,2.209303018684031367e-02
-2.595876172014953756e-02,2.595876172014954797e-02
-4.601959577794408757e-02,4.601959577794410838e-02
-4.358215644430740721e-02,4.358215644430740027e-02
-4.134294773453134342e-02,4.134294773453134342e-02
-3.376570299045832807e-02,3.376570299045832807e-02
-2.719562474571831853e-02,2.719562474571831159e-02
-1.766531544016511010e-02,1.766531544016511357e-02
-1.245947672088062140e-02,1.245947672088062140e-02
-1.917043880009186574e-02,1.917043880009186574e-02
-8.878753898981914597e-03,8.878753898981926740e-03
-1.733536652723759522e-02,1.733536652723759175e-02
-1.140404476937842762e-02,1.140404476937842936e-02
1.083117815550279327e-02,-1.083117815550279500e-02
4.045219703610914395e-03,-4.045219703610912661e-03
2.819142870939310777e-02,-2.819142870939311471e-02
1.704211076778083464e-02,-1.704211076778082423e-02
2.814073661370144358e-04,-2.814073661370115084e-04
3.616593421440934646e-03,-3.616593421440941151e-03
3.798981500741457733e-03,-3.798981500741455131e-03
1.337266541611108368e-02,-1.337266541611108889e-02
1.645102397874123948e-02,-1.645102397874122907e-02
2.038828268630963822e-02,-2.038828268630964516e-02
4.248206329320776409e-02,-4.248206329320776409e-02
8.707982495523781258e-03,-8.707982495523784727e-03
9.280063952650258879e-03,-9.280063952650264084e-03
1.818478379200412498e-02,-1.818478379200412845e-02
1.324053316738210175e-02,-1.324053316738209654e-02
-1.341182471275834814e-02,1.341182471275834641e-02
-3.923512149154465001e-02,3.923512149154464307e-02
-5.390544484702723682e-02,5.390544484702725070e-02
-3.650663237492943886e-02,3.650663237492943192e-02
-4.159790183333963998e-02,4.159790183333962610e-02
-2.786221953095258802e-02,2.786221953095259149e-02
1.373713836896676803e-02,-1.373713836896676456e-02
1.659818984056570662e-02,-1.659818984056569968e-02
3.031791841120030570e-02,-3.031791841120028488e-02
4.881095441132157070e-02,-4.881095441132157070e-02
4.444331779186075360e-02,-4.444331779186076054e-02
4.984036758184894750e-02,-4.984036758184896831e-02
5.444100878336216587e-02,-5.444100878336213117e-02
4.331062339830367425e-02,-4.331062339830364649e-02
2.014014893734587114e-02,-2.014014893734586420e-02
-4.673145291117026395e-03,4.673145291117030732e-03
-3.798298665103704702e-02,3.798298665103704702e-02
-1.719473067872509184e-02,1.719473067872509184e-02
-2.669752935275360693e-03,2.669752935275358091e-03
-1.370968092146767139e-02,1.370968092146766446e-02
1.046257054128462002e-03,-1.046257054128458749e-03
2.173498959507812016e-03,-2.173498959507805511e-03
6.764668736802024497e-03,-6.764668736802020160e-03
-5.410122903493623514e-03,5.410122903493623514e-03
1.511432316082104814e-02,-1.511432316082104814e-02
3.029944606365216758e-02,-3.029944606365216064e-02
4.081363406265730437e-02,-4.081363406265729743e-02
5.988955753592579284e-02,-5.988955753592582060e-02
2.148086193121695811e-02,-2.148086193121694076e-02
-4.279447064369699266e-03,4.279447064369695797e-03
-1.558512581365439215e-02,1.558512581365439215e-02
-1.066848261419692072e-02,1.066848261419692245e-02
-1.277612391227934095e-02,1.277612391227935310e-02
-2.006225717533362957e-02,2.006225717533361916e-02
-3.037529742619626480e-02,3.037529742619628909e-02
-3.048871254771791731e-02,3.048871254771792078e-02
-3.578147352016953359e-02,3.578147352016951971e-02
-3.290985294955425799e-02,3.290985294955426493e-02
-3.404078142649909905e-02,3.404078142649911293e-02
-3.115151817028111517e-02,3.115151817028111517e-02
-1.987707788865681474e-02,1.987707788865681821e-02
-6.696919814885379622e-03,6.696919814885387429e-03
-1.802844113457367781e-02,1.802844113457368821e-02
-3.551342667649879693e-03,3.551342667649873622e-03
3.477552149935719730e-03,-3.477552149935723633e-03
-1.630137719405287330e-03,1.630137719405286246e-03
-1.123264647794787810e-02,1.123264647794786769e-02
3.241846850252203330e-03,-3.241846850252193789e-03
5.208242919398381292e-03,-5.208242919398377822e-03
9.088134964138277344e-03,-9.088134964138275609e-03
9.572110080966457490e-03,-9.572110080966455756e-03
2.737117225719648897e-02,-2.737117225719648203e-02
3.896039186969688095e-02,-3.896039186969688095e-02
1.053390689125265761e-02,-1.053390689125264720e-02
-3.872296136427272155e-03,3.872296136427277359e-03
-3.133083079050493630e-03,3.133083079050492329e-03
6.654729846054273693e-05,-6.654729846054558296e-05
-1.990816025892789718e-04,1.990816025892838508e-04
1.783407780504510376e-02,-1.783407780504511417e-02
3.500178488189684134e-02,-3.500178488189684828e-02
2.339375910364865224e-02,-2.339375910364862449e-02
8.880490679598998169e-03,-8.880490679598994699e-03
6.236147453377586386e-03,-6.236147453377577712e-03
1.225491688104528212e-03,-1.225491688104524309e-03
-1.684777828511484915e-02,1.684777828511484568e-02
-2.544817479745832556e-02,2.544817479745832556e-02
-4.578619557448090210e-02,4.578619557448090210e-02
5.260833984553979492e-03,-5.260833984553981227e-03
2.546994998721019855e-03,-2.546994998721016385e-03
-1.473272084622778699e-02,1.473272084622780434e-02
7.935716412218350377e-03,-7.935716412218360785e-03
1.662654334478472218e-02,-1.662654334478472565e-02
1.906324679773710104e-02,-1.906324679773709410e-02
4.492525749265253998e-02,-4.492525749265253998e-02
3.993702060437598345e-02,-3.993702060437598345e-02
1.771510911441617070e-02,-1.771510911441618805e-02
3.135047385208668963e-02,-3.135047385208669657e-02
-6.382580634488919415e-03,6.382580634488918547e-03
1.036355066138293065e-03,-1.036355066138295884e-03
-2.534847496403924011e-02,2.534847496403922276e-02
-5.244206070826887278e-02,5.244206070826887278e-02
-3.798879733905588529e-02,3.798879733905588529e-02
3.461947007812187253e-04,-3.461947007812104312e-04
6.998395350474129022e-03,-6.998395350474129022e-03
-2.023230265340718141e-03,2.023230265340715105e-03
8.032292605449818657e-03,-8.032292605449811718e-03
6.691799399161201499e-03,-6.691799399161200632e-03
-1.646512459217729096e-02,1.646512459217729096e-02
1.429534626706503025e-02,-1.429534626706503546e-02
2.744891104332870466e-02,-2.744891104332871160e-02
4.308416474666794393e-02,-4.308416474666794393e-02
5.032710483284551922e-02,-5.032710483284550534e-02
3.371688512350728972e-02,-3.371688512350730360e-02
7.264183932471956866e-03,-7.264183932471958600e-03
-3.420138794517135544e-05,3.420138794517260227e-05
-6.441435110994457244e-03,6.441435110994458979e-03
-8.172713376008748296e-03,8.172713376008744826e-03
-9.546176829339383593e-03,9.546176829339367981e-03
-2.567103378231591626e-02,2.567103378231592667e-02
-2.877881843932116740e-02,2.877881843932116046e-02
-3.157185799402657811e-02,3.157185799402659199e-02
-2.215194189071192227e-02,2.215194189071193615e-02
-1.627037934625584492e-02,1.627037934625585186e-02
-1.718331294359646058e-02,1.718331294359646058e-02
-9.767224888956560838e-03,9.767224888956578185e-03
-8.502555518287354189e-03,8.502555518287347250e-03
-1.617265905798935966e-03,1.617265905798939219e-03
-4.101077396427976231e-03,4.101077396427981435e-03
2.823758124667117772e-03,-2.823758124667118206e-03
2.560499184121898218e-03,-2.560499184121891279e-03
5.654900284987970753e-03,-5.654900284987973355e-03
6.152098337420193290e-03,-6.152098337420208903e-03
4.946079892203016255e-03,-4.946079892203016255e-03
1.418167344744119445e-03,-1.418167344744121613e-03
1.811311386557311331e-02,-1.811311386557311678e-02
2.474460684645093597e-02,-2.474460684645094638e-02
2.755811962191922690e-02,-2.755811962191920955e-02
5.124217712410045374e-03,-5.124217712410041904e-03
-5.752633625143015531e-03,5.752633625143013796e-03
1.325665153973011948e-02,-1.325665153973011948e-02
9.549284805901395862e-03,-9.549284805901399331e-03
1.313666756766437675e-02,-1.313666756766436808e-02
2.787840226772697605e-02,-2.787840226772697605e-02
4.576891184713865329e-02,-4.576891184713865329e-02
2.886407593551799239e-02,-2.886407593551799933e-02
2.303133484999509567e-02,-2.303133484999510261e-02
2.661493710512085123e-02,-2.661493710512085123e-02
2.742378105786524856e-02,-2.742378105786524856e-02
-5.415234169931444456e-03,5.415234169931443589e-03
-1.840153990828466077e-02,1.840153990828466771e-02
-2.900156521541160173e-02,2.900156521541160867e-02
-4.228093474494314975e-03,4.228093474494314108e-03
1.027318686441419660e-02,-1.027318686441418966e-02
1.532133294379270025e-02,-1.532133294379269331e-02
2.966808140178129813e-02,-2.966808140178131201e-02
2.536089124372098089e-02,-2.536089124372098783e-02
1.142473457037588083e-02,-1.142473457037588777e-02
2.311713640172057341e-02,-2.311713640172058382e-02
3.125666379833678260e-02,-3.125666379833681036e-02
1.577884472210008479e-02,-1.577884472210008826e-02
2.927444304413542517e-02,-2.927444304413545292e-02
-6.145680153744620400e-02,6.145680153744619706e-02
-1.864033061313213196e-02,1.864033061313212156e-02
-3.237390806790421682e-02,3.237390806790421682e-02
-3.989358337194395809e-02,3.989358337194395809e-02
-2.959163101488448619e-02,2.959163101488448966e-02
-4.846107242787214484e-03,4.846107242787217086e-03
-1.834046529497765496e-03,1.834046529497769182e-03
-3.600455595774391536e-04,3.600455595774372020e-04
7.296317258080419962e-03,-7.296317258080419095e-03
5.410647233724027311e-03,-5.410647233724038586e-03
-9.695582394669203033e-03,9.695582394669199564e-03
1.712452544761704568e-02,-1.712452544761703874e-02
2.519925211977866106e-02,-2.519925211977866453e-02
3.810382768630666411e-02,-3.810382768630667105e-02
3.272022936006342003e-02,-3.272022936006342697e-02
1.023031569493315293e-02,-1.023031569493315120e-02
9.429523484493454455e-03,-9.429523484493454455e-03
-1.440477321856834273e-03,1.440477321856831021e-03
1.212600232859080591e-02,-1.212600232859081285e-02
-2.425456427765443606e-03,2.425456427765440570e-03
-1.673682936210191610e-02,1.673682936210190569e-02
-1.733178203574367929e-02,1.733178203574367929e-02
-2.836363388955319073e-02,2.836363388955319767e-02
-3.209245808350937035e-02,3.209245808350936341e-02
-2.253252526143612391e-02,2.253252526143613432e-02
-1.538951636664393982e-02,1.538951636664396411e-02
-6.162430414238168064e-03,6.162430414238167196e-03
-2.683387320643481570e-03,2.683387320643485039e-03
6.663952258837446165e-03,-6.663952258837440960e-03
2.272171122792814024e-03,-2.272171122792810121e-03
-5.050504626008207876e-03,5.050504626008200937e-03
8.364819503899566938e-03,-8.364819503899566938e-03
1.136767301200122642e-02,-1.136767301200121080e-02
8.529199515071013080e-03,-8.529199515071009610e-03
5.216677440216341104e-03,-5.216677440216342838e-03
1.210190714846069585e-03,-1.210190714846070886e-03
7.979052679145136329e-03,-7.979052679145132859e-03
1.785756749391065323e-02,-1.785756749391063936e-02
1.133159042697271662e-02,-1.133159042697271662e-02
1.699075938251516302e-02,-1.699075938251518383e-02
1.045476551024581389e-02,-1.045476551024580696e-02
1.356169445080311446e-02,-1.356169445080311793e-02
2.727494510370658681e-02,-2.727494510370658681e-02
3.298341190150146790e-02,-3.298341190150145402e-02
3.929565584370890013e-02,-3.929565584370890707e-02
4.043587095656502040e-02,-4.043587095656501346e-02
5.321271130200638105e-02,-5.321271130200636718e-02
5.086483933661551521e-02,-5.086483933661549439e-02
3.792899616399037638e-02,-3.792899616399036944e-02
1.966044505547820398e-02,-1.966044505547818663e-02
2.487267475794677912e-02,-2.487267475794678259e-02
1.187933718121664955e-02,-1.187933718121664955e-02
-3.945205234185942579e-03,3.945205234185946049e-03
-3.150430513518220899e-02,3.150430513518220899e-02
-6.617000443144120843e-03,6.617000443144122578e-03
4.480178039263060493e-04,-4.480178039263089766e-04
-2.349248431943997892e-03,2.349248431943999627e-03
2.363841931582640402e-02,-2.363841931582639708e-02
-5.789882370073842115e-04,5.789882370073822599e-04
1.398274355640521591e-02,-1.398274355640521070e-02
2.311443904533067202e-03,-2.311443904533061131e-03
1.022352806213836993e-02,-1.022352806213836646e-02
1.268968136437928496e-02,-1.268968136437927975e-02
2.358249538781997945e-02,-2.358249538781997598e-02
-5.222553926921965489e-02,5.222553926921967571e-02
-1.376780429026207980e-02,1.376780429026208501e-02
-2.524821660647046800e-02,2.524821660647048535e-02
-3.275974589418620408e-02,3.275974589418619715e-02
-2.139988270367410364e-02,2.139988270367411058e-02
-2.032535635026451112e-02,2.032535635026451112e-02
9.067778846701964046e-03,-9.067778846701969250e-03
-8.646058034878563447e-03,8.646058034878559978e-03
-1.080386727652428609e-02,1.080386727652429477e-02
1.963512923383153863e-02,-1.963512923383154557e-02
2.228348630482700557e-03,-2.228348630482701858e-03
2.515006396238717717e-02,-2.515006396238716677e-02
2.247686399022744141e-02,-2.247686399022743101e-02
1.630641616166018590e-02,-1.630641616166018243e-02
1.254288791529110415e-02,-1.254288791529109028e-02
-7.546810555382929900e-03,7.546810555382929032e-03
7.691110280608878282e-03,-7.691110280608878282e-03
1.551030029536791532e-02,-1.551030029536792053e-02
1.353843864083373490e-02,-1.353843864083372449e-02
6.736747369318299861e-04,-6.736747369318317209e-04
4.381314629040882619e-03,-4.381314629040873945e-03
-3.779919560739226827e-03,3.779919560739222924e-03
-1.456916011500601453e-02,1.456916011500600759e-02
-2.817850254422557890e-02,2.817850254422558584e-02
-2.752363004897861662e-02,2.752363004897859233e-02
-1.995280190244481944e-02,1.995280190244483332e-02
-2.586865393679022365e-03,2.586865393679020630e-03
2.603106488477457698e-03,-2.603106488477455096e-03
1.767641371138842666e-03,-1.767641371138838763e-03
-1.373423463444453305e-03,1.373423463444459810e-03
-3.311044190001338847e-03,3.311044190001344485e-03
6.461729281228179890e-03,-6.461729281228183359e-03
1.894563328687162707e-02,-1.894563328687162013e-02
5.308480037458384454e-03,-5.308480037458381852e-03
4.575224667855390913e-03,-4.575224667855396117e-03
-1.079216516105515992e-02,1.079216516105517207e-02
-1.665510512399471631e-03,1.665510512399475535e-03
2.898227699036666624e-04,-2.898227699036701318e-04
3.384669089816081094e-03,-3.384669089816079793e-03
-7.688957182079256790e-03,7.688957182079257657e-03
-1.134243679218684825e-02,1.134243679218684998e-02
-3.441297358534826673e-03,3.441297358534822770e-03
8.188353431095693100e-05,-8.188353431095871993e-05
1.409334202477127880e-02,-1.409334202477128747e-02
1.506222674310253064e-02,-1.506222674310253584e-02
1.176632297904333692e-02,-1.176632297904333692e-02
3.082361618142087992e-02,-3.082361618142088339e-02
4.422690440296179332e-02,-4.422690440296180719e-02
4.280330188996413210e-02,-4.280330188996414598e-02
3.267949619782661158e-02,-3.267949619782662546e-02
2.603190806013745348e-02,-2.603190806013747083e-02
8.758157401619443352e-03,-8.758157401619453761e-03
5.685405042530503571e-03,-5.685405042530503571e-03
-2.930012061973608778e-02,2.930012061973607390e-02
-1.881436357163411219e-02,1.881436357163412260e-02
-1.056896700376340308e-02,1.056896700376340134e-02
-1.392502716846995628e-02,1.392502716846996495e-02
1.208176173877346417e-02,-1.208176173877347111e-02
-7.467549144828940048e-03,7.467549144828933110e-03
3.132221198814492350e-03,-3.132221198814494952e-03
-5.825053915764749797e-03,5.825053915764757603e-03
1.599505333657578673e-02,-1.599505333657578326e-02
7.744282992837240275e-03,-7.744282992837239407e-03
1.195502155572963562e-02,-1.195502155572964950e-02
-4.908067189125839280e-02,4.908067189125837892e-02
5.061095628844445964e-03,-5.061095628844447698e-03
-4.216724768183187019e-03,4.216724768183180948e-03
-5.491454486092861922e-03,5.491454486092871463e-03
-2.173927794633747149e-02,2.173927794633746802e-02
-3.898678677918548940e-02,3.898678677918551022e-02
2.147084592702675192e-03,-2.147084592702675192e-03
-1.816231366095057836e-02,1.816231366095058530e-02
-1.335751642243535389e-02,1.335751642243534175e-02
1.002754610370415987e-02,-1.002754610370416855e-02
1.211667434635578175e-02,-1.211667434635578869e-02
4.232925289226210919e-02,-4.232925289226210225e-02
3.221187439069235492e-02,-3.221187439069234104e-02
3.029777191522912277e-02,-3.029777191522913318e-02
4.380204502665470401e-03,-4.380204502665473003e-03
-4.738719895520450941e-03,4.738719895520455277e-03
5.896499766845040950e-03,-5.896499766845042685e-03
-3.392518632998269110e-04,3.392518632998247968e-04
1.706266711036855122e-02,-1.706266711036855468e-02
-1.857226499050911722e-02,1.857226499050912763e-02
-2.140762997777596269e-03,2.140762997777601040e-03
-1.562990656685162710e-02,1.562990656685162016e-02
-2.401921927273338933e-02,2.401921927273339974e-02
-2.042118688597582832e-02,2.042118688597584567e-02
-3.086296584039233473e-02,3.086296584039232779e-02
-1.785129018883859289e-02,1.785129018883858595e-02
-4.613955270876142142e-03,4.613955270876134336e-03
4.807292792001202424e-05,-4.807292792001087906e-05
-1.054731497649633032e-03,1.054731497649632598e-03
-3.937397901364890311e-03,3.937397901364880770e-03
2.953886730993389702e-03,-2.953886730993380595e-03
2.026669768597541207e-02,-2.026669768597540860e-02
2.603888939584721521e-02,-2.603888939584722562e-02
7.709854163539182556e-03,-7.709854163539189495e-03
1.002110096954585269e-03,-1.002110096954587437e-03
-6.988318853315876600e-03,6.988318853315875732e-03
7.084780957548108236e-03,-7.084780957548103900e-03
-5.971474360218453209e-03,5.971474360218454076e-03
4.751696045132692420e-03,-4.751696045132697624e-03
-2.434686895176924049e-02,2.434686895176924396e-02
-6.532722234528358027e-03,6.532722234528366700e-03
-1.957984942027604994e-02,1.957984942027605688e-02
-2.069965320886921895e-02,2.069965320886921548e-02
-5.287030149617207367e-03,5.287030149617209102e-03
6.721768811459889227e-03,-6.721768811459889227e-03
1.896389074778747144e-02,-1.896389074778746103e-02
3.027343138609757747e-02,-3.027343138609756359e-02
3.402306514962904344e-02,-3.402306514962904344e-02
1.521900950822760792e-02,-1.521900950822760445e-02
2.281586678443410510e-02,-2.281586678443409816e-02
1.777208438966250068e-02,-1.777208438966248333e-02
1.707933472546411049e-02,-1.707933472546411396e-02
-1.650607025699444425e-02,1.650607025699445118e-02
-2.650904267498430111e-02,2.650904267498429764e-02
-2.619115222002395965e-02,2.619115222002396659e-02
-2.945758266907100298e-02,2.945758266907101686e-02
-2.191100369362936409e-02,2.191100369362937797e-02
-2.312666189429393292e-03,2.312666189429395027e-03
6.715721934477047409e-04,-6.715721934477050662e-04
-1.831583172085557085e-02,1.831583172085556391e-02
-1.448506820427566087e-02,1.448506820427566087e-02
1.452230458397903157e-02,-1.452230458397904544e-02
6.986468128153609271e-03,-6.986468128153608403e-03
9.844332548869927715e-03,-9.844332548869924246e-03
-4.023001507132655669e-02,4.023001507132655669e-02
-3.272267258231123695e-03,3.272267258231131935e-03
4.246605152825370932e-03,-4.246605152825370932e-03
-4.468740987602767487e-03,4.468740987602764017e-03
-3.189213706791078212e-02,3.189213706791077518e-02
-3.786427008241103481e-02,3.786427008241104869e-02
-3.711209631334345515e-03,3.711209631334348984e-03
-1.195613435985922249e-02,1.195613435985922422e-02
-8.963521381186346712e-03,8.963521381186346712e-03
5.779536717365871615e-03,-5.779536717365869880e-03
1.674953702867472416e-03,-1.674953702867470898e-03
-7.392474432571592702e-03,7.392474432571596171e-03
-6.788643417861211365e-03,6.788643417861207896e-03
3.537236485642947931e-02,-3.537236485642945155e-02
2.524870230427787854e-02,-2.524870230427788201e-02
8.574940083231024149e-03,-8.574940083231022414e-03
2.873341322656188402e-03,-2.873341322656192739e-03
-8.388507820712064189e-03,8.388507820712058985e-03
2.175855304871398502e-03,-2.175855304871396768e-03
1.977134491427678682e-03,-1.977134491427676513e-03
-1.811494473880083736e-02,1.811494473880083389e-02
-2.939458337241354982e-02,2.939458337241355676e-02
-3.614977295353123676e-02,3.614977295353123676e-02
-2.450542823901472739e-02,2.450542823901471004e-02
-1.225672255547954892e-02,1.225672255547954718e-02
-2.290689843879869028e-02,2.290689843879869375e-02
-1.151098785914397328e-02,1.151098785914397675e-02
-1.326741180229593781e-02,1.326741180229594301e-02
-1.597695034360441246e-02,1.597695034360439512e-02
-1.066315412298159820e-02,1.066315412298159820e-02
3.852375475012370399e-05,-3.852375475012030230e-05
2.390100790357063687e-02,-2.390100790357061952e-02
2.714131172130935035e-02,-2.714131172130936076e-02
2.680849923672012913e-02,-2.680849923672012219e-02
4.905468298744098538e-03,-4.905468298744102874e-03
-1.242421403026091296e-02,1.242421403026091470e-02
7.296949029199905137e-03,-7.296949029199909474e-03
9.976504470022684590e-03,-9.976504470022693263e-03
6.348136087754905656e-03,-6.348136087754914329e-03
-1.309977264830306312e-02,1.309977264830305618e-02
-1.729567006609131208e-02,1.729567006609131208e-02
-2.083014207636689312e-03,2.083014207636686276e-03
4.193867528930169189e-03,-4.193867528930170056e-03
6.634882554709938506e-03,-6.634882554709934169e-03
3.952384144679712413e-03,-3.952384144679715015e-03
-2.084475872508633181e-03,2.084475872508629712e-03
-7.078486237536779462e-03,7.078486237536777727e-03
-1.189449094098676092e-03,1.189449094098676959e-03
-1.783292717997528743e-03,1.783292717997535031e-03
2.459520763409654264e-03,-2.459520763409654698e-03
5.309407678576092381e-03,-5.309407678576084574e-03
7.284940239954229395e-03,-7.284940239954234599e-03
-1.462360940932379630e-02,1.462360940932380671e-02
-3.040643419586767232e-02,3.040643419586766885e-02
-4.385726001753826632e-03,4.385726001753818826e-03
-4.127485711718396205e-03,4.127485711718397073e-03
-2.246665084626647477e-02,2.246665084626647477e-02
-4.225387796918870348e-04,4.225387796918867638e-04
1.308260238111705808e-03,-1.308260238111701688e-03
-2.760170416018336431e-02,2.760170416018335390e-02
-2.203353112181184736e-02,2.203353112181185777e-02
1.328879504694281677e-02,-1.328879504694280983e-02
1.232042400324924285e-03,-1.232042400324926453e-03
1.175927093875185625e-02,-1.175927093875185105e-02
-3.237632218624444252e-02,3.237632218624443559e-02
5.016378959849211554e-03,-5.016378959849205482e-03
-5.616254590012490465e-03,5.616254590012493934e-03
7.322904776037566545e-03,-7.322904776037559606e-03
-3.355793464260751341e-02,3.355793464260750647e-02
-2.809188768444794565e-02,2.809188768444794565e-02
-1.116497555490040747e-02,1.116497555490041094e-02
-5.978093225958143984e-03,5.978093225958135311e-03
-1.427808642304427555e-02,1.427808642304427209e-02
-1.720146522523404928e-02,1.720146522523405969e-02
-2.246439640395209852e-02,2.246439640395211240e-02
8.928327500200831934e-03,-8.928327500200818057e-03
6.608435371475235298e-03,-6.608435371475245707e-03
2.765807647992732377e-02,-2.765807647992731336e-02
1.743031182764219478e-02,-1.743031182764219131e-02
2.211129469534635003e-02,-2.211129469534636044e-02
1.347367117057515599e-02,-1.347367117057513171e-02
3.687192687373055337e-03,-3.687192687373052301e-03
7.530585320814563513e-03,-7.530585320814561778e-03
-6.224731437644136049e-03,6.224731437644138651e-03
-1.260740085924511207e-02,1.260740085924510687e-02
-3.393023086474013933e-02,3.393023086474013239e-02
-2.888369838811744722e-02,2.888369838811743681e-02
3.181267332655817598e-03,-3.181267332655813261e-03
9.822866830080973985e-03,-9.822866830080977454e-03
4.551686250259897974e-03,-4.551686250259893637e-03
-2.174846244315484754e-03,2.174846244315493862e-03
2.949449361460058754e-04,-2.949449361460040864e-04
1.007974502066493871e-03,-1.007974502066491919e-03
-9.261718524306480557e-03,9.261718524306480557e-03
-1.344594445745152982e-04,1.344594445745137261e-04
1.708837367743613542e-02,-1.708837367743614236e-02
1.978560584492524907e-02,-1.978560584492523519e-02
8.615981373958943659e-03,-8.615981373958948863e-03
7.021584755850686496e-04,-7.021584755850733117e-04
1.986932008671758038e-03,-1.986932008671758471e-03
-1.397040888403512648e-03,1.397040888403513516e-03
-1.033047454391432729e-03,1.033047454391428826e-03
1.175727061005856985e-02,-1.175727061005857332e-02
-2.216956207283227436e-03,2.216956207283230472e-03
1.209610927944389409e-02,-1.209610927944389756e-02
1.546617021322837550e-02,-1.546617021322837376e-02
2.048512746258491710e-02,-2.048512746258492057e-02
2.014621094700225212e-02,-2.014621094700224518e-02
9.643956079559531241e-03,-9.643956079559529507e-03
1.090115636767572185e-02,-1.090115636767572879e-02
-4.839562844239570991e-03,4.839562844239573593e-03
6.665481233940381833e-03,-6.665481233940375762e-03
-1.981585627030805347e-02,1.981585627030807428e-02
-3.616682880588255929e-03,3.616682880588257230e-03
-1.412133878766535025e-02,1.412133878766535892e-02
-1.459600951061558287e-02,1.459600951061557940e-02
-3.392432304442783569e-02,3.392432304442783569e-02
-7.562341406628728287e-03,7.562341406628710939e-03
-3.012301031191629355e-02,3.012301031191630396e-02
-2.005079721600987533e-02,2.005079721600986145e-02
-3.154488204088688047e-02,3.154488204088687353e-02
8.454839180298835341e-03,-8.454839180298821463e-03
1.634226505055183173e-02,-1.634226505055185255e-02
5.635021008471577863e-04,-5.635021008471595210e-04
-1.005654624499684527e-02,1.005654624499683659e-02
-6.441758010533556351e-03,6.441758010533561556e-03
-8.477603449532985710e-03,8.477603449532996119e-03
-1.268623046073574442e-02,1.268623046073574442e-02
-4.206370902859466604e-02,4.206370902859467298e-02
7.589732128879332629e-03,-7.589732128879329159e-03
-2.275070627734232867e-02,2.275070627734233214e-02
1.223002672030195324e-02,-1.223002672030194631e-02
-4.262336782441655120e-02,4.262336782441653732e-02
-3.109121828589821515e-02,3.109121828589822209e-02
-2.224629021986154406e-02,2.224629021986154753e-02
-1.049831985010295059e-02,1.049831985010295753e-02
-2.826186218859981156e-02,2.826186218859980462e-02
-9.229362855383733966e-03,9.229362855383735700e-03
-6.876171800865102900e-03,6.876171800865106369e-03
2.937059678974150018e-02,-2.937059678974150018e-02
2.419006056860716070e-02,-2.419006056860714682e-02
2.250800438786088736e-02,-2.250800438786087695e-02
1.465469899229060458e-02,-1.465469899229060805e-02
6.807274188576567867e-03,-6.807274188576553121e-03
1.188382440668445637e-02,-1.188382440668446505e-02
1.048241163204826666e-02,-1.048241163204826493e-02
1.193753704893678845e-02,-1.193753704893677978e-02
-4.030432363842205955e-03,4.030432363842205955e-03
-2.529647647566002355e-02,2.529647647565999927e-02
-3.836309135974111384e-02,3.836309135974110690e-02
-4.690492499677936800e-02,4.690492499677940269e-02
-2.833272384604518246e-02,2.833272384604519981e-02
-5.462201148836045780e-03,5.462201148836040576e-03
5.937295017551485858e-03,-5.937295017551486725e-03
1.073753406366541492e-02,-1.073753406366540798e-02
1.512270713096254028e-02,-1.512270713096252814e-02
1.495587923227506381e-02,-1.495587923227507422e-02
1.382110552764152268e-02,-1.382110552764151748e-02
-8.776309505889037191e-04,8.776309505889027434e-04
6.792144060560744746e-03,-6.792144060560737807e-03
1.081137372134465154e-02,-1.081137372134466021e-02
1.820823350751711589e-02,-1.820823350751712630e-02
-9.560235259421724814e-04,9.560235259421656509e-04
-4.811391691040457427e-03,4.811391691040455693e-03
-6.484055400329312956e-03,6.484055400329317292e-03
1.161743892610601729e-02,-1.161743892610601903e-02
1.885935167857674677e-02,-1.885935167857675024e-02
1.923106789952432061e-02,-1.923106789952431367e-02
3.550573505576810895e-02,-3.550573505576810202e-02
2.827699931856521298e-02,-2.827699931856520951e-02
1.281082351599705828e-02,-1.281082351599705654e-02
1.322613348372149271e-02,-1.322613348372149271e-02
1.109705272228200161e-03,-1.109705272228196909e-03
-6.118621308478735914e-03,6.118621308478735046e-03
-1.782245809020488111e-02,1.782245809020488805e-02
1.284639508272215729e-03,-1.284639508272216813e-03
-5.914496805591707915e-03,5.914496805591710517e-03
-1.924318964220321851e-02,1.924318964220323239e-02
-3.860869326727511125e-02,3.860869326727509043e-02
-2.776403762311471096e-02,2.776403762311471096e-02
-1.729265185558057083e-02,1.729265185558058471e-02
-8.462669232089364141e-03,8.462669232089365876e-03
-2.710426556958134281e-02,2.710426556958133240e-02
-2.056124826249168883e-02,2.056124826249167495e-02
-4.575175813416500203e-02,4.575175813416501591e-02
-7.041879182102623799e-03,7.041879182102623799e-03
-2.051180950109390139e-02,2.051180950109388404e-02
-2.823352970872038126e-02,2.823352970872036738e-02
-1.953352130063375908e-02,1.953352130063375908e-02
-5.476112867713888582e-03,5.476112867713888582e-03
-1.122073074177593879e-03,1.122073074177586723e-03
-1.700419086399553720e-02,1.700419086399551985e-02
-3.872175670505013240e-02,3.872175670505012546e-02
1.100164319514697168e-02,-1.100164319514695607e-02
-3.213663352557132036e-02,3.213663352557131342e-02
1.152277329457582385e-02,-1.152277329457582038e-02
-4.307223389984934925e-02,4.307223389984934925e-02
-5.696822206763753338e-02,5.696822206763754726e-02
-3.288967142914379221e-02,3.288967142914379915e-02
-1.979672346711875905e-02,1.979672346711875905e-02
-1.069598897860834889e-02,1.069598897860836277e-02
5.385635543538038958e-03,-5.385635543538036356e-03
-1.154062474293634025e-02,1.154062474293633851e-02
2.832451209283490950e-02,-2.832451209283491644e-02
1.877583086756040576e-02,-1.877583086756041270e-02
1.982402535716359937e-02,-1.982402535716357855e-02
3.532857094745504335e-03,-3.532857094745495662e-03
-8.643097628239298016e-03,8.643097628239291078e-03
4.030896136817035957e-03,-4.030896136817036825e-03
9.129252999949693387e-03,-9.129252999949686448e-03
1.513926196786231221e-02,-1.513926196786230527e-02
1.067162984497011836e-02,-1.067162984497012183e-02
-9.723782562765395307e-03,9.723782562765390103e-03
-1.958371440313063511e-02,1.958371440313063858e-02
-2.885691522133206413e-02,2.885691522133206760e-02
-1.690870702546230786e-02,1.690870702546231133e-02
-1.450309824903161897e-02,1.450309824903162070e-02
3.289960409628841023e-03,-3.289960409628838421e-03
1.129946402904904654e-02,-1.129946402904906042e-02
1.424283403807890744e-02,-1.424283403807890744e-02
1.977599343006873969e-02,-1.977599343006874316e-02
1.998592357991528512e-02,-1.998592357991529900e-02
1.391412582437741990e-02,-1.391412582437741817e-02
1.667363805733423909e-02,-1.667363805733422522e-02
1.571510683932965044e-02,-1.571510683932964350e-02
1.836105097797863586e-02,-1.836105097797863933e-02
-4.874053125479164104e-03,4.874053125479165839e-03
6.106142792216318754e-03,-6.106142792216322224e-03
1.069840606509291948e-02,-1.069840606509292122e-02
2.371438469741787847e-02,-2.371438469741788888e-02
3.402541455200167736e-02,-3.402541455200167042e-02
2.428007687791139055e-02,-2.428007687791138361e-02
1.766686697512359627e-02,-1.766686697512359280e-02
1.878715079332664295e-02,-1.878715079332665336e-02
3.824024660395304934e-03,-3.824024660395305367e-03
-1.285942361334282621e-02,1.285942361334281581e-02
-1.695072471470719395e-03,1.695072471470723732e-03
-6.403552151609748916e-03,6.403552151609748048e-03
-6.771533450370323219e-03,6.771533450370331893e-03
8.879809719221011532e-03,-8.879809719221009798e-03
8.712155844785851588e-03,-8.712155844785849854e-03
1.620617282116793359e-02,-1.620617282116793012e-02
1.324940165522841889e-03,-1.324940165522840371e-03
1.847163740718543723e-02,-1.847163740718544070e-02
-6.785733996614948943e-03,6.785733996614952412e-03
9.601164971518933366e-04,-9.601164971518876988e-04
-1.318588587494274895e-03,1.318588587494277063e-03
-3.105502225214042122e-02,3.105502225214042816e-02
-4.241260786843968622e-02,4.241260786843969316e-02
-3.644127405041517470e-02,3.644127405041516776e-02
-4.442898598204036986e-02,4.442898598204037680e-02
-2.417218053546655102e-02,2.417218053546656489e-02
2.314731978583747015e-04,-2.314731978583710965e-04
7.415022175069889421e-03,-7.415022175069893758e-03
2.684953287666983282e-02,-2.684953287666983976e-02
-1.265033842553981054e-02,1.265033842553980534e-02
-3.534231280566860894e-02,3.534231280566862282e-02
1.408300143312380889e-02,-1.408300143312381236e-02
-1.247684769424577123e-02,1.247684769424577643e-02
3.571502031079683975e-02,-3.571502031079686057e-02
-3.684609819994861396e-02,3.684609819994861396e-02
-5.038683146239042454e-02,5.038683146239041760e-02
-2.556438817195693519e-02,2.556438817195693519e-02
7.088440729369525385e-03,-7.088440729369532324e-03
1.710001541807882469e-02,-1.710001541807882816e-02
3.324860824621585654e-03,-3.324860824621579149e-03
-2.748147213334548641e-03,2.748147213334548641e-03
3.932273050276104132e-02,-3.932273050276104132e-02
2.821079730175725733e-02,-2.821079730175726080e-02
4.004852670675826398e-02,-4.004852670675826398e-02
1.569019116631311175e-02,-1.569019116631310828e-02
-6.202170102412874961e-03,6.202170102412865420e-03
-8.539811118526512840e-03,8.539811118526518044e-03
-3.693667369721621027e-04,3.693667369721637833e-04
2.188337422787657582e-02,-2.188337422787658623e-02
7.263501944640594378e-03,-7.263501944640590909e-03
1.172997756821636886e-02,-1.172997756821637233e-02
2.481620489438968007e-03,-2.481620489438965405e-03
-8.397379140933164399e-03,8.397379140933178276e-03
-1.000530899482640623e-02,1.000530899482640450e-02
-1.560880584741875139e-02,1.560880584741875833e-02
-6.176389369849265808e-03,6.176389369849276216e-03
2.672718064425809448e-03,-2.672718064425810315e-03
5.135829714142029975e-03,-5.135829714142034312e-03
4.078217715091384844e-03,-4.078217715091375303e-03
7.831173719039795020e-03,-7.831173719039789816e-03
2.242402865413381519e-02,-2.242402865413381519e-02
2.302827049026907880e-02,-2.302827049026909961e-02
1.268577105788404151e-02,-1.268577105788403804e-02
1.553612894345040955e-02,-1.553612894345040088e-02
-1.039443805524119767e-02,1.039443805524119940e-02
1.337680249475268340e-02,-1.337680249475269381e-02
1.953479705115726897e-02,-1.953479705115726203e-02
2.460487344768609586e-02,-2.460487344768612361e-02
3.613877272107376276e-02,-3.613877272107374888e-02
2.405668818747141655e-02,-2.405668818747140961e-02
1.266144578465889028e-02,-1.266144578465889722e-02
4.628032604097911257e-03,-4.628032604097906920e-03
-2.343089562959667707e-02,2.343089562959667707e-02
-9.678524878214246965e-03,9.678524878214231353e-03
-1.442531250119171576e-02,1.442531250119172097e-02
-2.294807925605444471e-02,2.294807925605443777e-02
1.867153637575314461e-03,-1.867153637575318581e-03
2.789640877930136056e-02,-2.789640877930137097e-02
3.213149626228473804e-02,-3.213149626228474498e-02
3.142380400785779737e-02,-3.142380400785778349e-02
3.022260290209521916e-02,-3.022260290209521916e-02
2.635684150160462133e-02,-2.635684150160460398e-02
6.540849280590716082e-03,-6.540849280590713480e-03
2.846618299206544501e-03,-2.846618299206540165e-03
-1.027010269324809492e-03,1.027010269324806239e-03
-7.445763763236560966e-03,7.445763763236545353e-03
-4.187199443047426306e-02,4.187199443047427000e-02
-5.361495789705154197e-02,5.361495789705152115e-02
-4.008260911110276409e-02,4.008260911110275715e-02
-4.316598396684515060e-02,4.316598396684515060e-02
-4.041830588617018744e-02,4.041830588617020131e-02
2.485731781443750992e-04,-2.485731781443762918e-04
4.086347223943339463e-02,-4.086347223943339463e-02
-3.789711492401868272e-03,3.789711492401868272e-03
-2.793465680467837470e-02,2.793465680467835388e-02
1.130530097028738939e-02,-1.130530097028739980e-02
-1.058492016326205757e-04,1.058492016326213346e-04
3.159327110456754822e-02,-3.159327110456754129e-02
-4.145055405017689792e-02,4.145055405017688405e-02
-5.706897950855346208e-02,5.706897950855344820e-02
-1.007753459379899172e-02,1.007753459379899345e-02
7.211197068018166539e-03,-7.211197068018156998e-03
1.102649312754375513e-02,-1.102649312754374472e-02
-1.523488384987509506e-02,1.523488384987509332e-02
5.668982195534075404e-03,-5.668982195534075404e-03
2.309064402237006805e-02,-2.309064402237007152e-02
1.412596646813085548e-02,-1.412596646813084680e-02
1.952582933384675382e-02,-1.952582933384676769e-02
-1.919239022264781699e-02,1.919239022264780312e-02
-1.568238432175193819e-02,1.568238432175194860e-02
-2.319373675959719629e-03,2.319373675959719629e-03
-1.261623656648534070e-02,1.261623656648534243e-02
-2.472044846466879553e-02,2.472044846466878859e-02
-3.293054785043728755e-02,3.293054785043730143e-02
-2.778688041828070512e-02,2.778688041828070859e-02
-1.307447229169950327e-02,1.307447229169949460e-02
-1.449990159325780480e-02,1.449990159325779612e-02
-1.566703894396572275e-02,1.566703894396572622e-02
-2.689852414111068915e-02,2.689852414111067874e-02
-2.858786732465233224e-02,2.858786732465234265e-02
-1.893385539913606391e-02,1.893385539913607432e-02
1.520025577869028865e-02,-1.520025577869027304e-02
1.509270053540636217e-02,-1.509270053540635870e-02
3.008830326893768663e-03,-3.008830326893767362e-03
1.166323657999342178e-02,-1.166323657999342872e-02
1.552433706279092614e-02,-1.552433706279093481e-02
1.470059409426205388e-02,-1.470059409426205041e-02
-1.316227738935844263e-03,1.316227738935846214e-03
-5.672778998373185187e-03,5.672778998373187789e-03
8.359158470346114700e-03,-8.359158470346111230e-03
1.165681590832279291e-02,-1.165681590832277903e-02
1.361860860197715642e-02,-1.361860860197714948e-02
1.870274345843189051e-02,-1.870274345843188704e-02
7.842061060005763376e-03,-7.842061060005770315e-03
-1.253263700073212542e-02,1.253263700073213235e-02
-3.190357582327918440e-02,3.190357582327918440e-02
-3.263767720594258626e-02,3.263767720594257932e-02
-1.090327000879006596e-03,1.090327000879006596e-03
-1.033665515437981984e-02,1.033665515437981984e-02
-5.273891253107878575e-03,5.273891253107880310e-03
7.838666564706702616e-03,-7.838666564706699147e-03
1.640992437613156274e-02,-1.640992437613154886e-02
1.646168942472927416e-02,-1.646168942472927069e-02
1.455087487079499003e-02,-1.455087487079498830e-02
1.510299952640514580e-02,-1.510299952640514060e-02
2.531305315775484507e-03,-2.531305315775481037e-03
1.395191832928506168e-02,-1.395191832928506341e-02
8.323966367437454078e-03,-8.323966367437448874e-03
1.454988984047866918e-02,-1.454988984047867612e-02
-1.908111962893111260e-02,1.908111962893113689e-02
-3.111033009663502838e-02,3.111033009663502838e-02
-4.480959258705978498e-02,4.480959258705979192e-02
-3.513644361709078456e-02,3.513644361709079150e-02
-5.734664341721971981e-02,5.734664341721970593e-02
-5.433056644908127591e-02,5.433056644908128285e-02
-1.843275267291946337e-02,1.843275267291947031e-02
3.102065985156480035e-02,-3.102065985156480035e-02
-1.161119157238420935e-02,1.161119157238420414e-02
-2.729238270689926527e-02,2.729238270689927567e-02
1.439832307897355619e-02,-1.439832307897357180e-02
4.148684479413593598e-03,-4.148684479413591863e-03
8.233923784108391694e-03,-8.233923784108396898e-03
-4.770414000759010814e-02,4.770414000759008039e-02
-5.562670836994020040e-02,5.562670836994022816e-02
6.580292143715865336e-04,-6.580292143715858830e-04
1.813033325888343140e-03,-1.813033325888344007e-03
8.816811147108425404e-04,-8.816811147108417814e-04
-1.233805477468790865e-02,1.233805477468791732e-02
-6.798840635739302569e-04,6.798840635739225591e-04
1.405776901821548762e-02,-1.405776901821548415e-02
2.805897525445150836e-03,-2.805897525445156040e-03
2.037157718438269149e-02,-2.037157718438270190e-02
-4.176265582256370908e-03,4.176265582256364836e-03
-2.688520588804669750e-03,2.688520588804668449e-03
1.689340945485702213e-03,-1.689340945485703731e-03
-1.305603198190374327e-02,1.305603198190373980e-02
-2.603643590974509536e-02,2.603643590974510577e-02
-3.504834595905788330e-02,3.504834595905786943e-02
-3.137389748771102216e-02,3.137389748771102216e-02
-2.211655776963575293e-02,2.211655776963575293e-02
-1.942885781878896448e-02,1.942885781878895407e-02
-2.117074308707967562e-02,2.117074308707968602e-02
-1.647217191139279183e-02,1.647217191139278836e-02
-2.468789980372075588e-02,2.468789980372075588e-02
-4.079681196891150885e-02,4.079681196891151579e-02
-1.543643666225253709e-02,1.543643666225253536e-02
2.541271519853050345e-02,-2.541271519853048957e-02
1.846527047725448137e-02,-1.846527047725449178e-02
1.876752077100189015e-02,-1.876752077100188668e-02
7.277118238806284597e-03,-7.277118238806278526e-03
1.350803902105087578e-02,-1.350803902105087752e-02
7.116980323731075982e-03,-7.116980323731064706e-03
7.782616530134701775e-03,-7.782616530134699173e-03
6.375413829380463526e-03,-6.375413829380454853e-03
5.600504633694037421e-03,-5.600504633694033084e-03
1.988999056772399691e-03,-1.988999056772401859e-03
1.066064380906287662e-02,-1.066064380906286448e-02
-2.825184125582520106e-02,2.825184125582520106e-02
-1.678298535081897483e-02,1.678298535081895054e-02
-3.396125268555934967e-02,3.396125268555933580e-02
-2.109046322495620757e-03,2.109046322495626829e-03
-1.983991952114342282e-03,1.983991952114347486e-03
-2.268617438550500718e-03,2.268617438550497249e-03
-1.338189817250452687e-03,1.338189817250450952e-03
1.115781795042550088e-02,-1.115781795042550609e-02
1.804639516997069704e-02,-1.804639516997069704e-02
1.193283152439041962e-02,-1.193283152439041268e-02
2.413500189106627340e-03,-2.413500189106629508e-03
6.847815096914009955e-03,-6.847815096914009088e-03
-4.780301750973734408e-03,4.780301750973731806e-03
-3.367424597221544726e-03,3.367424597221544292e-03
1.711525682212018847e-03,-1.711525682212021665e-03
9.104170089990587869e-03,-9.104170089990584400e-03
-6.839701407798968319e-03,6.839701407798977860e-03
-3.131390789060789492e-02,3.131390789060786717e-02
-3.226891727068280369e-02,3.226891727068278981e-02
-1.488335285227535866e-02,1.488335285227537080e-02
-5.123943747557477280e-02,5.123943747557477280e-02
-4.547141341314775431e-02,4.547141341314774737e-02
-2.765804989188405325e-02,2.765804989188406018e-02
1.958865044612405695e-02,-1.958865044612407083e-02
-1.946568364276603583e-02,1.946568364276604624e-02
-2.862864473256479525e-02,2.862864473256479525e-02
1.425505056535809542e-02,-1.425505056535809889e-02
1.195131525364960187e-02,-1.195131525364958626e-02
1.292974245503171471e-02,-1.292974245503172685e-02
-2.849908764694720348e-02,2.849908764694719307e-02
-2.585376539020302691e-02,2.585376539020301997e-02
1.842192968717170590e-03,-1.842192968717169723e-03
-2.294557540383242514e-02,2.294557540383242861e-02
-7.442907578834073029e-03,7.442907578834073896e-03
-4.972949877562112680e-02,4.972949877562112680e-02
-2.674101392302713834e-02,2.674101392302713487e-02
2.260830847256810848e-03,-2.260830847256819955e-03
-1.103645656493298412e-02,1.103645656493298065e-02
8.186870387812744329e-03,-8.186870387812744329e-03
-6.219290401477672002e-03,6.219290401477672869e-03
5.425393818235808678e-04,-5.425393818235819520e-04
2.607669863020079665e-02,-2.607669863020078624e-02
8.947648827547437581e-03,-8.947648827547439315e-03
-8.974480719415924360e-03,8.974480719415927829e-03
-1.725995761639630838e-02,1.725995761639631185e-02
-1.610716773389104378e-02,1.610716773389104378e-02
-1.577637305381202060e-02,1.577637305381202060e-02
-2.041648028611354679e-02,2.041648028611354332e-02
-3.304695948588579762e-02,3.304695948588580456e-02
-1.770492667020578600e-02,1.770492667020578254e-02
-3.558060419515551159e-02,3.558060419515551853e-02
-2.446733216110733716e-02,2.446733216110733369e-02
-2.884986040396771145e-02,2.884986040396771839e-02
1.085370499866824753e-02,-1.085370499866823712e-02
1.160384048814940873e-02,-1.160384048814940873e-02
2.079401714514859598e-02,-2.079401714514857863e-02
-7.565385768444361086e-03,7.565385768444362821e-03
8.121923993314288104e-03,-8.121923993314293308e-03
1.270034275904774294e-02,-1.270034275904774988e-02
7.036561874588816504e-03,-7.036561874588822575e-03
-1.047729508372564206e-02,1.047729508372564552e-02
1.892293009129514605e-03,-1.892293009129510269e-03
1.437345046376339863e-03,-1.437345046376341164e-03
-2.072429712618412828e-02,2.072429712618413522e-02
-2.436617392097038121e-02,2.436617392097038814e-02
-2.348719998425459823e-02,2.348719998425460517e-02
-1.476536383310890488e-02,1.476536383310890314e-02
-6.865299821430926805e-03,6.865299821430931142e-03
-1.188667195121999830e-02,1.188667195122000177e-02
2.887827745899845724e-03,-2.887827745899845290e-03
1.003868478962918406e-02,-1.003868478962917539e-02
3.664985755403424219e-03,-3.664985755403422484e-03
1.368896308981758236e-02,-1.368896308981757542e-02
1.711427131416119046e-02,-1.711427131416118352e-02
-6.017315838680568213e-03,6.017315838680572550e-03
-4.977394840144249745e-03,4.977394840144254082e-03
-7.377344354755480289e-03,7.377344354755478555e-03
1.364966717945353437e-02,-1.364966717945354131e-02
2.053024358814903999e-02,-2.053024358814903652e-02
1.755529490055902919e-02,-1.755529490055905348e-02
-2.489842513837085825e-02,2.489842513837086518e-02
-1.615692173593639980e-02,1.615692173593639980e-02
-9.166046349671873664e-03,9.166046349671870194e-03
-1.355613873531259783e-02,1.355613873531259610e-02
-2.960267728819454547e-02,2.960267728819453853e-02
-1.392593514645792431e-02,1.392593514645792604e-02
-1.445338885965464538e-02,1.445338885965464018e-02
2.365012919396147079e-02,-2.365012919396147772e-02
1.487001628469521055e-04,-1.487001628469570658e-04
-2.369006674619570860e-02,2.369006674619570513e-02
2.253501814751941029e-02,-2.253501814751941723e-02
1.836920112251732781e-02,-1.836920112251732434e-02
1.387099173972025819e-02,-1.387099173972025819e-02
-1.540352995907216110e-02,1.540352995907216457e-02
-9.590036306594419691e-03,9.590036306594417956e-03
2.381714416082766819e-03,-2.381714416082768553e-03
-1.769880105095850836e-02,1.769880105095849795e-02
1.448954592406976683e-03,-1.448954592406978418e-03
-3.368778924693484333e-02,3.368778924693482252e-02
-4.554094641232986698e-03,4.554094641232984964e-03
1.154913370580203449e-02,-1.154913370580203102e-02
1.238955289505167673e-02,-1.238955289505167499e-02
1.389875359405531516e-02,-1.389875359405532036e-02
-3.959202542743757262e-03,3.959202542743760732e-03
9.402864383952951391e-03,-9.402864383952953126e-03
3.526418550491667442e-02,-3.526418550491665360e-02
3.987350458379550905e-02,-3.987350458379550905e-02
2.030706831496992618e-02,-2.030706831496993311e-02
8.482886370617167410e-03,-8.482886370617162206e-03
-8.429613652999847417e-04,8.429613652999887533e-04
-1.982270605282654419e-02,1.982270605282655113e-02
-1.926807989482476335e-02,1.926807989482474601e-02
-2.866118138902006007e-02,2.866118138902004620e-02
-2.309001394308678873e-02,2.309001394308679914e-02
-2.533001312103476746e-02,2.533001312103476399e-02
-2.704170133429670622e-02,2.704170133429671316e-02
-2.153067928517647320e-02,2.153067928517648014e-02
5.301628290413346219e-03,-5.301628290413344484e-03
4.408259644918329986e-03,-4.408259644918333456e-03
-1.943915884019250216e-03,1.943915884019252601e-03
-1.496508812564974894e-02,1.496508812564975241e-02
-7.412240555160342671e-03,7.412240555160340069e-03
6.079021513268440327e-03,-6.079021513268434256e-03
-2.372693971387822493e-04,2.372693971387823848e-04
-1.491606914344306136e-03,1.491606914344311341e-03
1.242127871670883899e-03,-1.242127871670885633e-03
1.153222516320134622e-03,-1.153222516320134405e-03
-1.474527602764342735e-02,1.474527602764343082e-02
-1.630014229898908706e-02,1.630014229898908706e-02
-3.053306043144604198e-03,3.053306043144610269e-03
-9.382261969875625371e-03,9.382261969875630575e-03
-8.807286617709148696e-03,8.807286617709155635e-03
-1.595073159718693456e-02,1.595073159718693456e-02
5.760029376726523952e-03,-5.760029376726531758e-03
1.629992762205485085e-02,-1.629992762205485085e-02
3.923413281234758299e-03,-3.923413281234764370e-03
1.405102787538311040e-02,-1.405102787538310520e-02
1.494794461123648624e-02,-1.494794461123646716e-02
-1.730253705905712355e-02,1.730253705905712008e-02
-2.550729768914798343e-02,2.550729768914796608e-02
-1.801324740001272046e-02,1.801324740001271699e-02
2.892225983719431265e-02,-2.892225983719432653e-02
4.362788678249665542e-02,-4.362788678249666235e-02
3.054118679411876175e-02,-3.054118679411875481e-02
-1.559628178607404270e-02,1.559628178607403402e-02
-1.778003045841934637e-02,1.778003045841931862e-02
-3.671570548736999718e-03,3.671570548737005356e-03
7.222423357773204676e-03,-7.222423357773206411e-03
-1.519988734417415145e-02,1.519988734417416013e-02
6.680380920251958489e-03,-6.680380920251963693e-03
-1.473856814590525886e-02,1.473856814590526060e-02
1.056908300365960902e-02,-1.056908300365961249e-02
1.281878455430153409e-03,-1.281878455430155795e-03
-2.124389018631938839e-02,2.124389018631939532e-02
1.344579851414253076e-02,-1.344579851414253076e-02
7.394170036963063943e-03,-7.394170036963062208e-03
1.925866142987374061e-02,-1.925866142987376142e-02
-8.339466008031674524e-03,8.339466008031695340e-03
-1.381365211689316447e-02,1.381365211689316620e-02
3.747461301383750529e-03,-3.747461301383748361e-03
-1.170255538947142723e-02,1.170255538947141856e-02
-6.140854169347145092e-03,6.140854169347151163e-03
-1.348996431730996662e-02,1.348996431730997529e-02
6.051879282504218395e-03,-6.051879282504215793e-03
1.743357111005859573e-04,-1.743357111005874752e-04
-1.496946485619990214e-04,1.496946485619969614e-04
1.124312353751737159e-02,-1.124312353751737853e-02
-4.143164635575907404e-03,4.143164635575905669e-03
1.694909056326508040e-02,-1.694909056326509081e-02
2.428797056752112285e-02,-2.428797056752112285e-02
3.190367242241887863e-02,-3.190367242241887169e-02
2.059849290425317878e-02,-2.059849290425316143e-02
2.582195439755860869e-02,-2.582195439755861216e-02
6.694726171211896892e-03,-6.694726171211894290e-03
-1.651337721178277457e-02,1.651337721178278498e-02
-1.162825625288936918e-02,1.162825625288937091e-02
-1.437259639130999272e-02,1.437259639130998579e-02
-1.556174907974675753e-02,1.556174907974675059e-02
-1.024723954401225712e-02,1.024723954401225191e-02
-1.474686553970802616e-02,1.474686553970802616e-02
1.233756529316328530e-02,-1.233756529316328010e-02
5.322715592435850809e-03,-5.322715592435849942e-03
-2.699763066578751182e-03,2.699763066578752917e-03
1.163154948579281324e-03,-1.163154948579277420e-03
-9.861310152513231078e-03,9.861310152513225874e-03
-1.729485756114170197e-03,1.729485756114175184e-03
1.180274741424343007e-02,-1.180274741424342314e-02
-7.930033804010804509e-04,7.930033804010773067e-04
1.453303879231624372e-02,-1.453303879231624719e-02
1.143543917196525143e-02,-1.143543917196526011e-02
-1.642164822468241553e-02,1.642164822468243635e-02
-1.164860330047118309e-02,1.164860330047120043e-02
-1.255557289487531022e-02,1.255557289487531890e-02
9.213015905823998888e-03,-9.213015905823997154e-03
5.469901957299619019e-03,-5.469901957299620754e-03
7.763557992732324220e-03,-7.763557992732323353e-03
-6.403010081362727965e-03,6.403010081362728832e-03
-1.983467216516301458e-03,1.983467216516296688e-03
1.684085511553813294e-03,-1.684085511553810909e-03
-1.159082214753206705e-02,1.159082214753206531e-02
5.338834038169968689e-03,-5.338834038169967822e-03
1.072986853702611286e-02,-1.072986853702611286e-02
-1.508017561413960324e-02,1.508017561413960497e-02
-2.961369314501979128e-02,2.961369314501979474e-02
-9.759493067145959960e-03,9.759493067145956491e-03
9.718312165972914016e-03,-9.718312165972910546e-03
3.398921351059613211e-02,-3.398921351059613211e-02
3.797112695196874776e-02,-3.797112695196874776e-02
1.448758723521604078e-02,-1.448758723521603731e-02
3.337916065153747214e-03,-3.337916065153748082e-03
1.501541146316424935e-02,-1.501541146316424415e-02
3.242939963733224018e-02,-3.242939963733224712e-02
6.560344312641660028e-03,-6.560344312641664365e-03
1.282444968287929643e-02,-1.282444968287929296e-02
6.877336776021666584e-03,-6.877336776021669186e-03
-1.172766515243493920e-03,1.172766515243485030e-03
4.737935153660849212e-03,-4.737935153660849212e-03
-1.963015380268839580e-02,1.963015380268837151e-02
7.556187500762821634e-03,-7.556187500762820766e-03
5.170175330846034541e-03,-5.170175330846036275e-03
2.837096581043981915e-03,-2.837096581043981915e-03
-9.138256127820330692e-04,9.138256127820337197e-04
6.682724911528810027e-03,-6.682724911528813497e-03
-4.271710507662534149e-03,4.271710507662533282e-03
-1.138187103054678212e-02,1.138187103054679600e-02
-3.335024428630295121e-03,3.335024428630295121e-03
-7.036895067719243883e-03,7.036895067719249955e-03
9.867122484864272736e-03,-9.867122484864271001e-03
1.603160741046635862e-02,-1.603160741046635515e-02
2.701616867857373205e-03,-2.701616867857366266e-03
1.035161080368274256e-02,-1.035161080368272694e-02
-4.138142701048110224e-03,4.138142701048114561e-03
1.766255208194233289e-02,-1.766255208194231902e-02
1.749660813852779717e-02,-1.749660813852779370e-02
7.508281758848057638e-03,-7.508281758848056771e-03
2.533063506294258149e-03,-2.533063506294254245e-03
6.093555564180770960e-04,-6.093555564180760118e-04
4.488411936878469212e-03,-4.488411936878458804e-03
-6.380540655110756958e-03,6.380540655110751753e-03
-1.595131723930635903e-02,1.595131723930635903e-02
-1.284683908535619833e-02,1.284683908535620700e-02
-4.557806855896661888e-03,4.557806855896667959e-03
-5.047628543225848603e-04,5.047628543225829087e-04
-2.361036472778329023e-03,2.361036472778328590e-03
2.304307308910459595e-02,-2.304307308910459595e-02
1.420923946606155765e-02,-1.420923946606155938e-02
-1.949820912272136634e-03,1.949820912272137068e-03
6.910256195000741286e-03,-6.910256195000731745e-03
-3.790675667652740029e-04,3.790675667652754666e-04
9.192190683768607096e-03,-9.192190683768607096e-03
1.531903446357399737e-02,-1.531903446357398869e-02
8.341247343079494919e-03,-8.341247343079496654e-03
1.290190545749613817e-02,-1.290190545749613817e-02
-1.007495887721515312e-02,1.007495887721515312e-02
-1.946909770897871719e-03,1.946909770897870418e-03
-8.924688673479029555e-03,8.924688673479022616e-03
8.121451241470791296e-04,-8.121451241470804307e-04
1.908508495690416570e-02,-1.908508495690417264e-02
3.669621578843284691e-05,-3.669621578843394467e-05
5.135683500716958609e-03,-5.135683500716957742e-03
-5.711492574675506055e-04,5.711492574675487623e-04
-2.663137984593791710e-02,2.663137984593791363e-02
-1.822103468570612783e-02,1.822103468570612783e-02
5.564388411915441833e-03,-5.564388411915433159e-03
5.181179458529409920e-03,-5.181179458529415992e-03
7.549546849243917238e-03,-7.549546849243911166e-03
2.160629252630360490e-03,-2.160629252630363959e-03
-2.278747636630619813e-02,2.278747636630619813e-02
6.946934272752888946e-03,-6.946934272752886344e-03
4.941031221005451161e-03,-4.941031221005441620e-03
2.390994001091915552e-02,-2.390994001091915899e-02
3.646672617271722733e-02,-3.646672617271722733e-02
1.323906778704211050e-03,-1.323906778704209315e-03
-2.445436498714372020e-02,2.445436498714371326e-02
2.085082954523597570e-02,-2.085082954523597223e-02
3.208766364284763861e-02,-3.208766364284763167e-02
1.154796960473612223e-02,-1.154796960473612397e-02
6.594948721856555215e-03,-6.594948721856556083e-03
1.760298189460265169e-03,-1.760298189460261266e-03
-5.558427884963200276e-03,5.558427884963193337e-03
-1.325629534012873374e-02,1.325629534012872680e-02
-1.636662936954952005e-02,1.636662936954952005e-02
4.151322508828911122e-03,-4.151322508828913724e-03
-4.083136476006034299e-03,4.083136476006036034e-03
1.331573771320430054e-02,-1.331573771320429707e-02
-1.362346459926295572e-03,1.362346459926291669e-03
6.109894344967311923e-03,-6.109894344967317127e-03
-5.519380351515452109e-03,5.519380351515452109e-03
-7.829817032328965226e-03,7.829817032328965226e-03
-1.867545940486246359e-03,1.867545940486245708e-03
1.151333591021084200e-02,-1.151333591021084547e-02
-3.802605681458571130e-03,3.802605681458565926e-03
8.878240160863404978e-03,-8.878240160863398039e-03
5.303391599665509271e-03,-5.303391599665509271e-03
3.455058476141753543e-02,-3.455058476141754931e-02
2.224141254503981396e-02,-2.224141254503982784e-02
2.884304489687048584e-02,-2.884304489687048931e-02
1.585071019866010969e-02,-1.585071019866012010e-02
-5.857495965278719692e-03,5.857495965278716223e-03
7.474759104098493805e-03,-7.474759104098497274e-03
-1.371197806776785870e-02,1.371197806776785696e-02
-3.248072826146671324e-03,3.248072826146672625e-03
3.398113255018979807e-04,-3.398113255018958122e-04
1.434918511617356771e-02,-1.434918511617357291e-02
-1.525944069596877652e-02,1.525944069596878172e-02
-6.327851114439781224e-03,6.327851114439779490e-03
-7.238403572786798919e-03,7.238403572786801521e-03
7.183797344018494693e-03,-7.183797344018497295e-03
2.062405365213026975e-02,-2.062405365213027669e-02
3.006157244436767975e-02,-3.006157244436767975e-02
4.851122508398232613e-03,-4.851122508398234348e-03
9.188069256098094217e-03,-9.188069256098109830e-03
1.000582474576418822e-02,-1.000582474576418128e-02
-8.812702938378330500e-04,8.812702938378355437e-04
2.544539645565518579e-02,-2.544539645565517885e-02
1.233041644737130002e-02,-1.233041644737129308e-02
9.873481559580623082e-03,-9.873481559580617878e-03
-3.121711048754832740e-02,3.121711048754832740e-02
5.588888402511696472e-04,-5.588888402511660693e-04
-1.608842137544439031e-03,1.608842137544440982e-03
-3.133084794504868102e-03,3.133084794504872005e-03
8.593106204273224732e-03,-8.593106204273221263e-03
1.575562414936656358e-02,-1.575562414936656705e-02
1.893188037071109192e-02,-1.893188037071110233e-02
-8.802857463375697925e-03,8.802857463375697925e-03
-1.231835748471618933e-02,1.231835748471617718e-02
4.074471066444521408e-03,-4.074471066444517071e-03
-1.331029583474349111e-02,1.331029583474349284e-02
-3.506517275427197770e-03,3.506517275427196469e-03
5.502244128462245934e-03,-5.502244128462237260e-03
6.379801220352141963e-04,-6.379801220352136542e-04
-4.265444634243203970e-02,4.265444634243206051e-02
-1.755510407144226029e-02,1.755510407144227417e-02
-3.177249703092595995e-02,3.177249703092594607e-02
9.366208835795749449e-03,-9.366208835795747714e-03
1.345461365198255543e-02,-1.345461365198254849e-02
-4.844286674221536838e-03,4.844286674221540308e-03
-3.994263739218515546e-02,3.994263739218518322e-02
1.508835859633556910e-02,-1.508835859633556042e-02
3.474507432244241384e-02,-3.474507432244243466e-02
4.044428280929969477e-03,-4.044428280929968610e-03
4.374405038683149179e-03,-4.374405038683155250e-03
-8.414117035095418796e-04,8.414117035095445901e-04
-9.195632451521927944e-03,9.195632451521922740e-03
-2.108120750943649757e-02,2.108120750943648022e-02
-1.573200690589710710e-02,1.573200690589711057e-02
6.270124901680316533e-03,-6.270124901680316533e-03
-5.924028562821731514e-03,5.924028562821731514e-03
1.947674196284083711e-02,-1.947674196284084752e-02
4.419925582523131190e-03,-4.419925582523119914e-03
8.992398179161935692e-03,-8.992398179161939162e-03
-4.372653926890881647e-04,4.372653926890917968e-04
-1.309426436492118039e-04,1.309426436492128068e-04
5.411369989115673122e-03,-5.411369989115670520e-03
2.531342591208554996e-02,-2.531342591208554649e-02
-1.709312672544207809e-02,1.709312672544208503e-02
9.650283716236721793e-03,-9.650283716236714854e-03
6.091206165192515967e-03,-6.091206165192509028e-03
2.700487938960091303e-02,-2.700487938960090956e-02
1.008712957800008032e-02,-1.008712957800007512e-02
1.134047695093638904e-02,-1.134047695093639771e-02
1.639684581785836280e-03,-1.639684581785832811e-03
-6.134011380879140704e-03,6.134011380879143306e-03
-8.605601280801841030e-03,8.605601280801846234e-03
-1.620265837549098725e-02,1.620265837549098378e-02
-3.082852681786608581e-03,3.082852681786603811e-03
6.938321935547094553e-03,-6.938321935547099757e-03
1.233075614352280476e-02,-1.233075614352281343e-02
9.138172451848459651e-03,-9.138172451848464856e-03
-9.558600541078734331e-03,9.558600541078737800e-03
8.283857980762403955e-03,-8.283857980762400486e-03
1.269671118068532376e-02,-1.269671118068532202e-02
1.791755239781627276e-02,-1.791755239781626929e-02
3.429454536735838249e-02,-3.429454536735836861e-02
1.079729504438519533e-02,-1.079729504438518665e-02
1.103532448488308594e-02,-1.103532448488306165e-02
1.651547304151973136e-02,-1.651547304151972442e-02
8.070325051338063729e-03,-8.070325051338058525e-03
1.862062788518210887e-02,-1.862062788518210540e-02
-4.619301253956586799e-03,4.619301253956592870e-03
-1.135417930306499394e-02,1.135417930306499047e-02
-2.625223444227703373e-02,2.625223444227701985e-02
-5.364062785571985237e-03,5.364062785571985237e-03
4.104376941486732183e-03,-4.104376941486730448e-03
7.531795402079891934e-03,-7.531795402079894536e-03
1.995383795580624176e-02,-1.995383795580625563e-02
2.419958839904667175e-02,-2.419958839904666134e-02
1.999036955690917505e-03,-1.999036955690913601e-03
7.855726868840691608e-04,-7.855726868840715461e-04
1.634890946953018558e-03,-1.634890946953016823e-03
-8.024572334348113213e-04,8.024572334348105624e-04
-1.177522685942955852e-02,1.177522685942957587e-02
-4.649193688075484642e-04,4.649193688075422843e-04
1.455276107040955232e-02,-1.455276107040954885e-02
-5.854185772568798463e-03,5.854185772568796728e-03
-3.121125540067576365e-02,3.121125540067575324e-02
-3.496952554170083306e-03,3.496952554170088944e-03
-3.287793782369480278e-02,3.287793782369480278e-02
2.559696013283170764e-03,-2.559696013283175968e-03
-1.045830924629687943e-02,1.045830924629688984e-02
-2.036369026960491851e-02,2.036369026960491158e-02
-4.730133265761224393e-02,4.730133265761223005e-02
6.744627355716926835e-03,-6.744627355716927702e-03
2.385270656120597882e-02,-2.385270656120598229e-02
3.435044234121766406e-04,-3.435044234121716533e-04
3.140145183640061059e-03,-3.140145183640060626e-03
-4.551902722134745262e-03,4.551902722134746997e-03
-1.089650748044943170e-02,1.089650748044943863e-02
-2.706073110023380496e-02,2.706073110023380149e-02
-1.826653644809281968e-02,1.826653644809284049e-02
8.560276584552106932e-04,-8.560276584552129701e-04
3.420606245218696124e-03,-3.420606245218695256e-03
2.690143230397859866e-02,-2.690143230397860213e-02
2.705043292586051598e-02,-2.705043292586049863e-02
3.246250465179085359e-02,-3.246250465179085359e-02
1.575789014174368285e-02,-1.575789014174369326e-02
1.808266457747772712e-02,-1.808266457747772712e-02
2.085429435364528211e-02,-2.085429435364527517e-02
4.112538613800385129e-02,-4.112538613800386517e-02
-3.842661945404995429e-03,3.842661945404991959e-03
3.207074039798030879e-02,-3.207074039798028797e-02
4.893810577378989585e-02,-4.893810577378992360e-02
2.566303267225741522e-02,-2.566303267225741175e-02
5.852453321948905551e-03,-5.852453321948904684e-03
1.885296684469521186e-02,-1.885296684469520145e-02
-4.364141097935068242e-03,4.364141097935066507e-03
4.697732279622566023e-03,-4.697732279622564289e-03
7.004448344981377590e-03,-7.004448344981381060e-03
7.643533912412740078e-03,-7.643533912412736608e-03
-1.018655215070428562e-02,1.018655215070429082e-02
-9.684261190517609932e-03,9.684261190517594320e-03
1.216325886198742082e-03,-1.216325886198742949e-03
-3.313052801572251207e-03,3.313052801572253809e-03
-1.088067523931568123e-02,1.088067523931567256e-02
1.587096821132920679e-02,-1.587096821132919985e-02
2.215310761564224032e-02,-2.215310761564222297e-02
2.471710043597653145e-02,-2.471710043597654533e-02
4.177956654407605219e-02,-4.177956654407605219e-02
2.809413251203392303e-02,-2.809413251203392303e-02
2.606197462161281495e-02,-2.606197462161280801e-02
2.270833690308091818e-02,-2.270833690308089389e-02
-1.314448281789150379e-05,1.314448281789647588e-05
8.679695557439130738e-03,-8.679695557439135942e-03
-1.297771621349119893e-02,1.297771621349120587e-02
-9.792042720049874693e-03,9.792042720049878163e-03
-2.381125337252741267e-02,2.381125337252740226e-02
2.812559900408987128e-04,-2.812559900408938881e-04
1.967816594965202375e-03,-1.967816594965202809e-03
1.594315422844160002e-02,-1.594315422844158961e-02
1.420242248522918423e-02,-1.420242248522917555e-02
1.633659828858142343e-02,-1.633659828858141649e-02
-3.675943437734769531e-03,3.675943437734772133e-03
4.231129427690296513e-03,-4.231129427690297380e-03
1.432154697264352745e-03,-1.432154697264353179e-03
-1.905574128060007894e-02,1.905574128060007200e-02
-1.764608609114110341e-02,1.764608609114109647e-02
-7.433285962753962035e-03,7.433285962753955096e-03
-7.342090588586463323e-03,7.342090588586458987e-03
1.359800369637144228e-02,-1.359800369637144055e-02
-1.775150512852953152e-02,1.775150512852952805e-02
9.466753332228744142e-03,-9.466753332228752815e-03
-2.211301135128137998e-03,2.211301135128139299e-03
1.497918053926574657e-02,-1.497918053926575524e-02
9.970127086686143142e-03,-9.970127086686129264e-03
-3.341586023898282520e-02,3.341586023898281133e-02
-4.749304444130428987e-02,4.749304444130426905e-02
2.084392303300959884e-03,-2.084392303300961619e-03
3.139508151590630208e-02,-3.139508151590630902e-02
-2.459384625691759738e-02,2.459384625691759044e-02
-9.788318336451790318e-04,9.788318336451766466e-04
-4.685627286147977860e-04,4.685627286147976776e-04
-1.101746685102390766e-02,1.101746685102389378e-02
-1.865011485669231320e-02,1.865011485669229238e-02
-2.083564602146092612e-02,2.083564602146090877e-02
-4.832963353811720389e-03,4.832963353811721256e-03
8.803539923787913335e-03,-8.803539923787897722e-03
3.841990719772861440e-02,-3.841990719772858665e-02
2.881688769130730590e-02,-2.881688769130728509e-02
3.335022240397623322e-02,-3.335022240397624016e-02
9.003748333295683373e-03,-9.003748333295681638e-03
2.749618211996571887e-03,-2.749618211996574923e-03
3.828443878532436506e-02,-3.828443878532436506e-02
5.492530145045485673e-02,-5.492530145045483592e-02
-3.713625157168377183e-03,3.713625157168378051e-03
3.159171352504186459e-02,-3.159171352504185765e-02
4.374355081265556694e-02,-4.374355081265557388e-02
2.678500337129497907e-02,-2.678500337129496520e-02
1.003517871998908188e-03,-1.003517871998898863e-03
2.540186620143230697e-02,-2.540186620143231391e-02
3.882080356039535086e-03,-3.882080356039532484e-03
-6.007396319025355529e-03,6.007396319025352927e-03
1.433727747900503079e-02,-1.433727747900505334e-02
6.299058896385802131e-03,-6.299058896385810805e-03
-8.473407038623247470e-03,8.473407038623238796e-03
-2.251387151176259538e-02,2.251387151176259885e-02
-1.545910758183317857e-02,1.545910758183318551e-02
-1.677887795160599299e-02,1.677887795160598952e-02
-3.437890193850899612e-02,3.437890193850899612e-02
-1.697353152559662182e-02,1.697353152559660794e-02
1.923862583439427468e-02,-1.923862583439426774e-02
2.421457361841649475e-02,-2.421457361841651904e-02
2.858200620649466173e-02,-2.858200620649466173e-02
2.237803298088155562e-02,-2.237803298088155562e-02
2.213960553562175498e-02,-2.213960553562176192e-02
1.551197255658956498e-02,-1.551197255658957885e-02
2.838310572926169752e-03,-2.838310572926161946e-03
1.382540810309328128e-02,-1.382540810309328301e-02
-6.553123692811635426e-03,6.553123692811641497e-03
-1.883868152810862923e-02,1.883868152810862923e-02
-1.856609585334838969e-02,1.856609585334840010e-02
2.922177955534450804e-03,-2.922177955534456441e-03
-3.610206153175892895e-03,3.610206153175891160e-03
1.731487251842734124e-02,-1.731487251842733777e-02
2.094068266190363473e-02,-2.094068266190364860e-02
7.356149630514350994e-03,-7.356149630514357933e-03
2.048029083106383142e-03,-2.048029083106374902e-03
7.027570110787409105e-03,-7.027570110787407370e-03
-6.623646358979609454e-03,6.623646358979599046e-03
-3.391307259928838524e-02,3.391307259928839218e-02
-2.664204946058613618e-02,2.664204946058613618e-02
-2.566791306753700083e-02,2.566791306753702165e-02
-1.244290689871484917e-02,1.244290689871484397e-02
-2.238572707360514391e-02,2.238572707360514044e-02
-2.623899208994791635e-02,2.623899208994792676e-02
-7.092385696862729292e-04,7.092385696862736882e-04
1.901605832562478990e-02,-1.901605832562480031e-02
1.333068081627054521e-02,-1.333068081627054174e-02
9.591392641502528849e-03,-9.591392641502530583e-03
-1.371523257230263491e-02,1.371523257230263318e-02
-3.811159287553448488e-02,3.811159287553450570e-02
-3.879022183874623626e-03,3.879022183874611483e-03
3.519524128387842288e-02,-3.519524128387841594e-02
-1.759254094969518734e-02,1.759254094969519427e-02
2.005222976042349021e-03,-2.005222976042352490e-03
-4.333927530084124061e-04,4.333927530084119724e-04
-1.606214762669603072e-02,1.606214762669602378e-02
-1.086150704418038966e-02,1.086150704418039660e-02
-1.566375918798708008e-02,1.566375918798708008e-02
-1.739089309182623166e-02,1.739089309182623166e-02
3.572327119184987108e-03,-3.572327119184989710e-03
3.123952007214247928e-02,-3.123952007214248969e-02
1.984994198096830947e-02,-1.984994198096829560e-02
2.899985407820936112e-02,-2.899985407820935765e-02
-5.739854749362842574e-03,5.739854749362837370e-03
-8.466146219088723640e-03,8.466146219088730579e-03
4.145546500107140375e-02,-4.145546500107138987e-02
3.735257488069697318e-02,-3.735257488069696624e-02
1.500444910497215033e-02,-1.500444910497215206e-02
9.028280347486688368e-03,-9.028280347486681429e-03
2.622910009804481010e-02,-2.622910009804479275e-02
1.501706788364698397e-02,-1.501706788364699438e-02
-2.476077155813044550e-02,2.476077155813044897e-02
2.556303345621711853e-02,-2.556303345621710466e-02
1.743426720740158531e-02,-1.743426720740157143e-02
-3.044167996022391267e-03,3.044167996022390833e-03
2.636566738183360181e-02,-2.636566738183359487e-02
4.172899244697010623e-02,-4.172899244697012705e-02
1.621730096769915391e-02,-1.621730096769914350e-02
2.683938572630886147e-03,-2.683938572630889616e-03
-1.330071308732670363e-02,1.330071308732671577e-02
-2.571260609355584953e-02,2.571260609355585300e-02
-2.686331802889423137e-02,2.686331802889423484e-02
-1.129396791619717740e-02,1.129396791619717566e-02
6.636724245829438498e-03,-6.636724245829441100e-03
1.440731306553442136e-02,-1.440731306553442136e-02
2.513494724038364825e-02,-2.513494724038364825e-02
1.844829600650123996e-02,-1.844829600650123649e-02
2.314660118741081532e-02,-2.314660118741081185e-02
2.678564442064977971e-02,-2.678564442064975890e-02
1.073752247633904047e-02,-1.073752247633902313e-02
1.549337578696772383e-02,-1.549337578696772036e-02
-2.083875698860328338e-03,2.083875698860328338e-03
-1.333471470944170081e-02,1.333471470944171296e-02
-2.987608835138628668e-02,2.987608835138628322e-02
-3.843942212841859087e-03,3.843942212841856051e-03
-2.307952710149155373e-02,2.307952710149155720e-02
6.480358584367253670e-03,-6.480358584367258007e-03
3.177341601844514002e-02,-3.177341601844516084e-02
1.042801122635293037e-02,-1.042801122635291476e-02
2.094941373205720311e-02,-2.094941373205719271e-02
7.837610572159427538e-03,-7.837610572159429273e-03
-1.912025123235670462e-02,1.912025123235670115e-02
-2.694921833949824944e-02,2.694921833949825637e-02
-3.391615777951882682e-02,3.391615777951884070e-02
1.927100478200116608e-03,-1.927100478200116825e-03
-1.505712107375107439e-02,1.505712107375107786e-02
-4.486417479314001866e-02,4.486417479314002560e-02
-1.789367127696306348e-02,1.789367127696306001e-02
-4.258719685618929905e-03,4.258719685618928170e-03
1.525044160872009169e-02,-1.525044160872008475e-02
9.484367835758511500e-03,-9.484367835758509765e-03
-6.650059749674868889e-03,6.650059749674869757e-03
-8.937098532408390902e-03,8.937098532408394372e-03
-3.893344781087958173e-02,3.893344781087958867e-02
-4.873469058187981408e-03,4.873469058187976204e-03
2.810992027296206272e-02,-2.810992027296205925e-02
-1.023546296956959721e-02,1.023546296956959374e-02
4.210263702444460784e-03,-4.210263702444467723e-03
-1.119014655113793281e-03,1.119014655113794799e-03
-1.308052449449370949e-02,1.308052449449369561e-02
-6.180245087140962858e-03,6.180245087140965460e-03
-1.245214276938876909e-02,1.245214276938875694e-02
-1.983446254217394525e-02,1.983446254217393831e-02
1.159561779746452227e-03,-1.159561779746450709e-03
2.054784590059838961e-02,-2.054784590059838267e-02
1.638900326197909735e-02,-1.638900326197909388e-02
1.651605758578707228e-02,-1.651605758578705840e-02
-1.288165382954824419e-02,1.288165382954823551e-02
-5.858206419413839079e-03,5.858206419413843416e-03
2.740049708893853297e-02,-2.740049708893853297e-02
3.542805765120254219e-02,-3.542805765120254913e-02
1.258184286884696593e-02,-1.258184286884696419e-02
-2.349827631801031796e-02,2.349827631801033878e-02
-1.985319998061378655e-02,1.985319998061377267e-02
6.092319534982578973e-04,-6.092319534982586562e-04
1.057497928984259435e-02,-1.057497928984259608e-02
7.380959785058087419e-03,-7.380959785058086552e-03
-5.226522061516845376e-03,5.226522061516847110e-03
1.165482356658379282e-05,-1.165482356658355227e-05
4.229272023585189944e-02,-4.229272023585187862e-02
3.684379980793280052e-02,-3.684379980793280746e-02
4.234005321194399957e-02,-4.234005321194399263e-02
2.160772647210034911e-02,-2.160772647210034564e-02
-2.041827913686657548e-03,2.041827913686660584e-03
-1.868683598365561416e-02,1.868683598365560722e-02
-2.580679911588307576e-02,2.580679911588306882e-02
-1.196431323391723700e-02,1.196431323391724914e-02
1.086718093528573313e-02,-1.086718093528572272e-02
2.039576229019387718e-02,-2.039576229019387371e-02
3.831814096618112869e-02,-3.831814096618112175e-02
2.848102208678642347e-02,-2.848102208678642000e-02
2.701987023749252356e-02,-2.701987023749252703e-02
2.806139607672392469e-02,-2.806139607672392816e-02
6.397300268801657010e-03,-6.397300268801653540e-03
1.648276594813700979e-02,-1.648276594813701673e-02
1.010563372976516945e-02,-1.010563372976516598e-02
-1.760741874306904348e-02,1.760741874306902266e-02
-3.912713333844449609e-02,3.912713333844450303e-02
-2.375012667339589795e-02,2.375012667339587713e-02
-2.361445715754116256e-02,2.361445715754115909e-02
1.215706818440041512e-02,-1.215706818440041512e-02
2.968450765248059967e-02,-2.968450765248059273e-02
3.333721283707978544e-03,-3.333721283707970738e-03
7.684769517784394502e-03,-7.684769517784395369e-03
-4.190349733942728104e-03,4.190349733942724635e-03
-3.279649386701718322e-02,3.279649386701718322e-02
-2.922792579758054510e-02,2.922792579758054163e-02
-6.898698188759436016e-03,6.898698188759431679e-03
-1.209423478086438979e-03,1.209423478086437027e-03
-2.665646601248997452e-03,2.665646601248993983e-03
-3.934711302497807817e-02,3.934711302497807817e-02
3.146134458256553013e-03,-3.146134458256547375e-03
1.637188764521713483e-02,-1.637188764521713830e-02
2.176541470169926148e-02,-2.176541470169924067e-02
-2.361381527299698333e-03,2.361381527299703104e-03
-1.282993785500993050e-02,1.282993785500994438e-02
-8.549324540477914666e-03,8.549324540477907727e-03
-3.464553843079187789e-02,3.464553843079187789e-02
-1.064503080298576272e-02,1.064503080298576619e-02
2.643694482129479648e-02,-2.643694482129478954e-02
-5.093029338320692861e-04,5.093029338320672261e-04
8.854184426524223245e-04,-8.854184426524244929e-04
-6.045604894970319637e-03,6.045604894970325709e-03
-6.701361338125796105e-04,6.701361338125792853e-04
-1.483097860061579829e-02,1.483097860061581563e-02
-1.317701852219415465e-02,1.317701852219414771e-02
-2.467973109374366203e-02,2.467973109374365856e-02
-1.054177120290443297e-03,1.054177120290445682e-03
1.324918886575720232e-02,-1.324918886575719885e-02
8.649469528285666856e-03,-8.649469528285666856e-03
1.268889342586598454e-02,-1.268889342586596893e-02
-1.671037403219374773e-02,1.671037403219374079e-02
-8.840298061181675951e-03,8.840298061181669012e-03
1.621274913084404939e-02,-1.621274913084406327e-02
4.083392467852318963e-02,-4.083392467852318963e-02
8.150097271224112858e-03,-8.150097271224114592e-03
-5.897547079182008552e-03,5.897547079182008552e-03
-1.053461989553590265e-02,1.053461989553590439e-02
7.756162802906628809e-04,-7.756162802906659166e-04
-6.603888264086917731e-03,6.603888264086926405e-03
-1.291360407764385529e-02,1.291360407764385355e-02
-2.609179135994267595e-02,2.609179135994266555e-02
-2.125723743559330275e-02,2.125723743559329929e-02
2.122897842753049269e-02,-2.122897842753048228e-02
2.263262521349361511e-02,-2.263262521349361164e-02
3.646360609710429940e-02,-3.646360609710428552e-02
4.247975218335506287e-02,-4.247975218335504205e-02
-8.026621669412857887e-03,8.026621669412854418e-03
-4.706145588485649567e-02,4.706145588485648873e-02
-2.137103098711352553e-02,2.137103098711353941e-02
-1.017780032817671571e-02,1.017780032817670356e-02
-6.129266661831635037e-03,6.129266661831631567e-03
2.988947704434926234e-03,-2.988947704434917561e-03
1.940321013655452870e-02,-1.940321013655452176e-02
6.030363968419137806e-03,-6.030363968419125663e-03
2.796589215064343437e-02,-2.796589215064342743e-02
2.525403183013589029e-02,-2.525403183013587988e-02
-1.420299645717470680e-03,1.420299645717465475e-03
1.773332861217764064e-03,-1.773332861217764714e-03
-3.244947152833787488e-03,3.244947152833790958e-03
-3.004965101362912921e-02,3.004965101362913615e-02
-4.950735671834017443e-02,4.950735671834018137e-02
-8.881022371458449638e-03,8.881022371458449638e-03
-6.777293228550713283e-03,6.777293228550715018e-03
9.023457290771037809e-03,-9.023457290771041278e-03
4.284287551022203377e-02,-4.284287551022203377e-02
2.650785871178703776e-02,-2.650785871178702041e-02
7.984301411044222169e-03,-7.984301411044213495e-03
5.707078408811886230e-03,-5.707078408811887965e-03
-2.850902242390281061e-02,2.850902242390280367e-02
-3.564834327729807240e-02,3.564834327729807240e-02
-8.501630565981674326e-03,8.501630565981672591e-03
6.377773072240329813e-03,-6.377773072240329813e-03
-8.655320467767060530e-03,8.655320467767051856e-03
-1.389450355287620044e-02,1.389450355287620217e-02
2.300231584515161076e-02,-2.300231584515163852e-02
3.679157325886021207e-02,-3.679157325886019819e-02
3.018935774134765687e-02,-3.018935774134766034e-02
6.196431804954940885e-03,-6.196431804954938283e-03
-4.145120686541313893e-04,4.145120686541338287e-04
-1.998857823877052756e-02,1.998857823877052409e-02
-2.322667580163115253e-02,2.322667580163115253e-02
-1.216965864971420591e-02,1.216965864971419724e-02
1.965810149004014115e-02,-1.965810149004015156e-02
1.644742696291891584e-03,-1.644742696291889416e-03
3.570992640028131885e-03,-3.570992640028137089e-03
5.392335870655107742e-03,-5.392335870655108609e-03
-1.490967809733974823e-02,1.490967809733974303e-02
-4.367839093543533086e-02,4.367839093543535167e-02
-1.471401953397473601e-02,1.471401953397472560e-02
-2.458993568783394978e-02,2.458993568783394632e-02
-6.810241415291566841e-04,6.810241415291584189e-04
1.145117060623998366e-02,-1.145117060623997325e-02
6.739835005889276490e-03,-6.739835005889268683e-03
1.559300234186816432e-03,-1.559300234186815565e-03
-5.737100703795535925e-03,5.737100703795536792e-03
-1.316949957639233088e-03,1.316949957639234605e-03
2.438794033328198566e-02,-2.438794033328199606e-02
4.598865669459831912e-02,-4.598865669459832606e-02
7.284809673367141939e-04,-7.284809673367133266e-04
-1.438793997057537938e-03,1.438793997057536854e-03
-1.866536415672240615e-02,1.866536415672240962e-02
-1.947909690409182701e-02,1.947909690409183395e-02
-3.062552208944377061e-02,3.062552208944378795e-02
-1.228207174516975260e-02,1.228207174516975607e-02
-2.045058576404793632e-02,2.045058576404794326e-02
-2.016032334130377773e-02,2.016032334130376386e-02
2.065619228679682704e-03,-2.065619228679689209e-03
8.378166418745799579e-03,-8.378166418745797844e-03
7.902292038839426463e-03,-7.902292038839421259e-03
1.715392052076832388e-02,-1.715392052076832735e-02
-1.602684157991518532e-02,1.602684157991518532e-02
-5.489138952162528340e-02,5.489138952162530422e-02
-1.875283964887936722e-02,1.875283964887937069e-02
-2.796360628199353118e-02,2.796360628199353465e-02
-1.794317666946652554e-02,1.794317666946650819e-02
-8.589697237908731214e-03,8.589697237908732949e-03
1.939375770304046023e-02,-1.939375770304044982e-02
1.736024149464376540e-02,-1.736024149464375499e-02
1.996541398081197113e-02,-1.996541398081195726e-02
1.570479756986919995e-02,-1.570479756986919995e-02
-1.001129699870734711e-02,1.001129699870734711e-02
1.019412497623037534e-03,-1.019412497623035365e-03
-1.155378391167172572e-02,1.155378391167172746e-02
-2.239679247962476222e-02,2.239679247962475181e-02
-4.247140283214202727e-02,4.247140283214204115e-02
-3.420159540437903069e-03,3.420159540437911309e-03
-6.690729463792130863e-03,6.690729463792126526e-03
3.429025104627887125e-03,-3.429025104627889727e-03
3.183301637930218558e-02,-3.183301637930217171e-02
3.874231850986362136e-02,-3.874231850986362136e-02
1.782573130819787785e-02,-1.782573130819787438e-02
-3.995585113537604080e-03,3.995585113537603213e-03
-4.330220191907202532e-02,4.330220191907202532e-02
-1.466699958457641853e-02,1.466699958457641333e-02
-1.400790515304855752e-02,1.400790515304856272e-02
-1.319042714184733532e-02,1.319042714184733706e-02
-4.343675180432056415e-03,4.343675180432056415e-03
-2.033348641363735138e-02,2.033348641363733750e-02
3.648194608370023545e-02,-3.648194608370026321e-02
4.177689513341380223e-02,-4.177689513341379529e-02
2.526034857561590755e-02,-2.526034857561591448e-02
9.946104036064433440e-03,-9.946104036064435175e-03
1.144989448244323332e-02,-1.144989448244323853e-02
-1.855919742547169210e-02,1.855919742547168169e-02
-2.061628797806130606e-02,2.061628797806130606e-02
-1.140700252726644694e-02,1.140700252726645214e-02
5.649764572832166078e-03,-5.649764572832161741e-03
5.354860550105526584e-03,-5.354860550105526584e-03
-3.238507475107849716e-04,3.238507475107849716e-04
4.212376273263499817e-03,-4.212376273263500684e-03
-1.873343204293223541e-02,1.873343204293222500e-02
-4.857652222768801126e-02,4.857652222768801126e-02
-1.657694288744097563e-02,1.657694288744098257e-02
-2.030468281643829642e-02,2.030468281643828254e-02
-2.457929482542728621e-03,2.457929482542728188e-03
1.137087176061180038e-02,-1.137087176061180038e-02
-2.780400907552474290e-03,2.780400907552472989e-03
-1.181996854236132093e-02,1.181996854236130705e-02
1.315665240986945567e-02,-1.315665240986946261e-02
1.571031095904697455e-04,-1.571031095904722662e-04
2.678564131022923706e-02,-2.678564131022923012e-02
1.467418645040292555e-02,-1.467418645040292208e-02
-1.145753132723525622e-02,1.145753132723524408e-02
8.358358838539079946e-03,-8.358358838539081681e-03
-1.130672766616130920e-02,1.130672766616130573e-02
-1.890393513629270300e-02,1.890393513629269606e-02
-3.198342646826544955e-02,3.198342646826545649e-02
-4.207931526458792010e-02,4.207931526458790622e-02
-8.351275074489055567e-03,8.351275074489062505e-03
-2.517630074898305481e-02,2.517630074898306869e-02
2.886827094024532747e-03,-2.886827094024534482e-03
-5.026128971488098233e-04,5.026128971488113412e-04
1.281689918677947002e-02,-1.281689918677946308e-02
8.014447841450380791e-03,-8.014447841450379056e-03
-8.463076467791857266e-03,8.463076467791852062e-03
-2.123678375293367587e-02,2.123678375293367934e-02
-1.734358363120601029e-02,1.734358363120600335e-02
-2.344816441556057257e-02,2.344816441556058298e-02
-3.633312659760135066e-02,3.633312659760137148e-02
-1.561346252505243191e-02,1.561346252505244753e-02
4.288552176271917364e-03,-4.288552176271913027e-03
2.156735991558947352e-02,-2.156735991558948046e-02
2.404514354896646749e-02,-2.404514354896645709e-02
1.918453557553056674e-02,-1.918453557553056327e-02
-7.660447681102086105e-03,7.660447681102079166e-03
1.525862887214021442e-03,-1.525862887214021225e-03
-1.042461919248665984e-02,1.042461919248667025e-02
-1.943003490286950713e-02,1.943003490286952101e-02
-3.177353875665633182e-02,3.177353875665631100e-02
-1.646716875786095012e-03,1.646716875786090242e-03
-7.280246303847789577e-03,7.280246303847787842e-03
2.034437987846393278e-03,-2.034437987846386339e-03
2.876051514135642348e-02,-2.876051514135643389e-02
5.529437540088207731e-02,-5.529437540088204955e-02
2.660656793450718802e-02,-2.660656793450719496e-02
-1.254390858930599061e-02,1.254390858930600448e-02
-2.544230737589343871e-02,2.544230737589342831e-02
-5.182227072231005219e-03,5.182227072231001749e-03
-1.017524999599934629e-02,1.017524999599933762e-02
-5.849350367109530831e-03,5.849350367109523892e-03
-3.985908330730342231e-03,3.985908330730352639e-03
-3.802129454277220020e-03,3.802129454277219586e-03
2.267567465142407424e-02,-2.267567465142407770e-02
2.703857727437339667e-02,-2.703857727437338973e-02
1.353398293858158567e-02,-1.353398293858158220e-02
1.159120283829544358e-02,-1.159120283829544185e-02
1.433010644173776660e-02,-1.433010644173777180e-02
-2.476318622017391335e-02,2.476318622017390295e-02
-1.337976532105469331e-02,1.337976532105469851e-02
-1.557201604490096765e-02,1.557201604490096244e-02
-2.187849491020099103e-03,2.187849491020099537e-03
-5.589542530873762780e-03,5.589542530873761912e-03
1.639374514540766631e-04,-1.639374514540789941e-04
7.036596013288988830e-03,-7.036596013288987095e-03
-2.692977348514813407e-02,2.692977348514812713e-02
-4.410085582983423041e-02,4.410085582983421654e-02
-2.000854545871083578e-02,2.000854545871084272e-02
-1.391894215974124119e-02,1.391894215974125160e-02
1.820749956171590451e-03,-1.820749956171590451e-03
1.211181207392458305e-02,-1.211181207392458652e-02
-4.656846199144818984e-04,4.656846199144879157e-04
-7.053404076374380875e-03,7.053404076374383477e-03
3.635091886748560014e-02,-3.635091886748560014e-02
-1.150124164901936835e-02,1.150124164901935968e-02
8.409476292203456674e-03,-8.409476292203458409e-03
-3.437338671892560104e-03,3.437338671892562272e-03
1.363480455573459760e-02,-1.363480455573458199e-02
1.261951848634094986e-02,-1.261951848634094119e-02
-1.625033283540041826e-02,1.625033283540041479e-02
-1.411086189461180883e-02,1.411086189461181403e-02
-3.682115551049344043e-02,3.682115551049341962e-02
-2.395170239993291844e-02,2.395170239993292885e-02
-5.047257844977748667e-03,5.047257844977750402e-03
-1.104098800080714413e-02,1.104098800080714066e-02
2.304679850810223071e-03,-2.304679850810223071e-03
1.760275208854427190e-02,-1.760275208854427884e-02
1.720207862242661631e-02,-1.720207862242661284e-02
1.487770661431380217e-02,-1.487770661431381605e-02
-9.055463027074276555e-03,9.055463027074280025e-03
-2.411348373829775779e-02,2.411348373829776126e-02
-2.510154357424556476e-02,2.510154357424557517e-02
-5.359588391911454010e-03,5.359588391911449673e-03
-1.821587124390166776e-02,1.821587124390166776e-02
-2.224360045708040703e-02,2.224360045708041050e-02
5.276256654997490275e-03,-5.276256654997495479e-03
-5.445995829587271840e-04,5.445995829587257746e-04
2.188584439317212485e-02,-2.188584439317214220e-02
8.951509129160468634e-03,-8.951509129160475572e-03
-1.698992514362617249e-03,1.698992514362622887e-03
-4.887757611664674158e-03,4.887757611664680230e-03
-1.116645789592294116e-02,1.116645789592293943e-02
-2.165042909274335695e-02,2.165042909274335695e-02
-2.860460290119502813e-02,2.860460290119502119e-02
1.272270474681030245e-02,-1.272270474681030418e-02
-1.083634322891540228e-02,1.083634322891540228e-02
-4.350842162262047279e-03,4.350842162262046411e-03
3.117340658463754050e-02,-3.117340658463754396e-02
3.599150206604460889e-02,-3.599150206604462970e-02
2.091604122430785941e-03,-2.091604122430788543e-03
-2.334539013878057789e-02,2.334539013878058136e-02
-2.182727806123986244e-02,2.182727806123985204e-02
-4.792241053016389925e-03,4.792241053016398598e-03
8.132992703256053998e-04,-8.132992703256102787e-04
4.605342438020875763e-03,-4.605342438020878365e-03
-1.358726460527458386e-02,1.358726460527457172e-02
7.751186052954024111e-05,-7.751186052954116268e-05
3.879101152600106933e-02,-3.879101152600106239e-02
2.282187325426295391e-02,-2.282187325426295391e-02
1.322435337232283348e-02,-1.322435337232284389e-02
-8.957980943007169683e-03,8.957980943007173152e-03
-7.124924727878781915e-03,7.124924727878787986e-03
-2.099957774604562649e-02,2.099957774604562996e-02
-4.250612375023854819e-03,4.250612375023860023e-03
-9.171631614280062114e-03,9.171631614280063849e-03
-9.435590732825526166e-04,9.435590732825500145e-04
-4.349092978710732181e-04,4.349092978710746818e-04
-5.771421645132734229e-03,5.771421645132741168e-03
1.410706933787742902e-02,-1.410706933787743422e-02
-2.741450635417395920e-02,2.741450635417394532e-02
-4.469721888097587942e-02,4.469721888097585860e-02
-1.439255316490907141e-02,1.439255316490905406e-02
-1.608059807941910821e-02,1.608059807941910127e-02
-6.859541348879610347e-03,6.859541348879609479e-03
4.019140815136892919e-03,-4.019140815136894654e-03
7.009014046611431771e-03,-7.009014046611432638e-03
1.441172185433606256e-02,-1.441172185433607991e-02
4.127213222768837814e-02,-4.127213222768837814e-02
-1.087575535403871585e-02,1.087575535403872279e-02
1.240393189655613314e-02,-1.240393189655614008e-02
-2.313932702940195516e-03,2.313932702940195516e-03
2.070543089907329534e-02,-2.070543089907331616e-02
2.285985701072066820e-02,-2.285985701072067167e-02
-1.885255632314314367e-02,1.885255632314314020e-02
-3.871475310244674312e-02,3.871475310244675005e-02
-4.022156630484330364e-02,4.022156630484330364e-02
-1.659946484485097171e-02,1.659946484485098558e-02
-1.212387577213972249e-03,1.212387577213971165e-03
3.476543692967115021e-03,-3.476543692967111986e-03
-1.158300515385194025e-02,1.158300515385194719e-02
3.150679552547953986e-03,-3.150679552547953552e-03
5.722636309799826113e-03,-5.722636309799826980e-03
7.674981935185822869e-03,-7.674981935185818532e-03
-4.669267065587745687e-03,4.669267065587743085e-03
-6.346740873051061153e-03,6.346740873051066358e-03
-6.046184258781992817e-03,6.046184258781987612e-03
-9.364038558428973077e-03,9.364038558428971343e-03
-6.096133491868614522e-03,6.096133491868614522e-03
-1.978235136646136136e-02,1.978235136646137524e-02
1.367447734738223147e-02,-1.367447734738223321e-02
-9.606016285439179445e-03,9.606016285439172506e-03
2.006288988093948898e-04,-2.006288988094012595e-04
-5.606473489061481255e-03,5.606473489061483857e-03
-1.817294252265749745e-04,1.817294252265669785e-04
3.212364021166003950e-03,-3.212364021166003083e-03
7.071568198779969346e-03,-7.071568198779970213e-03
-2.097661633717223112e-02,2.097661633717222418e-02
-7.122821292063511063e-03,7.122821292063521471e-03
2.193887302557271865e-02,-2.193887302557271865e-02
-2.222277021986840406e-02,2.222277021986839712e-02
-9.033573487240055197e-03,9.033573487240044789e-03
2.192965246014000683e-02,-2.192965246014001029e-02
3.279003337367786958e-02,-3.279003337367785570e-02
1.140155707116078700e-02,-1.140155707116079047e-02
-2.848180443444452842e-02,2.848180443444452148e-02
-2.387949638047100545e-02,2.387949638047101239e-02
-7.276299736296842034e-03,7.276299736296842902e-03
3.868853138322652600e-03,-3.868853138322653033e-03
-1.704076367488221652e-02,1.704076367488221305e-02
-1.297554437710491358e-02,1.297554437710491532e-02
2.805869423054932130e-03,-2.805869423054930829e-03
4.551368626855224059e-02,-4.551368626855222671e-02
2.753348519849842593e-02,-2.753348519849843634e-02
-2.627040938757465183e-03,2.627040938757457377e-03
-1.239482753534522710e-02,1.239482753534520976e-02
3.158109575481885759e-03,-3.158109575481887060e-03
-2.071442410377423785e-02,2.071442410377424131e-02
2.377423612254896124e-03,-2.377423612254895690e-03
-2.498604546467555424e-04,2.498604546467580903e-04
4.481055954062018905e-03,-4.481055954062016303e-03
-1.141174994708334285e-02,1.141174994708334979e-02
-3.379191988623466217e-03,3.379191988623465783e-03
1.418269733350006195e-02,-1.418269733350005155e-02
-2.386718073540930810e-02,2.386718073540931850e-02
-3.996085406647288674e-02,3.996085406647286592e-02
-1.196590416359034729e-02,1.196590416359034729e-02
-4.005855711181530339e-03,4.005855711181526002e-03
-1.150285086905331045e-02,1.150285086905330871e-02
4.388287247531451329e-03,-4.388287247531452197e-03
1.866727168678575244e-02,-1.866727168678574897e-02
2.841551882792515624e-02,-2.841551882792516664e-02
4.994006213166865549e-02,-4.994006213166866243e-02
-9.207396729572806318e-03,9.207396729572809788e-03
1.148681407116501239e-03,-1.148681407116507527e-03
-3.979044280382282653e-03,3.979044280382285255e-03
1.752068912297064657e-02,-1.752068912297065004e-02
-9.537931451013611367e-03,9.537931451013616571e-03
-9.143607309913055065e-03,9.143607309913058534e-03
-3.180054470023285784e-02,3.180054470023287172e-02
-3.004157681263640300e-02,3.004157681263638566e-02
-7.692158783844793048e-03,7.692158783844802589e-03
9.613691470735024475e-03,-9.613691470735015801e-03
1.052421603347199891e-02,-1.052421603347200585e-02
-1.503556481164000647e-02,1.503556481164001514e-02
8.677653584480707338e-03,-8.677653584480707338e-03
1.532309395359661430e-02,-1.532309395359661257e-02
9.627028123512324648e-03,-9.627028123512329852e-03
8.120451124000421794e-03,-8.120451124000432203e-03
9.448216292015736845e-03,-9.448216292015738579e-03
-5.512963407859543079e-03,5.512963407859537875e-03
1.268849116220952845e-02,-1.268849116220953713e-02
1.228755458108296388e-02,-1.228755458108296734e-02
-6.473652038490541362e-03,6.473652038490543097e-03
2.443718451476696585e-02,-2.443718451476695544e-02
-1.162182210242755599e-03,1.162182210242756900e-03
3.794189307283433185e-04,-3.794189307283432643e-04
1.303698072484454386e-02,-1.303698072484454733e-02
2.481595714113902368e-02,-2.481595714113903062e-02
7.925636050831214030e-03,-7.925636050831210561e-03
2.572400657623872752e-02,-2.572400657623871018e-02
-1.139847800789842679e-02,1.139847800789841638e-02
-6.411302717711483794e-03,6.411302717711491600e-03
2.602817613144627062e-02,-2.602817613144626022e-02
-1.325261433170268205e-02,1.325261433170268552e-02
-1.251939486389547565e-02,1.251939486389547045e-02
1.750684838137508970e-02,-1.750684838137508276e-02
2.684712921207671119e-02,-2.684712921207670425e-02
2.873626792490825352e-02,-2.873626792490825352e-02
-2.445882199527187051e-02,2.445882199527187745e-02
-1.961857704427190721e-02,1.961857704427192803e-02
2.479437199233602840e-03,-2.479437199233606743e-03
1.226338322179291139e-02,-1.226338322179291659e-02
-2.134285390371458077e-02,2.134285390371457383e-02
-9.688781752691822541e-03,9.688781752691817337e-03
-6.495329904046074319e-03,6.495329904046069115e-03
4.151637050118850425e-02,-4.151637050118850425e-02
2.875627132335013825e-02,-2.875627132335012090e-02
1.980812342138730392e-02,-1.980812342138728657e-02
-1.402020549145403978e-02,1.402020549145404152e-02
5.307948071320994950e-03,-5.307948071320990613e-03
-1.032170675993772206e-02,1.032170675993771512e-02
1.687787814807617699e-03,-1.687787814807620084e-03
2.519443022163380189e-03,-2.519443022163383658e-03
5.165561210767971589e-03,-5.165561210767980263e-03
-1.595783119460751978e-02,1.595783119460752672e-02
6.610135774768001113e-03,-6.610135774768001113e-03
1.041072162806554700e-02,-1.041072162806553139e-02
-2.380337489376190344e-02,2.380337489376191731e-02
-4.878378419892016177e-02,4.878378419892016177e-02
-4.643413365775435862e-03,4.643413365775434128e-03
-4.045238926947889585e-03,4.045238926947893922e-03
-7.605483549846919419e-03,7.605483549846915083e-03
6.559688255451289612e-03,-6.559688255451285276e-03
1.958660257787836478e-02,-1.958660257787836825e-02
2.411532080177251902e-02,-2.411532080177251555e-02
4.862253203120723427e-02,-4.862253203120724121e-02
-1.394335261957732651e-03,1.394335261957731133e-03
2.109875859687383552e-03,-2.109875859687384420e-03
8.804926615772510484e-03,-8.804926615772507015e-03
-1.081748369361408384e-02,1.081748369361407863e-02
-2.343115872530437960e-02,2.343115872530437960e-02
-3.363063382450016264e-02,3.363063382450015570e-02
-2.451279942869084502e-02,2.451279942869084155e-02
-3.413016830586806938e-02,3.413016830586806244e-02
-1.210353484657852212e-03,1.210353484657856332e-03
7.951034680801929641e-03,-7.951034680801931376e-03
1.459786238354773228e-03,-1.459786238354778866e-03
-3.283066312945117499e-02,3.283066312945115417e-02
1.143915091739516020e-02,-1.143915091739516714e-02
7.915627528344472072e-03,-7.915627528344473807e-03
2.401846739028984726e-02,-2.401846739028983338e-02
2.097671819675106519e-02,-2.097671819675107560e-02
1.008254277948549514e-02,-1.008254277948549167e-02
1.577285655909737433e-03,-1.577285655909734180e-03
1.515485107301058759e-02,-1.515485107301057545e-02
2.814918050232198890e-02,-2.814918050232201319e-02
1.565004399127747567e-02,-1.565004399127746873e-02
4.187570032649295948e-02,-4.187570032649294560e-02
-1.122602938190528539e-02,1.122602938190528366e-02
-1.773787117923339082e-02,1.773787117923339776e-02
2.494788228665913501e-02,-2.494788228665914542e-02
3.586263978722294132e-02,-3.586263978722295520e-02
3.303077508730206668e-02,-3.303077508730206668e-02
2.149672020218850593e-02,-2.149672020218849899e-02
-3.001920110910913375e-02,3.001920110910911987e-02
-1.491512810244189670e-02,1.491512810244189496e-02
1.800700199539515683e-02,-1.800700199539516030e-02
-1.381359205208316197e-02,1.381359205208316544e-02
-1.621002841422882618e-02,1.621002841422882965e-02
1.833330563474352623e-02,-1.833330563474352623e-02
2.600536526603620252e-02,-2.600536526603619558e-02
-1.797381984722816548e-03,1.797381984722813079e-03
-9.686272811536991365e-03,9.686272811536987895e-03
-3.014996475922812266e-03,3.014996475922814435e-03
3.742249037316751695e-03,-3.742249037316748659e-03
2.752360400519518469e-02,-2.752360400519517081e-02
-5.911702677078643602e-03,5.911702677078643602e-03
-1.018801328363622138e-02,1.018801328363620751e-02
-1.930078201270991542e-02,1.930078201270989807e-02
2.230249585984206417e-02,-2.230249585984205377e-02
1.754740805525682734e-02,-1.754740805525682040e-02
2.046990668816128442e-02,-2.046990668816128789e-02
-7.091826895671869864e-03,7.091826895671868997e-03
1.381108695778630012e-02,-1.381108695778630012e-02
5.162896198730866117e-03,-5.162896198730860912e-03
1.131885164585169808e-02,-1.131885164585169287e-02
6.492645615645707170e-03,-6.492645615645717579e-03
-8.158022671557082746e-04,8.158022671557146714e-04
-7.867158707122937425e-03,7.867158707122930486e-03
6.837487015066285624e-03,-6.837487015066283022e-03
7.169616773683170664e-03,-7.169616773683177603e-03
-2.266829853221228805e-02,2.266829853221229152e-02
-4.056945144063624220e-02,4.056945144063624914e-02
-8.374181393751068715e-04,8.374181393751060042e-04
-5.893303696912720151e-03,5.893303696912724488e-03
-2.590045839190334757e-04,2.590045839190314157e-04
4.918547492668872388e-03,-4.918547492668874123e-03
1.332373819219111882e-02,-1.332373819219112229e-02
1.559738133775764000e-02,-1.559738133775762786e-02
3.618114908541591318e-02,-3.618114908541592012e-02
-6.656642270068655748e-03,6.656642270068654881e-03
1.035178743182363879e-02,-1.035178743182362839e-02
5.736144311845328518e-03,-5.736144311845338059e-03
-1.923764466318596267e-02,1.923764466318596614e-02
-2.117138976347287746e-02,2.117138976347286358e-02
-2.767922790017356138e-02,2.767922790017357179e-02
-2.588326090997654372e-02,2.588326090997655760e-02
-2.361117660963739720e-02,2.361117660963740067e-02
-4.869821723794488626e-03,4.869821723794487758e-03
6.367202823258897443e-03,-6.367202823258894841e-03
1.029074928887087174e-02,-1.029074928887086654e-02
-3.245574952354813442e-02,3.245574952354812054e-02
9.739467716266062003e-03,-9.739467716266056799e-03
1.373081617065163677e-02,-1.373081617065163677e-02
2.030250631452196544e-02,-2.030250631452197932e-02
2.850336770809815123e-02,-2.850336770809814083e-02
5.408455530338725573e-03,-5.408455530338720368e-03
1.261561234652889413e-02,-1.261561234652889239e-02
3.889702284791247966e-02,-3.889702284791249354e-02
4.119776776531493961e-02,-4.119776776531494655e-02
2.941044301690818111e-02,-2.941044301690816029e-02
4.737681684117807379e-02,-4.737681684117808767e-02
-1.154411112778114430e-02,1.154411112778115298e-02
-2.093378164942898655e-03,2.093378164942896920e-03
3.610246212270504240e-02,-3.610246212270502852e-02
2.333952000847365135e-02,-2.333952000847365829e-02
2.761149463014340999e-02,-2.761149463014341346e-02
1.444273125882468423e-02,-1.444273125882468596e-02
-1.784276732780819968e-02,1.784276732780819968e-02
-1.979775469457382281e-02,1.979775469457380199e-02
1.440670514710336823e-02,-1.440670514710336823e-02
-1.104091492115015852e-02,1.104091492115015852e-02
-1.128791240639426437e-02,1.128791240639426957e-02
1.627077477491642096e-02,-1.627077477491642096e-02
2.597452327909465647e-02,-2.597452327909466688e-02
9.061459000989168606e-04,-9.061459000989177280e-04
-1.478321731680931226e-04,1.478321731680938274e-04
4.938268863233143818e-04,-4.938268863233136229e-04
9.307527276915410208e-03,-9.307527276915406739e-03
3.201642594202298853e-02,-3.201642594202298853e-02
1.039778956532319033e-02,-1.039778956532319554e-02
-2.763009694498256945e-03,2.763009694498254343e-03
-8.642040581629791343e-03,8.642040581629791343e-03
2.529911187208956982e-02,-2.529911187208955595e-02
1.941010836959645644e-02,-1.941010836959644950e-02
2.181155252542034753e-02,-2.181155252542033712e-02
3.725390818393298307e-03,-3.725390818393300042e-03
2.096442274663607233e-02,-2.096442274663606539e-02
1.031712520296864527e-02,-1.031712520296864354e-02
2.134999663299532585e-02,-2.134999663299533279e-02
1.021227260219037362e-02,-1.021227260219037015e-02
-8.524439312947860309e-03,8.524439312947865513e-03
-5.124423242503544501e-03,5.124423242503548838e-03
1.081285278391615505e-03,-1.081285278391618107e-03
3.343020551702641403e-03,-3.343020551702642704e-03
-1.264442966471802411e-02,1.264442966471802411e-02
-4.778123447805368573e-02,4.778123447805368573e-02
5.006852516363977622e-03,-5.006852516363973285e-03
-6.937655778140627491e-03,6.937655778140629226e-03
7.926637030978712917e-03,-7.926637030978711182e-03
-6.937406304578468260e-04,6.937406304578512713e-04
8.500962516013793255e-03,-8.500962516013788051e-03
3.876721908010290294e-03,-3.876721908010294197e-03
-3.587568784745737323e-03,3.587568784745729517e-03
-2.928975958020051812e-02,2.928975958020053200e-02
7.877033119886920134e-03,-7.877033119886916665e-03
8.228398726402977098e-04,-8.228398726402983603e-04
-2.288073767152571519e-02,2.288073767152570132e-02
-1.598538372116048434e-02,1.598538372116048781e-02
-1.715859214908156682e-02,1.715859214908159458e-02
5.740826044975670846e-03,-5.740826044975670846e-03
-1.475707327721261473e-02,1.475707327721261300e-02
3.004736810059723331e-03,-3.004736810059723331e-03
4.703194607841625074e-02,-4.703194607841623687e-02
4.166030246614284976e-02,-4.166030246614280813e-02
-1.425496116115677024e-02,1.425496116115677371e-02
-1.925783887422176377e-02,1.925783887422177071e-02
-2.065643636703889518e-03,2.065643636703886916e-03
2.231816782805045099e-02,-2.231816782805044405e-02
2.326236974591068887e-02,-2.326236974591068193e-02
1.522298536983717615e-02,-1.522298536983717442e-02
1.866887406322536788e-02,-1.866887406322536441e-02
2.166658340547884809e-02,-2.166658340547884115e-02
2.743002227848133356e-02,-2.743002227848133009e-02
2.134758983915815977e-02,-2.134758983915815284e-02
5.475018146098206348e-03,-5.475018146098215022e-03
-2.707107410940193595e-02,2.707107410940192901e-02
5.070676610491935306e-03,-5.070676610491933571e-03
3.912291056899978164e-02,-3.912291056899976777e-02
1.376032877933381499e-02,-1.376032877933380458e-02
2.043899344857018352e-02,-2.043899344857019046e-02
1.522043313581285424e-02,-1.522043313581285251e-02
-1.776585544850362713e-02,1.776585544850363407e-02
-2.233275616188084428e-02,2.233275616188084775e-02
-1.278418784853576837e-02,1.278418784853576837e-02
-4.280337441190342450e-03,4.280337441190339848e-03
-8.677294666137220364e-03,8.677294666137220364e-03
8.433640779134107118e-03,-8.433640779134103649e-03
1.901400226666120907e-02,-1.901400226666120560e-02
-2.186135163424658863e-03,2.186135163424659730e-03
-1.806404464067619745e-02,1.806404464067618357e-02
3.162714429911321883e-03,-3.162714429911319715e-03
1.517981991782652723e-02,-1.517981991782653070e-02
3.159385006115447009e-02,-3.159385006115446315e-02
2.006001588768043659e-02,-2.006001588768044699e-02
5.385906143303792644e-03,-5.385906143303790042e-03
-8.468073795895729753e-04,8.468073795895726501e-04
3.074589951358564638e-02,-3.074589951358563250e-02
2.050957623509967742e-02,-2.050957623509966701e-02
3.107191950528693375e-02,-3.107191950528691987e-02
1.101327313541869933e-02,-1.101327313541870107e-02
3.379803698094702852e-02,-3.379803698094705627e-02
2.141851562565861428e-02,-2.141851562565860734e-02
3.260873348647121139e-02,-3.260873348647121139e-02
2.392671367923201314e-02,-2.392671367923202702e-02
-8.726963851803333505e-03,8.726963851803331770e-03
-3.446821194339676816e-03,3.446821194339671612e-03
-2.442151615380821106e-04,2.442151615380825985e-04
7.857170506140466471e-03,-7.857170506140483818e-03
-7.159535174663715640e-03,7.159535174663711303e-03
-3.488161170774275316e-02,3.488161170774274622e-02
5.269718357987404102e-03,-5.269718357987408439e-03
1.924005554836866454e-03,-1.924005554836869490e-03
1.056208220492290371e-02,-1.056208220492290198e-02
4.426982873254086868e-04,-4.426982873254068978e-04
1.988071174706981629e-03,-1.988071174706979895e-03
-4.016600989970555563e-03,4.016600989970555563e-03
-2.672413544857614801e-02,2.672413544857616535e-02
-3.186547011068587704e-02,3.186547011068588398e-02
-7.263259455152467139e-04,7.263259455152427024e-04
-2.223606564344227446e-02,2.223606564344226058e-02
-1.511927145680747389e-02,1.511927145680748430e-02
-9.823727386446634222e-03,9.823727386446635956e-03
-2.740297623325248233e-02,2.740297623325247539e-02
1.480952805130194769e-02,-1.480952805130193901e-02
-4.258455071500097909e-03,4.258455071500090970e-03
1.071979148132436166e-02,-1.071979148132435646e-02
5.358544244583685751e-02,-5.358544244583685751e-02
3.269838215549085436e-02,-3.269838215549083354e-02
-1.347964200692378101e-02,1.347964200692378794e-02
-4.050030100558602020e-02,4.050030100558600632e-02
-5.206735843214783249e-03,5.206735843214788453e-03
1.447630819160315718e-02,-1.447630819160316586e-02
3.954770298582406009e-03,-3.954770298582415550e-03
1.709539834026741617e-02,-1.709539834026740576e-02
2.108270137822236892e-02,-2.108270137822237239e-02
2.840163417587041397e-02,-2.840163417587040356e-02
4.455158922236954894e-02,-4.455158922236956975e-02
1.846925801526787606e-02,-1.846925801526787606e-02
-1.917631790526141272e-02,1.917631790526140925e-02
-1.673813651808619615e-02,1.673813651808618574e-02
5.238583272917771497e-03,-5.238583272917774966e-03
7.118667328242233271e-03,-7.118667328242229801e-03
1.668320934111222967e-02,-1.668320934111222620e-02
2.858564857799123296e-02,-2.858564857799126765e-02
1.144231475196626387e-02,-1.144231475196624825e-02
-1.556696602507757175e-02,1.556696602507757175e-02
-2.765087445713063433e-02,2.765087445713064127e-02
-2.645481123316325428e-02,2.645481123316326816e-02
-2.175407403644401619e-02,2.175407403644400925e-02
-1.726394404263752701e-03,1.726394404263753785e-03
3.258564779498283014e-03,-3.258564779498282146e-03
2.102371527840685497e-02,-2.102371527840685150e-02
-6.034803672002381734e-03,6.034803672002381734e-03
-4.459971959194664048e-02,4.459971959194663355e-02
5.170575668971706326e-03,-5.170575668971710663e-03
1.376900159390629687e-02,-1.376900159390630901e-02
2.918196889792152790e-02,-2.918196889792153831e-02
1.474858789236814516e-02,-1.474858789236814342e-02
7.675242164267078761e-03,-7.675242164267080495e-03
-4.459414340412984346e-03,4.459414340412984346e-03
2.081144505710176562e-02,-2.081144505710175868e-02
2.495463689109196290e-02,-2.495463689109196637e-02
2.956732917393746843e-02,-2.956732917393747190e-02
1.544197405630561015e-02,-1.544197405630561536e-02
3.832732444612758221e-02,-3.832732444612758221e-02
3.276948330568207890e-02,-3.276948330568208584e-02
4.633753102124538170e-02,-4.633753102124536782e-02
4.837193548326169934e-02,-4.837193548326169934e-02
-8.282945920811760065e-03,8.282945920811760065e-03
-1.046556154684821424e-02,1.046556154684821077e-02
-1.605947939485492153e-03,1.605947939485496490e-03
1.546603279935273266e-02,-1.546603279935272225e-02
3.065826878760604876e-04,-3.065826878760544161e-04
-2.265321782898111619e-02,2.265321782898114047e-02
7.985717447983925812e-03,-7.985717447983917139e-03
1.052845002229369636e-02,-1.052845002229370504e-02
5.099144112271762966e-03,-5.099144112271764701e-03
3.278472723223479525e-03,-3.278472723223482561e-03
-4.724543896676179806e-03,4.724543896676196286e-03
-1.500902948461591176e-02,1.500902948461590655e-02
-4.046302647384921597e-02,4.046302647384922291e-02
-1.826354733078252440e-02,1.826354733078253134e-02
1.293633698513724055e-03,-1.293633698513726223e-03
-2.151792649548298769e-02,2.151792649548300157e-02
-1.990972539778824296e-02,1.990972539778823949e-02
-2.634985579583131246e-02,2.634985579583132981e-02
-2.140056234119185052e-02,2.140056234119184012e-02
1.276054267624325729e-02,-1.276054267624325556e-02
-5.301112018261396920e-03,5.301112018261402124e-03
1.489875621527677512e-03,-1.489875621527675126e-03
2.919763445735026192e-02,-2.919763445735025151e-02
1.881348295505776147e-02,-1.881348295505774759e-02
-1.306811638716267546e-03,1.306811638716265812e-03
-4.335600255037574263e-02,4.335600255037574263e-02
-1.663855057004954771e-02,1.663855057004954424e-02
-1.272321978644121512e-02,1.272321978644121686e-02
-8.918711937678670126e-03,8.918711937678657983e-03
3.613210368098392078e-02,-3.613210368098392772e-02
2.758744958620290913e-02,-2.758744958620289525e-02
3.271727138918417016e-02,-3.271727138918417710e-02
3.125295117503010256e-02,-3.125295117503008868e-02
1.341146553775958081e-02,-1.341146553775958254e-02
-1.476884718145573226e-02,1.476884718145573573e-02
-8.243506587138368577e-03,8.243506587138366842e-03
8.973923398794689732e-04,-8.973923398794665879e-04
2.101432624917732445e-03,-2.101432624917735914e-03
3.075892800757889026e-02,-3.075892800757889373e-02
3.003706049214066934e-02,-3.003706049214068668e-02
2.079480105343872384e-02,-2.079480105343872037e-02
-1.211504867999823242e-03,1.211504867999823676e-03
-5.718513812210372464e-03,5.718513812210372464e-03
-2.512492058306082035e-02,2.512492058306082382e-02
-2.068010601799447068e-02,2.068010601799447762e-02
-8.724880697221376949e-03,8.724880697221371745e-03
5.487190508120824359e-03,-5.487190508120827828e-03
3.354189759819370224e-03,-3.354189759819366321e-03
-9.848509108071367910e-03,9.848509108071367910e-03
-5.369158449108871189e-02,5.369158449108872577e-02
-9.049625202182888864e-03,9.049625202182883660e-03
-3.418315022584303246e-03,3.418315022584298476e-03
1.785883896466778503e-02,-1.785883896466779197e-02
2.081398872066997537e-03,-2.081398872067009246e-03
-5.400482865747474430e-03,5.400482865747469226e-03
-1.921005428573593216e-02,1.921005428573594256e-02
7.663986960000947896e-03,-7.663986960000946161e-03
1.988888053121862579e-02,-1.988888053121861538e-02
2.465627967089263975e-02,-2.465627967089262934e-02
1.078867557582344552e-02,-1.078867557582345246e-02
3.389732060668788211e-02,-3.389732060668788211e-02
3.039211422806197341e-02,-3.039211422806198729e-02
5.338013723461130372e-02,-5.338013723461130372e-02
5.069638488015091454e-02,-5.069638488015093536e-02
-1.356332183709069465e-03,1.356332183709069031e-03
-1.646647241582275406e-02,1.646647241582274018e-02
-3.070177645505136211e-03,3.070177645505128838e-03
2.215556432396405262e-02,-2.215556432396405956e-02
4.616579139452197528e-02,-4.616579139452196834e-02
-1.123851025428841341e-02,1.123851025428841861e-02
1.387843533444110475e-02,-1.387843533444110301e-02
1.176110372556141842e-02,-1.176110372556143056e-02
-6.889900623995471197e-04,6.889900623995419155e-04
2.600931953655224570e-03,-2.600931953655227606e-03
-6.452426166448111192e-03,6.452426166448110324e-03
-1.582921313143595410e-02,1.582921313143595410e-02
-4.144793418935543983e-02,4.144793418935542595e-02
-1.094504866986289668e-02,1.094504866986289668e-02
-6.120391016541553916e-03,6.120391016541561723e-03
-2.573372516051801451e-02,2.573372516051802839e-02
-7.607034930332094713e-03,7.607034930332079968e-03
-4.473563752986475101e-03,4.473563752986474233e-03
-2.184238494837014571e-02,2.184238494837012837e-02
7.472693206403720374e-03,-7.472693206403718640e-03
-2.833997069965855584e-02,2.833997069965858359e-02
-7.581545095999927056e-03,7.581545095999920984e-03
8.110472901861263267e-03,-8.110472901861258063e-03
5.570127373686279207e-03,-5.570127373686285278e-03
-1.189865049364896392e-02,1.189865049364896392e-02
-5.131764144591968724e-02,5.131764144591969418e-02
-3.622724273666902417e-02,3.622724273666903111e-02
-4.780362821520683231e-02,4.780362821520686700e-02
-1.924773202808414962e-02,1.924773202808415656e-02
3.084331868220482539e-02,-3.084331868220483927e-02
3.645124182052793260e-02,-3.645124182052795342e-02
2.508611593811342633e-02,-2.508611593811342980e-02
3.723981366685703148e-02,-3.723981366685701760e-02
1.844384010680327193e-03,-1.844384010680328711e-03
-1.134555192155183023e-02,1.134555192155182503e-02
-9.723251029361657666e-03,9.723251029361654196e-03
7.841950780960787667e-03,-7.841950780960784198e-03
1.530369250224260236e-02,-1.530369250224260062e-02
2.498889444330869986e-02,-2.498889444330870679e-02
3.100919667433964938e-02,-3.100919667433963203e-02
2.777615814113869666e-02,-2.777615814113870707e-02
-9.678484682847607887e-04,9.678484682847611140e-04
5.282089592990459916e-03,-5.282089592990456446e-03
-3.317563093287573955e-02,3.317563093287574649e-02
-2.523307174003694073e-02,2.523307174003694420e-02
-1.720381741624876087e-03,1.720381741624876955e-03
1.808506361159474812e-03,-1.808506361159471776e-03
-8.245230447556770384e-03,8.245230447556770384e-03
-2.981077592217707545e-02,2.981077592217707545e-02
-4.455332103842178648e-02,4.455332103842175873e-02
-3.091127142611783257e-02,3.091127142611783951e-02
-8.298077483293310810e-03,8.298077483293307341e-03
1.219625740144356270e-02,-1.219625740144356617e-02
2.298694222700607736e-04,-2.298694222700619120e-04
-4.695876457979524833e-03,4.695876457979517894e-03
-2.248207016515831047e-02,2.248207016515833129e-02
-1.364437975222529496e-03,1.364437975222523207e-03
4.733411909417185523e-03,-4.733411909417185523e-03
2.397745453810699694e-03,-2.397745453810697959e-03
7.566343666607108602e-04,-7.566343666607118360e-04
3.212684807466285875e-02,-3.212684807466286568e-02
2.592654497424663057e-02,-2.592654497424663404e-02
4.048929919357006912e-02,-4.048929919357007606e-02
4.744655832930681078e-02,-4.744655832930678302e-02
-4.108050939621855392e-03,4.108050939621851923e-03
-1.253753694008652095e-02,1.253753694008651401e-02
1.649521980633172902e-02,-1.649521980633172208e-02
1.911611449333106005e-02,-1.911611449333106005e-02
4.190822839108155479e-02,-4.190822839108156173e-02
1.110048838446740446e-02,-1.110048838446739752e-02
1.677210574170940119e-02,-1.677210574170940466e-02
1.845175120091275059e-02,-1.845175120091274712e-02
-4.546361860252379813e-04,4.546361860252378186e-04
-7.864195315688540452e-03,7.864195315688545657e-03
-4.548917442845709300e-03,4.548917442845702361e-03
-2.104774302273049180e-02,2.104774302273050915e-02
-2.771361076188583183e-02,2.771361076188582837e-02
-6.274513348908585843e-03,6.274513348908584108e-03
-5.727271331261821717e-03,5.727271331261828656e-03
-8.088857539400182151e-03,8.088857539400170008e-03
-5.928441709257856879e-03,5.928441709257854277e-03
-2.240088246836881639e-02,2.240088246836882332e-02
-2.160321929923201753e-02,2.160321929923200712e-02
-7.610062042353453113e-03,7.610062042353461786e-03
-2.054805911876881469e-02,2.054805911876880775e-02
-3.080342799056777579e-03,3.080342799056781482e-03
-3.178549424720244782e-03,3.178549424720242614e-03
-5.387690734463934650e-03,5.387690734463933782e-03
6.493443088726128117e-05,-6.493443088726018342e-05
-4.628301076792092766e-02,4.628301076792093460e-02
-4.505641449562656359e-02,4.505641449562654277e-02
-3.757723988031839296e-02,3.757723988031839990e-02
-1.159015717970814964e-02,1.159015717970816178e-02
6.591941748228477040e-03,-6.591941748228483978e-03
2.303257581077076954e-02,-2.303257581077076954e-02
2.719945778691745114e-02,-2.719945778691744420e-02
1.776972852458634511e-02,-1.776972852458635552e-02
-9.712070452291375958e-03,9.712070452291379427e-03
-1.842651505395307256e-03,1.842651505395308991e-03
-7.482998063414843725e-04,7.482998063414829631e-04
-2.666649711155255013e-03,2.666649711155254145e-03
6.339750476835038367e-03,-6.339750476835040102e-03
1.447420947576462391e-02,-1.447420947576463085e-02
7.103707707343143163e-03,-7.103707707343145765e-03
2.571733969592578800e-02,-2.571733969592579494e-02
1.173352193182406432e-02,-1.173352193182406258e-02
1.605205168184717368e-02,-1.605205168184718062e-02
-1.383359033397192281e-02,1.383359033397191934e-02
-7.548632349394512886e-03,7.548632349394510284e-03
-4.757303632028635210e-03,4.757303632028632608e-03
1.145000198102009634e-02,-1.145000198102009981e-02
-9.705800918596265564e-03,9.705800918596263829e-03
-4.480603020208755345e-03,4.480603020208754478e-03
-2.594537473290778329e-02,2.594537473290779023e-02
-1.359072588236044134e-02,1.359072588236043787e-02
2.968584033375094161e-03,-2.968584033375095462e-03
1.192778266643854286e-02,-1.192778266643854633e-02
-8.662964397160917429e-03,8.662964397160912225e-03
3.313682027276304998e-03,-3.313682027276301963e-03
-2.296076776212686854e-02,2.296076776212686507e-02
-1.003053825154298813e-02,1.003053825154299333e-02
-1.695131423951447627e-02,1.695131423951448668e-02
-2.080090591947941076e-02,2.080090591947940382e-02
-1.629823526875882889e-02,1.629823526875881848e-02
1.462514292871517881e-03,-1.462514292871517881e-03
2.146657344953368379e-02,-2.146657344953367338e-02
1.904656447935502289e-02,-1.904656447935501595e-02
3.359106164861831723e-02,-3.359106164861832416e-02
4.040200313972179937e-04,-4.040200313972140906e-04
-9.817213793149070708e-03,9.817213793149068973e-03
1.894292074713502597e-02,-1.894292074713502250e-02
1.690088796572743537e-02,-1.690088796572742844e-02
4.045865539586432358e-02,-4.045865539586430970e-02
2.237745263212614563e-02,-2.237745263212614216e-02
1.140663008407007302e-02,-1.140663008407009210e-02
2.834696683592199951e-02,-2.834696683592199257e-02
5.131814801410531420e-04,-5.131814801410512989e-04
-1.013175604836035783e-02,1.013175604836035436e-02
-1.485934606852297966e-02,1.485934606852297966e-02
-2.327715044735693614e-02,2.327715044735693267e-02
-2.138261169666436784e-02,2.138261169666437825e-02
-6.966767791628343184e-03,6.966767791628345786e-03
-1.400954818632254087e-02,1.400954818632255128e-02
1.616997587742836223e-02,-1.616997587742836223e-02
-7.703892302131318823e-04,7.703892302131228834e-04
-1.558131331636731717e-02,1.558131331636730503e-02
-8.914369657324406823e-03,8.914369657324386007e-03
-1.706279625051434698e-02,1.706279625051436780e-02
-3.359160567526324470e-02,3.359160567526324470e-02
-1.075383008513877692e-02,1.075383008513876998e-02
-7.499339727208917047e-03,7.499339727208909241e-03
7.573488191946749042e-03,-7.573488191946747307e-03
7.816914987707566237e-03,-7.816914987707571441e-03
-2.423567678275833845e-02,2.423567678275833498e-02
-3.549842989572975227e-02,3.549842989572975227e-02
-2.057748094517368107e-02,2.057748094517367066e-02
2.780144859166345725e-03,-2.780144859166345291e-03
8.804684610687370586e-03,-8.804684610687368851e-03
2.281647942408839003e-02,-2.281647942408837962e-02
-1.082707901547159089e-02,1.082707901547159610e-02
2.207360507205276268e-02,-2.207360507205277655e-02
-9.748312001447496933e-03,9.748312001447493463e-03
-1.707698803649602970e-02,1.707698803649601582e-02
-1.263062090036523415e-02,1.263062090036524976e-02
-1.468910552124464558e-02,1.468910552124465946e-02
1.677894412710413327e-02,-1.677894412710413674e-02
1.870599493504873298e-02,-1.870599493504871910e-02
1.056847603944269937e-02,-1.056847603944269590e-02
2.198979048303829550e-02,-2.198979048303828510e-02
1.407067078523971566e-02,-1.407067078523971740e-02
3.907430646915451694e-02,-3.907430646915451694e-02
-1.866270214230643029e-02,1.866270214230643029e-02
-2.365049931288609047e-02,2.365049931288609394e-02
-1.264855971943807007e-02,1.264855971943806313e-02
-5.889373985105464913e-03,5.889373985105460577e-03
-1.158921767174612982e-02,1.158921767174613156e-02
-2.408691943025942361e-02,2.408691943025940974e-02
-1.778903037260999229e-02,1.778903037260999576e-02
4.618026266738499246e-03,-4.618026266738500980e-03
-1.657444922641413895e-02,1.657444922641414242e-02
2.475818686428364265e-02,-2.475818686428364265e-02
2.442499153875894377e-02,-2.442499153875894724e-02
1.697555722299820199e-02,-1.697555722299819506e-02
-1.020754732302690121e-02,1.020754732302690988e-02
-1.083137260422809001e-02,1.083137260422807613e-02
-2.945745409585724672e-02,2.945745409585723285e-02
-2.644473597393353498e-02,2.644473597393352804e-02
-3.182849937166049026e-02,3.182849937166049720e-02
-1.262931737461649682e-02,1.262931737461650897e-02
1.187070183450029438e-02,-1.187070183450029091e-02
1.794261543227573807e-02,-1.794261543227573460e-02
2.413451808526537179e-02,-2.413451808526537526e-02
1.687303376863552324e-03,-1.687303376863558396e-03
-7.422248652549993421e-03,7.422248652549991686e-03
1.265166306425145534e-02,-1.265166306425144667e-02
1.307222127751926991e-02,-1.307222127751928378e-02
3.465405183130354505e-02,-3.465405183130353811e-02
2.024097953853469176e-02,-2.024097953853469176e-02
1.031140620257996708e-02,-1.031140620257996188e-02
1.996714162979645532e-02,-1.996714162979644144e-02
5.279906543215228017e-03,-5.279906543215225415e-03
-7.349246274305342580e-03,7.349246274305347784e-03
-7.882570199490583976e-03,7.882570199490580506e-03
-1.766014792816399115e-02,1.766014792816399462e-02
-1.380218029684408473e-02,1.380218029684408473e-02
-1.136449481765253004e-03,1.136449481765252571e-03
-9.568421395052225872e-03,9.568421395052217199e-03
2.119375971345391005e-02,-2.119375971345390658e-02
7.398040040712034263e-03,-7.398040040712029926e-03
-1.211664908339087944e-02,1.211664908339087424e-02
-6.629092327024655243e-03,6.629092327024649171e-03
-4.380457927267881546e-04,4.380457927267828420e-04
-1.858901171529649468e-02,1.858901171529649815e-02
-5.965043190897733986e-03,5.965043190897731384e-03
-7.463832820820730067e-03,7.463832820820719659e-03
9.784396774687866699e-03,-9.784396774687875373e-03
1.417557364135057195e-02,-1.417557364135056848e-02
-3.656952391351282858e-04,3.656952391351325142e-04
-2.068742212791177190e-02,2.068742212791176149e-02
-3.466558405179011228e-04,3.466558405178997134e-04
4.265550168615747997e-03,-4.265550168615751467e-03
-1.580882901860336987e-04,1.580882901860346744e-04
-6.429881310335880396e-03,6.429881310335883865e-03
-1.737387507244899168e-02,1.737387507244898474e-02
-4.400712348289820969e-02,4.400712348289820275e-02
-1.526501339393355507e-02,1.526501339393356374e-02
-2.573144224888631888e-03,2.573144224888634490e-03
-1.738082812187076096e-02,1.738082812187075402e-02
-7.485128848535944381e-03,7.485128848535946115e-03
1.153102661046953581e-02,-1.153102661046953754e-02
1.837126945431235767e-02,-1.837126945431235420e-02
-1.163092483556587252e-02,1.163092483556586558e-02
-5.854407019542533230e-03,5.854407019542535832e-03
1.317575527034657405e-02,-1.317575527034658446e-02
3.592342270682564315e-02,-3.592342270682565702e-02
-3.432283377606352298e-02,3.432283377606355074e-02
-4.468981369132003084e-02,4.468981369132005166e-02
-2.247673396635078633e-02,2.247673396635079673e-02
-7.252048621187191617e-03,7.252048621187192484e-03
-1.532853577901489720e-03,1.532853577901482130e-03
-8.955913190770424873e-03,8.955913190770416199e-03
-5.654000966745020146e-03,5.654000966745015809e-03
-2.285051011296127671e-02,2.285051011296127324e-02
-2.239571217294452493e-02,2.239571217294452493e-02
3.760621210860574243e-02,-3.760621210860570773e-02
5.260558573944185135e-02,-5.260558573944183053e-02
2.386981262635720635e-02,-2.386981262635722717e-02
1.320004902089680354e-03,-1.320004902089679704e-03
-7.251766252624436762e-03,7.251766252624430691e-03
-3.227388735148941507e-02,3.227388735148942200e-02
-2.991150539644872250e-02,2.991150539644872597e-02
-2.154644983468990277e-02,2.154644983468991318e-02
-1.124491867048866764e-02,1.124491867048866937e-02
5.816430571581500050e-03,-5.816430571581503520e-03
1.518763800388395202e-02,-1.518763800388395029e-02
2.056102971690492234e-02,-2.056102971690492581e-02
-7.374338708054364519e-03,7.374338708054367988e-03
-9.280119622004978641e-03,9.280119622004976906e-03
7.316968221739554752e-03,-7.316968221739552150e-03
-5.700899521402119120e-03,5.700899521402114783e-03
3.292898680353224805e-02,-3.292898680353224805e-02
1.396271751704751020e-02,-1.396271751704750153e-02
9.515738561710391022e-03,-9.515738561710380614e-03
1.488463680394809530e-02,-1.488463680394809009e-02
1.196310374989758424e-02,-1.196310374989757903e-02
-1.189013557968896656e-02,1.189013557968897176e-02
-1.149926673091690790e-02,1.149926673091691137e-02
-1.385677297627329642e-02,1.385677297627329468e-02
-5.447316856665908140e-03,5.447316856665911609e-03
-1.603977486250572496e-03,1.603977486250575315e-03
-2.706742604669569452e-03,2.706742604669571620e-03
5.872575070300602683e-03,-5.872575070300610489e-03
1.062863095571103160e-03,-1.062863095571106630e-03
4.357676315943220802e-03,-4.357676315943221669e-03
3.536315650719875497e-03,-3.536315650719875497e-03
6.915596889444232225e-03,-6.915596889444229622e-03
3.742788200263997590e-03,-3.742788200264000192e-03
-1.948587568343246659e-02,1.948587568343246312e-02
-9.059982448059071894e-03,9.059982448059064955e-03
1.103907219928365342e-03,-1.103907219928368160e-03
1.586892877393537502e-02,-1.586892877393536808e-02
-1.118934898373912835e-02,1.118934898373912662e-02
-1.954784739167486629e-02,1.954784739167485935e-02
-8.634389125474513718e-03,8.634389125474508514e-03
-8.517934056314388491e-03,8.517934056314390226e-03
-2.604193349491952872e-02,2.604193349491952525e-02
-1.706268126639804567e-02,1.706268126639803179e-02
-1.543602175624182032e-02,1.543602175624180471e-02
-3.628904825543852880e-02,3.628904825543854962e-02
-1.300690032030765719e-02,1.300690032030766934e-02
-2.670548361637022083e-02,2.670548361637023818e-02
-7.300962738535687717e-03,7.300962738535685115e-03
3.250049547431663882e-03,-3.250049547431663015e-03
6.152211802772896213e-03,-6.152211802772902284e-03
2.218683024625408857e-03,-2.218683024625402352e-03
-3.077435085301695288e-03,3.077435085301696589e-03
-2.687116414085140119e-03,2.687116414085144889e-03
1.561646153370892243e-02,-1.561646153370891202e-02
3.308885305204761762e-02,-3.308885305204763150e-02
1.245707968765758650e-02,-1.245707968765758129e-02
-2.231428384319131611e-02,2.231428384319128488e-02
-6.025420617910153681e-02,6.025420617910153681e-02
-7.299957981953380734e-03,7.299957981953378999e-03
-2.164855402363640921e-02,2.164855402363640227e-02
-1.710467178374818972e-02,1.710467178374818278e-02
2.235207571962590639e-04,-2.235207571962649728e-04
-2.863915949608369232e-03,2.863915949608367931e-03
2.094685133301780675e-02,-2.094685133301781368e-02
2.354056017086058814e-02,-2.354056017086057773e-02
5.421319409987154087e-02,-5.421319409987152699e-02
4.041532041232134831e-02,-4.041532041232138300e-02
1.405569519951447091e-02,-1.405569519951447958e-02
8.235822666941261180e-03,-8.235822666941264650e-03
-3.532168651734526876e-02,3.532168651734526182e-02
-1.992716211203246143e-02,1.992716211203245102e-02
-1.017764438589903800e-02,1.017764438589903626e-02
1.014757034199368843e-03,-1.014757034199368409e-03
1.033292356361150202e-02,-1.033292356361149335e-02
1.931700347972345813e-02,-1.931700347972348589e-02
9.401617610050773052e-03,-9.401617610050786930e-03
-9.916588158708210254e-03,9.916588158708213724e-03
-3.387488902146547701e-03,3.387488902146544665e-03
9.910812011110019769e-04,-9.910812011110054463e-04
-1.133133541124940746e-02,1.133133541124940746e-02
2.124179335930023033e-02,-2.124179335930023033e-02
2.759547531716517732e-02,-2.759547531716517732e-02
5.505463938191990612e-03,-5.505463938191990612e-03
1.604500296221609071e-02,-1.604500296221608377e-02
1.965381888602357047e-02,-1.965381888602357741e-02
-4.328161803600411224e-04,4.328161803600419897e-04
-1.912028629305551758e-02,1.912028629305553493e-02
-1.493932866929400388e-02,1.493932866929400388e-02
-5.264873316419803329e-03,5.264873316419807665e-03
3.361128220299300622e-03,-3.361128220299304959e-03
1.145748604720601754e-03,-1.145748604720602188e-03
-9.628476754799103607e-04,9.628476754799140469e-04
3.400589922961823591e-04,-3.400589922961813291e-04
-7.876922178824930301e-03,7.876922178824938975e-03
6.595196981998873061e-03,-6.595196981998869591e-03
1.303676897012989201e-02,-1.303676897012990242e-02
1.049404781504774051e-02,-1.049404781504773010e-02
7.215326177388339465e-03,-7.215326177388333394e-03
-1.056640656445731940e-03,1.056640656445730639e-03
4.292683321754112331e-03,-4.292683321754115801e-03
2.556131051889693959e-02,-2.556131051889695693e-02
6.999317949343452500e-03,-6.999317949343455102e-03
-2.744900480542231212e-03,2.744900480542229477e-03
5.142778726590606017e-03,-5.142778726590601680e-03
-1.895762237259563526e-02,1.895762237259564914e-02
-1.756923694176443576e-02,1.756923694176442535e-02
-1.370102544043215465e-02,1.370102544043216679e-02
-2.205225219510273393e-02,2.205225219510274087e-02
-4.288745466042675342e-02,4.288745466042675342e-02
-8.054247737889885100e-03,8.054247737889886835e-03
-3.142796874696234671e-02,3.142796874696233977e-02
-3.637635409012341097e-03,3.637635409012340230e-03
2.072315555988845856e-02,-2.072315555988846203e-02
8.348643428299355393e-03,-8.348643428299351923e-03
-2.967718838350734585e-03,2.967718838350747162e-03
-1.182503136399085109e-02,1.182503136399086323e-02
-1.110308498434609166e-02,1.110308498434608472e-02
-1.501149657636418819e-02,1.501149657636418298e-02
1.207599321072453345e-02,-1.207599321072452998e-02
2.152976181496093697e-02,-2.152976181496092656e-02
-1.029618983318900637e-02,1.029618983318900810e-02
-3.953338675794423190e-02,3.953338675794423884e-02
-2.748204892191557017e-02,2.748204892191554935e-02
-3.614503883165422898e-02,3.614503883165421511e-02
-1.218660865437318219e-02,1.218660865437317699e-02
2.770887558824939104e-03,-2.770887558824936935e-03
3.526590315051720843e-03,-3.526590315051732118e-03
2.321412266317585127e-02,-2.321412266317585821e-02
4.394331962638548666e-02,-4.394331962638547973e-02
5.626692920790173080e-02,-5.626692920790174468e-02
3.118821158002008445e-02,-3.118821158002007751e-02
-4.484461171979141347e-03,4.484461171979141347e-03
-6.478133295221352207e-03,6.478133295221349605e-03
-2.700250123251195927e-02,2.700250123251196274e-02
-3.320868112720928161e-02,3.320868112720927467e-02
-1.673218681962692841e-02,1.673218681962693188e-02
8.787080355170005450e-03,-8.787080355170010654e-03
2.323112744624235282e-02,-2.323112744624234588e-02
2.473890759089307154e-02,-2.473890759089307848e-02
-4.119024240525115226e-03,4.119024240525120430e-03
-9.305499545599517017e-03,9.305499545599523956e-03
3.477281472891909260e-03,-3.477281472891905791e-03
5.713629607718115865e-03,-5.713629607718108058e-03
1.541592345335478058e-02,-1.541592345335477190e-02
1.639893367619882011e-02,-1.639893367619882705e-02
2.490198861997177521e-02,-2.490198861997177521e-02
1.454027086665714286e-02,-1.454027086665714806e-02
1.580556238587723858e-02,-1.580556238587724205e-02
2.247222583640655011e-02,-2.247222583640655011e-02
5.917927373075116716e-03,-5.917927373075117584e-03
-2.300682661228307599e-02,2.300682661228306211e-02
-1.418677579316783913e-02,1.418677579316784086e-02
-1.105728243895211758e-02,1.105728243895211758e-02
6.733504628599078570e-03,-6.733504628599077703e-03
2.240102071158446215e-03,-2.240102071158441878e-03
1.288567336899572053e-03,-1.288567336899573354e-03
3.935865993572743374e-03,-3.935865993572734700e-03
-8.836433556696164301e-03,8.836433556696164301e-03
1.925014342258722297e-02,-1.925014342258721950e-02
3.230669690670997379e-02,-3.230669690670995992e-02
2.285134486265998771e-02,-2.285134486265998077e-02
2.747249953650347798e-02,-2.747249953650347104e-02
1.710430156666236864e-02,-1.710430156666238599e-02
4.457296486907036523e-04,-4.457296486907065254e-04
4.249214132423646817e-02,-4.249214132423648205e-02
1.488287189544377359e-02,-1.488287189544376839e-02
-8.041400559211030544e-03,8.041400559211027074e-03
3.817062005990593410e-03,-3.817062005990592543e-03
-5.849729083450434623e-03,5.849729083450436358e-03
8.803276798778380749e-03,-8.803276798778382484e-03
1.688299650196856952e-04,-1.688299650196847465e-04
-1.068172996243609978e-05,1.068172996243537811e-05
-2.983393103628624934e-02,2.983393103628624241e-02
8.464479482232827035e-03,-8.464479482232825300e-03
-3.388479260166320922e-02,3.388479260166321616e-02
-2.680417979978441667e-02,2.680417979978442014e-02
-4.877240776144643915e-03,4.877240776144649119e-03
-4.372636643754233138e-03,4.372636643754234873e-03
-4.960699075005998646e-03,4.960699075005991707e-03
-1.365812721266486916e-02,1.365812721266487263e-02
-7.169256628068343580e-03,7.169256628068347049e-03
-2.858004598899414883e-02,2.858004598899414536e-02
-1.057109386939747951e-02,1.057109386939748645e-02
3.269428212273742425e-03,-3.269428212273744593e-03
-5.798373257475185165e-03,5.798373257475179093e-03
-2.097774636284886404e-02,2.097774636284887098e-02
-1.996477778285671301e-02,1.996477778285670607e-02
-3.995901425569629156e-02,3.995901425569629156e-02
-2.835791333087161331e-02,2.835791333087161331e-02
-1.733706824103348546e-02,1.733706824103349239e-02
8.575483077198586129e-03,-8.575483077198577456e-03
2.780189691990828105e-02,-2.780189691990830186e-02
4.484730145489664727e-02,-4.484730145489663339e-02
4.450527265782128900e-02,-4.450527265782130287e-02
8.245895562148507912e-03,-8.245895562148518321e-03
-1.143297623069619053e-02,1.143297623069619573e-02
-4.501357713632576918e-02,4.501357713632578306e-02
-2.978174874557596580e-02,2.978174874557594845e-02
-2.602004914137697258e-02,2.602004914137697258e-02
-1.550866771113331224e-02,1.550866771113331051e-02
2.219976218228197906e-03,-2.219976218228201376e-03
3.188421824951829381e-02,-3.188421824951829381e-02
1.481105797064888666e-02,-1.481105797064890747e-02
-7.589454683071943444e-03,7.589454683071945179e-03
-3.067756497492183342e-03,3.067756497492187245e-03
2.410718229089881329e-02,-2.410718229089882716e-02
3.921800375761043400e-03,-3.921800375761038196e-03
9.329682304218935365e-03,-9.329682304218937100e-03
8.695676490596424002e-03,-8.695676490596422267e-03
1.028552740839210403e-02,-1.028552740839210229e-02
2.378020744035655790e-02,-2.378020744035654749e-02
1.992077298243466466e-02,-1.992077298243466119e-02
2.320761081042461635e-02,-2.320761081042462676e-02
1.403755991726051387e-02,-1.403755991726052775e-02
-2.610454297461498388e-02,2.610454297461500817e-02
-1.820231789022427535e-02,1.820231789022426494e-02
-2.671946503124782851e-03,2.671946503124781117e-03
1.500559318871703615e-03,-1.500559318871702531e-03
-2.913864119567748882e-03,2.913864119567748448e-03
-5.071840741859987706e-03,5.071840741859986838e-03
-1.708318040803133084e-02,1.708318040803133084e-02
-1.101992303655677762e-02,1.101992303655676721e-02
2.718698032555302152e-02,-2.718698032555302846e-02
4.434118718924998093e-02,-4.434118718924998093e-02
3.793212800101036786e-02,-3.793212800101037480e-02
2.660127258013941787e-02,-2.660127258013943521e-02
1.999505074995055337e-02,-1.999505074995056031e-02
1.039597728988248503e-02,-1.039597728988248503e-02
3.689720580295057645e-02,-3.689720580295055563e-02
2.079644356944527692e-02,-2.079644356944526998e-02
1.640690514660837762e-02,-1.640690514660837068e-02
2.413609110185195236e-02,-2.413609110185194542e-02
7.686906980921399957e-03,-7.686906980921405161e-03
2.741399451793408507e-02,-2.741399451793408507e-02
-1.997319936924708481e-02,1.997319936924709174e-02
-4.521178065424291681e-03,4.521178065424284742e-03
9.701799946644957401e-03,-9.701799946644953931e-03
-6.430900403133764029e-03,6.430900403133761427e-03
-2.443277541814907819e-02,2.443277541814907472e-02
-3.014000773832671912e-02,3.014000773832671912e-02
-1.364538146113179057e-02,1.364538146113179057e-02
-1.303894526132681579e-02,1.303894526132680885e-02
-1.999608482145196625e-02,1.999608482145196278e-02
-2.830421937993895729e-02,2.830421937993896422e-02
-1.644701941997445127e-02,1.644701941997443739e-02
-5.111551662221621925e-03,5.111551662221615853e-03
-7.317123187211643787e-03,7.317123187211647256e-03
-1.029550974077706686e-03,1.029550974077704951e-03
-2.143821992451439007e-02,2.143821992451438660e-02
-2.353422699247096836e-02,2.353422699247096836e-02
2.053258598151693187e-03,-2.053258598151694054e-03
-2.806154404432531155e-02,2.806154404432530808e-02
-3.812622506359156747e-03,3.812622506359153712e-03
-3.301927752537286986e-02,3.301927752537287680e-02
1.173136923509846517e-02,-1.173136923509846344e-02
2.913724226031746620e-02,-2.913724226031747661e-02
4.287120098839997812e-02,-4.287120098839997812e-02
4.355432374039917148e-02,-4.355432374039915067e-02
6.919787588668805701e-03,-6.919787588668800497e-03
-2.594344196108316555e-02,2.594344196108316555e-02
-3.411009993479371949e-02,3.411009993479372643e-02
-4.002636546082294355e-02,4.002636546082297825e-02
-4.153620935251169100e-02,4.153620935251169100e-02
-8.059933880549145779e-03,8.059933880549144045e-03
-9.494342430007369354e-03,9.494342430007378028e-03
2.594106439212712917e-02,-2.594106439212713958e-02
9.695294455841704795e-03,-9.695294455841713469e-03
-6.556644524324457476e-03,6.556644524324447935e-03
1.087412589937082966e-03,-1.087412589937078846e-03
2.383042959191721336e-02,-2.383042959191720642e-02
-5.724164986629263867e-03,5.724164986629268204e-03
3.958710897005536522e-03,-3.958710897005534787e-03
2.334465323038358302e-04,-2.334465323038323878e-04
4.811004262861502331e-03,-4.811004262861505801e-03
2.292692459342805106e-02,-2.292692459342805106e-02
2.008295132019821683e-02,-2.008295132019821683e-02
2.258747952570551443e-02,-2.258747952570550749e-02
2.433725802012778189e-02,-2.433725802012778189e-02
-2.146616822632423441e-02,2.146616822632423441e-02
-1.834278325540159363e-02,1.834278325540157975e-02
7.646400599697142884e-03,-7.646400599697147221e-03
-8.452646024436401978e-03,8.452646024436395039e-03
-4.858203293058517731e-03,4.858203293058511660e-03
-2.155380395054008746e-02,2.155380395054007012e-02
-3.936490167601070650e-02,3.936490167601071344e-02
-4.986087956441753039e-02,4.986087956441753732e-02
1.049404266367804685e-02,-1.049404266367804164e-02
3.220462113911013585e-02,-3.220462113911014279e-02
1.701213257069254109e-02,-1.701213257069253762e-02
3.133737821246834060e-02,-3.133737821246834754e-02
2.485935230306617061e-02,-2.485935230306616714e-02
1.650080081481552358e-02,-1.650080081481552705e-02
3.415783465155315668e-02,-3.415783465155314974e-02
2.663351908801519369e-02,-2.663351908801516940e-02
1.124345815302325857e-02,-1.124345815302325163e-02
8.810136403969265687e-03,-8.810136403969265687e-03
1.334784651407444796e-02,-1.334784651407446357e-02
1.527706038405406141e-02,-1.527706038405405621e-02
5.951533281807197540e-04,-5.951533281807209466e-04
8.113166653826832733e-04,-8.113166653826843575e-04
-1.831433526226942867e-04,1.831433526226942867e-04
-6.170790703115798873e-04,6.170790703115795620e-04
7.787368682962638941e-03,-7.787368682962632870e-03
7.017246751678205344e-03,-7.017246751678215752e-03
-4.182106451716149399e-03,4.182106451716150267e-03
-1.832279501139844058e-02,1.832279501139843364e-02
-1.417527658965672850e-02,1.417527658965673891e-02
-3.248624805972500501e-02,3.248624805972499807e-02
-4.717715354630629132e-02,4.717715354630629132e-02
-3.191467850417099156e-02,3.191467850417098462e-02
-5.105507991615793398e-03,5.105507991615781255e-03
1.412807701367010081e-02,-1.412807701367009908e-02
-2.584667209408697541e-02,2.584667209408698582e-02
5.072686927133879080e-03,-5.072686927133885151e-03
-1.120375148210681418e-02,1.120375148210681765e-02
-3.758885187997839522e-02,3.758885187997836747e-02
-4.296517517804467057e-02,4.296517517804468445e-02
2.624998440917679886e-03,-2.624998440917684656e-03
1.218999204105635469e-02,-1.218999204105636162e-02
3.091320956250883517e-02,-3.091320956250883864e-02
2.792462309454214059e-02,-2.792462309454215447e-02
1.291769616667078763e-02,-1.291769616667078936e-02
-8.760358906148851474e-03,8.760358906148851474e-03
-2.227605985981292308e-02,2.227605985981292655e-02
-2.768180298848031337e-02,2.768180298848031337e-02
-2.940352368228586061e-02,2.940352368228587102e-02
-4.621483408038144086e-02,4.621483408038143392e-02
-2.655270329203945207e-02,2.655270329203947288e-02
2.688204570282176978e-03,-2.688204570282178713e-03
1.829667504751512561e-02,-1.829667504751510826e-02
1.329064444373384904e-02,-1.329064444373385077e-02
-1.024149943747260484e-03,1.024149943747258316e-03
7.312071374234974455e-03,-7.312071374234983996e-03
2.376278205170915050e-02,-2.376278205170917826e-02
1.065627370588887466e-03,-1.065627370588890501e-03
-8.457277493602439328e-03,8.457277493602441062e-03
-5.156762258328473911e-04,5.156762258328473911e-04
1.275858362568519679e-02,-1.275858362568518117e-02
2.030315163006270532e-02,-2.030315163006268103e-02
1.811168621876799167e-02,-1.811168621876799167e-02
2.544720862894120014e-02,-2.544720862894120361e-02
2.959099317643365534e-02,-2.959099317643365187e-02
-1.293130600305994818e-02,1.293130600305995512e-02
-2.552575255146412661e-02,2.552575255146414049e-02
2.261831446001313223e-02,-2.261831446001312876e-02
-3.624822091353216424e-03,3.624822091353221195e-03
-4.644687710167051675e-03,4.644687710167048206e-03
-3.496120311209836157e-02,3.496120311209837545e-02
-5.553940168440157921e-02,5.553940168440157921e-02
-4.786637085452261076e-02,4.786637085452258300e-02
-1.961127861678281167e-02,1.961127861678281514e-02
1.774675509756126757e-02,-1.774675509756127104e-02
5.099444439207590288e-03,-5.099444439207598094e-03
2.573748554591619424e-03,-2.573748554591619858e-03
3.728831001366291614e-02,-3.728831001366291614e-02
7.272070482297661280e-03,-7.272070482297668219e-03
5.330665723716209586e-02,-5.330665723716210974e-02
2.741681694670976971e-02,-2.741681694670977318e-02
1.723710659938634815e-02,-1.723710659938635856e-02
1.816090939855779032e-02,-1.816090939855780073e-02
8.448562901550181470e-03,-8.448562901550178000e-03
5.765965308658356318e-03,-5.765965308658348512e-03
6.369057741950109441e-04,-6.369057741950132209e-04
2.895542971809544203e-02,-2.895542971809545590e-02
2.628829137392772394e-02,-2.628829137392771353e-02
1.719292862116083426e-02,-1.719292862116083773e-02
1.214011483315094626e-02,-1.214011483315094626e-02
-1.217697512499585355e-02,1.217697512499585528e-02
9.896501283878504293e-03,-9.896501283878495620e-03
-1.979171222351777670e-03,1.979171222351783308e-03
-1.528434896619671433e-02,1.528434896619672301e-02
-3.489440907147678406e-02,3.489440907147673548e-02
-3.712293525536748684e-02,3.712293525536748684e-02
-2.518596621756595544e-02,2.518596621756596585e-02
4.823766194145082987e-03,-4.823766194145086457e-03
2.751922352489059517e-02,-2.751922352489057783e-02
-2.252360608408467829e-02,2.252360608408467482e-02
-1.868478776382569498e-02,1.868478776382569498e-02
-3.892376046990876637e-02,3.892376046990876637e-02
-1.570731536225716818e-02,1.570731536225717512e-02
-4.864120912496577159e-02,4.864120912496575772e-02
1.292972184545377115e-02,-1.292972184545375901e-02
1.647723457193111390e-02,-1.647723457193110697e-02
4.136681568091445799e-02,-4.136681568091447186e-02
3.389989529386173983e-02,-3.389989529386174677e-02
-8.228596490132213809e-03,8.228596490132208605e-03
-2.938422607667949549e-02,2.938422607667950590e-02
-4.445950519201351953e-02,4.445950519201350565e-02
-1.727939452869056008e-02,1.727939452869056702e-02
-2.686879853102869253e-02,2.686879853102871335e-02
-1.709968971494811238e-02,1.709968971494811238e-02
-3.150564122121371491e-02,3.150564122121372879e-02
-2.003305670103534830e-02,2.003305670103532748e-02
-5.050098991878130238e-03,5.050098991878125901e-03
1.566276591402597507e-02,-1.566276591402598548e-02
1.166963710195970637e-02,-1.166963710195972025e-02
1.116833311891850082e-02,-1.116833311891850082e-02
2.771408242469347930e-02,-2.771408242469347583e-02
4.559267682270747371e-03,-4.559267682270750841e-03
-1.590208590068727806e-02,1.590208590068727112e-02
7.811988369602721437e-03,-7.811988369602724906e-03
1.952218878948774883e-02,-1.952218878948775924e-02
1.767175625412600870e-02,-1.767175625412601217e-02
2.050616378323262892e-02,-2.050616378323262892e-02
1.686606386433271015e-02,-1.686606386433272056e-02
3.239052662166595764e-02,-3.239052662166596458e-02
-3.194751602565186564e-03,3.194751602565182227e-03
-1.766076260468233197e-02,1.766076260468233891e-02
1.896877938519296591e-02,-1.896877938519296938e-02
2.120274186096772484e-02,-2.120274186096772137e-02
1.434785884649490001e-03,-1.434785884649493904e-03
-3.668052375226418110e-02,3.668052375226416723e-02
-5.034964818346086834e-02,5.034964818346089610e-02
-5.893867695786481065e-02,5.893867695786483840e-02
-3.095215704668273851e-02,3.095215704668273504e-02
7.596550532803805940e-03,-7.596550532803805940e-03
-1.346303084665264292e-02,1.346303084665264813e-02
2.379965679623341056e-03,-2.379965679623340623e-03
2.137614624706951974e-02,-2.137614624706952668e-02
2.145516798914781295e-02,-2.145516798914781295e-02
1.945973194154244912e-02,-1.945973194154244912e-02
8.865312637200266702e-03,-8.865312637200266702e-03
-1.765616650242144911e-02,1.765616650242145605e-02
8.700007592267687204e-03,-8.700007592267688938e-03
-7.535973252074381831e-03,7.535973252074378362e-03
8.910796642558352354e-03,-8.910796642558361028e-03
1.101799216320365621e-02,-1.101799216320367182e-02
3.821618892457707278e-02,-3.821618892457708666e-02
4.061447391799110490e-02,-4.061447391799109102e-02
1.764347226119757431e-02,-1.764347226119757084e-02
2.705241857452966858e-02,-2.705241857452965817e-02
2.475061111037673775e-02,-2.475061111037673428e-02
1.428973869800420800e-02,-1.428973869800420800e-02
-8.609568261343833462e-03,8.609568261343836931e-03
-1.337444783338764126e-02,1.337444783338764126e-02
-4.162341258703485675e-02,4.162341258703484981e-02
-5.645556742830260336e-03,5.645556742830266407e-03
9.227121875637905521e-03,-9.227121875637902051e-03
2.449936632068274670e-03,-2.449936632068272502e-03
1.368612221843293168e-02,-1.368612221843292995e-02
-2.781721912638045018e-03,2.781721912638041548e-03
-2.206754014556766216e-02,2.206754014556764482e-02
-1.314448810823083853e-02,1.314448810823084374e-02
-2.908349908779070750e-02,2.908349908779071444e-02
-3.615279371886218757e-02,3.615279371886217369e-02
-5.238818901197283585e-03,5.238818901197283585e-03
2.120402444867173358e-02,-2.120402444867171970e-02
5.612384905970758259e-02,-5.612384905970758953e-02
4.197328580502203421e-02,-4.197328580502205503e-02
-2.784888146620705454e-02,2.784888146620705107e-02
-2.046800828991898052e-02,2.046800828991898052e-02
-4.900800618332190606e-02,4.900800618332189912e-02
-1.952838935529548070e-02,1.952838935529548070e-02
-2.259090565246962487e-02,2.259090565246961099e-02
-1.140635286921074486e-02,1.140635286921075353e-02
-1.487270443660354546e-02,1.487270443660355067e-02
-2.242420412625326445e-02,2.242420412625325057e-02
-1.757712741311678178e-02,1.757712741311679219e-02
1.209415698443095342e-02,-1.209415698443095342e-02
9.923770048359972437e-03,-9.923770048359967233e-03
2.894033195668943917e-02,-2.894033195668941488e-02
9.953156688400424668e-03,-9.953156688400414259e-03
-9.917923887418744755e-03,9.917923887418744755e-03
-2.650078812217255414e-02,2.650078812217255414e-02
1.021712373408514146e-02,-1.021712373408514146e-02
2.136539356319586136e-02,-2.136539356319585789e-02
1.214254141930379803e-02,-1.214254141930379109e-02
1.514449192665655655e-02,-1.514449192665655829e-02
1.706501373956654730e-02,-1.706501373956654036e-02
3.481677163932332675e-02,-3.481677163932334063e-02
2.224792185706070489e-03,-2.224792185706074392e-03
-2.233430482852157006e-02,2.233430482852155965e-02
2.988143658404764785e-02,-2.988143658404765132e-02
3.623998819963560741e-02,-3.623998819963562129e-02
2.054719209840345784e-02,-2.054719209840346131e-02
-2.787147429764165463e-02,2.787147429764165116e-02
-3.774076896349461141e-02,3.774076896349459753e-02
-3.966813963155089995e-02,3.966813963155089301e-02
-2.291592712527461273e-02,2.291592712527460232e-02
7.077315419789044276e-04,-7.077315419789078970e-04
2.735433636785287049e-03,-2.735433636785290518e-03
4.264021834073294590e-03,-4.264021834073296324e-03
3.550912255994766176e-02,-3.550912255994764094e-02
2.980787750253565543e-02,-2.980787750253567278e-02
1.166241058770974351e-03,-1.166241058770981507e-03
-1.639829439306205762e-03,1.639829439306204895e-03
4.217977698275213183e-02,-4.217977698275211101e-02
-1.056475918803186261e-02,1.056475918803186781e-02
-1.468405915684835479e-02,1.468405915684834612e-02
3.868501866006610057e-03,-3.868501866006613527e-03
1.244983094610021927e-02,-1.244983094610022448e-02
1.505807352472830242e-02,-1.505807352472830762e-02
2.082759698056784251e-02,-2.082759698056784251e-02
5.293739742746494947e-03,-5.293739742746493213e-03
1.057034632338199436e-02,-1.057034632338200303e-02
1.263772169227317908e-02,-1.263772169227318255e-02
-7.104510446426849125e-03,7.104510446426847391e-03
-8.908308846099655814e-03,8.908308846099676631e-03
-2.348323415042422382e-02,2.348323415042422729e-02
-2.885038440975484092e-02,2.885038440975483745e-02
-1.030929945304755874e-02,1.030929945304757782e-02
4.149234818930391290e-03,-4.149234818930386953e-03
8.981999630400954587e-03,-8.981999630400963261e-03
9.812841130061583997e-03,-9.812841130061587466e-03
2.380438734021835326e-02,-2.380438734021835673e-02
-5.310449836732084733e-03,5.310449836732082131e-03
9.680762246937934384e-03,-9.680762246937934384e-03
-1.198410932216986864e-02,1.198410932216986517e-02
-5.019728144586516581e-03,5.019728144586524388e-03
1.084964768106577715e-02,-1.084964768106577888e-02
-3.771536782043387760e-03,3.771536782043387760e-03
3.563186699171796978e-02,-3.563186699171797672e-02
6.111904781600983189e-02,-6.111904781600983882e-02
1.948026765006015404e-02,-1.948026765006014710e-02
-4.317907649968595607e-02,4.317907649968595607e-02
-4.585749799163083701e-02,4.585749799163084395e-02
-2.220062545208855917e-02,2.220062545208855570e-02
-1.014121388326589927e-02,1.014121388326590274e-02
-2.677890078823458309e-02,2.677890078823458309e-02
-4.232786871944217016e-02,4.232786871944216323e-02
-1.524207552273638445e-02,1.524207552273639313e-02
-2.656144107104818630e-02,2.656144107104819671e-02
1.782102969106188692e-02,-1.782102969106186610e-02
2.633957333796594844e-02,-2.633957333796591721e-02
3.264870127746875156e-02,-3.264870127746874462e-02
-6.063311481875352169e-03,6.063311481875355638e-03
-1.134774532071826554e-02,1.134774532071826728e-02
-3.889512163330644673e-02,3.889512163330642591e-02
-1.217016530208858607e-03,1.217016530208860775e-03
1.886921897477855312e-02,-1.886921897477856006e-02
1.314900088559536884e-02,-1.314900088559537578e-02
1.280846241541953000e-02,-1.280846241541951439e-02
1.725616837619029648e-02,-1.725616837619030342e-02
3.774009294471489251e-02,-3.774009294471490639e-02
2.378758163862141652e-03,-2.378758163862137748e-03
-2.838874620314012567e-02,2.838874620314012567e-02
2.239460814414695466e-02,-2.239460814414695466e-02
4.028315847423825230e-02,-4.028315847423825924e-02
2.281291214774631634e-02,-2.281291214774630940e-02
-7.626566982134089755e-03,7.626566982134088020e-03
1.466613102050569025e-03,-1.466613102050570326e-03
-5.255292760455301977e-03,5.255292760455298508e-03
-2.203450276252880494e-02,2.203450276252879453e-02
5.063753045740666293e-03,-5.063753045740663691e-03
4.723980841428522363e-03,-4.723980841428534506e-03
1.877928969937038908e-02,-1.877928969937038214e-02
2.018054523211015513e-02,-2.018054523211015513e-02
-3.414793055917306544e-03,3.414793055917311315e-03
2.304028740158420730e-03,-2.304028740158419863e-03
3.131447588324436093e-02,-3.131447588324437481e-02
8.385321886679942410e-03,-8.385321886679944145e-03
-9.870719617532207682e-03,9.870719617532209417e-03
2.625942072696534155e-03,-2.625942072696527217e-03
1.262238651949602018e-02,-1.262238651949602365e-02
-2.053872483297584125e-04,2.053872483297586836e-04
-3.124930700216979607e-03,3.124930700216978739e-03
1.213131104404125554e-02,-1.213131104404127983e-02
1.593057022860730129e-02,-1.593057022860729435e-02
-1.084680375401299475e-02,1.084680375401299128e-02
-1.862837799355186730e-02,1.862837799355186383e-02
-3.191285138146144479e-02,3.191285138146143785e-02
-5.729093566743409527e-02,5.729093566743411609e-02
-5.988933285111460586e-02,5.988933285111459198e-02
-1.559279727358395956e-02,1.559279727358394221e-02
-8.002397466386632833e-05,8.002397466386199153e-05
-3.948796842239674781e-02,3.948796842239672700e-02
-1.649820735798029556e-02,1.649820735798029903e-02
7.144755801435091931e-04,-7.144755801435127710e-04
1.520420118804559698e-02,-1.520420118804559004e-02
6.963510871859942761e-03,-6.963510871859939291e-03
-7.918960836340357273e-03,7.918960836340360743e-03
-1.696081561465264190e-02,1.696081561465265231e-02
5.971250266029365199e-03,-5.971250266029364331e-03
1.137783800486442780e-02,-1.137783800486444515e-02
2.149071358446029423e-02,-2.149071358446027688e-02
6.215799337057420319e-03,-6.215799337057422054e-03
4.148519157517417677e-02,-4.148519157517417677e-02
2.890155623631201001e-02,-2.890155623631199613e-02
-1.099416284557922126e-02,1.099416284557922126e-02
1.014798285535886864e-02,-1.014798285535887905e-02
-2.065726979893318244e-02,2.065726979893318591e-02
-1.955957195465682190e-03,1.955957195465683057e-03
-2.561695622110253187e-02,2.561695622110254575e-02
-4.571914820752042558e-02,4.571914820752040476e-02
-2.211331886967203911e-02,2.211331886967203911e-02
2.541638049320758125e-03,-2.541638049320765497e-03
5.014359161762304423e-02,-5.014359161762303035e-02
4.732682793250095332e-02,-4.732682793250098108e-02
2.367277101740482975e-02,-2.367277101740482628e-02
1.596888615098090297e-02,-1.596888615098090297e-02
-1.336237136949697951e-02,1.336237136949696390e-02
-3.328334678816757125e-02,3.328334678816755737e-02
-4.075842614669304698e-03,4.075842614669301228e-03
8.458566328973167112e-03,-8.458566328973175785e-03
1.503638778863120376e-02,-1.503638778863120029e-02
1.907196973928317009e-03,-1.907196973928313756e-03
2.367670475822437545e-02,-2.367670475822437198e-02
3.757841110369814636e-02,-3.757841110369813248e-02
9.859699210740055161e-03,-9.859699210740053427e-03
-3.227168500246106742e-02,3.227168500246107435e-02
9.569101706706512750e-03,-9.569101706706511015e-03
2.383774355288942326e-02,-2.383774355288943367e-02
2.389689395901786056e-02,-2.389689395901787097e-02
-1.273280172902631173e-02,1.273280172902630826e-02
-3.005186733656622835e-03,3.005186733656616763e-03
-2.188038382302507842e-02,2.188038382302509577e-02
-4.210048929855165177e-03,4.210048929855166912e-03
1.140373192028158430e-03,-1.140373192028162766e-03
1.118273331738063765e-02,-1.118273331738063765e-02
2.724457217525474637e-02,-2.724457217525474984e-02
1.663170781380499423e-03,-1.663170781380500073e-03
-2.338840929626921986e-02,2.338840929626922333e-02
2.443753840812485159e-02,-2.443753840812484118e-02
-2.365940921927565076e-03,2.365940921927558570e-03
-2.085073428068296569e-02,2.085073428068295875e-02
-2.847155453419830413e-03,2.847155453419837352e-03
1.491192982478266489e-02,-1.491192982478267010e-02
7.754507833539283496e-03,-7.754507833539292169e-03
7.222306512122568696e-03,-7.222306512122570431e-03
1.928547287221238707e-02,-1.928547287221238707e-02
-2.661441839620567150e-03,2.661441839620563680e-03
2.874433720028454764e-02,-2.874433720028454764e-02
-1.231351154397371250e-02,1.231351154397370209e-02
-6.537427946779980105e-03,6.537427946779974901e-03
1.574999940820954666e-02,-1.574999940820954666e-02
-5.591135684607791839e-02,5.591135684607789758e-02
-1.809929164338526866e-02,1.809929164338526519e-02
1.563722537727371556e-03,-1.563722537727370689e-03
1.060803879690186934e-02,-1.060803879690187454e-02
-3.610828001986171598e-02,3.610828001986171598e-02
-6.604306236134032358e-03,6.604306236134025419e-03
-6.712541699241163923e-03,6.712541699241161321e-03
6.066192057753586400e-03,-6.066192057753595074e-03
8.302282750373313203e-03,-8.302282750373318407e-03
-1.595859994572935113e-03,1.595859994572935113e-03
2.286357429947787588e-03,-2.286357429947784986e-03
5.828827050410089264e-03,-5.828827050410091866e-03
2.989791224216305134e-03,-2.989791224216309471e-03
1.386749541411696172e-02,-1.386749541411696693e-02
1.773228616105197372e-02,-1.773228616105197719e-02
3.290962808987395877e-02,-3.290962808987395183e-02
3.090688090996805693e-02,-3.090688090996804305e-02
2.508208101481661928e-02,-2.508208101481661581e-02
3.023681748790875423e-02,-3.023681748790875770e-02
-7.883433241893889271e-04,7.883433241893891439e-04
1.734799826237152674e-03,-1.734799826237152891e-03
-1.645360492939464472e-02,1.645360492939463085e-02
-4.162953846438215144e-02,4.162953846438214450e-02
-3.226502098186373544e-03,3.226502098186370942e-03
1.654899413665019900e-02,-1.654899413665018512e-02
4.503125277472685289e-02,-4.503125277472682514e-02
3.770666554000744186e-02,-3.770666554000743492e-02
1.567871631228618876e-02,-1.567871631228617488e-02
9.348257719771230906e-03,-9.348257719771230906e-03
-1.809615383176986156e-02,1.809615383176987197e-02
-2.935294419239036987e-02,2.935294419239036293e-02
-1.849259947473122501e-02,1.849259947473122848e-02
3.164867916304651540e-03,-3.164867916304649805e-03
1.212577088866114046e-02,-1.212577088866113872e-02
-1.108074850622869402e-02,1.108074850622869922e-02
2.576351020665717736e-02,-2.576351020665717390e-02
3.789741674361463836e-02,-3.789741674361462448e-02
1.027361933317507033e-02,-1.027361933317507900e-02
-2.278699148953474904e-02,2.278699148953476639e-02
-9.212037948246817615e-04,9.212037948246818700e-04
-1.424407750051887933e-03,1.424407750051883597e-03
-4.932367815917158491e-03,4.932367815917142878e-03
-1.618436121931453656e-02,1.618436121931452962e-02
4.251015869049010187e-03,-4.251015869049014524e-03
6.302022330192538248e-03,-6.302022330192538248e-03
-2.344587122768520583e-03,2.344587122768519282e-03
-9.069333178438705387e-03,9.069333178438710591e-03
-7.291343176920257567e-03,7.291343176920261036e-03
1.871258128923211726e-04,-1.871258128923243981e-04
2.382951603043012914e-02,-2.382951603043012567e-02
1.970529146023493328e-02,-1.970529146023493675e-02
-6.220645928628547663e-03,6.220645928628546796e-03
-1.878670804114186341e-02,1.878670804114185994e-02
-2.702148512963236174e-02,2.702148512963237215e-02
2.683965244235603492e-03,-2.683965244235600022e-03
1.529747601450308185e-02,-1.529747601450307318e-02
-1.471801347578431847e-02,1.471801347578430980e-02
4.420676325388629355e-03,-4.420676325388628487e-03
1.985300173445897487e-02,-1.985300173445897487e-02
3.682297402247219908e-02,-3.682297402247221990e-02
1.069772955088851840e-02,-1.069772955088853401e-02
-7.866762699611734230e-03,7.866762699611732496e-03
2.115671279882702649e-02,-2.115671279882703690e-02
-1.155541404265512766e-02,1.155541404265510511e-02
-3.945207594219220931e-02,3.945207594219222319e-02
-2.817860842832993484e-02,2.817860842832993831e-02
-2.846717915816436920e-02,2.846717915816436920e-02
1.638319172667667550e-02,-1.638319172667668938e-02
1.528162866751423161e-02,-1.528162866751423508e-02
1.144459372408312622e-02,-1.144459372408312102e-02
-2.536488737563272200e-02,2.536488737563271506e-02
-6.236891366582036043e-03,6.236891366582035176e-03
2.036720831043389857e-02,-2.036720831043389510e-02
2.656159015778454015e-03,-2.656159015778454015e-03
-3.107140534212334340e-02,3.107140534212332952e-02
-4.086109765091499452e-02,4.086109765091500146e-02
3.141248028871352054e-03,-3.141248028871351620e-03
1.823245847782144213e-02,-1.823245847782143519e-02
-1.152457476642701614e-03,1.152457476642705951e-03
-8.342548461748037353e-03,8.342548461748039088e-03
5.815643480729648478e-03,-5.815643480729645008e-03
1.969328444721472546e-02,-1.969328444721474280e-02
-1.084834596995435741e-03,1.084834596995439210e-03
2.995962204623279709e-02,-2.995962204623281097e-02
9.448065323910279090e-03,-9.448065323910280824e-03
-1.327743091662569614e-03,1.327743091662570915e-03
-2.599307444876658435e-02,2.599307444876658782e-02
4.587175691850120356e-04,-4.587175691850101924e-04
2.792361209219711149e-02,-2.792361209219712190e-02
3.983199021176607457e-02,-3.983199021176608845e-02
4.122134764886173364e-02,-4.122134764886174058e-02
1.007458918855618640e-02,-1.007458918855617773e-02
2.878141543642958743e-04,-2.878141543642965248e-04
-9.995878018044973209e-03,9.995878018044959332e-03
-2.028230364908814934e-02,2.028230364908814934e-02
-2.557183028403269519e-03,2.557183028403265616e-03
-7.164563276055481086e-03,7.164563276055470678e-03
-3.617649782070164830e-03,3.617649782070167866e-03
-1.228021454921905675e-02,1.228021454921907063e-02
3.272356987857289595e-02,-3.272356987857288901e-02
3.574538097671488279e-02,-3.574538097671488973e-02
7.954344309097324470e-03,-7.954344309097322735e-03
-1.874663183823667770e-02,1.874663183823667076e-02
-1.940842292643502748e-02,1.940842292643503442e-02
-8.296672142209872078e-03,8.296672142209882486e-03
3.477217015506826620e-03,-3.477217015506830523e-03
-2.420749470991708646e-02,2.420749470991706218e-02
-2.014801187670100038e-03,2.014801187670101773e-03
-1.108919368596583167e-02,1.108919368596584208e-02
-9.608780422790157844e-03,9.608780422790161313e-03
-1.464544380313706484e-02,1.464544380313706311e-02
1.330239852329112441e-03,-1.330239852329104635e-03
-4.638032606107841266e-03,4.638032606107841266e-03
2.478532089836817803e-02,-2.478532089836817803e-02
4.696476016222164880e-03,-4.696476016222170952e-03
2.138333468266736224e-03,-2.138333468266733189e-03
-3.448184262866987870e-02,3.448184262866987870e-02
-2.452532558259653411e-02,2.452532558259652370e-02
-1.621486700453802013e-02,1.621486700453802360e-02
-3.712427236811213088e-02,3.712427236811213782e-02
7.088421262192956714e-03,-7.088421262192959316e-03
-2.149144061676028401e-03,2.149144061676029269e-03
2.824971825439076198e-02,-2.824971825439077239e-02
3.177928825514582389e-02,-3.177928825514583083e-02
4.261688599841463587e-02,-4.261688599841462199e-02
4.552351513047334097e-02,-4.552351513047333403e-02
4.237416060662520939e-02,-4.237416060662522327e-02
7.351483331773661515e-04,-7.351483331773688620e-04
-3.090992708683552859e-02,3.090992708683552512e-02
-1.558041930988176248e-02,1.558041930988174686e-02
-1.255967788744718171e-02,1.255967788744718865e-02
-1.658264156128591398e-03,1.658264156128591831e-03
-2.408704065480636244e-02,2.408704065480635897e-02
1.083406604026756169e-02,-1.083406604026756689e-02
6.103975953819298049e-03,-6.103975953819298049e-03
4.522895956005084858e-03,-4.522895956005087460e-03
9.208330778268238948e-04,-9.208330778268187990e-04
-2.291045347735606603e-03,2.291045347735606603e-03
-2.733954577998635657e-02,2.733954577998633922e-02
-3.067041267742645627e-02,3.067041267742645627e-02
1.806422019299412651e-02,-1.806422019299411610e-02
5.815878868580005683e-03,-5.815878868580003080e-03
-3.533865641576538347e-02,3.533865641576536959e-02
-2.795913318818105120e-02,2.795913318818105467e-02
-1.477926222475859199e-03,1.477926222475862235e-03
9.607933639790575478e-03,-9.607933639790594560e-03
1.106874712315835535e-02,-1.106874712315835708e-02
2.560519377568890032e-02,-2.560519377568890725e-02
1.818918623145948351e-03,-1.818918623145945749e-03
-6.953983469183477178e-03,6.953983469183483250e-03
-2.885132025555309232e-02,2.885132025555308538e-02
-9.481839461421495349e-03,9.481839461421498819e-03
2.295504842205377954e-02,-2.295504842205378648e-02
5.467187863246000118e-02,-5.467187863246000812e-02
3.767039346063668498e-02,-3.767039346063669886e-02
1.306528276627850170e-02,-1.306528276627850343e-02
-2.840932475414453037e-03,2.840932475414449567e-03
1.930968922629894627e-02,-1.930968922629894627e-02
-2.849215390874544271e-02,2.849215390874543230e-02
-1.354061072748025639e-03,1.354061072748024988e-03
-1.126794851326705718e-02,1.126794851326706412e-02
-1.906204590130830545e-02,1.906204590130830198e-02
-2.659509513305294282e-02,2.659509513305294628e-02
2.739048401889213058e-02,-2.739048401889212711e-02
1.589639665085764222e-02,-1.589639665085763875e-02
8.427822782177634905e-03,-8.427822782177634905e-03
-1.032068523379895027e-02,1.032068523379894333e-02
-1.614079995760762942e-02,1.614079995760762595e-02
-2.813345797859646488e-02,2.813345797859647876e-02
-1.016127813020561640e-02,1.016127813020560253e-02
-1.295730608377617873e-02,1.295730608377619608e-02
1.645169440798966223e-02,-1.645169440798965182e-02
1.377165689936927541e-02,-1.377165689936929276e-02
2.311239324083410457e-02,-2.311239324083411498e-02
2.035849465398222730e-02,-2.035849465398220995e-02
7.112916022468071184e-03,-7.112916022468071184e-03
1.407925693229967502e-02,-1.407925693229968717e-02
1.899967738035242965e-02,-1.899967738035241924e-02
2.042066863562496531e-02,-2.042066863562496531e-02
1.723538435176421094e-02,-1.723538435176422134e-02
-2.879681433912198527e-03,2.879681433912197660e-03
6.203090016855835817e-03,-6.203090016855841021e-03
-1.794717791700797122e-02,1.794717791700796081e-02
-1.023173082973736006e-02,1.023173082973736180e-02
-1.593096492249147442e-02,1.593096492249148829e-02
3.484668475504011653e-02,-3.484668475504012347e-02
4.791945037171403687e-02,-4.791945037171405075e-02
5.016611363372781851e-02,-5.016611363372781157e-02
1.887898455590255112e-02,-1.887898455590254765e-02
6.833539317112339228e-04,-6.833539317112348986e-04
5.214120480953848835e-03,-5.214120480953845366e-03
-2.037753038999934665e-02,2.037753038999935359e-02
-1.719669524272698924e-02,1.719669524272699271e-02
-2.487127240091498853e-02,2.487127240091499547e-02
-8.186412624870048615e-03,8.186412624870041677e-03
-2.139079358314175533e-03,2.139079358314174232e-03
-2.779063956396716356e-02,2.779063956396717397e-02
-3.288922450633619682e-02,3.288922450633618988e-02
-1.752748741528396825e-02,1.752748741528397172e-02
-3.726053834822865007e-02,3.726053834822865701e-02
1.208505464864667069e-02,-1.208505464864666548e-02
-3.773847985991239922e-03,3.773847985991244693e-03
5.531281171103547001e-03,-5.531281171103547868e-03
-2.592916267333118460e-02,2.592916267333117072e-02
1.445009400437255107e-02,-1.445009400437255800e-02
-1.536150842967549772e-02,1.536150842967549945e-02
-3.634516405575517056e-02,3.634516405575521220e-02
-1.040138546346731918e-02,1.040138546346731745e-02
1.621504183308331362e-02,-1.621504183308330668e-02
5.983555609264486728e-03,-5.983555609264482392e-03
1.796807085191724773e-02,-1.796807085191723385e-02
-4.863809116413048660e-03,4.863809116413046058e-03
-8.128983982993212001e-04,8.128983982993222843e-04
-7.657166992842760235e-03,7.657166992842760235e-03
-3.227400845445373145e-02,3.227400845445374533e-02
8.053587131294089388e-03,-8.053587131294082449e-03
1.968387456423745241e-02,-1.968387456423745935e-02
4.710253722056575998e-02,-4.710253722056576692e-02
2.920368157818365937e-02,-2.920368157818366284e-02
1.501004493716503498e-02,-1.501004493716505579e-02
9.190408266885755420e-03,-9.190408266885758889e-03
9.146201052982531193e-03,-9.146201052982538132e-03
-4.080666230354763196e-02,4.080666230354763196e-02
-1.190498557825763609e-02,1.190498557825763436e-02
-1.750517262556281275e-02,1.750517262556280235e-02
-2.232125576074154780e-02,2.232125576074155821e-02
-2.657537344503171570e-02,2.657537344503170876e-02
1.358383583054722024e-02,-1.358383583054721504e-02
4.715468650581123265e-03,-4.715468650581121531e-03
1.586724622855726708e-03,-1.586724622855728659e-03
-2.072327054301549565e-02,2.072327054301549565e-02
-2.393206249278443526e-02,2.393206249278443526e-02
-4.466896267065431636e-02,4.466896267065430248e-02
-1.664616128808139514e-02,1.664616128808138820e-02
5.575811555095181588e-03,-5.575811555095178985e-03
3.777625916781568449e-02,-3.777625916781568449e-02
4.507535579162048195e-02,-4.507535579162045419e-02
4.908023421226363064e-02,-4.908023421226363758e-02
2.797608148232588049e-02,-2.797608148232587008e-02
2.319919399747223665e-02,-2.319919399747223665e-02
-8.438249361184126107e-03,8.438249361184131311e-03
-1.370931862115530152e-03,1.370931862115526033e-03
1.526304729335539387e-02,-1.526304729335538693e-02
1.309121142129138216e-02,-1.309121142129138042e-02
1.387458509879494449e-02,-1.387458509879494623e-02
-2.148652566363751237e-02,2.148652566363753666e-02
-1.036795718994910388e-02,1.036795718994909694e-02
-2.380400865480556891e-02,2.380400865480555503e-02
4.534960938412747021e-03,-4.534960938412747021e-03
2.185191294089274330e-02,-2.185191294089275024e-02
1.853133203142872526e-02,-1.853133203142873220e-02
1.207041870669429452e-02,-1.207041870669429973e-02
2.239422883542496051e-02,-2.239422883542496051e-02
1.905934229010932540e-02,-1.905934229010934275e-02
7.344699368360920431e-03,-7.344699368360916962e-03
-2.030589356103928989e-02,2.030589356103927948e-02
-6.164566179288630612e-03,6.164566179288626276e-03
-5.562975987318884846e-02,5.562975987318886928e-02
-2.568510554406484500e-02,2.568510554406484847e-02
-1.942174052749198743e-02,1.942174052749196314e-02
-1.333966290211400889e-02,1.333966290211400542e-02
-1.221939249622745922e-02,1.221939249622744535e-02
1.829343776006256764e-02,-1.829343776006256070e-02
1.120910952031704821e-02,-1.120910952031704301e-02
2.305379748770281650e-02,-2.305379748770282344e-02
1.796555597280615965e-02,-1.796555597280613883e-02
7.136480804484711220e-03,-7.136480804484718159e-03
-2.554767241295031327e-02,2.554767241295030633e-02
6.478967986174098519e-03,-6.478967986174095917e-03
3.101668697906345348e-02,-3.101668697906347083e-02
4.522045334705589344e-03,-4.522045334705582405e-03
-2.595479627181171076e-02,2.595479627181169341e-02
-7.734746708518742617e-03,7.734746708518741749e-03
1.363830950609199247e-02,-1.363830950609198032e-02
2.024768252457551966e-03,-2.024768252457547629e-03
-1.604699586738929720e-02,1.604699586738929026e-02
2.071914846938065213e-02,-2.071914846938064172e-02
-1.539788280203575714e-02,1.539788280203575020e-02
-3.654774903613344089e-02,3.654774903613344089e-02
-2.812221818398406067e-03,2.812221818398403465e-03
3.317718927614344421e-02,-3.317718927614345115e-02
4.647760028491630668e-02,-4.647760028491627199e-02
2.023850559451755363e-02,-2.023850559451754669e-02
6.521858627381358839e-03,-6.521858627381347563e-03
1.523413977377180775e-02,-1.523413977377179561e-02
1.238017414446277061e-02,-1.238017414446275673e-02
-3.250640379829966564e-02,3.250640379829965870e-02
-7.020387038619155078e-03,7.020387038619157680e-03
-1.449928272843523276e-02,1.449928272843524144e-02
-1.818522850554242162e-02,1.818522850554241815e-02
-1.562610277834476299e-02,1.562610277834475953e-02
-2.400394562374242365e-03,2.400394562374239763e-03
-1.990660653265356305e-03,1.990660653265348932e-03
1.558511208973411546e-03,-1.558511208973413064e-03
-1.656744216999901653e-02,1.656744216999901653e-02
-3.082286067470366847e-02,3.082286067470365112e-02
-4.150500460059867308e-02,4.150500460059867308e-02
-2.367107954292571939e-02,2.367107954292571939e-02
3.827299245675684376e-03,-3.827299245675686544e-03
3.725752631152298711e-02,-3.725752631152295935e-02
2.604448507271092672e-02,-2.604448507271093713e-02
-7.371546408783421697e-03,7.371546408783411289e-03
-5.081232350336462728e-04,5.081232350336443212e-04
1.480335720154955575e-03,-1.480335720154951022e-03
-1.972105972681643948e-02,1.972105972681643948e-02
-1.006845462015434726e-02,1.006845462015436635e-02
-4.150795629508732126e-03,4.150795629508725187e-03
2.175635202154446030e-02,-2.175635202154446030e-02
-1.598750510685621393e-02,1.598750510685621046e-02
-2.346107155937557365e-02,2.346107155937557712e-02
-4.811711294771328640e-03,4.811711294771328640e-03
-1.436974788595108028e-02,1.436974788595107855e-02
1.274721862203038493e-02,-1.274721862203039534e-02
3.076101796764229082e-02,-3.076101796764229776e-02
3.408108465699587891e-02,-3.408108465699587891e-02
8.937870772633306829e-03,-8.937870772633308564e-03
4.889000619683482596e-02,-4.889000619683483290e-02
3.696490536920111342e-02,-3.696490536920112729e-02
2.496039716941625755e-02,-2.496039716941624367e-02
2.399718798053627339e-02,-2.399718798053628380e-02
2.040968549709276311e-02,-2.040968549709275617e-02
-3.013243638885059611e-02,3.013243638885058917e-02
-2.570944568511137479e-02,2.570944568511139214e-02
-1.283577921693260758e-02,1.283577921693260931e-02
-7.549898411033320426e-03,7.549898411033319559e-03
-4.307617491848460094e-03,4.307617491848465298e-03
-1.808003074570121646e-02,1.808003074570122687e-02
9.671983166238381016e-03,-9.671983166238377547e-03
3.494534168075520697e-02,-3.494534168075521391e-02
5.512144939899362578e-02,-5.512144939899361190e-02
4.380366312992695771e-02,-4.380366312992695077e-02
2.110313600708386972e-02,-2.110313600708384890e-02
-4.635039600797662683e-04,4.635039600797667561e-04
-4.981860988184215293e-03,4.981860988184220497e-03
3.115564186724103027e-02,-3.115564186724103027e-02
-1.255452179897619588e-03,1.255452179897620672e-03
-9.767112187672502208e-03,9.767112187672509147e-03
-2.470010470226222110e-02,2.470010470226222110e-02
1.340084943630192281e-02,-1.340084943630191934e-02
-9.067625059489912293e-03,9.067625059489910558e-03
1.055818238982707963e-02,-1.055818238982708310e-02
-1.712103498290629133e-02,1.712103498290629480e-02
-2.368709029131134056e-02,2.368709029131134403e-02
1.996342201105813507e-02,-1.996342201105813854e-02
1.197805681821133977e-02,-1.197805681821135018e-02
1.082500211816994629e-02,-1.082500211816993588e-02
2.553936093087417689e-02,-2.553936093087418036e-02
3.871274595532043020e-03,-3.871274595532039550e-03
2.218207865108905857e-02,-2.218207865108906898e-02
-4.727460257760617707e-03,4.727460257760621176e-03
-2.687066915208104548e-02,2.687066915208103854e-02
-5.162076009437481863e-03,5.162076009437474057e-03
-1.760626706179745440e-02,1.760626706179745093e-02
-1.690737620008303521e-02,1.690737620008302827e-02
-1.062899443644999865e-02,1.062899443644999171e-02
-2.039540110939827219e-02,2.039540110939828260e-02
1.370194174246388598e-02,-1.370194174246387904e-02
1.178635971869052002e-02,-1.178635971869051828e-02
-2.149544083823742846e-02,2.149544083823743887e-02
-2.643718612068785001e-02,2.643718612068786042e-02
-2.239509574389915783e-02,2.239509574389917171e-02
-6.391617271159032339e-03,6.391617271159028002e-03
-1.536197733650917011e-02,1.536197733650915449e-02
-1.128947220563243127e-02,1.128947220563241392e-02
-1.220632864421502921e-02,1.220632864421503094e-02
-4.064072263357959743e-03,4.064072263357960610e-03
-1.067619793706862941e-02,1.067619793706862941e-02
-4.412193526300868356e-03,4.412193526300874427e-03
1.091994963767617356e-03,-1.091994963767616489e-03
9.258500119735309578e-03,-9.258500119735311312e-03
1.359143332535623847e-02,-1.359143332535623673e-02
-8.071970435096753257e-03,8.071970435096753257e-03
-1.657246607845588166e-02,1.657246607845588512e-02
-6.276002696517055980e-03,6.276002696517055980e-03
1.172880929981133871e-02,-1.172880929981133524e-02
-2.883081023427621140e-02,2.883081023427621487e-02
2.484747959777617015e-03,-2.484747959777615714e-03
6.650544109884504174e-02,-6.650544109884504174e-02
4.728386697148894563e-02,-4.728386697148893869e-02
3.717416797194796757e-02,-3.717416797194795369e-02
5.395584217084565398e-02,-5.395584217084565398e-02
1.281637079213667624e-02,-1.281637079213667103e-02
1.546283138238717641e-03,-1.546283138238716773e-03
3.708052117450047480e-02,-3.708052117450046786e-02
1.802003180440754290e-02,-1.802003180440754637e-02
-1.064856199939349587e-02,1.064856199939349761e-02
-1.342050276886223338e-02,1.342050276886223685e-02
-1.372830662235259265e-03,1.372830662235258398e-03
6.531581515647959940e-03,-6.531581515647954736e-03
1.772334347870565055e-02,-1.772334347870567484e-02
-1.789404527671871340e-03,1.789404527671868087e-03
-7.471271355982828967e-03,7.471271355982829834e-03
5.143435763900309349e-02,-5.143435763900307961e-02
4.143104449682406820e-02,-4.143104449682407514e-02
3.954252701776537343e-02,-3.954252701776538731e-02
2.633485489125850579e-02,-2.633485489125849885e-02
4.783138227041110885e-03,-4.783138227041113487e-03
1.801674854201295792e-02,-1.801674854201297526e-02
8.895808057501369825e-03,-8.895808057501368091e-03
2.518253401357262514e-02,-2.518253401357260085e-02
7.704763277292909010e-03,-7.704763277292905541e-03
1.327930221742109436e-03,-1.327930221742109869e-03
4.533026021522526712e-03,-4.533026021522530181e-03
7.858975262634348979e-03,-7.858975262634350714e-03
-5.861532194987722176e-03,5.861532194987727380e-03
-6.817626526957410241e-03,6.817626526957410241e-03
-4.551768489682326418e-02,4.551768489682327112e-02
5.691550383539379157e-03,-5.691550383539376555e-03
7.735484673609879618e-03,-7.735484673609883087e-03
-5.746348087118040944e-04,5.746348087118031186e-04
9.105451197815733061e-03,-9.105451197815740000e-03
2.361164807633391732e-02,-2.361164807633390691e-02
3.561121461868015786e-02,-3.561121461868015092e-02
-7.740986188659686879e-03,7.740986188659687746e-03
-2.591878318714254878e-02,2.591878318714254878e-02
-1.526960866023544666e-02,1.526960866023544319e-02
-1.563721566559743079e-02,1.563721566559744119e-02
-2.482731375680531649e-02,2.482731375680529567e-02
-1.570042442240407454e-02,1.570042442240408495e-02
-1.534190882960574480e-02,1.534190882960574133e-02
2.268706767329923060e-02,-2.268706767329926530e-02
1.979175851891852925e-02,-1.979175851891853272e-02
-1.782748692378874344e-02,1.782748692378874691e-02
-1.291760000688550736e-02,1.291760000688550909e-02
-1.401355803515759620e-02,1.401355803515759620e-02
-1.748560644915628584e-02,1.748560644915627196e-02
-3.054405253786931021e-02,3.054405253786928939e-02
-2.522160628584380060e-02,2.522160628584380060e-02
-1.400507253110114952e-02,1.400507253110115299e-02
4.353440378605897589e-03,-4.353440378605895854e-03
1.511914253288968585e-02,-1.511914253288968411e-02
2.148824787282167803e-02,-2.148824787282165374e-02
1.911140282758590214e-02,-1.911140282758591255e-02
2.309679183268598113e-02,-2.309679183268597072e-02
3.897675337837989973e-02,-3.897675337837989279e-02
-7.752612974493513533e-03,7.752612974493510063e-03
1.023166229838247399e-02,-1.023166229838247746e-02
1.865608026246756007e-02,-1.865608026246755660e-02
1.355604503626924202e-02,-1.355604503626924029e-02
7.154715611831434334e-03,-7.154715611831437803e-03
1.753860637647847859e-02,-1.753860637647848206e-02
2.093892340889150216e-02,-2.093892340889149870e-02
3.381282678765925448e-02,-3.381282678765926142e-02
5.919908639120355365e-02,-5.919908639120358140e-02
3.107131101675197557e-02,-3.107131101675196863e-02
1.470506183208716844e-02,-1.470506183208717885e-02
2.646133894745692980e-02,-2.646133894745691592e-02
8.880400407255545359e-03,-8.880400407255543624e-03
1.844774546485131866e-02,-1.844774546485133254e-02
1.424359920981890099e-02,-1.424359920981890446e-02
-2.023458221854085998e-03,2.023458221854085564e-03
7.248769260701045346e-03,-7.248769260701056621e-03
-6.338621782588986682e-03,6.338621782588981478e-03
1.592089152692494763e-02,-1.592089152692495110e-02
1.580528444278653591e-02,-1.580528444278653591e-02
4.156969090749981777e-02,-4.156969090749982471e-02
2.082590534394646031e-02,-2.082590534394646725e-02
2.123874088357571160e-02,-2.123874088357569773e-02
3.976477618514461659e-02,-3.976477618514463741e-02
3.369149326503494135e-02,-3.369149326503494135e-02
1.483426547800637679e-02,-1.483426547800638547e-02
2.190119343000696342e-03,-2.190119343000696342e-03
-1.032790542081785806e-02,1.032790542081786153e-02
2.057715571129160176e-02,-2.057715571129158441e-02
-3.259916764170450298e-03,3.259916764170452900e-03
-3.044994733953742378e-04,3.044994733953773820e-04
-3.508184964143006446e-04,3.508184964143016746e-04
-2.097007798304704324e-02,2.097007798304704324e-02
5.318416445131543893e-03,-5.318416445131543026e-03
1.204528829058049838e-02,-1.204528829058049491e-02
-3.755088100495099918e-02,3.755088100495097836e-02
3.927849236843962595e-03,-3.927849236843967799e-03
2.357234531079055104e-02,-2.357234531079056838e-02
-1.546972171298626082e-03,1.546972171298625649e-03
9.498221713692796969e-03,-9.498221713692791765e-03
2.562587993144777032e-02,-2.562587993144777726e-02
2.150832430709023399e-02,-2.150832430709024440e-02
-1.143524888207539045e-02,1.143524888207538004e-02
-2.380927221001789135e-02,2.380927221001789482e-02
-1.959177229504067974e-02,1.959177229504067974e-02
-1.039862062106256327e-02,1.039862062106257368e-02
-1.439952042832039376e-02,1.439952042832039550e-02
-4.057167211629628817e-02,4.057167211629630205e-02
-4.477216277119448751e-02,4.477216277119447363e-02
1.408007003116808209e-02,-1.408007003116808556e-02
4.946449456492336277e-02,-4.946449456492336277e-02
1.726195766664728390e-02,-1.726195766664728043e-02
1.287937181900993856e-02,-1.287937181900994724e-02
6.385143728495783037e-03,-6.385143728495776966e-03
-7.484541536755348438e-03,7.484541536755348438e-03
-1.414318975111219373e-02,1.414318975111218853e-02
-1.594569153496316893e-02,1.594569153496317240e-02
4.500200745292704495e-03,-4.500200745292702760e-03
9.498040708926141010e-03,-9.498040708926137540e-03
-8.830173363183072346e-03,8.830173363183072346e-03
4.322099206398301481e-03,-4.322099206398299746e-03
-3.126599183070036866e-03,3.126599183070042937e-03
1.035245773484482976e-02,-1.035245773484483843e-02
6.795286908347171993e-03,-6.795286908347168524e-03
-5.609183289985443868e-03,5.609183289985443868e-03
3.273125491892371446e-03,-3.273125491892371446e-03
3.238262782212362328e-02,-3.238262782212363716e-02
-4.874230904935501654e-04,4.874230904935474007e-04
2.143747812519543501e-03,-2.143747812519551307e-03
3.202833100263280386e-02,-3.202833100263278998e-02
1.013716305387382666e-02,-1.013716305387382839e-02
2.394910317348554474e-02,-2.394910317348555515e-02
2.811243859034464471e-02,-2.811243859034465511e-02
5.802796929757586498e-04,-5.802796929757594088e-04
-1.198752350372676856e-02,1.198752350372676856e-02
-1.012828609917278654e-02,1.012828609917279001e-02
-2.568622735417050440e-02,2.568622735417051828e-02
-1.206448686897118247e-02,1.206448686897118767e-02
-1.096356235341849200e-02,1.096356235341849200e-02
-1.034861065146285529e-02,1.034861065146284488e-02
-1.862124968301275690e-03,1.862124968301274823e-03
-8.427227599962535190e-03,8.427227599962538659e-03
1.686321556772909028e-02,-1.686321556772907987e-02
5.107672936782203105e-02,-5.107672936782200329e-02
2.485907469619229315e-02,-2.485907469619229315e-02
1.265132540091573783e-02,-1.265132540091573436e-02
1.576565572349023989e-02,-1.576565572349025723e-02
3.681933686542460983e-03,-3.681933686542461417e-03
2.440792756992641796e-02,-2.440792756992642143e-02
3.110149113676399443e-02,-3.110149113676398749e-02
2.483343860614359300e-02,-2.483343860614359300e-02
1.680321919584113269e-02,-1.680321919584115004e-02
-2.295584300717884094e-02,2.295584300717882706e-02
1.944957277175385704e-02,-1.944957277175386051e-02
8.304874986265461945e-03,-8.304874986265460210e-03
8.005837408744560790e-04,-8.005837408744591148e-04
1.110707297124022969e-02,-1.110707297124023663e-02
2.521713907229591444e-03,-2.521713907229586240e-03
-4.926029389285132946e-03,4.926029389285143355e-03
-2.156926076935481579e-02,2.156926076935481926e-02
1.403076624562397262e-02,-1.403076624562396568e-02
5.131135464512767003e-03,-5.131135464512767003e-03
1.368640438423427731e-02,-1.368640438423427558e-02
3.316765337521614121e-02,-3.316765337521616896e-02
2.674508452928842442e-02,-2.674508452928842442e-02
9.733783553828777302e-03,-9.733783553828772098e-03
-9.288721152582070026e-03,9.288721152582076965e-03
-3.062660776201488536e-02,3.062660776201489923e-02
-2.835100689923613845e-02,2.835100689923614539e-02
-1.891702097990386952e-02,1.891702097990387299e-02
-8.182832075669851588e-03,8.182832075669835975e-03
-4.698509481537420374e-02,4.698509481537422455e-02
-4.623921997842714293e-02,4.623921997842714987e-02
2.656349931726508656e-02,-2.656349931726507962e-02
2.423836982628430406e-02,-2.423836982628431794e-02
-1.516911249853568518e-02,1.516911249853568691e-02
1.857500161510072800e-02,-1.857500161510073494e-02
1.999156295813775408e-02,-1.999156295813777490e-02
2.698023505653160750e-02,-2.698023505653160750e-02
2.856843836950594823e-02,-2.856843836950594476e-02
1.042921410741273411e-02,-1.042921410741273931e-02
3.559880526610672679e-03,-3.559880526610677883e-03
-1.451316726900059046e-03,1.451316726900057094e-03
5.545099284283917102e-03,-5.545099284283917102e-03
-1.359190455204203202e-02,1.359190455204204243e-02
-1.326556678451471481e-02,1.326556678451471308e-02
-1.346056926182163938e-02,1.346056926182164111e-02
1.179535548158318521e-02,-1.179535548158318695e-02
3.207981225244650562e-03,-3.207981225244649261e-03
3.389014222919050495e-02,-3.389014222919049801e-02
1.604037708340832688e-02,-1.604037708340831647e-02
5.901676327233470153e-03,-5.901676327233475357e-03
1.159524997166741858e-02,-1.159524997166742032e-02
-1.385806592613170781e-04,1.385806592613169155e-04
1.940906941877108827e-02,-1.940906941877109868e-02
5.286220475223997635e-03,-5.286220475224005441e-03
-6.260078032421775851e-03,6.260078032421775851e-03
9.409599669190115909e-03,-9.409599669190121113e-03
-9.848899103430225691e-03,9.848899103430232629e-03
1.229800737946419326e-03,-1.229800737946418459e-03
-2.334046102845058202e-02,2.334046102845056120e-02
-3.592176333299072766e-02,3.592176333299072766e-02
-1.926284138551566036e-02,1.926284138551564995e-02
-2.055987271636785726e-02,2.055987271636785726e-02
-1.545287458445000588e-02,1.545287458445001108e-02
-7.937995377723159815e-03,7.937995377723156346e-03
-1.365578055450366137e-04,1.365578055450419805e-04
4.026283350232367358e-02,-4.026283350232368052e-02
5.047545165639287512e-02,-5.047545165639286818e-02
2.440462636231655047e-02,-2.440462636231655047e-02
7.481300231492453434e-03,-7.481300231492456904e-03
3.800093134278464263e-03,-3.800093134278467732e-03
6.474524390344806556e-03,-6.474524390344804821e-03
1.639689194609189604e-02,-1.639689194609189604e-02
4.091513218006403302e-02,-4.091513218006405384e-02
5.055759706019208322e-02,-5.055759706019207628e-02
3.743141840631922321e-03,-3.743141840631922321e-03
-1.017280586847489447e-02,1.017280586847489274e-02
-3.168177270357326603e-02,3.168177270357326603e-02
-2.807559972408982599e-02,2.807559972408983640e-02
-9.130493819147307219e-03,9.130493819147314158e-03
-1.158272521840876187e-02,1.158272521840876534e-02
-2.529712655170145152e-02,2.529712655170145152e-02
-3.721099241504557259e-02,3.721099241504558647e-02
-8.169652543257167887e-03,8.169652543257171357e-03
1.163079506641554774e-02,-1.163079506641555121e-02
4.043304638791085648e-02,-4.043304638791083566e-02
3.434673025568292515e-02,-3.434673025568292515e-02
1.846898841585992504e-02,-1.846898841585991116e-02
1.925910061080146618e-02,-1.925910061080145577e-02
-1.335206433418073026e-02,1.335206433418073026e-02
-1.839045071804232614e-02,1.839045071804232614e-02
-2.128832147198957483e-02,2.128832147198956790e-02
-1.609148416447293492e-02,1.609148416447293839e-02
2.573007502874074398e-03,-2.573007502874077868e-03
-4.682870845091892387e-02,4.682870845091894468e-02
-4.109527768562100392e-02,4.109527768562100392e-02
3.492662765597642771e-02,-3.492662765597643465e-02
2.671079957086823151e-02,-2.671079957086825232e-02
8.329832987394269334e-03,-8.329832987394281477e-03
1.560818037378924363e-02,-1.560818037378925056e-02
-2.709459799861992611e-03,2.709459799861983938e-03
2.576044315878675203e-02,-2.576044315878676244e-02
3.257049454884432954e-02,-3.257049454884432260e-02
9.660336042023444456e-04,-9.660336042023450961e-04
5.775260351392868738e-03,-5.775260351392865268e-03
-7.976703977281200328e-03,7.976703977281196858e-03
-1.315916767285555365e-02,1.315916767285555539e-02
-1.689000424950093393e-02,1.689000424950094087e-02
-3.191831768890001503e-02,3.191831768890004278e-02
-2.281470769150956840e-02,2.281470769150956840e-02
-1.467478108475794678e-02,1.467478108475795198e-02
4.934633058022127802e-03,-4.934633058022126935e-03
8.231529727933284413e-03,-8.231529727933277474e-03
-6.104476541002062766e-03,6.104476541002060164e-03
-4.950084239503185941e-03,4.950084239503182472e-03
5.221429362904832575e-03,-5.221429362904845585e-03
2.735369477926955905e-03,-2.735369477926959808e-03
1.866835741056929038e-02,-1.866835741056930079e-02
-4.406588446044199317e-03,4.406588446044200184e-03
2.641458884886727781e-02,-2.641458884886728128e-02
-3.352583115046887940e-02,3.352583115046885859e-02
1.268611876729411683e-02,-1.268611876729410642e-02
-2.219708918981934051e-02,2.219708918981934745e-02
-4.029368033406063171e-02,4.029368033406062477e-02
-1.738851563410851245e-02,1.738851563410852633e-02
-1.853898321088058923e-02,1.853898321088057535e-02
-2.181242124009588612e-02,2.181242124009588612e-02
-1.823715699363810325e-02,1.823715699363808590e-02
-1.480831586615420636e-02,1.480831586615420116e-02
-3.402885150304802483e-03,3.402885150304797279e-03
3.778981164293887529e-02,-3.778981164293886835e-02
7.186658951381270921e-02,-7.186658951381272309e-02
2.426362033222367529e-02,-2.426362033222366141e-02
1.196454283933573969e-02,-1.196454283933575183e-02
-1.152003715981246741e-02,1.152003715981246394e-02
-9.831871321613786657e-03,9.831871321613779718e-03
1.089632602379901616e-02,-1.089632602379902136e-02
7.822770657310424564e-03,-7.822770657310419359e-03
2.572846040125887149e-02,-2.572846040125887496e-02
8.413698611788682918e-03,-8.413698611788691592e-03
-3.468860296810875876e-02,3.468860296810876570e-02
-5.983998441633198162e-02,5.983998441633198162e-02
-3.792553589225680644e-02,3.792553589225679950e-02
-6.079436388920341633e-02,6.079436388920343715e-02
-3.109807616639924041e-02,3.109807616639922653e-02
-2.856027010037959224e-02,2.856027010037959224e-02
-3.321921808419270317e-02,3.321921808419270317e-02
-3.551858743133071150e-02,3.551858743133070456e-02
1.433476730286873183e-02,-1.433476730286874397e-02
3.359826873833524075e-02,-3.359826873833524075e-02
4.596292093098732628e-02,-4.596292093098734016e-02
1.964683453639656449e-02,-1.964683453639655408e-02
7.172499273587233312e-03,-7.172499273587242853e-03
7.726153948858319534e-03,-7.726153948858317799e-03
-1.273427097746437746e-02,1.273427097746437746e-02
-1.087109828471594791e-02,1.087109828471594965e-02
-2.749738465660524211e-02,2.749738465660524905e-02
1.064277118919261620e-04,-1.064277118919214999e-04
-4.197466697933400354e-02,4.197466697933400354e-02
-3.352071110405203946e-02,3.352071110405201865e-02
3.430765581653319463e-02,-3.430765581653318075e-02
3.148127872357641549e-02,-3.148127872357641549e-02
2.871498256661215998e-02,-2.871498256661216344e-02
1.991393615905745137e-02,-1.991393615905744791e-02
2.941406315201272343e-03,-2.941406315201277981e-03
3.439179894287585498e-03,-3.439179894287589401e-03
-7.930796799190398261e-03,7.930796799190401730e-03
-1.753197351869511394e-02,1.753197351869512435e-02
-2.873917992468059956e-02,2.873917992468057875e-02
-3.132243391083331524e-02,3.132243391083331524e-02
-3.667849931516491829e-02,3.667849931516491829e-02
-3.580012214938526477e-02,3.580012214938525783e-02
-3.834998987026143336e-02,3.834998987026141948e-02
-3.862483415231066780e-02,3.862483415231065392e-02
-3.608619490441457994e-02,3.608619490441459382e-02
-2.574038715499537416e-02,2.574038715499538110e-02
3.297404255406534337e-03,-3.297404255406536939e-03
6.275640010079159593e-03,-6.275640010079159593e-03
2.489850204775075418e-03,-2.489850204775085826e-03
-1.575083746650791927e-02,1.575083746650791927e-02
2.513466488781779598e-02,-2.513466488781778210e-02
6.077966656395962508e-03,-6.077966656395954702e-03
1.167417646076151502e-04,-1.167417646076111115e-04
-1.635139966025453764e-02,1.635139966025454111e-02
1.788386880236030540e-04,-1.788386880236061168e-04
4.052128363537060157e-02,-4.052128363537060157e-02
-3.859583511522900190e-02,3.859583511522900190e-02
-1.660537410605053554e-02,1.660537410605053554e-02
6.627694626765913422e-03,-6.627694626765923830e-03
2.385730906909324951e-03,-2.385730906909321481e-03
-1.291780391573219174e-02,1.291780391573218480e-02
-1.322084238752978258e-02,1.322084238752978431e-02
-8.925853860992300978e-03,8.925853860992307917e-03
-2.467140258868565517e-03,2.467140258868568987e-03
1.352514967849705908e-02,-1.352514967849705735e-02
6.387394101995268192e-02,-6.387394101995268192e-02
3.515516920074964607e-02,-3.515516920074964607e-02
1.129052581062296376e-02,-1.129052581062296896e-02
-8.270018625431162229e-03,8.270018625431163964e-03
3.795170954229248623e-03,-3.795170954229248623e-03
-2.930352652418384291e-03,2.930352652418379954e-03
-2.332095402221237177e-04,2.332095402221242599e-04
1.172829223418676500e-02,-1.172829223418677715e-02
4.560928967511878457e-02,-4.560928967511879151e-02
1.649718431609463118e-02,-1.649718431609463465e-02
-3.725434766403178111e-02,3.725434766403179498e-02
-4.236439591466376747e-02,4.236439591466377441e-02
-3.890676333434985035e-02,3.890676333434985729e-02
-5.205622456928785807e-02,5.205622456928781644e-02
-4.920158536656757398e-02,4.920158536656756704e-02
-4.598068252325491351e-02,4.598068252325489963e-02
-2.130776406202098197e-02,2.130776406202098891e-02
6.021262675748554651e-03,-6.021262675748568528e-03
2.993681216714164442e-02,-2.993681216714162013e-02
2.553828226502331822e-02,-2.553828226502329740e-02
2.888619040679614447e-02,-2.888619040679616182e-02
7.222048613590823993e-03,-7.222048613590827462e-03
6.123744343350859438e-03,-6.123744343350853367e-03
7.943619459286628548e-03,-7.943619459286628548e-03
-8.158691569291526280e-03,8.158691569291522810e-03
-1.601637585695634206e-02,1.601637585695633165e-02
-3.265762416379324601e-02,3.265762416379325989e-02
-3.218865542775480038e-02,3.218865542775479344e-02
-3.110571129209366292e-02,3.110571129209366639e-02
6.624719024702708028e-03,-6.624719024702710631e-03
1.490844025646170454e-02,-1.490844025646170107e-02
1.995415416851517229e-02,-1.995415416851515494e-02
3.186355566216333979e-02,-3.186355566216333285e-02
-3.379468418000703550e-03,3.379468418000704417e-03
1.957218531100256634e-02,-1.957218531100258022e-02
4.684666568150640774e-03,-4.684666568150636437e-03
-1.207963285298396978e-02,1.207963285298396632e-02
-2.508528628155482637e-02,2.508528628155483678e-02
-2.845902751213889512e-02,2.845902751213890899e-02
-2.877427441811296338e-02,2.877427441811295991e-02
-3.315911607516770776e-02,3.315911607516771470e-02
-2.921966160366895257e-02,2.921966160366894563e-02
-9.943113318612728166e-03,9.943113318612733370e-03
-3.176284015598755672e-02,3.176284015598756366e-02
5.325725697077578940e-04,-5.325725697077575687e-04
2.394132953064766634e-03,-2.394132953064766634e-03
-9.230720287592560861e-04,9.230720287592537009e-04
1.248475473126638320e-02,-1.248475473126637973e-02
-1.858096931212320849e-02,1.858096931212320849e-02
1.288120150031495971e-02,-1.288120150031494930e-02
4.410923680990375823e-03,-4.410923680990379292e-03
4.653211698837560195e-02,-4.653211698837560889e-02
2.479525126768447260e-02,-2.479525126768446913e-02
2.451420790961960500e-02,-2.451420790961960500e-02
-1.824878588168863530e-02,1.824878588168863877e-02
-4.511034015720964685e-02,4.511034015720963991e-02
-3.482198915087104940e-02,3.482198915087102165e-02
2.299708917135910580e-02,-2.299708917135911967e-02
1.510510780618078662e-02,-1.510510780618078489e-02
-2.652949297368918657e-02,2.652949297368917617e-02
-4.202916154955181616e-02,4.202916154955183003e-02
1.038240043854037585e-02,-1.038240043854037412e-02
2.282044651126323431e-02,-2.282044651126323778e-02
2.674162728328697766e-02,-2.674162728328698460e-02
2.466188141487204305e-02,-2.466188141487204999e-02
6.515096100760142672e-02,-6.515096100760145448e-02
2.699002948768408974e-02,-2.699002948768408974e-02
-1.242622331820307166e-02,1.242622331820306819e-02
-1.987505601392226470e-02,1.987505601392226470e-02
6.535546191002440143e-03,-6.535546191002444480e-03
1.571011273752620160e-02,-1.571011273752620507e-02
-8.196777664453147594e-03,8.196777664453147594e-03
1.633636833027884983e-02,-1.633636833027886023e-02
1.721109581267227934e-02,-1.721109581267227934e-02
6.923426430979484625e-04,-6.923426430979507393e-04
-3.176007339679772640e-02,3.176007339679774027e-02
-3.629914574539181565e-02,3.629914574539181565e-02
-7.090774214462818373e-03,7.090774214462817505e-03
-2.649756144951173273e-02,2.649756144951173273e-02
-4.821692187695940379e-02,4.821692187695942461e-02
-1.016233701845888938e-02,1.016233701845888071e-02
1.130514428465368044e-02,-1.130514428465368912e-02
1.947955249626903695e-02,-1.947955249626902308e-02
2.982404802340782660e-02,-2.982404802340781619e-02
1.749695579159017689e-02,-1.749695579159017342e-02
1.365193412472989363e-03,-1.365193412472987412e-03
6.780162990538135190e-03,-6.780162990538130853e-03
1.119521549343980259e-02,-1.119521549343980606e-02
-1.898284159868141377e-02,1.898284159868139295e-02
-1.156578442313047766e-02,1.156578442313048981e-02
-5.931150899406167215e-02,5.931150899406167909e-02
-4.449530869060961541e-02,4.449530869060960153e-02
-3.633287568943254636e-02,3.633287568943256718e-02
-3.837231481904826349e-03,3.837231481904821578e-03
9.638799394421594322e-03,-9.638799394421585648e-03
1.805255418275519439e-03,-1.805255418275520740e-03
2.875740419171420037e-02,-2.875740419171417608e-02
5.009313889795589253e-03,-5.009313889795585784e-03
8.236515886521737773e-03,-8.236515886521734303e-03
-1.583734489488182462e-02,1.583734489488181074e-02
-3.976807260888955142e-02,3.976807260888957918e-02
-4.011063439225493604e-02,4.011063439225494992e-02
-3.718311546927113853e-02,3.718311546927115241e-02
-3.313497797182424209e-02,3.313497797182424209e-02
-1.719128372784533079e-02,1.719128372784533079e-02
-1.678588333654428694e-02,1.678588333654428694e-02
-3.184184642925209224e-02,3.184184642925207837e-02
8.845544477092801353e-03,-8.845544477092808291e-03
5.029111503717284201e-03,-5.029111503717285069e-03
7.124851660371608712e-03,-7.124851660371605243e-03
2.039455235162929148e-02,-2.039455235162927413e-02
-2.183673438483834522e-02,2.183673438483835216e-02
5.893367161505133319e-04,-5.893367161505111635e-04
1.047730842536351639e-03,-1.047730842536343182e-03
2.004045888636593609e-02,-2.004045888636593609e-02
8.296718132358526718e-03,-8.296718132358523248e-03
6.732629034708868983e-03,-6.732629034708863779e-03
9.858140253801529751e-03,-9.858140253801522812e-03
-3.938998805313382451e-02,3.938998805313380369e-02
-2.362417398657823409e-02,2.362417398657823062e-02
-5.498115204834856662e-02,5.498115204834853886e-02
7.761430295639014723e-03,-7.761430295639019060e-03
4.579602044010737394e-02,-4.579602044010736700e-02
2.161414462060832348e-02,-2.161414462060830266e-02
-1.012872581511629205e-02,1.012872581511630767e-02
-1.950720468070859040e-02,1.950720468070858693e-02
-1.361144835961768974e-02,1.361144835961768454e-02
2.354558454559967443e-02,-2.354558454559967443e-02
3.410502355784072320e-02,-3.410502355784070933e-02
4.764567033093701498e-02,-4.764567033093702192e-02
3.286763754902041063e-02,-3.286763754902040369e-02
-5.693517443072578996e-03,5.693517443072573792e-03
-2.206174173916633854e-02,2.206174173916634201e-02
1.051831005050132004e-03,-1.051831005050126583e-03
1.602608394255769508e-02,-1.602608394255768814e-02
-4.130968711614411114e-03,4.130968711614411114e-03
-8.423484248555735202e-03,8.423484248555736936e-03
4.009208641944600471e-02,-4.009208641944602552e-02
1.119577839840750835e-02,-1.119577839840749968e-02
-2.459036803447078173e-02,2.459036803447077479e-02
-2.381944248095578878e-02,2.381944248095577837e-02
-1.795199184500138184e-02,1.795199184500139225e-02
1.021042599299807133e-02,-1.021042599299808694e-02
2.938788848434823603e-03,-2.938788848434823603e-03
1.941089633898058359e-02,-1.941089633898058012e-02
8.477641611563609819e-03,-8.477641611563623697e-03
3.958863366541297280e-02,-3.958863366541298667e-02
4.818817713753272697e-02,-4.818817713753273391e-02
2.301962728197643956e-04,-2.301962728197659677e-04
4.721819992365065485e-03,-4.721819992365068087e-03
1.796595540918424425e-02,-1.796595540918425118e-02
6.099477197972783850e-03,-6.099477197972788187e-03
-1.208635822569630557e-02,1.208635822569630383e-02
-3.378516695330233827e-02,3.378516695330232439e-02
-6.129652817617014388e-02,6.129652817617011612e-02
-3.432919018844619863e-02,3.432919018844618475e-02
-2.667940982552285609e-02,2.667940982552284915e-02
-2.099527013225274338e-02,2.099527013225275379e-02
7.539905874111258594e-03,-7.539905874111265532e-03
1.050055402792818803e-02,-1.050055402792820537e-02
3.035449731006861773e-02,-3.035449731006860732e-02
1.161296360949967688e-02,-1.161296360949968035e-02
3.315821766246673363e-03,-3.315821766246678567e-03
-1.756693593699506020e-02,1.756693593699507061e-02
-1.863662261274038126e-02,1.863662261274037432e-02
-1.654694034122906193e-02,1.654694034122903765e-02
-1.653511464442298726e-02,1.653511464442299073e-02
1.128945400099753580e-03,-1.128945400099753580e-03
-1.086820117998401995e-02,1.086820117998401475e-02
-3.390208926814237966e-02,3.390208926814239354e-02
8.019492741100803582e-03,-8.019492741100808786e-03
1.043722610758135959e-02,-1.043722610758136132e-02
3.490508869041084733e-02,-3.490508869041086121e-02
2.256961971334842110e-02,-2.256961971334841069e-02
-5.457653189399976415e-03,5.457653189399979884e-03
-3.272618987211722841e-02,3.272618987211722841e-02
1.996504135876143310e-03,-1.996504135876141141e-03
2.169681687749013335e-02,-2.169681687749013335e-02
3.940241725789526278e-02,-3.940241725789526972e-02
-3.592654102572188403e-03,3.592654102572188837e-03
-1.731163826997127869e-02,1.731163826997128563e-02
-3.822708880503689760e-02,3.822708880503689760e-02
-4.485580321556293520e-02,4.485580321556294214e-02
-1.141699127096791784e-02,1.141699127096791958e-02
1.910964713248503380e-02,-1.910964713248504074e-02
-1.256298553520212788e-02,1.256298553520212961e-02
1.758926012524022336e-02,-1.758926012524021296e-02
3.918039578665993145e-02,-3.918039578665993145e-02
3.009669460553599657e-02,-3.009669460553601392e-02
1.207153967105396679e-02,-1.207153967105395465e-02
-1.780900073126082464e-02,1.780900073126082464e-02
-1.030947173408065451e-02,1.030947173408065277e-02
2.795138316589262928e-02,-2.795138316589265010e-02
5.517068266765327855e-02,-5.517068266765330631e-02
3.492355964451619721e-02,-3.492355964451620415e-02
5.822450528661304685e-03,-5.822450528661304685e-03
-5.171472164373839935e-03,5.171472164373844271e-03
-2.534281003197296975e-02,2.534281003197296975e-02
-1.336407162418505080e-02,1.336407162418504213e-02
1.945186322482699839e-04,-1.945186322482720981e-04
-2.823635329020065740e-02,2.823635329020067128e-02
4.377109521571140999e-03,-4.377109521571134060e-03
5.997650245269570482e-03,-5.997650245269569615e-03
7.834545243650209434e-03,-7.834545243650211169e-03
-2.593774892286091968e-02,2.593774892286092315e-02
6.810551718663491322e-03,-6.810551718663483516e-03
2.318189637029941311e-02,-2.318189637029941658e-02
3.848543717839462280e-02,-3.848543717839460893e-02
5.210350502917115295e-02,-5.210350502917114601e-02
3.704402776431972577e-02,-3.704402776431971189e-02
2.861156520750250329e-02,-2.861156520750251023e-02
3.175226174713973587e-02,-3.175226174713974281e-02
-1.178833530636065911e-03,1.178833530636063526e-03
1.464706524831576803e-02,-1.464706524831577150e-02
1.556102126253580513e-02,-1.556102126253580339e-02
-1.395175550659171274e-02,1.395175550659170927e-02
3.898847241144128527e-03,-3.898847241144141103e-03
-2.541845718897494874e-02,2.541845718897495221e-02
-6.650664377929917104e-02,6.650664377929917104e-02
-5.409180359370879126e-02,5.409180359370878433e-02
-2.255057351704262483e-02,2.255057351704262136e-02
-3.119459116697953505e-02,3.119459116697953505e-02
-2.692306946960380549e-03,2.692306946960378814e-03
8.254008299565553097e-03,-8.254008299565551363e-03
3.002079168019484295e-02,-3.002079168019482561e-02
3.082055209647829516e-02,-3.082055209647828128e-02
2.449904905665639676e-02,-2.449904905665639329e-02
-3.582193785807238733e-03,3.582193785807236130e-03
1.651838430521946309e-03,-1.651838430521941322e-03
5.623516713083462348e-03,-5.623516713083462348e-03
-1.708937864784458452e-03,1.708937864784458452e-03
-6.475140490209450178e-03,6.475140490209444107e-03
-9.641592333960469566e-03,9.641592333960460892e-03
-2.019586161899083413e-03,2.019586161899079510e-03
6.036762708384299340e-03,-6.036762708384308881e-03
4.621171151575321351e-02,-4.621171151575321351e-02
2.113869209643650868e-02,-2.113869209643650174e-02
1.171086196937395907e-02,-1.171086196937396080e-02
-4.044488602922772201e-03,4.044488602922769599e-03
-3.187201084491438768e-02,3.187201084491438768e-02
2.777326594879299393e-02,-2.777326594879298699e-02
-2.872064589927821390e-02,2.872064589927821390e-02
1.675555913769773489e-02,-1.675555913769773489e-02
-8.722121619339865198e-03,8.722121619339868667e-03
-1.877071913654970378e-02,1.877071913654970031e-02
-2.080014547593328142e-02,2.080014547593327795e-02
-1.385456021968501511e-02,1.385456021968500470e-02
-8.473502052231591392e-03,8.473502052231598330e-03
3.923162646594273439e-02,-3.923162646594274827e-02
-4.700560930061790932e-03,4.700560930061794401e-03
-3.773012662517102878e-03,3.773012662517100709e-03
4.249861354186516837e-02,-4.249861354186516144e-02
5.376080957937214022e-02,-5.376080957937214716e-02
3.251757500596538092e-02,-3.251757500596538786e-02
-1.088228514837985897e-02,1.088228514837985550e-02
-1.603367314788959816e-02,1.603367314788959469e-02
3.922645402821099171e-03,-3.922645402821094834e-03
3.571119303542928669e-02,-3.571119303542929363e-02
5.351367131566952401e-02,-5.351367131566955176e-02
3.224809954566584119e-02,-3.224809954566582731e-02
-8.831748084469105697e-04,8.831748084469087266e-04
-1.003653144293995339e-02,1.003653144293995686e-02
-1.844960514755124292e-02,1.844960514755124292e-02
1.749138910162727645e-03,-1.749138910162731332e-03
-6.919359783884620335e-03,6.919359783884615131e-03
-3.231837850773082443e-02,3.231837850773083137e-02
-7.075466976895713501e-03,7.075466976895708297e-03
-8.807513581743914646e-03,8.807513581743918116e-03
-1.947637669570731435e-03,1.947637669570728399e-03
-4.641408970644885943e-04,4.641408970644853417e-04
-6.865819781122186249e-04,6.865819781122213354e-04
7.993686792831518437e-06,-7.993686792833720723e-06
2.189278876691141268e-02,-2.189278876691139533e-02
3.237344281845758176e-02,-3.237344281845758176e-02
1.072821515359011386e-02,-1.072821515359012080e-02
2.419911481800108427e-02,-2.419911481800107733e-02
-2.032235918997112641e-03,2.032235918997110907e-03
-2.928333612413719107e-03,2.928333612413711300e-03
-8.454551240738997567e-03,8.454551240739004506e-03
-1.384085181576279362e-02,1.384085181576280056e-02
5.550416032718101522e-03,-5.550416032718099787e-03
-1.439284735870921365e-02,1.439284735870921886e-02
-5.825244554032541627e-02,5.825244554032542321e-02
-7.233218833044530172e-02,7.233218833044532947e-02
-3.434113578318542803e-02,3.434113578318543497e-02
-3.432756571654072691e-02,3.432756571654072691e-02
-1.716767788260455119e-02,1.716767788260454078e-02
2.394442065860955676e-03,-2.394442065860954375e-03
1.797760448134803554e-02,-1.797760448134803554e-02
1.369087201655919996e-02,-1.369087201655918261e-02
2.414953077173162543e-02,-2.414953077173163237e-02
2.310661999649533949e-02,-2.310661999649533949e-02
1.394412366123057995e-02,-1.394412366123058342e-02
2.261595026325053867e-02,-2.261595026325053520e-02
2.295246344365319338e-02,-2.295246344365320032e-02
1.742712588537466065e-02,-1.742712588537466065e-02
1.012504875015821440e-02,-1.012504875015821787e-02
9.397085457653896884e-03,-9.397085457653905557e-03
4.226443296320147452e-02,-4.226443296320148840e-02
5.289853425631593775e-02,-5.289853425631594469e-02
3.856197755660449589e-02,-3.856197755660448201e-02
1.336521401099288677e-04,-1.336521401099295453e-04
-3.864955496617275554e-02,3.864955496617278330e-02
9.339972212361992779e-03,-9.339972212361996248e-03
-1.884557026987474307e-02,1.884557026987473960e-02
1.347115231789873351e-02,-1.347115231789873351e-02
-5.949559743556180917e-04,5.949559743556176580e-04
-6.601112968753899968e-02,6.601112968753899968e-02
-1.957259199561043467e-02,1.957259199561042773e-02
-2.305803014325844350e-02,2.305803014325844350e-02
-4.009982126087832492e-03,4.009982126087830757e-03
2.353806666436979167e-02,-2.353806666436980555e-02
3.873878171301170514e-02,-3.873878171301171208e-02
4.022541327901319602e-02,-4.022541327901320296e-02
4.225001545730067837e-02,-4.225001545730067143e-02
4.882822034874416406e-02,-4.882822034874417794e-02
6.286787574676376555e-02,-6.286787574676373780e-02
4.130579348726774042e-02,-4.130579348726774042e-02
1.912065565767216702e-02,-1.912065565767218089e-02
-2.228871300998045910e-02,2.228871300998045910e-02
-1.165112655965733560e-02,1.165112655965733907e-02
1.277473086630251387e-02,-1.277473086630251560e-02
4.516705545881635059e-02,-4.516705545881637834e-02
4.464558629964109071e-02,-4.464558629964108377e-02
8.523750993706530332e-03,-8.523750993706540741e-03
-6.610060779595742196e-03,6.610060779595738727e-03
-2.154118302477020432e-03,2.154118302477016529e-03
-1.054947494209465715e-02,1.054947494209466582e-02
-8.076103082764638300e-03,8.076103082764638300e-03
-2.318312240676193708e-02,2.318312240676194055e-02
-2.131783784960807060e-02,2.131783784960809489e-02
-1.254487709337739204e-02,1.254487709337737990e-02
-9.537037098299127463e-03,9.537037098299125729e-03
1.389538699975493207e-03,-1.389538699975503182e-03
-8.922637322731180945e-03,8.922637322731184414e-03
-3.932698336837274315e-03,3.932698336837275183e-03
5.689895657582998839e-03,-5.689895657582999706e-03
1.974686677428280634e-02,-1.974686677428280634e-02
-9.982575618661955474e-03,9.982575618661964148e-03
-2.360857327486452772e-02,2.360857327486451038e-02
-2.791973759490946200e-02,2.791973759490947934e-02
-8.689497526226344637e-03,8.689497526226335963e-03
-5.726594796207916220e-03,5.726594796207917087e-03
-1.563421111639257816e-02,1.563421111639257122e-02
-4.262316855807622186e-03,4.262316855807627390e-03
-2.049388549467294832e-02,2.049388549467294832e-02
