1.565617075373353095e-02,-1.379468357611004017e-02,-2.966505542737147075e-02,2.780356824974784119e-02
-2.644704879895137806e-02,4.694866809162562380e-04,-1.596745215221186814e-02,4.194501427024701495e-02
-2.652687979358176948e-02,3.662703376144565807e-03,-1.354453984026955313e-02,3.640871625770663450e-02
-3.705373984896132011e-02,5.167063533685113848e-03,-5.736105173779534189e-03,3.762278148905564418e-02
-2.864955966478617555e-02,2.479726538372128367e-03,-7.582497768910605000e-03,3.375233089532465869e-02
-3.074974868484031676e-02,8.220272541697701274e-03,-8.092878374635261579e-03,3.062235451777777992e-02
-2.657655008458939538e-02,2.690876238498200387e-03,-2.645285903500974381e-03,2.653095974959219019e-02
-2.634582131667214527e-02,-1.711544232617452166e-03,7.448009030056898603e-04,2.731256464628393013e-02
-2.827957030560160692e-02,6.593157158336580273e-04,4.736397384282395664e-03,2.288385720548555269e-02
-2.353658153464853811e-02,-4.555991395536342081e-03,4.697778471696637155e-03,2.339479445848829942e-02
-1.842640591229407349e-02,-8.602982606412170816e-03,4.688834860927105878e-03,2.234055365777918092e-02
6.813877572214187793e-03,-1.616299429665171011e-02,5.886847374150972097e-04,8.760431987022445494e-03
1.889868338926012359e-02,-2.036314982822536382e-02,-1.471337968290661489e-03,2.935804407255849461e-03
-3.516701073518473976e-03,-6.423028871108584469e-03,-6.295498325328266996e-03,1.623522826995533672e-02
-1.410046790801295323e-02,-1.394516771604889169e-02,-3.118874552885625082e-03,3.116451017694745959e-02
-1.558745418848611446e-03,-2.970756685108917605e-02,-4.010722839162666857e-03,3.527703510910030343e-02
-1.589969805933315328e-02,-1.119107867735544964e-02,-2.664926875341760634e-03,2.975570361203029243e-02
-2.358303387043643104e-02,6.068066650564098684e-03,-8.977676973159489596e-04,1.841273491718829411e-02
-3.335023821313930215e-02,-4.064487317245556847e-04,4.334057425299006616e-03,2.942262951956480660e-02
-1.895495824140543822e-02,-8.624366502648238633e-03,1.218256782520737470e-03,2.636106796153290036e-02
3.789893615439271935e-03,-2.108103560555190520e-02,-3.122882860570919648e-03,2.041402485068353340e-02
8.357743402863144697e-03,-2.345037587762525272e-02,-9.582575561576838277e-03,2.467520803633892201e-02
-3.879652509698657556e-04,-2.945875446981820883e-02,-1.495923578585633441e-02,4.480595550664440152e-02
-6.553396900392429846e-04,-3.448675045012714740e-02,-1.097769838486083172e-02,4.611978852502732901e-02
1.299336572721828190e-02,-3.781859997893227687e-02,-1.168415248973532668e-02,3.650938674144946910e-02
2.149311798285067146e-02,-4.321668162797677459e-02,-1.148936300800067201e-02,3.321292665312686881e-02
1.566754523475629921e-02,-4.249437934198519590e-02,-8.864612452067995030e-03,3.569144655929676335e-02
6.861778136090737439e-03,-3.233093021366260922e-02,-1.703305875408577452e-03,2.717245795298044511e-02
-1.767605978639153613e-02,-2.222527321947635401e-02,8.281698908291900557e-03,3.161963409757598265e-02
-1.510765769006632356e-02,-2.141466743202968814e-02,2.260796946890165048e-03,3.426152817520592558e-02
-1.966579880202264444e-02,-9.270488814570243194e-03,-1.603798744730763415e-03,3.054008636132354848e-02
-7.334957607379594124e-03,-1.493998034961715494e-02,-5.607301887920866472e-03,2.788223984491768406e-02
-1.034242256439171434e-02,-2.684436289152958635e-04,-4.395701246422745179e-03,1.500656743972974584e-02
-8.552037120838398496e-03,-1.874157780312411814e-02,-2.605339576255784762e-03,2.989895450021828188e-02
-1.420541968144703980e-02,-1.058948726608407824e-02,-1.427658388813879365e-03,2.622256533634500023e-02
-1.374944731059556807e-02,-2.758693225159519172e-04,-1.030607664681430563e-03,1.505592429779296221e-02
-4.142000906457308368e-03,1.195515176764509789e-03,-4.991687770864177906e-03,7.938173500556975834e-03
-4.063296563404090837e-03,1.883433230941309114e-02,-7.052083348699675694e-03,-7.718952397309304658e-03
-1.075488235547034793e-02,1.635804319667788845e-02,-5.959612899227013580e-03,3.564520580194531149e-04
-2.835916009266657364e-02,8.501853474041537115e-03,-2.922340898184337069e-03,2.277964751680944602e-02
-3.618475518741792740e-02,1.202588004534845337e-02,-1.599913303695776976e-03,2.575878844576512047e-02
-2.634320284979481050e-02,1.287383304587253093e-02,-1.951918467378954301e-03,1.542128827130128353e-02
-2.277447880540974662e-02,1.912043845736177347e-02,-4.354256381640075370e-03,8.008296729688108365e-03
-2.838093826229657821e-02,2.308718538106836055e-02,-3.909370031789860360e-03,9.203122913018047663e-03
-2.776284306626106840e-02,2.891093166259307845e-02,-1.615424382277220582e-03,4.673357859451708531e-04
-3.370361114581919837e-02,3.646000060956869349e-02,-7.568996787786393989e-03,4.812607324036974332e-03
-3.263508143923036370e-02,4.562690599564744875e-02,-4.046730120654493459e-03,-8.945094435762574250e-03
-2.262565523125136327e-02,3.435121303068409959e-02,-9.386233763087115101e-03,-2.339324036345533184e-03
-1.666342638003107113e-02,3.708679788162069085e-02,-9.788313418043903189e-03,-1.063505808354571307e-02
-1.258134301245773280e-02,2.209679209215345205e-02,-1.991010280924019379e-03,-7.524438798771757551e-03
-1.049711130642177868e-04,9.957778768768743571e-03,7.509842919657635282e-04,-1.060379194767030117e-02
3.289969580652005871e-03,4.445427219921249673e-03,-2.996647983730245986e-03,-4.738748816843015195e-03
-7.032363879329286277e-03,3.691094013459424346e-03,5.012721894568654760e-03,-1.671452028698814296e-03
-1.606283693192870135e-02,8.153918698553195774e-03,1.667472659382814113e-03,6.241445573992652866e-03
-2.301754870846636075e-02,1.395693406034407939e-02,2.743263865168773120e-03,6.317350782953502601e-03
-1.916257951710484408e-02,6.335869674610285218e-03,4.173027060850799386e-03,8.653682781643740399e-03
-2.328402320697301256e-02,4.861719293857170825e-03,-4.511729801611803758e-03,2.293403371472759605e-02
-2.527628064033579994e-02,1.067941170912961937e-02,-5.743968388260778032e-03,2.034083731946688400e-02
-3.059067467026276368e-02,8.416413480206970735e-03,-5.649547435850526232e-03,2.782380862590629750e-02
-2.666443101810028402e-02,7.743806211705338803e-03,-4.994290630260405685e-03,2.391491543665536304e-02
-2.916881924378724247e-02,6.829830256071439502e-03,-5.489914744151220931e-03,2.782890373186701696e-02
-2.716900023505005451e-02,5.749606267945702939e-03,-5.314639204554344291e-03,2.673403317165869500e-02
-3.348004381189711304e-02,8.650147812202826220e-03,-1.038625104826941536e-02,3.521614704796367096e-02
1.115668521430860163e-02,-1.378361154110788189e-02,-2.642147376928387706e-02,2.904840009608314344e-02
2.860114584907787541e-02,-1.431016190263153208e-02,-1.895586954548845668e-02,4.664885599042082991e-03
-5.882982590041838447e-03,1.085346407614331881e-03,-2.209063569937292065e-03,7.006699752364799715e-03
-1.793963715921734897e-02,5.877824183611026800e-03,7.767684764802899357e-03,4.294128210803451438e-03
-2.404745126915948383e-02,7.594346360807539310e-03,6.111234570770172556e-03,1.034187033758180406e-02
-2.204999130547850156e-02,8.281413497850536459e-03,4.704502553506752748e-03,9.064075254121237504e-03
-2.977438890536792532e-02,5.044266425760380451e-03,6.942139356274132540e-03,1.778798312333343401e-02
-2.370514108109104262e-02,2.035850493464055281e-03,1.242271451010904318e-02,9.246576077517981024e-03
-1.894950913485888427e-02,7.908450259944785777e-04,1.422871872722559008e-02,3.929945381638778532e-03
-1.305860920614946609e-02,-8.025893760583229300e-03,1.368605840034507574e-02,7.398444566387616175e-03
-4.850231607645486866e-03,-6.342248097806912725e-03,9.445177252366470516e-03,1.747302453085968106e-03
3.388097172510961402e-02,-1.676473034150149574e-02,3.624190128427782955e-03,-2.074043151203574728e-02
2.539868255164115171e-02,-2.083904659033439591e-02,5.045286454293762719e-03,-9.604922415600567961e-03
8.766270282054643148e-03,-2.956316118711531122e-03,-1.884203849854960370e-03,-3.925750313488142983e-03
9.263887102933821352e-03,-2.254143146812499429e-02,5.463835366531223994e-03,7.813708998659985375e-03
3.872560084731973759e-03,-2.306285785765215327e-02,8.907375748526440845e-03,1.028292202439370917e-02
-1.204966483720935552e-02,6.264307680948382091e-03,5.630189787490741740e-03,1.551673687702507186e-04
-1.678506843982290053e-02,5.816162244306326626e-03,5.999042894881575529e-03,4.969863300634973224e-03
-2.720586857266140898e-02,6.175648150622787408e-03,4.758686106015334351e-03,1.627153431602326381e-02
-1.880435033694395327e-03,-7.377971335920721456e-03,1.415063274600780957e-03,7.843343095014363581e-03
-1.070127762168999151e-02,-8.966923550325335557e-03,3.619436457330768055e-03,1.604876471468458937e-02
-2.733091761999042676e-02,-1.191790954360620776e-02,2.790290853295909583e-03,3.645853631030070152e-02
4.584524438500404801e-03,-2.409468976727191167e-02,4.285569744753025233e-03,1.522459558401845561e-02
6.229840269759984693e-03,-3.341860053035262956e-02,8.124074011378134771e-03,1.906468624921445545e-02
1.925479322022959636e-03,-3.165866573125714761e-02,1.080494259439783965e-02,1.892824381483635549e-02
2.995831905039798545e-04,-3.412969094563653855e-02,1.104417759292970411e-02,2.278593016220290673e-02
2.280053807982285012e-03,-3.257643616493332422e-02,3.198236680796873437e-03,2.709814567615420958e-02
3.454694680221645844e-03,-3.494650822018809111e-02,3.731922271648647517e-03,2.775989126831786974e-02
3.283787771458015884e-04,-3.567969899491545138e-02,1.024753607924463582e-03,3.432656660984509389e-02
-8.317931515063225340e-03,-2.955338720125212648e-02,-3.959735380056831743e-04,3.826729225432099618e-02
-2.055627707896990480e-02,-9.451966723269420931e-03,1.867999177124071881e-03,2.814024462511535013e-02
-1.976936223141563878e-02,3.602264594025406542e-03,1.016647839342343929e-02,6.000619243966734406e-03
-1.353112922663641214e-02,1.005276190619640124e-02,5.626017137705388409e-03,-2.147649817265339343e-03
-2.163826567711112786e-02,9.744055902384545290e-03,8.217857586253096702e-03,3.676352188473493241e-03
-9.417058230862872942e-03,1.409596960979853791e-02,5.759308677841568774e-03,-1.043822005677718691e-02
-3.707111244331630362e-03,3.393259845570153858e-03,1.031134289769142232e-02,-9.997491498929955353e-03
-1.504594046924073725e-02,5.724980304863142716e-03,9.646845518069593547e-03,-3.258853536920004799e-04
-1.652021912829141487e-02,7.432348843213593646e-03,8.291137858183965370e-03,7.967324268938338417e-04
-9.174218394934199536e-03,1.250768379247154359e-02,8.391214735452314638e-03,-1.172468013298971247e-02
8.966484589362491361e-03,9.239093568907001675e-03,3.088058597745713466e-03,-2.129363675601520650e-02
3.152187581738128460e-03,6.216609817032609647e-03,6.345086420426736609e-03,-1.571388381919747515e-02
8.349274394789983969e-03,9.218774850072117841e-04,5.443138560809979327e-03,-1.471429044060711122e-02
8.071360434253197283e-03,5.969926342064252323e-03,7.690560801589678246e-03,-2.173184757790718943e-02
-9.061295725740093482e-03,1.698109639061057621e-02,6.888382711760140595e-03,-1.480818337663065108e-02
-3.795185818893706282e-03,1.649562543573141263e-02,5.942618231966043801e-03,-1.864305784880370895e-02
-5.824704852831634298e-03,2.134206575830445082e-02,2.859511981423388215e-03,-1.837687288689623250e-02
-9.917332590557796299e-03,2.948764569118417916e-02,7.323623276271819249e-03,-2.689393637689835997e-02
-1.431904259751184613e-02,3.080871197980611376e-02,1.012124763595056813e-02,-2.661091701824480280e-02
-1.550545774060869443e-02,4.388909345846924576e-02,1.256812657842127159e-02,-4.095176229628190445e-02
-3.263307245032285447e-02,5.134224623322201919e-02,1.005207041522356362e-02,-2.876124419812284630e-02
1.517036835783965292e-03,3.402793974998759297e-02,-1.166005031497072478e-02,-2.388492627080102820e-02
1.375968783229366936e-02,2.094259121627165335e-02,2.361822557103075444e-03,-3.706410160566848966e-02
1.302855040850744127e-02,3.765791556213067895e-03,1.378325735543527858e-02,-3.057759932015581203e-02
2.222901410504291367e-02,6.990851541848599809e-04,1.146422790971545098e-02,-3.439232716894324166e-02
1.385991004324059646e-02,4.690179299069430728e-03,1.038010815702259705e-02,-2.893019749933270837e-02
-8.009146354489564412e-03,1.066734556746498294e-02,1.527162392660891613e-02,-1.792982313958436241e-02
-9.999713853635867206e-03,3.402172846646442806e-03,1.275149441737605249e-02,-6.153953410386580822e-03
-8.070946421904270918e-03,9.486197963407163106e-03,1.223160885095109576e-02,-1.364686039245404173e-02
-1.342783094313943285e-02,9.441519921380295624e-03,9.297638633246006409e-03,-5.311327611486857045e-03
-1.157586241159702135e-02,8.691918160731232010e-03,8.991682653404194439e-03,-6.107738402538403361e-03
-1.385553409623124961e-02,8.039537582776496577e-03,6.566309281003093398e-03,-7.503127675483247522e-04
-1.127274137611669266e-02,7.476846687014148361e-03,6.880802164778194660e-03,-3.084907475675697196e-03
-8.457893754037860978e-03,6.904590969979593554e-03,5.959529163568236948e-03,-4.406226379509962585e-03
-2.114699270441849910e-02,1.178289221376801164e-02,1.195918435828681806e-02,-2.595083867636389582e-03
2.391182690834886201e-02,-1.385014847123432029e-02,-1.709639279529641051e-02,7.034714358181801130e-03
2.073156074648804109e-02,-1.481448135918511134e-02,-1.888912339061065218e-02,1.297204400330768601e-02
-7.837171644920093438e-03,2.346900717407202075e-03,2.038447530913461720e-03,3.451823396599432246e-03
-3.297819634570281488e-02,6.294268251696591952e-03,8.203783780645953344e-03,1.848014431336025831e-02
-2.599868354488442043e-02,4.824441768309319437e-03,6.319264436228304131e-03,1.485497734034683069e-02
-3.749495550862368132e-02,3.834353744202935368e-03,9.624500290700921043e-03,2.403610147371981406e-02
-3.110734743006004707e-02,2.015010465919173707e-03,1.694930584359760628e-02,1.214303112054329788e-02
-2.297283947839891260e-02,-7.487111695441274299e-04,1.885938376972796232e-02,4.862166878215060800e-03
-7.796124091530993484e-03,-7.532601928669167488e-03,1.076452467546824832e-02,4.564201344731888370e-03
9.897057928648247613e-03,-8.093548050105984354e-03,5.041747458479175700e-03,-6.845257337021425081e-03
1.004951213784796744e-02,-1.528812025390517866e-02,9.542810663281902153e-03,-4.304202547224676191e-03
1.758189451228302572e-02,-1.952287174313651480e-02,8.298399234913780842e-03,-6.357422004060301300e-03
1.993884878918969483e-02,-7.631430789894364138e-03,3.387538871094460721e-03,-1.569495687038986384e-02
1.474591873775572479e-02,-2.544324316920274637e-02,6.596223343004886663e-03,4.101101088442040375e-03
-1.648148094582872238e-03,-1.992805626654092083e-02,8.244922418287505342e-03,1.333128194283628686e-02
-1.837316075257494977e-02,1.347104333198190229e-02,5.317085375981402302e-03,-4.149679553883296192e-04
-1.705031236030644937e-02,6.265622407159150350e-03,5.003232355780619194e-03,5.781457597366682424e-03
-1.691181380098514403e-02,4.016912091969881450e-03,9.215454602570012643e-03,3.679447106445217410e-03
-1.162917834988123206e-02,8.568275138649975378e-03,8.831783943522946573e-03,-5.770880732291687291e-03
-2.620193581104627786e-02,-5.954983391617416078e-03,5.811617511908544025e-03,2.634530169075526354e-02
-2.531325233667644503e-02,-7.598812768250326130e-03,3.388983870168307561e-03,2.952308123475848312e-02
-1.607293858717241675e-02,-1.377133542797723438e-02,5.418301284424929289e-03,2.442597273072474873e-02
-1.974515121370095175e-02,-1.749352811812211403e-02,5.844290276926201837e-03,3.139438905489683185e-02
-1.060556606608036891e-02,-3.085902353118796099e-02,6.969809139874842165e-03,3.449478045739345911e-02
1.932957635747372532e-02,-4.388993955931366764e-02,9.223856478064906134e-03,1.533650672377510210e-02
2.483930436016612911e-02,-5.230813345970131839e-02,1.061993137946182046e-02,1.684889772007343994e-02
2.552265230505857893e-02,-5.413197615275812391e-02,1.211308620573109396e-02,1.649623764196849612e-02
1.392392617663932783e-02,-4.482801675143967962e-02,1.097160178196015211e-02,1.993248879284018754e-02
3.416349193017838640e-03,-3.767073510340243625e-02,2.370709519081581895e-03,3.188367639130317011e-02
7.813807491225855870e-03,-4.024804690401729418e-02,1.052487854721092034e-03,3.138175155807031158e-02
7.615007678607485335e-03,-2.534858389727104311e-02,5.420082085676338965e-03,1.231349413298714508e-02
5.963636622381487951e-03,-2.172300747682730584e-02,3.064473898470047343e-03,1.269489695597571591e-02
-7.914764120855337370e-03,-1.945485050927227635e-02,1.149888741437090061e-03,2.621972588869047119e-02
-1.728858147584783154e-03,-1.533582622920979209e-02,6.266966441319863149e-03,1.079771793547470299e-02
-1.751418743259692407e-02,-1.108013438005340558e-02,8.099721575705074589e-03,2.049460023694527760e-02
-2.503826369626367329e-02,1.934633685206638490e-02,6.862659381163508862e-03,-1.170732536966228709e-03
4.103101423681375197e-03,-1.475162955663563390e-03,5.715901400006180751e-03,-8.343839868024019446e-03
1.326828161359002237e-02,-1.769408913002184797e-03,6.184683946662620536e-03,-1.768355664725045073e-02
3.631415628332327391e-03,9.282664291290757723e-04,7.488596178412032685e-03,-1.204827823587341015e-02
4.346965823098999926e-03,3.275286240341055300e-03,4.843638309103907337e-03,-1.246589037254395953e-02
7.804230443313014444e-03,5.473902415616522209e-04,6.138895890585548132e-03,-1.449051657546026294e-02
2.617288703424539269e-03,6.822305715157243183e-03,7.969511953473373475e-03,-1.740910637205519279e-02
5.518014878580421861e-03,6.720058547114428522e-03,6.438394535312493179e-03,-1.867646796100728285e-02
5.973912068006613854e-03,9.556357927621500145e-03,9.354839901542641098e-03,-2.488510989717068050e-02
1.697257403697554831e-02,1.012634596163843569e-02,1.046020424123489737e-02,-3.755912423984881371e-02
2.720983842635559154e-03,2.994105280797308005e-02,5.632413768472408280e-03,-3.829445041908105529e-02
-8.810915114058948810e-03,2.374147427530686957e-02,7.894921787609560093e-03,-2.282548094885755718e-02
-1.053299626818636828e-02,3.165312367691490436e-02,8.416061363601592266e-03,-2.953618877233019774e-02
-2.618360812988946261e-03,3.510775430384044382e-02,1.109159737052248761e-02,-4.358099086137402073e-02
-1.102655600876804344e-02,4.367319102309537987e-02,3.412139126875154277e-03,-3.605877414120240571e-02
-8.117220295283547257e-03,3.783735192660837160e-02,1.178475163528787048e-02,-4.150488326661272431e-02
-1.905617990248059668e-02,3.260060244960336084e-02,1.131532685211013474e-02,-2.485974939923291105e-02
2.328376389626183457e-02,1.604972246889366932e-02,-7.460386197572209952e-04,-3.858744774539828171e-02
3.450649955692693810e-02,-1.210411381267414120e-02,7.229298490454830715e-03,-2.963168423470762675e-02
1.971597360545316105e-02,-1.396801381254823837e-02,1.289419157028120523e-02,-1.864215136318611923e-02
1.234424081198405056e-02,-1.284113926495494828e-03,1.355809829789876748e-02,-2.461822518338738219e-02
1.563018721081527868e-02,-5.105995210890413097e-03,9.911890872446827913e-03,-2.043608287237173513e-02
2.466071379662049430e-03,2.338581237617887772e-03,1.183442492083766791e-02,-1.663907753811756651e-02
1.602796792778429791e-03,4.624373760288272642e-03,1.142197978571639176e-02,-1.764915033878313930e-02
-1.391188038007556624e-02,7.883983785278384643e-03,1.049133962160358688e-02,-4.463443026806483346e-03
-1.061854784169577980e-02,9.008274349143464282e-03,1.137188404452300558e-02,-9.761610551970761190e-03
-1.901614373959866627e-02,1.095894154046106288e-02,8.335104226943458247e-03,-2.779020278058244391e-04
-1.279262516289733989e-02,7.905967055316130004e-03,4.850898214012972463e-03,3.575989356825500095e-05
-1.661609552613952864e-02,9.263148078468945446e-03,8.047740236613087905e-03,-6.947927889425169591e-04
1.789802607650959471e-02,-8.775494349397987975e-03,-1.033735941351337194e-02,1.214827686401794265e-03
1.986344535266331909e-02,-1.508513479935515503e-02,-2.099451172226877299e-02,1.621620116896054994e-02
-1.151239417315153349e-02,2.848317617685797425e-03,9.270094182456762796e-04,7.737067137220041135e-03
-2.389611046426840316e-02,3.148785765831332243e-04,-1.932803727401590866e-03,2.551403561508691284e-02
-2.205508767537027459e-02,-1.588676225130750651e-03,-3.372489086678215602e-03,2.701625298717920051e-02
-2.342947605113160359e-02,7.736756027643485606e-04,5.906115723728790415e-03,1.674968472463847502e-02
-3.048411698514135425e-03,-7.120477798827872830e-03,5.023134207302187306e-05,1.011865815526901552e-02
-1.122725392097338043e-02,-1.443788955397682684e-02,-2.729815860563238310e-03,2.839495933551351367e-02
-9.519123445636596846e-04,-6.712846880073147782e-03,1.730443622511758633e-03,5.934315602125067590e-03
1.317797242994233481e-02,-1.746368644534757389e-02,3.800549190371477985e-03,4.851648250338128120e-04
3.959044600306309281e-02,-2.066466610882307375e-02,1.075582493649548162e-03,-2.000136238788955551e-02
2.967294537775302249e-02,-1.793835945030361131e-02,9.484281288478256045e-04,-1.268301405629724231e-02
3.202538030760828519e-02,-2.172194079636035127e-02,-2.798091114332181689e-03,-7.505348396915688912e-03
1.092585221926997349e-02,3.829493139870944474e-03,6.274320211666844593e-05,-1.481808856125758564e-02
-6.475143705327906368e-03,1.864064165044523880e-02,6.700022923994878145e-04,-1.283550023751680799e-02
-1.127350000029598339e-03,-4.240411606422882750e-03,-2.823565919927646423e-04,5.650118198445225511e-03
6.547281223004654087e-03,1.403012729619258596e-03,4.055088234603537213e-03,-1.200538218722746811e-02
-6.623674569043187972e-03,9.077383537381106910e-04,1.209313472804013226e-03,4.506622742501033806e-03
-3.559932154291299555e-02,5.686496654158533851e-03,2.790038721464922853e-03,2.712278616728964684e-02
-2.446630977327934539e-02,1.958752884525296993e-03,3.028819427373653263e-03,1.947873746138039167e-02
7.170373664674360541e-03,-1.469239419556199293e-02,-4.178079150666275804e-03,1.170009968155386916e-02
8.185213244541560823e-03,-3.120593532106240992e-02,-2.872552951496522636e-03,2.589327502801727979e-02
2.496148932739617604e-02,-2.658939396875812516e-02,5.160640286652988648e-04,1.111840612696623045e-03
1.132038805821811156e-02,-3.285621271405343019e-02,5.333400959355176323e-03,1.620242369648016573e-02
1.065349040228050041e-02,-3.905821471371725973e-02,4.980712227257567785e-03,2.342401208417923750e-02
-3.052126306940756290e-03,-4.099942295383773860e-02,4.147535590965455328e-03,3.990401366981299186e-02
-4.021369697077351903e-03,-3.174893782250003127e-02,1.235158181135617228e-03,3.453514933844175488e-02
-1.461223979293065902e-03,-3.082971285166677400e-02,-1.051646166884313708e-03,3.334258299784416402e-02
-1.921957251001188329e-03,-3.497542084683504665e-02,-3.102248790739868273e-03,3.999962688857623683e-02
-1.452393461246142062e-02,-3.948328782519579250e-02,-1.929393633927788034e-03,5.593661607158502413e-02
-2.848748045362462650e-02,-3.015202279009787309e-02,-4.872741497299332668e-03,6.351224474102158679e-02
-1.933004836381505345e-02,-2.265538813044038619e-02,-9.072078405241179935e-03,5.105751489949650335e-02
3.863755487812404587e-03,-9.889550956811017993e-03,-1.528079772912273489e-02,2.130659319812141378e-02
1.356368539588248155e-03,-3.339665985584530997e-03,-1.054371306690098618e-02,1.252701051289727141e-02
7.365829704614117873e-03,1.140625813537250906e-02,-2.888010147295832532e-03,-1.588407769269077272e-02
1.144862216878830830e-02,1.999610566538628093e-02,8.654584374738331400e-04,-3.231018627164844448e-02
6.323443561169316517e-03,2.394990494409813403e-02,-4.644710793205903982e-04,-2.980887742594693843e-02
7.102309366754324185e-03,2.347227930853190356e-02,-4.078463945975961680e-03,-2.649612472931032331e-02
-1.761667710679869464e-04,1.505600021886372743e-02,9.378375457465486058e-04,-1.581767099354230641e-02
1.162290741064299880e-02,-3.004401314148351940e-04,1.315798223522469815e-03,-1.263826550275063548e-02
1.296068952997019540e-02,-9.422784467621497101e-03,-3.700610977751498266e-04,-3.167843964573522231e-03
-7.676197857556575719e-04,1.785941697465645442e-03,5.032627144302748157e-03,-6.050949056012729088e-03
-1.863999507682008059e-03,1.357227363702150948e-02,8.188189986843010318e-03,-1.989646411618257310e-02
-1.002927959897677301e-02,2.247048424054979773e-02,5.246419592730495324e-03,-1.768762423430345759e-02
-6.937877843500792931e-03,1.542097968320139609e-02,2.215330445830026706e-03,-1.069843228553063984e-02
-2.109035946841166442e-05,1.347959427814725102e-02,3.575991515553767798e-03,-1.703449543423266044e-02
3.060438625496487140e-04,2.602347877422762565e-02,-2.191105025607391690e-03,-2.413841761116998844e-02
-6.102427192340129612e-03,3.750531350033257938e-02,-1.626865837864271863e-05,-3.138661764961386824e-02
1.715963290618369511e-02,3.904424880012812016e-02,4.571151375321992096e-03,-6.077503308163366424e-02
2.507064431132978444e-02,3.933678249483518047e-02,1.045015705444969905e-04,-6.451192837670954860e-02
1.034570109861129156e-03,4.569175716258178782e-02,2.996414203971967116e-03,-4.972274147641486675e-02
1.762609713640940837e-02,3.996048592091488300e-02,3.145914322381322247e-03,-6.073249737970568690e-02
-3.649006975353916767e-03,2.693957848395748741e-02,4.928782865530058691e-03,-2.821935437413379544e-02
2.393291494855550802e-02,6.965703720515639512e-03,9.692722115746287741e-04,-3.186789088064573283e-02
3.157979041401104414e-02,-8.027104161132574481e-03,3.778989345481324497e-03,-2.733167559835977117e-02
3.382906931016073371e-02,-1.953592831122116097e-02,1.727194035453046732e-04,-1.446586040248483938e-02
2.807270668749111894e-02,-9.227984043740769526e-03,1.029483917791585573e-02,-2.913956182166612882e-02
2.618565962613286779e-02,-6.029536952166638340e-03,4.554893201771546482e-03,-2.471101587573772476e-02
2.374073349523929746e-02,-3.195590737227617818e-03,8.053775390150694734e-04,-2.135052029702673090e-02
5.324787814172060596e-03,3.745648616238479375e-03,4.174857888000607642e-03,-1.324529431841116843e-02
-6.337659242406034309e-03,5.063328736588532109e-03,6.057031256961902324e-03,-4.782700751144420941e-03
-2.786425542445976084e-03,5.991448911549950886e-03,7.957224678648983085e-04,-4.000745836968885687e-03
-1.682879162745827897e-02,1.183409841493297636e-02,5.295482978005828893e-03,-3.007897654804619317e-04
-2.014957405189688258e-02,1.245320192982878396e-02,9.597666671042604652e-03,-1.901294548974540076e-03
1.530387877797317366e-02,-8.588751333768978105e-03,-1.063590582345951691e-02,3.920778379255292732e-03
1.871768366247961862e-02,-1.556710147958363828e-02,-1.730377507818828611e-02,1.415319289529223638e-02
-1.790418509051739521e-02,1.265117551027123083e-03,5.626433169533676289e-03,1.101263436995658998e-02
-2.360001560974414603e-02,4.045717214068406987e-03,-2.692575002859823059e-03,2.224687339853553131e-02
-7.217103929717806968e-03,-1.600129465023010164e-03,-5.874694681064806731e-03,1.469192807580564815e-02
-2.071251354208015691e-02,-4.479510709413821873e-03,-2.174161548372648047e-03,2.736618579986667063e-02
-1.878251309761882690e-02,-1.157429553069601325e-02,-4.441636808525292399e-03,3.479844543684010305e-02
-3.597865103502352526e-03,-1.002157047765875504e-02,-2.347067071516282036e-03,1.596650265267735708e-02
1.009300858313261565e-02,-4.123418843295359980e-03,4.309668679220634603e-03,-1.027925841905788680e-02
3.738510539986002884e-02,-1.094931147220749856e-02,-3.320370501515819764e-04,-2.610375687750098733e-02
2.704288661249793987e-02,-8.648326996936652605e-03,-6.718197940529396957e-03,-1.167636167503182526e-02
2.623638525591345111e-02,-1.483368000051511412e-03,-6.400036324369864742e-03,-1.835298093149202725e-02
3.436521544623551833e-02,2.543840364106155719e-03,-9.298786490897862148e-03,-2.761026931944379412e-02
1.214553903383857290e-02,7.258574641787007495e-03,2.581683182529289407e-03,-2.198579685815488238e-02
8.512934302623459057e-03,-8.945423859954075921e-03,8.655480056428646596e-03,-8.222990499098040140e-03
-2.615807200449537986e-03,8.304472168252868478e-03,7.609352938990737378e-03,-1.329801790679409519e-02
-1.012310766788901244e-02,9.925636738542990486e-03,5.096069932768718981e-03,-4.898599003422697898e-03
-3.468989806356443523e-02,1.663252613658567150e-02,8.059115920818546788e-03,9.998256006160074691e-03
-1.481604504464625188e-02,1.079084289731954173e-02,9.167230734136272126e-04,3.108479073913110371e-03
5.297337400812784924e-03,-4.326697746107265388e-03,-9.169058677362182516e-04,-5.373378696931546732e-05
1.652866060583842861e-03,-1.036950069477699226e-03,3.102164197499787494e-03,-3.718080188605935466e-03
-4.000652682967520586e-03,-6.036153049116381800e-03,1.968353364591215234e-03,8.068452367492706667e-03
4.063845605349837055e-03,-1.156124489075173456e-02,9.226183441220831352e-03,-1.728784155818909995e-03
4.743340086213302526e-03,-2.528220868655905659e-02,1.060303246237124554e-02,9.935836137974567508e-03
7.550183023650150656e-03,-4.445620004143791687e-02,6.134678884647694688e-03,3.077133813313996311e-02
3.544509464704028237e-03,-5.115052572374834822e-02,8.485626667562102404e-03,3.912038959148222972e-02
7.687495536611102694e-03,-5.254693276038820832e-02,8.940665614981958137e-03,3.591877160879525938e-02
2.347512250214841417e-03,-5.418252109292170937e-02,6.191389774773269246e-03,4.564361906793355100e-02
-3.761454059847961235e-03,-4.000034627706734042e-02,2.720051758021502578e-03,4.104174857889396344e-02
5.003462408852871017e-03,-3.295530905299447894e-02,-5.654531606350396075e-03,3.360637825049195976e-02
-3.380030361453883764e-03,-2.285660573789724884e-02,-3.550471818629464486e-03,2.978710791798057367e-02
-1.253516900794426729e-02,-1.719937744044970282e-02,-8.436927721805124666e-03,3.817147417019906702e-02
-3.198122759472191157e-02,-4.252490911852639666e-03,-4.718353042053755227e-03,4.095207154862828824e-02
-3.009794635203295529e-02,2.869584997746062746e-04,9.936912710759198460e-04,2.881729658118241041e-02
-1.373431245746348228e-02,-8.327122648645100909e-04,4.075424602063029006e-03,1.049160012026496142e-02
9.597117487711836689e-03,-8.606503291965175717e-03,6.515189455477966331e-03,-7.505803651224644650e-03
1.022474019465307270e-02,1.044421720015661220e-02,2.720142623565153552e-03,-2.338910001837488442e-02
1.741665002980755453e-02,1.805236690929022322e-03,1.246098420535752659e-03,-2.046798514127241841e-02
2.713557377888054303e-02,-5.933194739296918964e-03,-1.779952146583094414e-03,-1.942242689300046829e-02
3.291213963822299526e-02,-8.312967342984579205e-03,-8.914896744336065935e-04,-2.370768262080479374e-02
2.236439128947003210e-02,-5.426600178225697395e-03,1.950192150295604419e-03,-1.888798326153996038e-02
5.127869026794316942e-03,1.138200693416525390e-03,1.292598212770199951e-03,-7.558667932981028188e-03
-5.866028688059659289e-03,1.008639764748766633e-02,2.759659468058663252e-03,-6.980028427486664223e-03
-1.665460161287379490e-02,2.302517118946143318e-02,4.473874965750405074e-03,-1.084444454233809106e-02
-1.506567669864031407e-02,4.369628902477601384e-02,7.227035563578021633e-03,-3.585764788971371880e-02
-8.781476355528144984e-03,4.976139488730074723e-02,1.372442597373902057e-03,-4.235236112914671225e-02
-6.733666088049938131e-03,5.127576767933600399e-02,-2.252983837045388366e-03,-4.228911775424078895e-02
-2.298418389879226462e-02,3.557159728849035307e-02,-2.782101525915231868e-03,-9.805311863782834036e-03
-1.421364973350403363e-02,3.057436689459756829e-02,6.422586349679010017e-04,-1.700297579606145290e-02
2.131273472424307508e-02,2.672731357903477059e-02,8.561651500300351478e-04,-4.889621345330778801e-02
4.012257520573764280e-02,3.515042106061819910e-02,3.422617014109289452e-03,-7.869561328046517645e-02
1.266486429761998385e-02,3.694845012556557257e-02,-2.983936601245603618e-04,-4.931492076306075861e-02
7.136300512031180411e-03,3.779609501388699055e-02,3.467103095394455815e-03,-4.839949862131247976e-02
2.963788731983542108e-03,2.359961175040147310e-02,3.739768939229689334e-03,-3.030316942161475832e-02
1.277136096474045489e-02,1.059541681010449377e-02,1.152059081951804429e-04,-2.348198368304016057e-02
2.995995866814743849e-02,-7.015385454782868332e-03,1.795393990057167705e-03,-2.473996720342180530e-02
2.956485089738319222e-02,-1.102323758799303097e-02,-3.011843415309873456e-03,-1.552976989408029473e-02
-1.278539344150282251e-03,-9.682080093887823757e-03,1.665567085603742695e-04,1.079406272947775781e-02
2.500512940754789221e-02,-7.207348193938751917e-03,1.134019230679541657e-03,-1.893180044428858372e-02
2.092364551958759977e-02,3.142179173412207056e-03,1.404232515020371018e-03,-2.547005720802021644e-02
-5.611778339101113934e-03,5.860815829999513685e-03,8.263659521333103011e-03,-8.512697012231486282e-03
-1.411966837965747965e-03,6.948341081740205989e-03,2.905068422006966931e-03,-8.441442665781376600e-03
-5.957214933117254210e-03,5.764068845449435950e-03,1.828162743757324321e-03,-1.635016656089497171e-03
-2.066539383016004205e-02,1.055974489205103485e-02,9.229772333687621608e-03,8.758766044213515522e-04
9.483996261849730880e-03,-6.410959889588158274e-03,-6.084758559021950265e-03,3.011722186760384598e-03
9.459075060032292454e-03,-1.167865737143325248e-02,-1.231353779471322692e-02,1.453312010611419215e-02
-1.769381302989926283e-02,-1.193364523589762619e-03,3.329824258207689930e-03,1.555735329528133010e-02
-1.784578030202526450e-02,-1.270457346350947715e-03,-9.932192422395203293e-03,2.904843007077143394e-02
-1.653237214977591393e-02,8.037573164859727328e-04,-3.720162442712457353e-03,1.944877727600241579e-02
-2.058367035637007417e-02,-8.861422603425248012e-03,-2.029482232875544790e-03,3.147457519267091858e-02
4.375655105711318845e-05,-1.173734396644452761e-02,-1.366322192481974913e-03,1.305990960786937091e-02
9.261186796996894940e-03,1.900087750984305515e-03,1.785109658501396425e-03,-1.294638420648256891e-02
3.377564812033983371e-02,-1.599575878030478487e-02,-3.468692176949852990e-03,-1.431119716308513513e-02
1.767219982091329522e-02,-1.681542769248305091e-03,-6.481750235481654673e-03,-9.508906816183293823e-03
2.171007502747817827e-02,-9.983789480501034652e-03,-7.375381830566895072e-03,-4.350903716410307528e-03
3.557364777105638531e-02,5.355126026113124667e-03,-4.984868445636735784e-03,-3.594390535153282884e-02
2.286653394421922850e-02,-3.314647891458812577e-03,3.657657523189270909e-03,-2.320954357594968639e-02
9.340606024575218158e-03,-8.901454729091833398e-03,4.270042542409668331e-03,-4.709193837893086917e-03
-4.219516342851410001e-03,-1.465539845269593546e-03,4.812849332543021885e-03,8.722068555779886011e-04
-1.572443262637335248e-02,1.597463989989476862e-02,5.786254989143594513e-03,-6.036462262664994173e-03
-2.419285400270277525e-02,2.080499774941470259e-02,5.232478359676366424e-03,-1.844622106388329758e-03
-2.359381597278566167e-02,2.169579006633376092e-02,5.481338205144914606e-03,-3.583312298693010385e-03
1.469992566932573630e-02,-1.825895531083226346e-03,5.418524413214520843e-03,-1.829255455145702494e-02
-1.671381466423109072e-02,1.599091158221723277e-02,7.981471283513397186e-03,-7.258568201499485464e-03
5.160328535533449668e-03,-4.355908705333713660e-03,1.188378775100753897e-02,-1.268820758120726457e-02
1.313835119580043093e-03,-1.883116384917180378e-02,1.070186675571436520e-02,6.815461973877343441e-03
1.679393184971983075e-02,-2.490525881674884520e-02,-5.002592715814731424e-03,1.311391968284385257e-02
1.467370805063695702e-02,-2.090477366606543347e-02,-1.034313094950091438e-02,1.657419656492934573e-02
1.569323681880581065e-02,-1.909067029049777570e-02,-3.648533034640748848e-03,7.045966506332795865e-03
2.519770590492485460e-02,-3.151894446753014667e-02,2.696835986343831121e-03,3.624402576261467456e-03
1.978452403450058419e-02,-4.105073790252189436e-02,5.879641213426463689e-03,1.538657265459490893e-02
1.805317635358464484e-02,-3.556116457022930749e-02,-1.001503107143181855e-03,1.850949132378776341e-02
6.960330433183577366e-03,-2.566225281697517846e-02,4.399507258515795126e-03,1.430241512527581117e-02
-8.294583606211722651e-03,-1.666951739002963187e-02,1.986382530927859914e-03,2.297771846531342088e-02
5.579048285054713854e-03,-2.656036346598832087e-02,-5.110804787975473107e-04,2.149239565973116994e-02
1.275255665673581500e-02,-4.268558928046196910e-02,-4.224564117041270869e-03,3.415759674076763314e-02
1.822466008037774629e-02,-3.943065803867402963e-02,-1.013848818926213653e-03,2.221984677722242327e-02
1.914045122893046416e-02,-4.086584439257399948e-02,-4.155671950724462368e-03,2.588106511436811044e-02
2.042702120591714798e-02,-2.951359317007699531e-02,-3.001278711281551905e-03,1.208785067544146559e-02
3.090925209354654368e-02,-1.281020741601146193e-02,-8.975026485447474417e-03,-9.124018192087520601e-03
4.131003655788076379e-02,-3.239566077083901041e-03,-6.430653351310764917e-03,-3.163981712948620711e-02
2.618705053647153377e-02,6.805882766186724386e-03,-5.154195770210991644e-03,-2.783873753244723789e-02
2.097678167675554733e-02,9.949571714277164261e-03,7.431625300326602426e-04,-3.166951592106537899e-02
3.335550242334441723e-02,6.957925393170250918e-03,-4.377498958518123012e-03,-3.593592885799655468e-02
3.654154900436398790e-02,1.044634406190988150e-02,-7.933048219222832431e-03,-3.905484484705129544e-02
2.552889303896510934e-02,1.196331349513236018e-02,-1.737761673069359355e-03,-3.575444486102810626e-02
2.438744248853461083e-02,1.611146241485167038e-02,-1.773695885977841051e-03,-3.872520901740841154e-02
1.463508074524586845e-02,1.919523845222125685e-02,3.131586508709138187e-04,-3.414347784833799554e-02
-6.380046412964070386e-03,2.271366846158842656e-02,5.296021910879252165e-04,-1.686322423971221493e-02
-2.806506635305536929e-02,4.218800885583366689e-02,5.322043878122237510e-03,-1.944498638090047526e-02
-1.846865205179749544e-02,4.630358219473370424e-02,6.774361581005617326e-03,-3.460929172394169168e-02
1.262355443565784351e-02,3.297616568403617665e-02,-5.359541185317994241e-03,-4.024017893437589755e-02
-1.526650649886046292e-04,3.308672822606920777e-02,-3.559249306623597179e-03,-2.937481385445701865e-02
8.531913993553567888e-03,4.216632002614811164e-02,-1.489583438122611334e-02,-3.580239963847556273e-02
-2.290613211276841987e-04,2.686494723572680279e-02,4.536437948259960831e-04,-2.708952970942515165e-02
1.681387720751114159e-02,2.417640511413274296e-02,-9.704095590489373568e-06,-4.098057822605348510e-02
1.991144012978483813e-02,2.506263255274719312e-02,1.296443201465251804e-03,-4.627051588399734572e-02
-1.776760204295110140e-02,3.541550588204468025e-02,3.901707454042807176e-03,-2.154961129313642462e-02
1.808763675905184637e-02,7.558985013527688354e-03,2.367073380123498137e-03,-2.801369515270299773e-02
1.104439983687499627e-02,1.539181178058159766e-02,2.762167121022130953e-03,-2.919837873847869886e-02
7.640498056730345156e-03,-1.930410486442491131e-03,-1.551433197214732371e-02,9.804244401859452118e-03
2.261602879204115124e-02,-7.385439376388140860e-03,-7.492256521974936453e-03,-7.738332893678051376e-03
2.046344960942721516e-03,-6.541979653232776748e-03,7.827087545643426209e-03,-3.331452853353411743e-03
2.060045754190132847e-02,-1.196960317989349647e-02,3.006693798799213793e-03,-1.163754816080700416e-02
1.961571107390977509e-02,6.698181301348611963e-04,6.465386391779538331e-04,-2.093206784322263619e-02
3.200389672578273555e-03,9.154559281677370278e-03,5.570077709449623715e-03,-1.792502666370519859e-02
-3.844994601738020105e-04,7.197593534687958365e-03,1.683929616045537090e-03,-8.497023690559678266e-03
-1.724655309577781750e-02,8.914801498460980800e-03,9.540368158690469211e-03,-1.208616561373634457e-03
6.691439698459963024e-03,-5.244655375752799512e-03,-6.460712750460994962e-03,5.013928427753816704e-03
3.753608091234748347e-03,-1.055474810192518105e-02,-8.243497157247486537e-03,1.504463716793794092e-02
-4.311153183128826200e-03,-4.898218668760767440e-03,-6.813608304912037970e-03,1.602298015680161947e-02
-1.245739180278344210e-02,-1.099028957842218459e-03,-5.434323476156511373e-03,1.899074423678212900e-02
-6.613913550133930508e-03,-1.407595488259897774e-03,-2.288559197317189403e-03,1.031006823571100142e-02
-8.049442984672236512e-03,-9.053245809642779598e-03,-2.363226147284062072e-03,1.946591494159911895e-02
3.450840771095050382e-03,2.400988636223776954e-03,7.326552800564437723e-04,-6.584484687375284119e-03
1.516341676417967514e-02,-8.719379887230397849e-03,2.619378202207681052e-03,-9.063415079156962248e-03
1.588805219279981404e-02,-4.420960872815247848e-03,-2.219257001179197018e-03,-9.247834318805435092e-03
1.662420849017250471e-02,-8.090519236905102315e-03,-5.886512740545765980e-04,-7.945037979212815279e-03
3.595845170053848378e-02,8.401230177165899121e-03,-7.157937740991454460e-03,-3.720174413671278879e-02
1.220257679246878300e-02,-8.599228285823241153e-04,6.274694247176462389e-03,-1.761734821106297755e-02
1.974753915609081881e-02,-1.113655698340220747e-02,4.988855144555747086e-03,-1.359983731724433501e-02
1.925454551250618557e-03,5.675134776834440606e-03,2.377923016363896018e-03,-9.978512344448948676e-03
1.055166705664073792e-03,1.525277917394240838e-02,6.214917143083895784e-03,-2.252286302269037796e-02
-4.750889717740554817e-03,3.427219390767274193e-02,1.217081905369865776e-02,-4.169212324363093247e-02
-6.849898389890982445e-03,2.612007533477829838e-02,1.030053027275023257e-02,-2.957070721763745136e-02
5.515845540383870586e-03,7.918060204949090020e-03,8.373327576832168689e-03,-2.180723332216520302e-02
-4.266974686405170664e-02,2.958810761525801358e-02,1.749418717427006498e-02,-4.412547925476523712e-03
-1.055433147708656309e-02,4.939114286790866754e-03,8.834059624167084346e-03,-3.218842433871391042e-03
4.340904423944995892e-03,-5.605946359335774350e-03,8.708187834380183914e-03,-7.443145898989403722e-03
-8.579467815469934977e-03,-1.225815808777427039e-02,3.597032669249725090e-03,1.724059323399445426e-02
-2.033081454595023554e-02,-2.360048381929790579e-02,7.721437005217130813e-03,3.620986136003109812e-02
-6.742038655945791284e-03,-3.679811782673924475e-02,3.007895015234980066e-04,4.323936698116164629e-02
-2.369363165762200865e-02,-3.238892355269854667e-02,-3.505063824842305346e-04,5.643306159280461753e-02
-2.761319166917333354e-02,-2.557062284967138305e-02,3.527286195635574283e-03,4.965652832320912452e-02
-2.076975310586549536e-02,-2.244369357036751778e-02,-4.727929357045261918e-03,4.794137603327822128e-02
-1.978426446071614164e-02,-1.310341878774585501e-02,-9.315728595545410412e-03,4.220341184400747125e-02
-3.492981882131745291e-03,-1.240364609627460021e-02,-7.994945645133396186e-03,2.389157362353968445e-02
-3.536629702035371577e-03,-2.038108209291758857e-02,-7.983276070604564817e-03,3.190098786555761040e-02
1.190803640329467575e-02,-3.470607564423055375e-02,-9.449000667783016751e-04,2.374293930771414693e-02
2.033708495601708674e-02,-3.149891343018407924e-02,1.344267797783937771e-03,9.817560676383035867e-03
1.906443056933744204e-02,-2.885570586097808629e-02,2.127106181021488299e-03,7.664169110619242255e-03
3.825273897283598679e-02,-5.508853828557760957e-02,-1.519796572286558241e-02,3.203376503560700916e-02
3.908441761730180319e-02,-2.940619438134160074e-02,-1.148903628996156973e-02,1.810813054001310894e-03
2.333032272826209702e-02,-9.001269771924997123e-03,-1.137554146020328382e-04,-1.421529754173503010e-02
1.757128901965074666e-02,-7.870770443306687389e-03,1.084890577740585003e-03,-1.078540915408457423e-02
1.871093572619877271e-02,1.354288500585223813e-02,8.698044293059363496e-03,-4.095186502511018178e-02
2.355559418346641135e-02,5.711791647969886865e-03,7.892338999032201194e-03,-3.715972483046846991e-02
2.017003564687585085e-02,3.641430424117240213e-03,1.022144199628481111e-02,-3.403290806727793383e-02
3.189999711456158876e-02,-4.367938571867871662e-03,6.964738720243263299e-03,-3.449679726293709836e-02
1.814139082373613515e-02,3.552254822432819679e-03,1.478430440159351003e-02,-3.647795004776247657e-02
1.710169429412222372e-02,9.151953274327663881e-03,7.704996988225258116e-03,-3.395864455667499393e-02
2.080937308086799539e-02,1.125664383459907755e-02,1.550356492387985820e-04,-3.222105256470594870e-02
2.790769454559462182e-02,8.747959306872648416e-03,-7.127195068518699626e-03,-2.952845878394853157e-02
9.976992978868172782e-03,1.876540436469258805e-02,-5.288259582370679474e-03,-2.345413776119007962e-02
-5.093892153027613189e-03,3.309817170902584066e-02,-3.372702851226174608e-03,-2.463157670477198954e-02
-1.335986583466704063e-02,4.118284758506351312e-02,1.695338085091516742e-03,-2.951831983548796473e-02
-1.017273879099819638e-02,3.969393835417908689e-02,1.697833870173472712e-03,-3.121903343335418607e-02
2.373150670456235754e-03,2.008359582423323644e-02,-1.178988518907729050e-04,-2.233884764279863225e-02
1.442609744158580148e-02,2.816779868365464415e-02,-1.438766688280782155e-03,-4.115512943695981418e-02
4.368740553729393711e-02,4.998154845902776089e-03,-5.438730991908630880e-03,-4.324682939128795395e-02
9.506097190013969647e-03,1.378781362066828359e-02,6.126101287796024107e-03,-2.942001209847823831e-02
6.252713015647811193e-03,2.077705328978795077e-02,1.872685167493616867e-03,-2.890245147292946210e-02
-2.411087776888012901e-02,4.262278154923042350e-02,8.645256898360768189e-03,-2.715716067871108350e-02
5.548642179948650062e-03,2.270849914106900028e-02,2.257491049149812183e-03,-3.051463237016753885e-02
-1.668568788438180156e-02,3.039527889102490096e-02,-8.309284662867068207e-04,-1.287866254035633165e-02
-5.005737783949588742e-04,-4.340813263211658855e-03,-7.159938523605681622e-03,1.200132556521228515e-02
3.071973090430614103e-02,-2.986474927879716017e-03,-1.546476817978540037e-02,-1.226848779664102551e-02
1.569007391886883748e-02,-4.364060089705704137e-03,2.612379656758142404e-03,-1.393839348592132085e-02
9.220128810349307799e-03,-4.395971246062201033e-05,1.244129279430781967e-03,-1.042029837731946185e-02
4.215996186150653552e-03,5.681052754072574151e-03,1.699993224064731950e-03,-1.159704216428794100e-02
8.604300160182112855e-03,2.656778333734158629e-03,7.634962821678667726e-04,-1.202457477608417057e-02
-2.100914666812530099e-02,9.885993553887877441e-03,9.958554443185404711e-03,1.164598671052004958e-03
6.301879916750326507e-03,-3.486713818613132801e-03,-6.104570158404421659e-03,3.289404060267226652e-03
2.499842958474278801e-02,-1.438933174141595467e-02,-1.801263793953374048e-02,7.403540096206961789e-03
-1.348384761863268694e-02,-3.870285458618022683e-03,-2.989427812930131427e-03,2.034356089018081459e-02
-1.610422889236737959e-02,1.857501695037188294e-04,-4.696117064941366173e-03,2.061459578780499430e-02
-1.527311753147265160e-02,-7.942802952435046304e-03,-1.803765222319418876e-03,2.501968570622710789e-02
1.005780627860050278e-02,-7.732657666807243521e-03,-3.377948940558140462e-03,1.052800328764860825e-03
1.303003290788696047e-02,-1.038378668776251262e-02,3.492202379800924891e-03,-6.138448599925392692e-03
3.074240084692943589e-02,-1.680464899093273359e-02,-4.331672327189649459e-03,-9.606079528807067586e-03
9.569809531508280398e-03,-4.241804799878854185e-03,-1.093659423974255524e-03,-4.234345307655164835e-03
3.403957388351415425e-02,8.599257863580926295e-03,-7.542226647727863498e-03,-3.509660509936732287e-02
-1.606463796563908399e-03,-5.327138306378512329e-03,4.367977320332314811e-03,2.565624782610102014e-03
3.107862491352984119e-02,8.736966181744808746e-04,5.029585058365176019e-03,-3.698190659006952291e-02
2.138465071663264022e-02,-2.736918007420733375e-03,5.306820297162198781e-03,-2.395455300637408177e-02
-1.828910273278991448e-03,1.392788224672804158e-02,8.306587678022449642e-03,-2.040555965147154011e-02
2.660404711708070843e-03,2.432398762467736023e-02,1.306922311911017792e-02,-4.005361545549567664e-02
-1.289168405527634030e-05,3.221127416809006078e-02,8.078740835003062407e-03,-4.027712331903767623e-02
-8.279462333577018024e-03,2.227491136416528961e-02,5.519445988272178930e-03,-1.951489501886052164e-02
-3.683174733720934180e-02,2.936395679672249362e-02,1.619346468992037547e-02,-8.725674149433523819e-03
-1.432272874366310317e-02,1.073790515853358801e-02,3.702058790273934658e-03,-1.172352051444232703e-04
-1.011781798010670010e-02,-1.137598369494292015e-03,6.589177437655124696e-03,4.666238911945890834e-03
-2.634013330995942179e-03,-1.492903845874705808e-02,1.707996454850442070e-03,1.585505533489248164e-02
-5.208929892185629358e-03,-8.602971620917772982e-03,6.419550467448280166e-03,7.392351045655162940e-03
4.371768855488737844e-03,-1.822397813895013444e-02,7.286390172830509680e-03,6.565819110630901657e-03
1.638593915926259484e-02,-2.361542501957620763e-02,2.630086997554559151e-03,4.599398862759078790e-03
-1.350477512689439441e-02,-4.783569283684793207e-03,8.085993410352711533e-03,1.020235100022647869e-02
-2.947666458784737806e-02,-6.867700652089128808e-04,7.222372567265867432e-03,2.294106208579034176e-02
-5.347090723141129792e-02,2.400114590504208965e-03,8.318508433483742456e-03,4.275228420742325369e-02
-5.556270672651658638e-02,-6.130874252103961971e-04,9.117475935895401210e-04,5.526404655813751260e-02
-3.504165464124040646e-02,3.282575947368266984e-03,-6.340968828377889499e-03,3.810004752224990104e-02
-3.489775983820952304e-02,1.042657406003737360e-02,-7.727218580537665790e-03,3.219840435870978401e-02
-2.318322556191150172e-02,3.625299966527223503e-03,-1.027993274445135330e-02,2.983785833983561980e-02
-2.075948439616861693e-02,-9.106220966184725915e-03,-6.089081868037447137e-03,3.595478723039090968e-02
-6.724799566874986242e-03,-1.496012293750602871e-02,-6.895519573802658293e-03,2.858044207818359952e-02
-1.904482428881989695e-03,-2.848404183372683918e-02,-6.168451226104694138e-03,3.655697548871347791e-02
2.125111586067043173e-02,-2.610216756101137181e-02,-8.312849666990100930e-03,1.316390136733104448e-02
1.094240751226900794e-02,-8.363635695058449504e-03,4.395925859154291293e-03,-6.974697676364845396e-03
5.756444631927674568e-03,-5.930078170381129429e-04,8.814595450375509178e-03,-1.397803226526504218e-02
1.878098528543422491e-02,1.701675052988632988e-02,8.353705876548826043e-03,-4.415144169186925593e-02
9.697909241210139752e-03,2.265748230835038304e-02,5.145856398225046556e-03,-3.750124794778560144e-02
1.436515662797954555e-02,1.407777973092107747e-02,-3.437883646559588072e-03,-2.500505271234105056e-02
1.005921095313565793e-02,1.369879198975006672e-02,-4.073897829291197280e-03,-1.968410511359451956e-02
8.581738335841457288e-03,7.080522342277672902e-03,-2.088372759366657460e-03,-1.357388791875247143e-02
2.217793378071287666e-02,8.867337736149087310e-03,-6.258691791988191429e-03,-2.478657972487373004e-02
1.801638086925970439e-02,1.461549885882676425e-02,-4.040665418035201649e-03,-2.859121431005133898e-02
5.065903488341406448e-03,1.773294608673953165e-02,-1.363486167195400011e-03,-2.143536340788551250e-02
3.241832568751028959e-02,2.036081437535178923e-02,-8.106055722322116214e-03,-4.467308434054000771e-02
3.074500618517938752e-02,1.804445891639596192e-02,-1.582812448948692219e-02,-3.296134061208848970e-02
4.601889228010720700e-02,2.846677527318081449e-02,-1.754028378453139497e-02,-5.694538376875654673e-02
1.495941423776474960e-02,3.364537715933708234e-02,7.414226029631126164e-05,-4.867893365739798389e-02
1.762716123668068430e-02,2.997055334699845475e-02,7.078325131312557077e-03,-5.467603971499172127e-02
1.615346202597797362e-02,1.551510444346469730e-02,3.697895037113135570e-03,-3.536646150655583382e-02
5.117846192334796901e-02,2.642691039638070047e-02,-8.466675579114074299e-03,-6.913869674061469406e-02
3.764869859576542438e-02,-1.063048107706316726e-02,-5.851838871704121044e-03,-2.116637864699819765e-02
5.627563702507716419e-03,5.151724382061403235e-03,8.792960589269805532e-03,-1.957224867383887748e-02
1.736759129851444053e-02,-1.352424084823019776e-03,4.806164771390440162e-03,-2.082133198508187913e-02
-1.306449337527858072e-02,3.143820992176298013e-02,9.650454052920870093e-03,-2.802417059940518276e-02
-5.718933745983030385e-03,2.045219189807555640e-02,6.765883465863895517e-03,-2.149914161795632786e-02
-1.042980774798989325e-02,2.546218120364544119e-02,6.580700862132236352e-03,-2.161307431778781291e-02
3.622936502545347562e-03,-9.556080694949661836e-03,-7.378022328298752472e-03,1.331116652070307889e-02
3.037601081432302411e-02,-1.424676651387729413e-02,-1.510426301590172930e-02,-1.024981284544020836e-03
1.521468668676705105e-02,-8.512391870305228286e-03,-2.466320598150308942e-03,-4.235974218311526832e-03
-1.066709700578721170e-04,9.215942366199081012e-03,1.953322603905238274e-03,-1.106259400004643186e-02
7.704021810032034203e-04,8.502533640219998162e-03,5.254756588091886137e-03,-1.452769240931512003e-02
-1.291637787138857039e-02,1.053998676004977084e-02,1.203754680110570921e-02,-9.661155689766920060e-03
1.000386859881253511e-02,-5.594615055836165383e-03,-7.289377348547293120e-03,2.880123805570879159e-03
2.105551875643791454e-02,-1.518670339425152484e-02,-2.017390979067476900e-02,1.430509442848833940e-02
-1.105819602328293218e-02,-5.020407992630300173e-03,7.428566062182593113e-05,1.600431835529143171e-02
6.741834518922744553e-03,-1.931569883433514011e-03,-3.295556799214025955e-03,-1.514707836275206972e-03
-8.413357241685282678e-03,-1.388658719627139425e-03,-8.005130937789555270e-03,1.780714689910196588e-02
6.691660474473872834e-03,-1.934612318718689728e-03,4.185429744235890856e-03,-8.942477899991065071e-03
4.251684697899575302e-03,-2.243019727175801781e-02,1.105554808952659762e-03,1.707295776490570793e-02
6.751259626938993681e-03,-1.355459472152618569e-02,-1.148905515092240280e-02,1.829239024550964252e-02
2.206397462522244335e-02,-8.988435514449430452e-03,-3.436440655244226306e-03,-9.639098455528702022e-03
-1.490879149752618454e-02,-7.685180939064503031e-03,5.611349395342028062e-03,1.698262304124859012e-02
1.138347185000313649e-02,-5.472054860544367169e-03,3.704593542343238410e-03,-9.616010531802006434e-03
3.474695468303445889e-02,1.033894645319629810e-03,8.901307444268459761e-05,-3.586986240279670113e-02
-8.943538928462448426e-03,1.156723318584954030e-02,8.274866363599316099e-03,-1.089856062098642185e-02
1.409502981346513750e-02,1.916400135306665919e-02,7.907595803619655098e-03,-4.116662697015140843e-02
-1.447790778226572088e-02,3.713765465426199786e-02,1.375626068165044158e-03,-2.403537294016124676e-02
2.138754087509543537e-03,2.374475132117808210e-02,-1.249423439136180917e-03,-2.463408196955137880e-02
-1.548023456228945702e-02,2.130282720502942040e-02,7.886296710636789969e-03,-1.370888935337678458e-02
1.283573224964068733e-02,-1.412970180125990884e-03,-1.437496166320119569e-02,2.952199593686496201e-03
5.773285743835099813e-03,-1.124270072407303027e-02,-5.144171257689989472e-03,1.061358623792797197e-02
1.914206857198891276e-02,-5.713192838364402823e-03,-1.477882851158339970e-02,1.349952777958875237e-03
1.865917209705324556e-02,-8.069137686100647314e-03,-1.866014492447483353e-02,8.070110513522205792e-03
2.068803990227536041e-02,-4.989489390163538360e-03,-1.193554971211994824e-02,-3.763000799991947972e-03
2.269942935052601807e-02,-1.325189220917219989e-02,-7.063682424643434946e-03,-2.383854716710391477e-03
3.124503294954173241e-02,-8.259375790284524677e-03,-2.865888204334919240e-03,-2.011976895492230757e-02
1.840590970506658999e-02,-3.735835988577760735e-03,-1.632801541848256282e-03,-1.303727217464060659e-02
1.712867561977685082e-02,-5.994614976390281015e-04,-1.175218323246681384e-03,-1.535399579889116031e-02
-1.387575135244991341e-02,3.321362097000245955e-03,-2.555008044603059904e-05,1.057993933589570362e-02
-2.273603346382432194e-02,9.051584498575938886e-03,3.510291941441259496e-04,1.333341977110416576e-02
-2.933935679942182434e-02,1.533246971857555804e-02,2.324522963928143341e-03,1.168236411691813727e-02
-8.459575971303428740e-03,1.982458691779562330e-03,-2.285278695250493944e-02,2.932990423202877159e-02
1.523721803425496504e-03,-1.645727116397126353e-03,-1.719857351079252111e-02,1.732057882376413296e-02
1.793075974007134893e-02,-1.708542764309054635e-02,-2.166358612855543569e-02,2.081825403157451862e-02
7.447376105667070922e-03,-2.772929397989411585e-02,-2.007498992530500070e-02,4.035690779953216012e-02
5.861197652451638138e-03,-2.087895023785626275e-02,-1.778915105580236231e-02,3.280690364120698865e-02
-1.299293818942177416e-02,4.633649433418487724e-04,-4.204257536386242153e-03,1.673383078246620803e-02
-1.836157693949478503e-02,-3.692017825429803982e-05,1.160696459728995447e-02,6.791532520459105798e-03
-2.391779846244576624e-02,8.963716740267387365e-03,1.181742100307555353e-02,3.136660719102851366e-03
-6.019062709666136990e-03,8.562384677113892006e-03,7.592350192751880743e-03,-1.013567216019965050e-02
-1.060085043954800584e-02,1.326202884578825229e-02,5.852243459282977997e-03,-8.513421865523214047e-03
-9.554258701034500784e-03,1.489331673500496681e-02,-2.839639373565138163e-03,-2.499418660405299669e-03
-1.205394239495966718e-02,5.907656728615904435e-03,-4.681912247054677810e-03,1.082819791339845704e-02
2.165936796698436639e-03,-3.841546760644722058e-03,-6.208502049798525838e-03,7.884112013744797379e-03
-3.779043922799496698e-03,-1.691850386392007967e-03,-2.294645561914373209e-03,7.765539871105874188e-03
-5.476670146706294137e-03,3.497852418266972352e-03,-2.518206878007986458e-03,4.497024606447300003e-03
-1.189523911336089115e-03,5.738842023638833154e-03,-5.716368439779082392e-03,1.167050327476337919e-03
3.351520572457973579e-02,-9.822148809036589621e-04,-1.446879957177505359e-02,-1.806419127190099505e-02
5.124389241273601125e-02,-6.847207076196054794e-03,-1.605731962618645731e-02,-2.833936571035353819e-02
2.985338401973295155e-02,1.614455615325935053e-02,-1.870682649464768324e-02,-2.729111367834459456e-02
4.245964529690566397e-02,3.522108885256093613e-02,-1.577218026489828062e-02,-6.190855388456839581e-02
3.657134425985273524e-02,3.106234802863165612e-02,-1.502061269848716830e-02,-5.261307958999713458e-02
1.298192772198196974e-02,2.320872862960108446e-02,7.144879044601246988e-03,-4.333553539618417716e-02
8.891211705281782188e-03,4.276510675904291597e-03,4.488857926057339062e-03,-1.765658030724336774e-02
4.150317551928485449e-02,1.393070143813663307e-02,7.647785799000697245e-04,-5.619865553732163871e-02
3.527949191878904794e-02,3.396797893168934223e-03,-9.424644761834997247e-03,-2.925164505012290903e-02
1.326112073694137895e-02,-2.982338154134329174e-03,7.488841427010880201e-03,-1.776762400981782980e-02
1.680748254439160200e-03,-9.452779365633335804e-03,7.477925288337576755e-03,2.941058228565867055e-04
-7.348337328563742110e-03,2.302946729212711555e-02,1.045180691507833007e-02,-2.613293687864166881e-02
5.782740591401059824e-03,1.353148052728593911e-02,5.952767272781325607e-03,-2.526698839146833062e-02
-1.575021511231368757e-02,2.423308955120215963e-02,3.880344914117683872e-03,-1.236321935300613815e-02
1.167577374935095148e-02,-1.650401429706283007e-02,-5.961826768008176083e-03,1.079006731572002518e-02
1.795302185240572543e-02,-1.370957399385158183e-02,-7.471121868443296281e-03,3.227674009889126665e-03
3.033867449545035733e-02,-8.161553695730860286e-03,-1.819521550059546161e-02,-3.981905299124012879e-03
1.465090363623656198e-03,7.062711008169102710e-03,-6.899597220955420778e-04,-7.837841649697217805e-03
6.373053903423076417e-04,7.672594264886909744e-03,8.647400249273302919e-03,-1.695729990450249927e-02
1.033268222598684831e-02,-6.188727725385236890e-03,-9.716813560201969374e-03,5.572859059600363159e-03
2.509563884021733665e-02,-1.453161087384584500e-02,-1.565063871180075519e-02,5.086610745429190686e-03
-8.065732107564293346e-03,-4.057027609775121398e-03,-2.806380252197203037e-03,1.492913996953664293e-02
1.843461555523084189e-02,-5.092388838383163883e-03,-7.313159915583196564e-03,-6.029066801264505726e-03
5.656548428023498547e-03,-2.440230911831517673e-03,-1.632409923226879958e-03,-1.583907592965115661e-03
2.116100016673563844e-02,-1.760948892206890687e-02,-1.315340181927433967e-03,-2.236171062739324492e-03
-4.624350284425661462e-04,-1.896941152318187482e-02,-2.334984045332295227e-03,2.176683059695679739e-02
-4.420671402085554237e-03,-1.052500041444642646e-02,1.204779871023353927e-03,1.374089194550857235e-02
-2.696687182059321307e-03,-1.689544388366105362e-02,2.287336315496895159e-03,1.730479475022356217e-02
-9.061863945120133060e-03,-1.109083895314836622e-02,7.957422682599213717e-03,1.219528021566932199e-02
2.653764320323341933e-02,8.026872707254241283e-04,5.583978290234803063e-03,-3.292430876419372848e-02
-1.834996080056646925e-02,2.299135651295357990e-02,6.634846735661847211e-03,-1.127624244804893011e-02
1.132438078515544955e-02,7.332662931439551564e-03,6.932986558494023087e-03,-2.559003027508901379e-02
-1.893622059451438577e-02,3.331487153283473751e-02,4.644453236143527251e-03,-1.902310417446398394e-02
-6.439243329486111014e-03,1.780431083800090158e-02,1.895668157937572401e-03,-1.326073566645238552e-02
-2.543439621281975635e-02,1.607900381262687348e-02,1.182400731364046265e-03,8.172991668828845715e-03
9.834463822199199234e-03,-2.722081654383859926e-03,-2.042043531070778309e-02,1.330805314289245679e-02
-3.638742395767946558e-03,-8.987536682288311748e-03,-5.676759798696474381e-03,1.830303887675266417e-02
1.540167305946364348e-02,2.791096016082558317e-03,-1.178689916615701175e-02,-6.405869909389115893e-03
-6.799484401181189568e-03,7.419648876260336902e-03,-5.497178889253612937e-04,-7.044658615378333009e-05
-5.074690680672322082e-03,-1.414912248175539088e-02,1.265949696141835520e-03,1.795786346628588936e-02
6.380993582000910741e-03,-1.499668307141433649e-02,4.820785552312247327e-03,3.794903937101175816e-03
4.816931638366390989e-03,-4.828792994347938343e-03,1.216504528985929692e-03,-1.204643173004376700e-03
7.374692817513345613e-03,-1.101598991856505422e-02,8.143362780829898478e-03,-4.502065679778206354e-03
1.760417336799023624e-02,-5.067645396792207560e-03,7.035076395657249501e-03,-1.957160436685531982e-02
1.742834333427751778e-02,-1.019712247260962622e-02,-1.038663952020053936e-03,-6.192556909647851070e-03
8.191810774048119762e-03,3.927144557225543953e-03,3.318723705591314528e-03,-1.543767903686494095e-02
1.731741572418079265e-03,9.330559368075117682e-03,1.488822946572046328e-02,-2.595053040621367324e-02
7.324417926904665602e-03,1.685032076185235574e-03,1.241529771112812562e-02,-2.142474771421803981e-02
-3.529169174454897112e-02,1.070224157537733554e-02,-3.295267043643986590e-03,2.788471721281573709e-02
-2.338277916765158643e-02,3.927271107778497472e-03,-1.461786520336228606e-02,3.407337326323534726e-02
-4.552713562838354294e-02,7.012985540878624233e-03,-6.110055964178770331e-03,4.462420605168369164e-02
-4.253799598485045325e-02,3.141518684399926317e-03,-7.291921576477324030e-03,4.668839887692775165e-02
-2.782984440908149379e-02,2.275592441884486793e-03,5.552784562621757377e-05,2.549872412157090304e-02
-4.292517245937075426e-02,8.326562547192080735e-03,1.234514312311674883e-02,2.225346678906209644e-02
-2.481803837028023416e-02,1.136119587917239215e-02,1.726128597440291720e-02,-3.804443483295137218e-03
-2.752861777263731699e-02,1.078748445745087055e-02,1.900522303834880494e-02,-2.264089723162387990e-03
-1.726753198257230740e-02,1.544229032388225696e-02,2.214436551890060570e-02,-2.031912386021040434e-02
-9.076093228577773384e-03,1.266578132676508990e-02,1.980260882575290288e-02,-2.339229692394011184e-02
-2.142149919897451057e-02,2.126397551901014482e-02,1.948349853759167791e-02,-1.932597485762732603e-02
-4.494241614146313873e-02,2.498557817838596359e-02,1.327452096859491580e-02,6.682316994482300973e-03
1.285123468895723459e-03,-4.175726647474582026e-03,1.083567062615558782e-02,-7.945067447576774355e-03
9.256092388085532946e-03,-1.011864754751816246e-02,1.592438917701582534e-03,-7.298837582689358863e-04
2.173896229650444309e-02,-1.039001574349487922e-02,4.856356173860528662e-04,-1.183458217039559668e-02
3.708787476049497933e-02,-7.474736188928548207e-03,-7.039968146119308890e-04,-2.890914175695443594e-02
1.913548626630297636e-02,3.261321028690333064e-04,-6.290922302841672753e-03,-1.317069606633026156e-02
3.539938534215712057e-02,-2.223619315664633958e-02,-1.493671231094078310e-02,1.773520125430074965e-03
2.870308757128449753e-02,1.309191302172865094e-04,-1.418478219427625649e-02,-1.464922450722553650e-02
1.732691270445561871e-02,2.378975544930946387e-02,-1.840694152621957097e-02,-2.270972662754552895e-02
1.602178890448950274e-02,2.887313239544673019e-02,-2.304858511958485581e-02,-2.184633618035131467e-02
2.580313658848417194e-02,2.006470730648885967e-02,-1.823294559090899922e-02,-2.763489830406410871e-02
3.196049575030956991e-02,1.296722346274701773e-02,-1.256814817478284392e-02,-3.235957103827379056e-02
-2.484474240509168866e-04,9.016698826136568951e-03,4.941030379674215579e-03,-1.370928178175987236e-02
4.305976616798866397e-02,-2.196699508978579643e-02,-1.234876784183144838e-03,-1.985789429401972270e-02
1.889117653469799332e-02,2.174858068782249861e-03,-8.214605243867318524e-03,-1.285142935961290124e-02
1.297554210445013220e-02,3.807373213417740258e-03,3.224789511470052116e-03,-2.000770482933791894e-02
-2.617362636654768995e-02,6.750861677091896150e-04,1.100864844075228298e-02,1.448989175808617844e-02
-5.089610331466441588e-03,1.610874663593989467e-02,5.330055492216378976e-03,-1.634919179668979997e-02
1.533230620012444693e-02,-4.638299810409148884e-03,7.649291959892333057e-03,-1.834329834960763891e-02
1.531334664831174351e-03,2.525873274654211794e-03,3.644500072354243860e-04,-4.421657946720798822e-03
1.960205816792898528e-02,-1.937094770632641350e-02,-6.973709913036996513e-03,6.742599451434421257e-03
1.264820687631896742e-02,-3.042184552327467911e-03,-6.704206267852176951e-03,-2.901816056139290036e-03
1.570436935364813436e-02,1.898469904499250523e-03,-1.470599739601019008e-02,-2.896841862137216044e-03
-6.076647237950177916e-03,9.980364667614866417e-03,2.350549099741134577e-03,-6.254266529405844328e-03
7.565495196524190356e-03,-4.020427595128894110e-03,-3.365543988590707480e-03,-1.795236128045933199e-04
2.151653243351195691e-02,-1.697847030657946218e-02,-1.493707061438899648e-02,1.039900848745642370e-02
8.288666691969049857e-03,-4.527102737664135367e-03,-4.160144641394145429e-03,3.985806870892505079e-04
7.078135120306159288e-03,-7.362457045269841897e-03,-1.271427506532672898e-03,1.555749431496337076e-03
1.298650637669120436e-02,-4.112053919334664014e-03,-7.975064366365703858e-03,-8.993880909908427788e-04
9.293361388011391012e-04,-2.355917598682431141e-02,-5.255962074494161147e-03,2.788580192251725876e-02
-1.476359661868901271e-03,-1.127969263684269231e-02,-1.053400415545689001e-02,2.329005645416846321e-02
4.019662434539101117e-03,-2.304747184804871105e-02,1.429774334893298615e-03,1.759803507861633712e-02
-1.044973405288385573e-02,-1.260359505295477814e-02,8.513936317358798689e-03,1.453939278847980049e-02
6.341565367834251302e-03,1.212882548086763497e-02,5.020945698867287574e-03,-2.349133654756910619e-02
-1.046851940894833084e-02,2.540137167264417198e-02,5.667893808005539449e-03,-2.060074607170143263e-02
-9.979678241614461584e-03,1.068063166820469416e-02,1.389423692410821781e-02,-1.459519035069841743e-02
3.832932198187101545e-03,2.061218791491758670e-02,1.317156265551106160e-03,-2.576227637865583647e-02
6.223266960230412412e-03,2.001225482903559727e-02,4.856520493019970790e-03,-3.109204228228606287e-02
-4.550321918707447150e-02,1.856725048434463080e-02,4.538181239940384040e-03,2.239778746278954513e-02
2.478721423038762403e-02,-2.346086757011372256e-03,-2.543628458748201093e-02,2.995157114105838955e-03
3.353928100256912091e-03,6.858006433602542584e-03,-2.539762228067814730e-03,-7.672172305791641680e-03
2.025196704700229014e-02,-9.241696190132282079e-03,-1.024714308674849403e-02,-7.631277701215304033e-04
1.480701444196997306e-02,-1.615431423366097546e-02,-9.246760717490285636e-03,1.059406050918126896e-02
3.184116437310128829e-04,-1.870136050937903308e-03,-2.168501895734372287e-03,3.720226302941245962e-03
2.636379818459524960e-02,-3.811268112459127028e-02,-2.363326258564855953e-03,1.411220919856076388e-02
1.273694443585664249e-02,-2.075619633389413562e-02,9.819610693856064068e-03,-1.800358795818551632e-03
2.618405339434119738e-02,-2.831316764273864028e-02,7.717677337787811655e-03,-5.588563089390381766e-03
2.275768021254275658e-02,1.697338961300225244e-03,6.726982348157723411e-03,-3.118200152200067618e-02
8.494892549267151274e-03,7.342834542630836438e-03,3.956554724019064576e-04,-1.623338256429988566e-02
1.598610439698201768e-02,-5.225832185527466353e-03,-1.181159448476473635e-04,-1.064215626660695163e-02
8.700806474556090769e-03,2.730567664379024428e-02,-8.860989068066791458e-03,-2.714549405027951931e-02
1.676460159650153964e-02,1.488177092995139096e-02,1.989106491714180962e-04,-3.184528317562444061e-02
-6.182711748433391240e-03,2.508910894763604488e-02,6.348083808538742927e-03,-2.525448100774143820e-02
-1.407887729320987658e-02,1.483721042271338251e-03,5.711951517834935356e-03,6.883204733103595596e-03
-1.441806044970197348e-02,1.857349933602475342e-02,-1.140862013343182067e-02,7.253181247108971344e-03
-3.656468316289602366e-02,2.528025882587020198e-02,-8.056731743494969719e-03,1.934115608052082436e-02
-3.473608724139619353e-02,3.838367561999049549e-02,-3.184679662121383051e-03,-4.629087164729047614e-04
-3.871237898901143393e-02,1.051583496758025371e-02,1.408346548556811337e-02,1.411307853586311889e-02
-3.847393819424539674e-02,-3.426010672212475953e-03,2.064801032755353774e-02,2.125193853890431500e-02
-3.624562636631975532e-02,1.074659615667206830e-02,2.217865390763434572e-02,3.320376302013280153e-03
-2.446765246100154889e-02,5.523730384792552989e-03,1.490853844043108639e-02,4.035383635777960686e-03
1.353743193898525321e-02,6.437163215436202818e-03,1.557686031186299516e-02,-3.555145546628455527e-02
-3.654323478529669569e-03,1.769867253919297015e-02,1.804929599404718477e-02,-3.209364505471061502e-02
4.148965383461838269e-02,7.725934372192105534e-03,1.067776160939551584e-02,-5.989334981620580978e-02
4.024021660750108642e-02,-4.207911483392039881e-03,9.754246332806035605e-03,-4.578655145691516021e-02
2.437519888829915021e-02,-5.973143074892696630e-05,3.164676953186452025e-03,-2.748014441073675512e-02
1.084719111829516441e-02,3.449238466952403263e-03,6.770521275610018146e-03,-2.106695086085763266e-02
1.498065269916723681e-02,-9.491894890901237183e-03,1.150086349067479382e-03,-6.638844157333457542e-03
3.024955842886655616e-02,-2.239695404779952839e-02,-1.898044407924381330e-03,-5.954559973142765049e-03
6.619497191469301579e-03,-2.400660850682368244e-02,5.872208363148927017e-03,1.151490295220543823e-02
3.547944489121541804e-03,-1.427583222686508099e-02,3.917977266989494320e-04,1.033609001104460710e-02
2.893424024963048638e-02,-2.976880815220402793e-02,-1.763503055227423968e-02,1.846959845484767368e-02
3.679925410308842321e-02,-2.891112352760733320e-03,-1.993807384158047605e-02,-1.397006790874718088e-02
3.814858163123835411e-02,1.828401317488680816e-02,-2.369062448311440305e-02,-3.274197032301080779e-02
2.001820588866521158e-02,2.164595789901224698e-02,-3.041106467359027885e-02,-1.125309911408722656e-02
1.081383638313062300e-02,2.331014635235648114e-02,-2.042817382033460666e-02,-1.369580891515241421e-02
2.668648100915216662e-02,2.427581831145007689e-03,-1.802861750726189941e-02,-1.108544533303526536e-02
9.729942606764508534e-03,9.618328419388009337e-03,-2.899060390778236771e-03,-1.644921063537436307e-02
4.012625723332201300e-02,-2.405393036454550604e-02,-4.745114192302190594e-03,-1.132721267647440917e-02
6.780104642467164010e-03,3.109272200368916068e-03,-6.475015716325874249e-03,-3.414361126510205829e-03
-5.896172317938083718e-03,5.966174457134433909e-03,1.681427514969395347e-03,-1.751429654165731009e-03
-1.910833725081878889e-02,4.107308341411921790e-03,1.016728063256241814e-02,4.833748276844463711e-03
-2.778011453472513707e-04,2.754872409381236599e-03,2.374858312258493025e-03,-4.851929576292464755e-03
2.826878278286084137e-02,-5.788903385032519514e-03,-2.131996729889991046e-03,-2.034788266793833428e-02
1.208204412121620386e-02,-1.879384828069809860e-02,-3.928091481571306144e-03,1.063989564105318093e-02
3.331087364075355911e-02,-1.843245330871317103e-02,-1.889019347648255090e-02,4.011773144442177565e-03
2.332756059590957581e-02,-7.456458228092297880e-04,-1.121144560927135256e-02,-1.137046916382896886e-02
-1.279666062328242357e-02,9.153247735423706080e-03,3.291975695109912708e-03,3.514371927487733391e-04
1.527728390321548418e-02,-6.679216615297419758e-03,-1.579514366420971261e-02,7.197076376291682877e-03
1.654733457683991993e-02,-1.482137478109754949e-02,-1.336025234042253346e-02,1.163429254468022547e-02
1.232502646096916843e-02,-8.896270079742023273e-03,-6.072821498157308972e-04,-2.821474231411367529e-03
3.671417624628103317e-03,3.679147763372646145e-03,-9.933252956888282206e-03,2.582687568887562669e-03
3.216253004332023102e-02,-2.114311987808912760e-02,-1.396945275725017428e-02,2.950042592019142852e-03
2.550444424202930830e-03,-1.877008160910772008e-02,-4.692444667946341075e-03,2.091208185285108045e-02
-2.814732708659229560e-02,-1.430318738276772743e-02,5.823938781265578998e-03,3.662657568809452036e-02
-1.501270734439687400e-02,-7.910672210484918226e-03,3.319214849083917344e-03,1.960416470579794124e-02
4.069675543189582752e-03,1.336453619059609424e-02,1.057784117536677074e-02,-2.801205290915246421e-02
-6.621810388932273216e-03,2.373338267497343904e-02,3.760946362541006584e-03,-2.087251864858209738e-02
-1.978687484065837568e-02,1.598843008228184245e-02,1.470229208013463899e-02,-1.090384732175826710e-02
1.278770760002597047e-02,2.146436792872397081e-02,3.049847816631638241e-03,-3.730192334538168925e-02
8.039033591017357566e-03,1.816210033030296600e-02,5.363323550120906863e-03,-3.156445747144118186e-02
-9.727296615983642425e-03,4.472904418609914730e-03,-1.515241429156629488e-02,2.040680648893998528e-02
1.791649463468127090e-02,-6.241281931616368683e-03,-1.274101211449448108e-02,1.065799411429580595e-03
1.061746794316205389e-02,6.096752864869848035e-03,-9.309600684774970575e-03,-7.404620123256918339e-03
2.398750661354500865e-02,-6.401329408105924795e-03,-8.103737335364924813e-03,-9.482439870074133026e-03
1.007515246526841969e-02,-1.686574484798268256e-02,-6.348598611763723448e-03,1.313919099447797938e-02
-7.302218102060812135e-03,6.639879203334113009e-03,-6.958379667752465081e-03,7.620718566479163340e-03
-4.620682830353682602e-03,-3.010794352906691340e-02,-2.235778532223583245e-03,3.696440489164414672e-02
2.171339224165796944e-02,-2.506786499374385330e-02,6.710586505804011677e-03,-3.356113753718140830e-03
3.168308686203171604e-02,-1.744324125270504261e-02,4.212241284554571995e-03,-1.845208689388128098e-02
3.695246017630268460e-03,9.148538209147530353e-03,7.596458157966608921e-03,-2.044024238474441077e-02
2.053616959849872275e-02,5.192914867848912389e-03,-1.550781146245551901e-03,-2.417830332010200214e-02
1.032682451730468180e-02,-1.389295429514757034e-02,-9.353733304519832453e-04,4.501503108294914283e-03
4.300881205970917553e-02,-1.124818718701059081e-02,-2.705363646659283538e-03,-2.905526122603933198e-02
5.528137687887032387e-02,1.330342820940631256e-02,-4.757937262324981459e-03,-6.382686782595167752e-02
4.471970591366469794e-02,1.517127863252979228e-02,2.170943845773516321e-04,-6.010807893077185771e-02
3.103047480694742441e-02,-1.033257985041543918e-02,-2.741602933986203583e-03,-1.795629202254583542e-02
1.702196938185739777e-02,-1.859319432064303682e-02,-8.268146023834596278e-03,9.839370962620271749e-03
3.046410819445966034e-02,-1.192692664706962967e-02,-1.591352439984422204e-02,-2.623657147545731001e-03
-1.317612034429258526e-02,1.963564237958751444e-04,-7.029470213582121076e-03,2.000923413407882864e-02
1.063272792993532126e-02,-1.679995539047843961e-02,-7.818426489120762837e-03,1.398565394966387425e-02
1.165414380260597002e-02,-2.528755822703103798e-02,-1.336261081995632552e-03,1.496967550642070224e-02
-1.558608363870531317e-03,-9.238458688357690032e-03,6.366133331237693038e-03,4.430933720990503158e-03
2.127230687425692157e-02,-2.339756514870807227e-02,8.715128370139105934e-03,-6.589870095687913598e-03
1.573609746163375650e-02,-5.214787222649634214e-03,7.821060207544612694e-04,-1.130341625973859017e-02
-2.250584459071001563e-04,5.786245028389778132e-03,2.856316380520420098e-03,-8.417502963003153232e-03
-1.256001525800454731e-02,6.961075522510599620e-03,6.206687920164295248e-03,-6.077481846703477759e-04
-3.489904990860234844e-03,3.087612432460298123e-02,5.802308336961922719e-03,-3.318852767070457760e-02
9.884688198307277698e-03,2.328448674293821796e-02,7.304975859432559851e-03,-4.047415080067789939e-02
-2.247185135795431998e-02,2.462124376726512395e-02,4.944201026078678778e-03,-7.093593435389603311e-03
-1.239494999258667664e-02,1.364400995064184163e-02,4.566587806296750277e-03,-5.815647764351927415e-03
5.482971025981409193e-04,5.483904683021819174e-03,9.417326103977543758e-03,-1.544952788959755817e-02
1.177759123137107032e-02,-1.102900039112162354e-02,1.025887187197647293e-02,-1.100746271222593706e-02
1.567164725855916055e-02,-1.734650436561009298e-02,5.219986178765149629e-03,-3.545129071714200712e-03
3.428386768438372676e-03,-1.968043898954116577e-02,3.711342213073930748e-03,1.254071000802885888e-02
-1.426363099809087494e-02,-5.185264713329066147e-03,8.312463702750442010e-03,1.113643200866946958e-02
2.477081298734784900e-02,-2.311694332939720140e-02,-2.709266885439594254e-04,-1.382942969406694526e-03
5.168959987890402868e-02,-3.003639643433645128e-03,-1.488983314153151903e-02,-3.379612709393892828e-02
4.907744051515806200e-02,-8.232060570419108894e-03,-1.875210108383113666e-02,-2.209327886090783205e-02
3.621624484590355020e-02,7.669491403167638666e-03,-3.003876735769561365e-02,-1.384696889137563246e-02
1.732705717204561027e-02,1.979577329363117408e-02,-1.670628356195791309e-02,-2.041654690371878106e-02
2.850875211363448989e-03,1.184616466993918503e-02,-1.960494864912874086e-02,4.907908767826116812e-03
2.524084406191327151e-02,-3.340209777724182164e-03,-1.018650399924946395e-02,-1.171413028493950743e-02
2.293248406206556747e-02,3.226745949369082527e-03,-5.150740927702258769e-03,-2.100848908373242896e-02
1.176710294196643344e-02,-9.192978481209332017e-03,-3.205123620946142421e-03,6.309991601890575829e-04
-1.837482442360659218e-02,8.793547690751718493e-03,9.003083465424114445e-03,5.781932674307807118e-04
-2.363445689486360149e-02,1.852021414517373080e-02,4.717752995404528304e-03,3.964897542854588859e-04
-5.417628603929107965e-03,4.251312479122660963e-03,1.201365788236839240e-02,-1.084734175756194192e-02
1.131572388400398435e-02,-1.175890586891876338e-02,5.717172466395432223e-03,-5.273990481480698295e-03
3.754768045109480729e-02,-2.678773654845581151e-02,-1.210748880289877656e-02,1.347544900259777098e-03
1.237011220135308259e-02,-1.479064742670702917e-03,-1.843353802976775615e-03,-9.047693655705586063e-03
2.496069992686228856e-03,8.282479558446645407e-03,-1.997080951359682909e-03,-8.781468599773188319e-03
1.264964888109224722e-02,-3.711051285463750227e-03,-1.611260656658240753e-02,7.174008970953887551e-03
1.962125113825876482e-02,-2.012720531485329145e-02,-1.880426371108897751e-02,1.931021788768342781e-02
2.566271788506003723e-02,3.632089060852193964e-04,-7.207996658200889126e-03,-1.881793013294429454e-02
1.798228034479745427e-02,-2.528043870555953931e-03,-1.031511685928137440e-02,-5.139119614960132448e-03
-1.219499561755316847e-02,-1.414816879304912726e-02,-5.382977653934607580e-03,3.172614206453694408e-02
-2.917894964793898982e-02,-3.971499016692533503e-03,2.391585727038968417e-03,3.075886293759250503e-02
-2.241473642259137963e-02,-6.780735438351814456e-03,8.613299791496017641e-03,2.058217206944725278e-02
9.102866356542345383e-03,3.414884150218257079e-03,1.028427092608834997e-02,-2.280202143284901575e-02
1.368774363492167127e-02,1.659830917062344452e-02,5.740428206563494284e-03,-3.602648101210863263e-02
-1.654366283893898837e-02,2.321018520357448142e-02,9.200755182972739088e-03,-1.586727754760829806e-02
-6.035451665302178637e-03,1.791215054050692215e-02,4.288095421530507996e-03,-1.616479429673531309e-02
1.325565636071926977e-02,1.117616808717837237e-02,4.418315387239100077e-03,-2.885013983513670319e-02
3.040606197222014279e-03,5.630210232167759919e-03,-1.301904572422425167e-02,4.348229294834465332e-03
-8.471376810700838788e-04,7.638444523762607380e-03,-1.427091508355561589e-02,7.479608240863097265e-03
3.042260327231278288e-03,2.035116537352002833e-02,-1.178918267999229906e-02,-1.160424302075905960e-02
3.849548095472170306e-02,-1.856365131899553877e-02,-8.769114356556563517e-03,-1.116271527916951750e-02
-3.891611603747783654e-03,-5.832429660730891038e-06,-6.540023918310972247e-03,1.043746795171949550e-02
-1.744076414546591458e-02,1.375834189397853909e-02,-3.992685450963871438e-03,7.675107702451199228e-03
-1.136278116242048566e-02,-1.316452598702832827e-03,-8.308615844749209917e-03,2.098784960587261883e-02
2.226011549110105958e-02,-8.946572444362463350e-03,7.769923843988329505e-03,-2.108346689072690058e-02
2.118435575165841800e-02,-2.463864833222544071e-02,9.564917476143719108e-03,-6.110624895576749309e-03
5.117656564889316688e-03,-1.418714073788316689e-02,1.310729244499356759e-02,-4.037808271999733002e-03
2.457178586535156781e-03,-7.326924929964138099e-03,5.349684948436324652e-03,-4.799386050073272889e-04
2.926917336408154172e-02,-1.366364390620422586e-02,-2.733593649977956747e-03,-1.287193580789936301e-02
1.634221398710958284e-02,-2.567168346547274438e-02,-1.733546691286117413e-03,1.106301616964927917e-02
8.236882186238400627e-03,4.501316743183322172e-03,-3.191162151008448793e-03,-9.547036778413330385e-03
5.633116856400785001e-03,-4.475832825475085756e-03,-5.743348810774166237e-03,4.586064779848453114e-03
1.364459001363730987e-02,1.817704264470409656e-02,-3.840327883781901545e-03,-2.798130477455949144e-02
1.660354198618591362e-02,-8.167472271326393918e-03,-8.444887598395690517e-03,8.817883536199734061e-06
6.858534972147262328e-03,-4.322329983172167565e-03,-4.939942176754784538e-03,2.403737187779670693e-03
-4.970813994265019416e-03,-5.355605418292873690e-03,1.275477465481201665e-03,9.050941947076680816e-03
2.212676235882029760e-02,-1.442408151196118531e-02,-1.517187335119000308e-02,7.469192504330849150e-03
2.897120481780643061e-02,-4.155738742071934250e-02,-2.564398819032947217e-03,1.515058142194596925e-02
2.988098034296148356e-02,-3.362938612197396981e-02,3.439292491299839397e-03,3.091132877125955217e-04
-7.780332177631639696e-04,-2.681265693971776262e-02,3.363958447284508269e-03,2.422673171019652794e-02
2.766122945879542425e-02,-4.174366867889266197e-02,2.832861260035928006e-03,1.124957796006131709e-02
9.586770763685286550e-03,-2.486489553710037603e-02,2.749392987229428223e-03,1.252873178618573585e-02
2.486326405732007527e-02,-1.445015406637285144e-02,-5.019292810643634535e-03,-5.393817180303573690e-03
1.031796560962917886e-02,-1.282482654891396213e-02,-7.344753922289382975e-04,3.241336331513734043e-03
-1.825863274314867835e-02,1.718020596178545731e-02,-1.143065322958835422e-03,2.221492104322023934e-03
-1.895665297119001128e-02,5.385695830085233428e-03,3.751076514289961202e-03,9.819880626814809707e-03
-8.443280840014128624e-03,2.633255145758741159e-03,5.026188656123526478e-05,5.759763807694175640e-03
-2.046794832158217031e-02,1.222894362069131338e-02,4.008371246455099540e-03,4.230633454435759125e-03
-2.814539349542051483e-02,2.783536706789137977e-02,4.979292468652115125e-03,-4.669266041122860367e-03
1.052253823834237330e-02,8.446717472656902620e-03,1.516732430909023543e-02,-3.413658002008949921e-02
9.609468533297164158e-04,-6.481362292940083709e-03,1.198545737944045966e-02,-6.465041939830121209e-03
-1.869173958975116692e-02,-5.245109219379759987e-04,7.214581037305194816e-03,1.200166947438391363e-02
-1.893768075549725214e-03,-2.633165876454283960e-02,6.836182043022849715e-03,2.138924479706969667e-02
-3.150892193464319146e-02,1.183704779517055598e-02,4.205147385031761040e-03,1.546672675444076862e-02
3.188898624342338672e-02,-1.335837219136289805e-02,-4.506867269052776924e-03,-1.402374678300787221e-02
3.535431080603455151e-02,4.309278574234833015e-03,-1.236231733795591786e-02,-2.730127204231348748e-02
3.579673267545045029e-02,-3.916953735717910133e-03,-1.896188112899209466e-02,-1.291789781074049147e-02
3.332649182932631571e-02,-5.142371499721885147e-03,-1.947029517737000615e-02,-8.713825152234521559e-03
1.539878847733718373e-02,7.348979787543766587e-03,-1.395146201751605412e-02,-8.796306247364944764e-03
2.336008864832332318e-02,-2.624498946348944369e-03,-2.214497206478465222e-02,1.409382362810164980e-03
1.973345415716389051e-02,-1.819277379295979014e-04,-3.995530236961314027e-03,-1.555599618227295963e-02
3.494203056946832558e-02,-3.619669498707242875e-03,-1.183220297830930336e-02,-1.949015809245185568e-02
-2.246475560093729590e-02,1.139740510116528036e-02,9.089129006142978749e-04,1.015843759915771236e-02
-3.739163156980704686e-03,-5.260655157520595024e-03,9.490745324753241743e-03,-4.909270102519559115e-04
3.379062320997047470e-03,8.858588913911748935e-03,6.500617511788560517e-03,-1.873826874669736256e-02
1.367193710730402710e-02,-5.107256949939173452e-03,1.035874350345891183e-02,-1.892342366082372385e-02
1.486692038746163270e-02,-1.867850143354148756e-02,-9.424354574708143292e-03,1.323593562078792529e-02
1.768845088914151875e-02,-1.393108740824042235e-02,-1.619179303626504945e-02,1.243442955536382469e-02
-7.071295607640567214e-03,1.968310670294629288e-03,-1.084306990921034188e-03,6.187291928266933951e-03
1.400382647534706079e-02,-8.620009534119003891e-03,-1.653064064758958882e-02,1.114682370636153538e-02
2.924944459457326854e-02,-2.019471313309429902e-02,-1.947802897886963952e-02,1.042329751739066480e-02
1.876414916150211457e-02,1.378706066905360534e-03,-2.226631111679005636e-03,-1.791622411672853452e-02
1.748405441754755096e-02,-8.265531519934253210e-03,-1.336420230351091296e-02,4.145679405897655101e-03
-2.290558729836852589e-02,-7.171297135333569092e-03,-5.588112485215358024e-04,3.063569568222366049e-02
-5.267052623100115794e-02,1.466383694022893765e-02,7.631670197976861587e-03,3.037501909279533355e-02
2.996178861777356022e-03,-1.207021443931418150e-02,2.954270004177486642e-03,6.119765573359355754e-03
-9.697114476789815696e-03,2.073320126176506073e-02,1.001283581022411988e-02,-2.104892259519943257e-02
-2.599701175406952253e-02,2.530078382627566277e-02,7.269552856776537175e-03,-6.573324928982693036e-03
-1.742199163911231294e-02,2.248236603495966379e-02,8.582244574576127286e-03,-1.364261897042346253e-02
8.202595695927870911e-03,1.027320632391689331e-02,6.420861525589748736e-03,-2.489666354543458235e-02
1.419418602347892119e-02,1.506932829916318500e-03,-1.697368146366706396e-02,1.272562610271820143e-03
-1.388248531071098989e-02,1.895706112848685732e-02,-1.237002243109066625e-02,7.295446613314819639e-03
-2.319855335012002695e-02,2.362549287426729538e-02,-1.564819893705317712e-03,1.137880369558035617e-03
2.128807289893214910e-02,-9.268759548303568893e-03,-1.196367956781085352e-02,-5.563378281773146192e-05
-2.938536061416193237e-02,1.184841596485332110e-03,7.686925740038995196e-03,2.051359327763753460e-02
-3.738660959814936458e-02,2.727168088640599675e-02,6.111155002423131199e-03,4.003773709320099586e-03
-3.713901266308305277e-02,1.607391105519601765e-02,1.249513944101988093e-02,8.569962166867194087e-03
2.238314377016463116e-02,-7.033145225675575644e-03,1.381978329493293960e-02,-2.916978183942203068e-02
2.305061732154606649e-03,-1.230020579409051712e-02,1.667948621770841758e-02,-6.684342155772581701e-03
-7.003242527763467278e-03,-1.353323624529945667e-02,1.398724217016464669e-02,6.549236602898289399e-03
6.141632653523994637e-03,-6.320755012001847382e-03,9.017135811195087572e-03,-8.838013452717239163e-03
8.173695343613493480e-03,-8.647337317205154236e-03,8.523692922511431208e-03,-8.050050948919716676e-03
4.443145996663010189e-02,4.019169301338444168e-03,-4.975375532721931868e-04,-4.795309171469635395e-02
1.117116135815592742e-02,-1.814115361399865208e-04,-2.626575189278032834e-03,-8.363174632737974123e-03
-3.279890295648412151e-03,2.310090100656996687e-02,-5.358486656468229581e-03,-1.446252405445336633e-02
1.433262273132652510e-02,1.157545587703157075e-02,-8.625063763421031773e-04,-2.504557223201607855e-02
1.529845804918926987e-02,3.391177480668935984e-02,-4.244254209203170668e-03,-4.496597864667573052e-02
2.734539386968960414e-02,-2.012329556546928102e-03,-6.635075609905254600e-03,-1.869798870323743922e-02
-1.854610678755011424e-03,-1.942435585684671590e-02,3.451269331244240235e-03,1.782769720435741986e-02
2.744304068601758143e-02,-2.664343204169712306e-02,-1.619228291243901725e-03,8.196196469234478090e-04
4.984670832616768660e-02,-4.648981977453680442e-02,-1.164356046652924824e-02,8.286671914898506575e-03
4.636254178145451932e-02,-5.216410497811846403e-02,6.481929426633201846e-03,-6.803662299691516429e-04
4.039453016663620277e-02,-5.696830728626476464e-02,7.925776561120648905e-03,8.648000558507853985e-03
5.828028218704017771e-02,-7.197215739780257748e-02,1.859412257652987661e-03,1.183246295310952031e-02
2.462410089220862588e-02,-4.459396218487172298e-02,7.792438931296623641e-03,1.217742236136663131e-02
1.102330495653024330e-02,-3.180642000205489983e-02,6.174734122751857589e-03,1.460838092277285533e-02
-8.442811135511454207e-03,-1.358059995545207559e-02,7.731983181577129632e-03,1.429142790938636894e-02
8.305967519942249883e-03,3.023691962123807066e-03,-1.631348273063669245e-03,-9.698311209002394642e-03
-1.903350004182337643e-02,8.483551105427105180e-03,9.799585367133309410e-03,7.503635692629701892e-04
4.486449831910300514e-04,-3.816793076856655337e-03,1.000592017099777124e-02,-6.637772077332135603e-03
-1.274783453532962523e-03,-6.113602419716167302e-03,7.943750246975583504e-03,-5.553643737264656044e-04
6.470303581713554662e-04,1.804336591224593722e-02,1.109300724974410755e-02,-2.978340352016149717e-02
-7.601828549693953260e-03,2.003760487756205133e-02,2.237451859871460603e-03,-1.467322818773954436e-02
-1.735408991559948821e-02,1.534082083895345512e-02,3.603122709271557120e-03,-1.589853632625576937e-03
1.652605452243664438e-02,-4.395702405308379336e-03,9.533304033341044592e-03,-2.166365615046942500e-02
-1.432429178312640515e-02,-2.710903226241821035e-03,1.228968194896617148e-02,4.745513060402027812e-03
-1.530158060735130300e-04,-1.245504990379144895e-02,9.575705297000152230e-03,3.032360412864805281e-03
-5.061604311824147162e-03,-2.580717511959996352e-02,2.199956465218635190e-03,2.866882296620554618e-02
-2.663623851783648855e-02,1.263862037492175135e-02,1.858907558387025557e-03,1.213871058452774092e-02
4.308440932297918913e-02,-2.766493253329016262e-03,-4.381195098452919483e-03,-3.593672097119726683e-02
5.062828203609790606e-02,-1.532154346663692004e-02,-1.648321264538411823e-02,-1.882352592407701003e-02
1.552933997593576240e-02,-9.073478425996126667e-03,-1.386890801139612113e-02,7.413046461456464578e-03
2.881798559858537306e-02,-1.287031138028260982e-02,-1.884403244558310528e-02,2.896358227280384535e-03
-1.109706486979840541e-02,6.230948239536115811e-03,-1.323387001371638047e-02,1.809998664397861889e-02
1.030322951522145286e-02,-3.471532760167095441e-04,-1.648477305616849117e-02,6.528696816963754958e-03
3.675188209707341835e-02,-8.976069600212544311e-03,-1.242755593275025536e-02,-1.534825656411062042e-02
2.081072961666109375e-02,3.767366276516977575e-03,-1.073924080871444496e-02,-1.383885508446359471e-02
-2.367497951174843060e-02,7.514074975851542729e-03,4.248708204334483815e-04,1.573603371546342805e-02
-5.301112267817566052e-03,-2.531584932501346023e-03,1.180969101553287597e-02,-3.976993815213984707e-03
-1.276932059834820672e-02,1.151844372944391473e-02,6.506776650915630997e-03,-5.255899782011351148e-03
1.334488291508110179e-02,-8.048189830079993320e-03,-9.632900327653877350e-04,-4.333403052235704038e-03
2.818434592147762985e-02,-1.787959959339830915e-02,-1.261190024183073653e-02,2.307153913751374633e-03
-4.099458095352453632e-03,1.477153163184698973e-03,1.251678958638194209e-03,1.370625973529555246e-03
1.504621923697915115e-02,-7.333974689928782556e-03,-1.586605961862903175e-02,8.153815071578614584e-03
3.505358927235472516e-02,-1.563231141419932010e-02,-1.717452656201948202e-02,-2.246751296136048365e-03
2.855022193811783057e-02,-1.723038587632731624e-03,-8.022489639857821944e-03,-1.880469371062739453e-02
7.398168098805497743e-03,-1.189488598966646077e-02,-8.533321398242981956e-03,1.303003928910387299e-02
-1.954214403445374976e-02,1.222864638894206185e-02,4.710326488632930915e-03,2.603171156878772170e-03
-2.026028201556131711e-02,-4.397553871666013900e-03,5.340517956094983053e-03,1.931731793113245291e-02
-1.456731472640830638e-02,1.469727227345364248e-02,1.779957443641058332e-02,-1.792953198345592983e-02
-2.861578075219898404e-02,2.098731184682051110e-02,6.977909380113585594e-03,6.505595252649610735e-04
-1.686973100180436114e-02,3.636291723518188246e-02,1.215963620769648819e-02,-3.165282244107413268e-02
-1.226581204678075208e-02,9.171139798714670818e-03,5.379024246870258222e-03,-2.284351998804135756e-03
9.060205465835337313e-03,7.291116443967147163e-03,-1.413801365565520857e-02,-2.213308254147280246e-03
-2.256625760816026796e-02,3.597450433762475891e-02,-1.291208327388548155e-02,-4.961634555789156157e-04
-7.445726489098351830e-03,3.081819166168487181e-02,2.925339255170725586e-03,-2.629780442775720220e-02
-2.773314490408059461e-03,-1.320833630984042349e-03,-1.126057390888592427e-02,1.535472203027796363e-02
-1.167803605867298068e-02,-4.309663933964893306e-03,6.873936099015707721e-03,9.113763893622155859e-03
-4.368178966801319896e-02,1.822495248613680702e-02,1.136815229443068238e-02,1.408868488744574078e-02
-4.589766953361276713e-02,2.315211549490036463e-02,1.531026301998580398e-02,7.435291018726636683e-03
1.775105920583204631e-03,-1.395604882857254042e-03,1.349112510331373915e-02,-1.387062614103968042e-02
4.076259255774083989e-02,-2.541488780133891595e-02,6.568854422899565899e-03,-2.191655917930160694e-02
8.952186188337629344e-03,-2.263645615364332647e-02,1.388935238884065823e-02,-2.050824235349930056e-04
2.910553690271951328e-03,-1.950920073247604247e-02,8.966921838039331599e-03,7.631725204164757810e-03
-6.722490470682533116e-03,-9.996871296748381999e-03,7.628199806076722302e-03,9.091161961354220569e-03
-3.760466263208128712e-02,2.000539433931142544e-02,1.605473076627324941e-02,1.544537526496743245e-03
-1.849353337933768576e-02,2.281182011738525431e-02,5.498628916041756534e-03,-9.816915654089463858e-03
-2.396153692365814158e-02,4.410269929614671347e-02,1.065729791974175632e-02,-3.079846029223034728e-02
3.222691987240136179e-03,2.622848973930435798e-02,-1.322270656890525871e-03,-2.812891106965400775e-02
1.029697797617656375e-02,2.397602073203194267e-02,3.222595930764767750e-03,-3.749559463897311762e-02
-7.111289645808727480e-03,2.553588682854902869e-02,2.948149561773503752e-03,-2.137274674451385484e-02
-5.733772378694495381e-02,2.335533285847997062e-02,3.231672753098572323e-03,3.075071817536640176e-02
-1.045310807553564286e-02,1.556537455958179506e-04,-3.791358243377585435e-04,1.067659015427761815e-02
1.201010207049039991e-02,-2.962784896200269455e-02,1.157765676363266879e-03,1.645998121514899437e-02
-4.574455309622880994e-03,-3.273843128924432827e-02,1.542519419965804675e-02,2.188769239920911047e-02
9.518487389545785340e-03,-2.410251069578929137e-02,1.721933783512591062e-02,-2.635314528882342581e-03
6.060323322451391164e-04,-3.134340310651984041e-02,8.959268891842979074e-03,2.177810188243162540e-02
1.227810034914600043e-02,-4.874495796765878491e-02,7.690284622493968186e-03,2.877657299601880242e-02
1.077624233639568052e-02,-2.529672339645264861e-02,1.255739294568359362e-03,1.326474176548868462e-02
3.059373068475443411e-03,-1.503556229438596237e-02,-1.284752877923632834e-04,1.210466451370291636e-02
-1.826340018946816593e-02,-1.176070054042286034e-03,3.172232968383308527e-03,1.626723727512720957e-02
-1.051004634066009941e-02,1.151554856302831192e-02,5.815781067788782302e-03,-6.821283290157005227e-03
-1.702933552335323883e-02,1.902946177696993035e-02,-3.216742732945822823e-03,1.216616479329119590e-03
-2.108513275012526347e-02,6.419632196179411894e-03,1.035537137247924747e-02,4.310129181466555541e-03
-1.504002960127305208e-02,-1.034054158317681237e-02,5.561332452875220392e-03,1.981923873157463017e-02
-3.058264392260902353e-03,-2.029045362874900421e-03,5.875311688984198935e-03,-7.880019338484002805e-04
3.215323625318939390e-03,2.012273949402343040e-02,1.559141030732164642e-03,-2.489720415007454918e-02
-7.448626812067266588e-03,2.270201836388129057e-02,-1.610088505933194127e-04,-1.509238270122066281e-02
-3.361983216488965975e-02,1.338556067101067011e-02,1.553104774062824892e-02,4.703223753250738125e-03
6.860594483763062836e-03,4.670931079978600693e-03,6.391183129501668871e-03,-1.792270869324326735e-02
-1.440739106114915548e-02,5.847908703604993465e-04,8.623299050449464986e-03,5.199301140339214131e-03
7.295621385568991195e-03,-1.776610765963537383e-02,3.134913565435223405e-03,7.335572708631140151e-03
-1.307609727384313053e-02,-2.097338673099943211e-03,1.587705930969868272e-03,1.358573001597319918e-02
-3.678053457232251331e-03,1.175396780909129801e-02,7.443931172062120613e-03,-1.551984552392117467e-02
4.986086510717275405e-02,3.538505700815540748e-04,-3.635138330058047297e-03,-4.657957734719636589e-02
5.609113010492176171e-02,-2.635883023425179134e-02,-1.160374728134198723e-02,-1.812855258932776978e-02
1.249815163745353862e-02,-1.481483781466928253e-02,-7.205524494824254098e-03,9.522210672039959842e-03
2.337754106809298779e-02,-1.564559115540435988e-02,-1.303496098742721113e-02,5.303011074738628317e-03
1.181170587047591578e-02,-1.353881845012911388e-02,-9.929946687585539111e-03,1.165705926723874242e-02
1.103952453058238380e-02,-5.896985810062534833e-03,-1.789210169139913292e-02,1.274956297087932559e-02
2.579936084533992688e-02,-1.178836017022687026e-03,-1.220554755785719335e-02,-1.241497727045995370e-02
-1.937555112646110328e-02,1.616781214140125197e-02,4.112324973952483976e-04,2.796506487664688397e-03
-3.116672792874694738e-03,1.302075474314641837e-02,5.030465936064082606e-03,-1.493454788633573338e-02
1.200160340454326478e-02,4.665446588555262320e-04,5.549422551212058671e-03,-1.801757061461083456e-02
9.276732145113273167e-03,-2.822075307702281034e-03,7.700477551361528325e-03,-1.415513438877253824e-02
2.266715030113126972e-02,-2.707747905519976295e-02,-1.372742942376100998e-02,1.813775817782952576e-02
1.093941525616817442e-02,8.714069954004222476e-03,-7.550820711211372535e-03,-1.210266449896103824e-02
2.340960330266942876e-02,-9.074359050212719990e-03,-2.008948572646464606e-02,5.754241474007896519e-03
2.772290009442265196e-02,-1.708268741010932415e-02,-1.860586429075107920e-02,7.965651606437675059e-03
3.222040597753626084e-02,3.623241106934217259e-03,-1.391601646129037549e-02,-2.192763062318018111e-02
-2.265706109913127875e-02,-5.812248323213868757e-03,2.468084388366040445e-03,2.600122503397914522e-02
-2.533586323632143825e-02,-8.010576774539682329e-04,7.695205380219782842e-03,1.844171553355561377e-02
-1.953540268277292533e-02,9.693202487544599249e-04,4.307514967918186707e-03,1.425856746610027793e-02
-2.397785630955966835e-02,2.631615125530363877e-02,1.040692074744347523e-02,-1.274521569318749596e-02
-2.865349605569863720e-02,3.330723658638250900e-02,7.350245193525555866e-03,-1.200398572420946670e-02
-9.320889083267768285e-03,9.157292352295174839e-03,-1.895070910675552547e-03,2.058667641648160521e-03
1.478302602092320880e-02,5.550535891932785980e-03,-5.597698499665743586e-03,-1.473586341319027201e-02
-8.453886002413644671e-03,3.859272851249199998e-02,-1.405242565279163705e-02,-1.608641685728663326e-02
1.252119006229059431e-02,1.875007287819683080e-02,6.237565141918161721e-03,-3.750882808240561805e-02
5.145539444212641686e-03,-5.678061383425352104e-03,3.140409643116571971e-03,-2.607887703903904054e-03
4.697621885101050526e-03,-6.909968238034743665e-03,-5.522190547149524210e-03,7.734536900083251176e-03
-3.754268073887920970e-02,6.540749883273129332e-03,9.329712674317798202e-03,2.167221818128830385e-02
-2.830422316178687892e-02,1.730906673179621533e-02,9.165671325953911666e-03,1.829485104036744766e-03
1.018960088110528383e-03,9.058877239036399950e-03,7.861808454233749216e-03,-1.793964578138069338e-02
4.427370804984200742e-02,-2.800926251392028832e-02,4.621924414918663140e-03,-2.088636995084036316e-02
3.265614965791270585e-02,-2.452229258902212036e-02,1.320242915281361453e-03,-9.454099984171921572e-03
3.415336412580394481e-03,-1.904916166819014406e-02,4.837905832465136738e-03,1.079591942314461241e-02
-3.968159040327111364e-02,-9.354416396953450091e-03,5.743609964871616846e-03,4.329239683535308220e-02
-3.650555123517069955e-02,4.480773151954508616e-05,4.986252094267704799e-03,3.147449140938350653e-02
-5.537991254940400482e-02,2.152882821258576829e-02,5.994027514397623317e-03,2.785705682242062622e-02
-6.654040607760766668e-02,3.928607453447373332e-02,3.175250433205413503e-03,2.407908110992856149e-02
-5.250665646139221487e-02,4.431983541542863086e-02,9.600048005704658882e-03,-1.413226959741208663e-03
-3.478821541135936751e-02,2.511823041482161289e-02,8.008882019379751430e-03,1.661102977157937702e-03
-1.574651342958152591e-03,1.915642751867740676e-02,5.248750827752909562e-03,-2.283052700347227432e-02
-2.927299155266957498e-02,-1.109830149718367930e-03,-2.848805258726830152e-03,3.323162696111470887e-02
-1.854642517709220728e-02,2.776718173386089408e-03,-5.407982552630659530e-03,2.117768955633675051e-02
-1.634533128361426516e-02,-1.983348351618496874e-02,-2.157831337879995062e-03,3.833664613767935603e-02
-7.362110578046145506e-03,-4.356268493701445643e-02,6.589783576930663064e-03,4.433501193812997704e-02
-7.644752183131411395e-03,-2.567651673956867012e-02,2.508163833063829784e-02,8.239630592061696068e-03
3.678432697371834467e-03,-3.246407065791510893e-02,1.622771021137189157e-02,1.255792774917136555e-02
2.292935758822356104e-02,-3.883328717380822581e-02,3.319213311727966034e-03,1.258471627385662761e-02
1.217254407062628128e-02,-4.413194028272153513e-02,-4.741713524376365944e-03,3.670110973647173341e-02
8.771138401343150925e-03,-1.548356172637486289e-02,-1.037349710897060530e-03,7.749773035928765770e-03
-2.001406783736395939e-03,8.416461526745976779e-03,3.184077089307487621e-03,-9.599131832317104457e-03
-8.081953613764151709e-03,2.172640068644071318e-03,7.862493482198791225e-03,-1.953179937078742927e-03
-1.288750719890973014e-02,9.854881710530493180e-03,1.534750662147723287e-02,-1.231488113309808091e-02
-6.798227508142685484e-03,9.821894381236782878e-03,9.511865214055380616e-03,-1.253553208714945806e-02
-3.236211901295470150e-02,9.232965621614592361e-03,9.023353189082197398e-03,1.410580020225784235e-02
1.271896830631009077e-02,-1.101238929519684183e-02,1.003950800366401261e-02,-1.174608701477722339e-02
-7.351845551548713033e-03,-7.381108143257566340e-03,1.065619055705573429e-02,4.076763137750549423e-03
-7.890440389807009888e-03,-5.435737119539344082e-03,9.906007123140526949e-03,3.420170386205793629e-03
-2.030286997969134311e-02,1.317689421099856560e-02,6.207269205774766652e-03,9.187065629180390415e-04
-1.070154855180789621e-02,9.061160098631891244e-03,-1.908202731290227684e-05,1.659470480488892943e-03
-9.958735876070051382e-03,-4.213271353705707288e-03,1.188724443205039019e-02,2.284762797725355035e-03
5.178657090379124245e-04,8.510839731506460518e-03,-5.615750198785052303e-05,-8.972547938556521552e-03
-9.813479882298184118e-03,-5.961964000370205755e-03,-2.802011759063921612e-03,1.857745564173229197e-02
6.427862745544206564e-03,-1.188274443501421279e-02,2.005572952671772369e-03,3.449308736798233858e-03
-2.517238902941386705e-02,1.779868168223062638e-02,1.001337861944020906e-02,-2.639671272256985737e-03
-1.215557011680784907e-02,3.121222822924615142e-02,-1.366490245877941424e-03,-1.769016786656043075e-02
4.500739185995662750e-02,-1.988733569300756704e-02,-5.508740399590891443e-03,-1.961131576735829912e-02
9.975571057523164101e-03,4.902151106225946433e-05,-1.723955164865594719e-02,7.214959080070549105e-03
1.457728818206234685e-02,-7.641280194770449195e-03,-4.764630116222345717e-03,-2.171377871069587063e-03
-8.915273007411047071e-03,-2.002981822326882402e-03,-9.184379964854230693e-03,2.010263479459214325e-02
-2.958152232953788121e-03,1.174613892586363027e-02,-1.323096003215115668e-02,4.442973339241344452e-03
-1.277533639553435525e-02,5.173105704394415083e-03,-5.430946295357023425e-03,1.303317698649699222e-02
-1.166545310774049111e-02,2.934568848991342752e-03,-5.634906766073241374e-04,9.294374935356465237e-03
-4.509726330239866021e-02,1.658919613631420348e-02,1.881927394001335933e-03,2.662613977208309543e-02
-5.331899696522325247e-03,-1.985162666904530249e-03,1.817598549253264528e-02,-1.085892312910574295e-02
-1.668404782100595075e-03,4.614983279931814293e-03,4.604442663382525384e-03,-7.551021161213744386e-03
4.175647588034209212e-03,-7.550083709053276998e-03,3.249431969179627936e-04,3.049492924101103366e-03
-1.995678516967539992e-02,1.033175151971036862e-02,-6.707176306402096860e-04,1.029575128060524099e-02
1.645089074733280601e-02,-1.411616002743968853e-02,-1.456486145290463059e-02,1.223013073301152005e-02
3.133615022226660801e-02,-1.598381329415007879e-02,-1.966065023584749952e-02,4.308313307731039682e-03
-1.988447889613924151e-03,6.540591895939873619e-03,-5.141788305886244720e-03,5.896442995602885293e-04
-2.551359433582141116e-03,2.096979190882185175e-03,9.009944412150016138e-03,-8.555564169450097928e-03
-3.152978656763181370e-02,2.695797485444486902e-04,5.077632401811883571e-03,2.618257441727551982e-02
-3.205258192269311995e-02,3.808574814830535844e-03,1.060313210079703340e-02,1.764087500706553596e-02
-2.876244081280238812e-02,2.522035471470131934e-02,7.760226355668903460e-03,-4.218140257567802587e-03
-2.688368463609942111e-02,1.181224637358373186e-02,4.315565124152635594e-03,1.075587313836310309e-02
8.791315218996535383e-03,-2.395659039822631373e-03,-5.182272379706490996e-03,-1.213383799467408243e-03
4.935562659713295386e-03,1.777793059007835158e-02,-8.168263015633269244e-03,-1.454523023415840201e-02
8.909921382837283910e-03,1.905129937446321808e-02,-1.100139487837254251e-02,-1.695982587892804969e-02
8.087562816083413916e-03,2.076815956390118748e-02,3.038010240603713011e-03,-3.189373262058835257e-02
2.769284219699548813e-02,-1.699952568891150914e-02,-4.832354913959263816e-03,-5.860961594124623232e-03
-1.498305637783453430e-02,-8.450048055464291080e-03,5.246704654969593790e-03,1.818639977832925761e-02
-1.191566031792040854e-02,7.252708474693457573e-04,1.901913154624147381e-02,-7.828742075790486379e-03
-2.148651883698639298e-02,1.511783649321475111e-02,1.541540216088707962e-02,-9.046719817115533163e-03
-3.200046658638468645e-03,-1.363398974733395774e-02,1.166572606063960398e-02,5.168310345332789019e-03
3.514972716757539667e-02,-2.019702966110341336e-02,8.776002622056633395e-03,-2.372870012852868610e-02
1.247308302942771834e-02,-1.636953734176107081e-02,3.944589598169894774e-03,-4.813528583657050339e-05
-4.049481919278142411e-02,-4.537962322197307448e-03,4.883568760481999879e-03,4.014921275449662846e-02
-1.543789995287921102e-02,-2.709444836518404634e-02,-1.894302132323660544e-03,4.442665045038702437e-02
-2.196150389572082071e-02,-1.268215333174220819e-02,-4.840500835554082271e-04,3.512770731101835797e-02
-1.428458746301806970e-02,1.895981213478977606e-02,1.880392882633433833e-03,-6.555617554405123934e-03
-7.555729044779127546e-02,2.880974286608497387e-02,3.920426952386438235e-03,4.282712062932018948e-02
-4.039194682357162558e-02,2.943869307209074845e-02,-1.072518728227637216e-03,1.202577247970855120e-02
-3.838241556990066444e-02,3.484942108935549371e-02,1.435948572548710438e-02,-1.082649124494205681e-02
-3.348145884219149576e-02,4.297729288365859102e-02,1.595979264223445701e-02,-2.545562668370151757e-02
-2.278472269616024781e-02,1.026902319330448739e-02,-1.456357858048418208e-04,1.266133528866065887e-02
-3.030906725758641604e-02,1.036769676233743713e-02,2.911050696865763541e-03,1.703031979838322968e-02
-2.568777093199551068e-02,-1.744678563581006717e-02,1.354777622350704369e-02,2.958678034429842313e-02
-2.751713471933090599e-02,-3.244203580141528237e-02,2.852729284367107321e-02,3.143187767707517066e-02
-1.477874115552021451e-02,-1.353593599092564083e-02,2.635678415179952896e-02,1.957892994646371048e-03
-4.651657363251964980e-03,-2.127741923255563675e-02,1.893923480240549892e-02,6.989841793402068112e-03
-9.156838117623022910e-03,-1.358518832012904284e-02,1.193214281617844576e-02,1.080988362157363041e-02
-1.110225140395968042e-02,-3.992009858446790571e-02,1.688083046983433061e-02,3.414151951859312889e-02
2.313473116289866544e-03,-1.127647363001857937e-02,1.020927827607464797e-02,-1.246277762345940994e-03
1.226584637062977856e-03,7.890645379832576800e-03,1.187689831402014180e-02,-2.099412833091565678e-02
-1.796201821277152930e-02,2.070452944314933597e-02,1.061998235264812601e-02,-1.336249358302594829e-02
-6.979492248803347183e-03,6.993718579928877820e-03,9.772497208824259748e-03,-9.786723539949776507e-03
-1.301175842669324671e-02,2.321241270440214249e-02,1.330148259209869635e-02,-2.350213686980754876e-02
-4.800095868829780572e-03,6.830604781090291941e-03,1.400292692411136963e-02,-1.603343583637184197e-02
7.347891538070909501e-03,-1.202053224220142255e-03,8.920136719385206303e-03,-1.506597503323604467e-02
-4.229457786635742490e-03,5.023169496305671111e-03,6.340676689738951669e-03,-7.134388399408914984e-03
-7.307853345931956263e-03,4.432028907448619034e-03,7.316222323247668913e-03,-4.440397884764318674e-03
-2.163662082056120109e-02,-1.997236827004276669e-02,1.376618986571322145e-02,2.784279922489068734e-02
-2.589012640770105636e-02,1.666924541315259467e-02,1.790317949719125515e-02,-8.682298502642689375e-03
-2.270760592866836319e-02,-2.565735854304136091e-03,1.762671472581784152e-02,7.646627057154668609e-03
5.873119357294142836e-04,9.138969466514778456e-03,8.273800954221904175e-03,-1.800008235646607252e-02
2.311321219882527325e-02,-4.330275394768373989e-03,-7.132358217578050295e-03,-1.165057858647883769e-02
-1.880284625828936712e-02,4.450011799902590590e-03,4.668189310537072291e-03,9.684645147849679087e-03
1.636265750655318749e-03,1.531469312235409332e-03,1.020434002438353957e-02,-1.337207508727430300e-02
-3.764136376909386905e-02,3.261379322732059494e-02,1.090453951360866210e-02,-5.876968971835391450e-03
1.397636123470421925e-02,1.084686920076195771e-02,-1.013420063367529008e-03,-2.380981037209857140e-02
2.549039750897259121e-02,-2.001411701474414134e-02,6.530911934627439165e-03,-1.200719242885592980e-02
-9.975776682112607718e-04,-1.418753451472875779e-02,-3.058730994116341285e-03,1.824384317705634098e-02
8.938064432407796106e-03,-1.008239644892243783e-02,-1.771885246598192687e-02,1.886318448249656166e-02
-7.577577635205391161e-03,-1.065425688538640045e-02,-6.933792662142521622e-03,2.516562718273438609e-02
5.374727656701613378e-03,7.913503768117221421e-03,-1.627230841836142805e-02,2.984076993542566364e-03
-2.189800110853254086e-02,2.696732380489060693e-03,-8.734092161454180478e-03,2.793536088949766932e-02
-3.427342037667094332e-02,3.536273007114972174e-03,1.046438499764378201e-02,2.027276237191219521e-02
-1.874560233322122502e-02,-3.966939717138960250e-03,1.276156483515071896e-02,9.950977215209497531e-03
2.700225895847173027e-02,-4.257770451371488060e-03,-9.465498910312932163e-04,-2.179793861606891051e-02
1.775071769103701846e-02,-1.575323329640389639e-02,8.174435263188941855e-03,-1.017191965782203791e-02
-1.942583535078163531e-02,6.603789067819576010e-03,-5.479571664751861117e-03,1.830161794771391001e-02
2.662027350065194337e-02,-1.910834241403203473e-02,-2.726986171334472991e-02,1.975793062672499475e-02
3.754469740215661544e-02,-1.688998339085791625e-02,-2.170480637996197518e-02,1.050092368663449460e-03
-5.548583366397377876e-03,2.762996865547860583e-03,7.408985349067878645e-03,-4.623398848218347908e-03
-7.450538737053570559e-03,-2.096873433120810884e-03,7.000248433554758648e-03,2.547163736619609351e-03
-4.821199209483433001e-02,1.802515209808471311e-02,9.685379955300015345e-03,2.050146004144956860e-02
-3.243476388653519088e-02,1.839585166506937930e-02,8.457232335194238976e-03,5.581679886271550921e-03
-1.657020907162579798e-02,9.685445056688233093e-03,8.028052763756871046e-03,-1.143288748819319602e-03
-3.358134504985098301e-02,1.875380569158640633e-03,3.695234089260646983e-03,2.801073039143157570e-02
1.611252270601497630e-02,1.346863481901738185e-02,-1.132310161010611355e-02,-1.825805591492626542e-02
1.335923927812545904e-03,3.115571659660293369e-02,-1.562152831396245063e-02,-1.687011221045304696e-02
-4.917728473699179391e-03,1.548336040801547367e-02,-3.821832810764624975e-03,-6.743799123551664533e-03
3.561604452029873934e-03,-6.165771643144774862e-03,1.065939918939876399e-02,-8.055231998283913369e-03
1.330670981455538138e-02,-2.098292990518662096e-02,-7.455748422065935693e-04,8.421794932837853645e-03
2.253952525227682566e-02,-2.136626982023502597e-02,4.260284382656340241e-03,-5.433539814698278708e-03
6.139148514420007113e-03,1.276219059465114047e-02,1.556030835596126753e-02,-3.446164746503242726e-02
1.368373457951951172e-02,-1.526072103672910033e-02,8.499421298323413991e-04,7.270443273772293161e-04
2.920414216592237197e-02,-1.166094485719382928e-02,1.087505161588177803e-02,-2.841824892461032245e-02
2.235910820800383891e-02,-2.194386207006767189e-02,-1.017804005652747559e-03,6.025578677165730574e-04
-2.352620409026356940e-02,-4.035411883383584197e-03,8.438888810509078981e-04,2.671772709259636822e-02
9.376615013143950808e-03,-3.314563556008107842e-02,-1.908888403221435702e-03,2.567790895015850672e-02
1.011202043973282588e-02,-2.856546768792958199e-02,9.376342490860075859e-03,9.077104757336671575e-03
-2.539813450226782038e-02,-2.292042271888354056e-03,1.724034977629923179e-02,1.044982699785690708e-02
-5.798841740577197895e-02,2.110104439617597680e-02,7.325365757857852343e-03,2.956200725173792343e-02
-4.146111779083988536e-02,3.511179164855483120e-03,-5.451854074119128271e-03,4.340179270010346979e-02
-4.489092006483479808e-02,4.040000076468681922e-02,6.034134432596717154e-03,-1.543215132448583259e-03
-4.314800910850473403e-02,4.063267960612062385e-02,1.653817981614038798e-02,-1.402285031375621015e-02
-2.794578528040373572e-02,3.053927439815788680e-02,1.448626518712627792e-02,-1.707975430488050533e-02
-2.385344952091668358e-02,2.826336149657322164e-03,1.719425285418416452e-02,3.832860517075205135e-03
-3.102176967819905012e-02,-6.096015488602948666e-03,1.683076652228593026e-02,2.028701864451611450e-02
-1.998412063218933665e-02,-2.539596548981918472e-02,3.032029323881964972e-02,1.505979288318879360e-02
-2.269602469895776881e-02,-1.492412065474393000e-02,3.031842821120820514e-02,7.301717142493515354e-03
5.683080743507283594e-03,-2.340421756893961217e-02,2.357370052385850470e-02,-5.852563698426223836e-03
1.076809253167058771e-02,-4.359027315172842032e-02,1.493806930901205032e-02,1.788411131104567300e-02
-3.102906775701455913e-02,-1.027653120751995455e-02,1.930902523107645707e-02,2.199657373345798375e-02
-3.165145009459136016e-02,-1.762081489031970278e-03,1.966260153861392607e-02,1.375093004500941435e-02
-1.073105293813448637e-02,-5.346962935416834511e-03,1.865343844291781142e-02,-2.575422569366428525e-03
-1.647843634770281354e-02,2.004035293783136204e-02,1.209914686037861023e-02,-1.566106345050724200e-02
-5.607362658000941344e-03,1.816042443792124580e-02,7.504552280408932456e-03,-2.005761406032919095e-02
-7.099677672518936791e-03,6.828036826215892578e-03,3.476611277833361029e-03,-3.204970431530323755e-03
-6.431908796913466710e-03,1.504338958090707494e-02,4.310304738593175380e-03,-1.292178552258681570e-02
2.241593724292808079e-02,-8.230448297038133257e-03,3.697449978960334026e-03,-1.788293892485029804e-02
4.249249671406270072e-03,-2.988270564041123605e-03,8.551417832158798860e-03,-9.812396939523935352e-03
3.019451886941229048e-03,-8.440447501503255817e-03,1.053411635100211068e-02,-5.113120736440090845e-03
-1.191772452851988517e-02,2.697459384417196654e-02,6.075861821617475553e-03,-2.113273113726961416e-02
-1.480463388508987746e-02,-1.578146150816128355e-03,1.123918533339096811e-02,5.143594702514972875e-03
-2.725762170986070765e-02,-1.133918907617385147e-02,1.671332876242611482e-02,2.188348202360839920e-02
-2.994231888150378218e-02,1.704132137214242962e-02,1.657981289372750452e-02,-3.678815384366161505e-03
2.635040438493967217e-03,-5.292227299279689615e-03,1.590428594837312026e-02,-1.324709908758738355e-02
6.990501751639521116e-03,4.254669492720825064e-03,6.260186035875305380e-03,-1.750535728023558044e-02
-6.335727419981732750e-03,-3.194423501415339425e-03,-2.140922963300228177e-03,1.167107388469734372e-02
-1.052534137320525025e-02,8.150350731297261841e-05,9.601418222340471140e-03,8.424196435518180228e-04
-1.559007247070720407e-02,-9.003568855042481250e-03,8.435609046352954624e-03,1.615803227939676887e-02
1.874938762354036925e-03,1.424035857780200053e-02,6.111793820650862283e-03,-2.222709116080688260e-02
9.445349630572979702e-03,-7.306507667807179626e-03,3.064940586604755594e-03,-5.203782549370530516e-03
-8.383402656957340826e-03,-3.635360357089856189e-03,9.311929034655259604e-03,2.706833979391945217e-03
-2.535460824550993600e-02,6.845458431701960215e-03,-3.602683109807177536e-04,1.886941812478876157e-02
-2.610348382047755419e-02,2.294997857247492619e-03,-1.099033148213311890e-02,3.479881744536326288e-02
-1.358279485608614515e-02,-2.581079298762617956e-03,-9.770201865144835171e-03,2.593407601999369455e-02
-2.124127208478823747e-02,1.179061041620264871e-02,-7.712203880822009888e-03,1.716286554940768538e-02
-4.532385261847498431e-02,-3.796548855413531959e-03,1.349969461926794553e-02,3.562070685462048053e-02
-4.374666399541946027e-02,-9.069451449241707278e-03,3.528731194129710799e-03,4.928738425053155736e-02
9.283426174370338485e-03,-2.732434013282090002e-04,6.556621214113448433e-04,-9.665844894453493735e-03
7.175206433871784799e-03,-7.507133414532924515e-03,4.421265085179209783e-03,-4.089338104518058792e-03
-3.722748527680221076e-02,1.370890921013569706e-02,1.386791790556547374e-02,9.650658161101017402e-03
4.717957539352156415e-04,-5.652450483385084400e-03,-1.921157003399434626e-02,2.439222476344421811e-02
2.427622099494542926e-02,-2.821556224003621445e-03,-1.403419174620113875e-02,-7.420473024740702889e-03
-6.209476855301388973e-03,-5.712988863675433045e-04,1.241642994785981634e-02,-5.635654206190862485e-03
-2.704193841325817221e-02,-8.146807659137441510e-03,8.022503417003926454e-03,2.716624265539175145e-02
-2.210461264543505180e-02,1.858622622787135109e-02,1.919227889479416466e-03,1.599158528084254106e-03
-3.936161515842862696e-02,7.090048724681052850e-03,1.165240299237498001e-02,2.061916344137275023e-02
-1.713946216302487252e-02,-7.174653140173626632e-03,1.012421789069426273e-02,1.418989741250426678e-02
1.656577146853792024e-02,-6.420417005365242850e-04,-7.421548123509659999e-03,-8.502181644491743975e-03
-2.436830164134380985e-02,3.284611989639001778e-02,-1.172864601224687074e-02,3.250827757200560903e-03
1.584646496707319474e-03,1.940809419155208049e-02,-8.170534390864202245e-03,-1.282220629739524477e-02
-6.380002949693232978e-03,-6.170288862714614492e-03,1.554407575197959168e-05,1.253474773665589660e-02
-8.211862699133895202e-03,-1.628131892459373092e-02,1.176599968200718778e-02,1.272718194172042967e-02
1.265190662434990954e-02,-1.948600908013230909e-02,-3.221350092176616161e-03,1.005545254795901441e-02
3.369821721158392652e-02,2.112946185488697413e-03,1.084284061020903203e-02,-4.665400400728168806e-02
-6.156971153634263096e-03,5.791155077312130743e-03,1.779433723102456788e-02,-1.742852115470238869e-02
2.385763230618463682e-02,-2.884022105564280902e-02,6.701787603414711058e-04,4.312409989116668466e-03
4.804399579921363184e-02,-2.813051341123685642e-02,6.944416806425376260e-03,-2.685789919440209270e-02
-7.133209730008431906e-03,1.923295444897983250e-03,1.232240925942400082e-02,-7.112494974313517473e-03
-2.449156709768985155e-02,-1.950303432064639034e-02,1.466039910273012579e-02,2.933420231560619068e-02
1.277547535509762286e-02,-2.868584855140349915e-02,4.391810494481306060e-03,1.151856270182455635e-02
-2.936520138089453516e-02,-1.190922232445366762e-02,1.304764506604456920e-02,2.822677863930355552e-02
-3.238190475964661946e-02,3.932218928093470477e-03,1.105638985536706517e-02,1.739329597618608989e-02
-3.569335800609490465e-03,-2.634157069857722896e-02,5.583984576742266094e-03,2.432692192244436530e-02
-4.581766236777311957e-02,-6.364098959690176176e-04,2.214388962166701988e-02,2.431018264207515309e-02
-5.685439911809560959e-02,1.977635811109047792e-02,1.176474609175982323e-02,2.531329491524534486e-02
-4.698033856324411450e-03,7.748699026415714619e-03,8.640491978373830012e-03,-1.169115714846516788e-02
-5.053725527672709578e-03,-3.068236985253777228e-03,1.940485173151310083e-02,-1.128288921858667561e-02
-4.159996554118773984e-04,-1.709271035438691619e-02,1.087243171447729688e-02,6.636278295321484944e-03
-2.277488739079464031e-02,-2.317380653810083985e-02,2.354782119104417010e-02,2.240087273785133781e-02
-1.484028564640241070e-02,-3.416470630915550977e-02,2.851852421634264861e-02,2.048646773921519379e-02
-7.416589796246864791e-03,-1.760716890341431154e-02,2.210060851243074442e-02,2.923150187230478744e-03
5.593863544898321910e-03,-3.881565801918416408e-02,2.912798955972668857e-02,4.093804914559089417e-03
-7.036929497163778172e-04,-3.547630195576947226e-02,2.201453520502139743e-02,1.416545970046453537e-02
-3.703062352176678118e-02,1.970170985594579729e-03,1.932836941209848183e-02,1.573208312407371051e-02
-1.121314980418891549e-02,1.053593329731831660e-02,1.399458736533282233e-02,-1.331737085846221476e-02
-2.578188460769320622e-02,1.872871979484164867e-02,8.800921342910260695e-03,-1.747756530058731548e-03
-2.259027407010566479e-02,2.049961136395430511e-02,6.739737853425015537e-03,-4.649075147273658455e-03
-3.017788081109532700e-03,1.037344402907799425e-02,-1.552386625138392224e-03,-5.803269322830083635e-03
1.685166327539954281e-02,-1.547086096121069385e-02,-1.107175075573784600e-03,-2.736272386150331425e-04
-2.219066344311609873e-02,1.469705982083113933e-02,4.559929157075755940e-03,2.933674465209192613e-03
1.929112995397358910e-03,1.203445392317691216e-02,3.891020939836017196e-04,-1.435266901255791670e-02
-1.689736746286938556e-03,-9.877129523930865823e-03,1.039122494628717634e-02,1.175641323930617411e-03
2.590058022796396311e-02,-2.414507759085957050e-02,9.650587213622231417e-03,-1.140608985072672291e-02
1.987258450776323987e-02,-9.013385498854015881e-03,1.348038803503856953e-03,-1.220723781241308398e-02
-4.669604356791598812e-03,1.309535184206868028e-02,5.060120847236237313e-03,-1.348586833251331184e-02
-3.408623282760978035e-02,5.701607745156322092e-03,1.649132899934904750e-02,1.189329608310435785e-02
-1.289792918170918137e-02,-1.540164762186814994e-02,1.342060482819992795e-02,1.487897197537743979e-02
-1.924333622513615255e-02,4.611335256711009589e-04,1.494900145987042815e-02,3.833201239594590751e-03
4.242043614226972265e-03,-1.934366829581881785e-03,9.094211907796535474e-03,-1.140188869244164460e-02
1.770269888443871606e-02,-1.485648827440727744e-02,1.349220977591259613e-03,-4.195431587622672209e-03
-4.181262617971348398e-03,-5.252431601534324798e-05,-4.169794095058115997e-03,8.403581029044843165e-03
-4.546742323639323125e-03,3.395533912206227713e-04,5.764537919624360303e-03,-1.557348987205678164e-03
-1.138505198207174704e-02,-1.571077475600726400e-02,6.217970388600059864e-03,2.087785634947903965e-02
2.551539253232649324e-02,-3.664411323899616213e-02,-7.701692045640329623e-03,1.883041275230996903e-02
-6.523981903111484779e-03,-8.364489454609326871e-03,1.730847877494699413e-02,-2.420007417226123069e-03
-2.018233493465272990e-02,-4.890704067780912018e-03,1.049148619320560728e-02,1.458155280922800515e-02
-2.082983893853206786e-02,4.705464347511786188e-03,-1.069378915011186780e-02,2.681816374113226570e-02
-1.612372382496127243e-02,-4.369612939557365218e-03,-1.453791295353715207e-02,3.503124971805567089e-02
-2.048300688151347831e-02,2.440061349161099218e-03,-4.620737827291377525e-03,2.266368335964383252e-02
-3.552467891391391380e-02,6.004087852559732846e-03,-5.197664582041851625e-03,3.471825564339599268e-02
-3.056640569802659274e-02,-1.137413878272465137e-02,1.470761959683860925e-03,4.046978252106748358e-02
4.196444104382754739e-03,-1.417175810604606734e-02,5.656626420712498795e-04,9.409651359592111075e-03
1.253576200401403107e-02,-4.651299509220569589e-03,3.156401478395132187e-03,-1.104086397318856938e-02
-2.412600668215769684e-02,5.222138064054719295e-03,1.047491592369857207e-02,8.428952694404395068e-03
-4.016314488208508338e-03,-9.372144857397607940e-05,-1.329438413718486700e-02,1.740442007396733257e-02
1.633998345355375942e-02,7.029505743758026270e-05,-4.997351534933169512e-03,-1.141292697605812874e-02
1.096247035914356231e-02,-1.079140066299622697e-02,1.223020298028591746e-02,-1.240127267643327015e-02
-1.877559796443408618e-02,-9.125019556995871139e-03,7.765589757036010093e-03,2.013502776439391947e-02
-2.438411551086210396e-02,5.058018673118849784e-03,1.886400671830058915e-03,1.743969616591321478e-02
-1.010961584659663889e-02,-1.407746768662590520e-02,7.157891142132107726e-03,1.702919239109049535e-02
-8.359089608311583500e-03,6.789486548018938347e-03,5.977127046664744599e-03,-4.407523986372149753e-03
-1.894484378901983151e-02,1.998576346782410251e-02,-3.494533246732040802e-03,2.453613567927651409e-03
-1.216090856724033262e-02,2.225543128596306486e-02,-1.427754531701952087e-02,4.183022598296726180e-03
-9.027531254873548362e-04,7.712777164186891167e-03,-3.867121920058826275e-03,-2.942902118640718621e-03
-3.472366450630204326e-02,2.676276218325302284e-03,1.564337017311420719e-02,1.640401811486263614e-02
1.756853617835189146e-02,-2.126068014709573545e-02,2.147072333919123992e-03,1.545071634824623933e-03
3.704626666709982113e-02,-2.817812108303965196e-02,-2.184153865813596909e-03,-6.683991718246644689e-03
3.891951958237989395e-02,-1.568489762946632601e-02,1.177497048707824324e-02,-3.500959243999184761e-02
-5.903499345980010686e-03,-2.066041271964450324e-03,1.029463138154986662e-02,-2.325090763605421659e-03
1.058762349774031684e-02,-1.444572922715297268e-02,6.848658358039648800e-04,3.173239893608648457e-03
1.514570177738202260e-02,-9.729518821195199882e-03,5.635540164264305797e-03,-1.105172312045115020e-02
-9.877272417691573478e-03,-8.695739258195789908e-04,1.244568024997208880e-02,-1.698833906460926356e-03
2.097366389393040195e-03,-3.356237127747698640e-02,1.287844333685385541e-02,1.858656155123006651e-02
1.198494732616521737e-02,-1.901783422104607116e-02,7.471978181599065426e-03,-4.390912867181917382e-04
-6.494981615669380426e-02,-3.934054568911085105e-03,1.686443838061224554e-02,5.201943234499260826e-02
1.536054638840578116e-03,-1.816989044134202300e-02,1.750582892364192442e-02,-8.719931211405992314e-04
-4.053194685333355585e-02,-1.412427326947680341e-02,2.180540098799089999e-02,3.285081913481948529e-02
-3.123556980998848029e-02,-1.504837862087979317e-02,1.293234019542866334e-02,3.335160823543955461e-02
-1.047630751098153727e-02,-1.222018582152423725e-02,6.321143954825985192e-03,1.637534937767977372e-02
9.593709732528710177e-03,-2.549212992672388739e-02,1.189024349903565828e-02,4.008176695159479039e-03
1.801628504170232209e-02,-1.951092334401151318e-02,1.455323906166787820e-02,-1.305860075935864201e-02
1.359883836801212623e-02,-3.304899596095292602e-02,1.410100092845041446e-02,5.349156664490424366e-03
-1.836543488532312376e-02,-2.554143379992388288e-02,2.672251340387248389e-02,1.718435528137439439e-02
-1.875320349123929184e-02,-3.140089806635803366e-02,2.510241555514526601e-02,2.505168600245207336e-02
2.009927496949240680e-02,-3.995786409932346878e-02,2.491067325118064349e-02,-5.052084121349635290e-03
6.290928262901341640e-03,-3.063161951769454924e-02,2.413540846811285806e-02,2.052827866803239010e-04
7.233988914731582370e-03,-2.036697234380876673e-02,1.885019246518728972e-02,-5.717209036109991739e-03
-3.449981025269768797e-02,-2.030641653290970062e-03,1.836985340607194886e-02,1.816059849991657690e-02
-1.347997056583619818e-02,1.758560840425310579e-02,3.979149712755596265e-03,-8.084787551172504735e-03
-1.361249567259796393e-02,1.674076226348740828e-02,-3.487340883325288146e-03,3.590742924359022876e-04
-2.773310074587864715e-02,2.963922685557340495e-02,-2.692768812430626577e-03,7.866427027358158762e-04
-5.303346968941337336e-03,2.216749285893547181e-02,-6.680222467977507857e-03,-1.018392342201663442e-02
1.055625926906370807e-03,8.111492872757211647e-03,-6.348094496742224049e-03,-2.819024302921356671e-03
-3.293449203493830496e-02,1.382979206011415284e-03,-3.917455814848979333e-03,3.546896864377595271e-02
1.857080679198000808e-02,1.775885948824537435e-03,1.074851461713495710e-03,-2.142154420251796490e-02
8.270067268011245878e-03,-1.500436848549633467e-02,5.779385661208862567e-03,9.549155562762478037e-04
3.511974724961015176e-02,-2.432585052397735065e-02,8.582756209686456111e-03,-1.937665293531922947e-02
2.380076464796868768e-02,-2.203969043816604231e-02,5.026575476145740164e-03,-6.787649685948352572e-03
1.492084758950633014e-02,-1.223628115701387749e-03,4.831757583891429890e-03,-1.852897705769638789e-02
-2.811545422495332486e-02,2.374398674834968248e-02,5.807469851112624822e-03,-1.436002374509013019e-03
-2.379954214046657579e-02,-1.473124371267756777e-02,6.073744093576262035e-03,3.245704175956785897e-02
-1.206731508701636970e-03,-3.515453744177443607e-03,5.335853104951675599e-03,-6.136678520725992502e-04
4.228357439836029005e-03,-3.369380292840522609e-03,1.017212529881153342e-02,-1.103110244580702941e-02
-1.186753312175488177e-02,4.664685285050933390e-03,1.036458502789337419e-02,-3.161737191189446187e-03
9.195401482938386079e-03,-1.788132760208167513e-02,2.029761030677485877e-03,6.656165088465852177e-03
-5.122622978810169488e-03,1.100368739951653949e-02,1.249522135165929103e-03,-7.130586555872313846e-03
9.398835233058752334e-03,-2.508812363494025005e-02,1.239974601875158244e-03,1.444931380000630608e-02
-1.367267319801048625e-03,-3.431106977695062843e-02,4.704138446385936097e-03,3.097419865036581121e-02
-1.165032529694801089e-02,1.383831769786516078e-03,1.016498320694793518e-02,1.015103202135797143e-04
-1.362738035251993308e-02,-2.942334293414540936e-03,1.128297387072500074e-02,5.286740775209471978e-03
-2.919111874342642313e-02,9.958730465095362236e-03,-1.989877367932952907e-04,1.943137601512432908e-02
-2.249757694752392220e-02,-1.748971130608100583e-02,-9.055538572165658731e-03,4.904282682577064401e-02
-1.772787584715269579e-02,-8.044658280166232332e-04,-6.481066847074643672e-03,2.501340852224400585e-02
-1.652228388364877093e-02,2.758475757198769647e-03,-2.609553202918999445e-03,1.637336132936898295e-02
-4.464315055032581914e-02,-9.639837474766337413e-03,1.301982270852248928e-02,4.126316531656955972e-02
-1.628328024642568955e-02,-2.504368570494649310e-02,-3.576023452331337973e-03,4.490298940370338054e-02
-1.585683446943293370e-02,-1.124387375703550691e-02,3.598543771516038610e-03,2.350216445495240808e-02
-1.988173963920757820e-02,-6.751833831004134048e-03,1.399933003240948735e-02,1.263424343780217979e-02
-3.770572919560814112e-02,1.041755395306423818e-02,3.546282824326211017e-03,2.374189241821772142e-02
1.085740920830955032e-02,-8.506503858623492079e-03,1.498113109673312451e-03,-3.849018459359401269e-03
3.271454369142304860e-03,-3.545519145160829118e-03,1.079484240075767425e-02,-1.052077762473916517e-02
-8.901459438917619718e-03,-1.478726740039306570e-02,8.589248059462454774e-03,1.509947877984828962e-02
-2.205971939606929041e-02,-1.934322467716832750e-03,6.572402945457449068e-03,1.742163891832872180e-02
-1.483320560038715527e-02,-1.420585003888262532e-02,1.339219576662688607e-02,1.564685987264292921e-02
1.271844633072249584e-02,4.709769341282696482e-03,-1.092906074645861973e-02,-6.499154925546580391e-03
1.655376200596149353e-03,4.701386612481943741e-03,-1.181120189514199559e-02,5.454439082063888833e-03
-1.083061492151747227e-02,1.777797483269718051e-02,-9.025224560610877259e-03,2.077864649431149496e-03
-2.278533547243001903e-02,1.000807497715918738e-02,1.321051369179264152e-03,1.145620912609158701e-02
-2.266791395663762115e-02,2.509916969074842998e-03,1.083749098185838623e-02,9.320506005704330341e-03
3.138997512359076314e-02,-2.222990623155778750e-02,-4.919457141100335752e-03,-4.240611750932629480e-03
3.757850553554292067e-02,-2.729121505806680545e-02,4.880178672185444232e-03,-1.516746914966143715e-02
2.355252403303421255e-02,-1.058981695686529549e-02,1.265442650301974552e-02,-2.561713357918862094e-02
1.007432733544617702e-02,-1.703488576398969750e-02,-4.053614685170769602e-03,1.101417311371430049e-02
-8.093195438086014590e-03,-7.625422126856946578e-03,8.845579694755040939e-03,6.873037870187929770e-03
-6.246925637738761500e-03,2.164598680765040910e-03,1.177258811839583183e-02,-7.690261161422155475e-03
-2.696283284087006363e-03,-3.128124384469072386e-03,1.307666711815696874e-02,-7.252259449600910804e-03
9.520901768929088821e-03,-2.625939636854903239e-02,1.092062655278222029e-02,5.817868046837675576e-03
-2.052816420274971437e-02,-1.387427249009785292e-02,9.304692788331424269e-03,2.509774390451626272e-02
-1.098692219672528503e-02,-2.577896917683593705e-02,2.690303973027204608e-03,3.407558740053402008e-02
2.255876714144329498e-02,-1.092694663099063289e-02,1.013308881614287914e-02,-2.176490932659555858e-02
-2.615616536544948176e-02,-1.659356248296538217e-02,5.560642168974997378e-03,3.718908567943975119e-02
-4.267284074549602263e-02,-7.446319229734730226e-03,2.017235609744789937e-02,2.994680387778278843e-02
-3.066183001236386964e-03,-1.995931837178987339e-02,-2.185722512938293154e-03,2.521122388596461553e-02
3.315136234986144903e-02,-2.973217282156797453e-02,-2.834660040952449462e-03,-5.845294873410484572e-04
6.011801106379899284e-02,-3.917402216997173392e-02,9.694897556529899485e-03,-3.063888645035718269e-02
1.716816342624360656e-02,-5.031473097569546388e-02,8.352878069267630906e-03,2.479368948018423335e-02
-1.360593130039956800e-02,-3.770547213094660455e-02,2.321846673109902864e-02,2.809293670024722717e-02
2.406824616544363249e-02,-4.964078288490905017e-02,2.152185338978590892e-02,4.050683329679575541e-03
2.496338235887422471e-02,-2.756352348062596214e-02,1.850455100859142721e-02,-1.590440988683964468e-02
4.032036091941422484e-02,-2.037301675362641895e-02,5.610885735720809279e-03,-2.555822990150865420e-02
1.070319648902039872e-02,-3.807605229805964987e-03,9.989954323540448447e-03,-1.688554558275488782e-02
-2.531681732438891691e-02,4.269082099194293836e-03,8.020468301911092696e-03,1.302726692328350262e-02
-2.831978071746824727e-02,1.874047645900493372e-02,5.254025598014393054e-03,4.325278660448971663e-03
-1.411733948357353496e-02,2.785206189264318594e-02,1.147461954569257633e-03,-1.488218436363890514e-02
-4.832605247631351422e-03,2.683652611834910773e-02,-3.596481827802952818e-03,-1.840743904291477009e-02
-9.072845574951065445e-03,3.135292587716308199e-02,-9.678226423094078712e-03,-1.260185387911787885e-02
-2.203257030214626419e-02,2.008884984552732761e-02,-5.549514282155813653e-03,7.493234738774808348e-03
-1.691614403221964463e-02,-1.614463127465904507e-02,-3.488043130507628709e-03,3.654881843738621433e-02
-1.509227249779412569e-03,7.999050929977933808e-03,1.118816479282906239e-03,-7.608640159481458269e-03
2.522187566405241672e-03,4.644905179049109260e-03,1.229535700693606785e-02,-1.946244975239030950e-02
1.864302828742470108e-02,-1.739887254770462743e-02,1.299439414577546748e-02,-1.423854988549552378e-02
2.054155953608382060e-02,-2.829440236754579563e-02,1.259051902137019174e-02,-4.837676189908293040e-03
1.811158598750001875e-02,-2.017243931924485312e-02,8.453347519656137510e-03,-6.392494187911278852e-03
-2.761448701242774900e-03,1.170883365094888690e-02,1.066439809155335892e-02,-1.961178304125949998e-02
-4.102532729705627573e-02,3.522259221072621387e-03,9.381223408286240920e-03,2.812184466769744942e-02
-1.314172391785438550e-02,-2.154471516183747298e-02,2.121392206326450439e-03,3.256504687336538723e-02
2.624004327916867191e-02,-1.277702306239086524e-03,-4.604241074651856981e-03,-2.035809989827768937e-02
-8.935608272910003022e-03,1.201216109047641145e-02,-3.988264052632094908e-03,9.117112350656761790e-04
-8.905535351775694525e-03,-1.470192875094250042e-03,2.289752895795296381e-03,8.085975331074687217e-03
-1.126101147490698312e-02,1.822283153148077615e-03,-2.414432829193900384e-03,1.185316115095284145e-02
-6.109099346134003183e-03,-6.933554483754891806e-03,1.678648418097207842e-02,-3.743830351083139198e-03
-2.495224858404745168e-03,-2.078861558210634217e-02,2.990611219520867420e-03,2.029322922099015963e-02
-6.529562702604720971e-03,-1.483963519092584664e-02,-2.163205332796474482e-03,2.353240322632694365e-02
-2.428138114746846831e-03,-3.535327429226307709e-03,8.527264664422665869e-03,-2.563799120449519568e-03
-2.336769135945367115e-02,8.499707187301013683e-03,1.432921614953256914e-02,5.387680226200579695e-04
-2.339460943107511681e-02,-3.699184622132458723e-03,-1.184088576165439645e-02,3.893467981486212898e-02
-5.238010866621098426e-04,-2.046133685696225474e-02,-1.294317014544173021e-02,3.392830808906608514e-02
-4.137114074820181370e-02,-3.137400454646235848e-03,9.600998822714640682e-04,4.354844132057658634e-02
-3.905508923348189471e-02,2.555001431522328282e-04,9.160329552710710574e-03,2.963925953761898865e-02
-2.250719100163405678e-02,-3.265187553634918416e-02,7.285713569041372267e-03,4.787335296894178888e-02
-2.223132908999897808e-02,-1.227107454887555599e-02,1.208039356520016362e-03,3.329436428235462569e-02
-1.209018031738995358e-02,-1.244233543395810611e-02,1.389926849457221933e-02,1.063324725677586464e-02
-3.001820283501244538e-02,7.700253062286567182e-03,3.338631209038114400e-03,1.897931856368765408e-02
1.943934309143811531e-02,-7.129730558338987813e-03,1.391360835371967253e-03,-1.370097336847097939e-02
-1.208555879410288733e-02,-1.075974456490458135e-02,1.447590199961910039e-02,8.369401359388349212e-03
-1.098552984258899592e-02,-8.947468183372333031e-03,7.629608789237397187e-03,1.230338923672394912e-02
-3.969575064068097542e-03,-1.942517919039684141e-02,8.912955208677717650e-03,1.448179904578725773e-02
-1.006775407562375199e-02,-1.070916562084531405e-02,6.628101882040274111e-03,1.414881781442877198e-02
-1.053727241279489232e-02,1.394810789542463327e-02,-8.394068498357571545e-03,4.983233015727813256e-03
-1.904922974021453690e-04,4.915078320330973360e-04,-5.810547815958454557e-03,5.509532281327476216e-03
-2.269124201571816324e-02,2.146198290093768654e-02,-9.411751007717955933e-03,1.064101012249845171e-02
-3.514219122384022731e-02,1.380490113640589836e-02,4.303602898347204039e-03,1.703368718908706073e-02
1.653263715966247008e-02,-1.511191713921603702e-02,-3.062178807212272320e-03,1.641458786765798063e-03
3.798839403094315254e-02,-3.018424685473269226e-02,-5.848773367562116847e-03,-1.955373808648290523e-03
3.880557562853369918e-02,-1.485556532808855745e-02,1.113144574347737364e-02,-3.508145604392253619e-02
-3.339586108784911578e-02,7.844169230712585983e-03,5.778095129927258641e-03,1.977359672720932840e-02
-1.206059707128020846e-02,-2.039735134909743605e-02,-2.805649840520976941e-03,3.526359826089845578e-02
4.444648350560727844e-03,-1.397848399147395317e-02,2.296877952386920316e-03,7.236957688526286792e-03
-2.001075447479922203e-03,-1.290083371780497215e-02,1.679274060971381807e-02,-1.890831444428967304e-03
2.444618770566676837e-03,-1.133452690897509066e-02,1.837233378937072961e-02,-9.482425650962290203e-03
3.323275741325210780e-02,-2.014903414417320432e-02,7.380460141545959994e-03,-2.046418341062485741e-02
-3.603467449064093331e-02,-2.450968286982028663e-02,1.664120356829602160e-02,4.390315379216525732e-02
4.180711640901869919e-02,-4.703132071636238060e-02,4.993573769128295189e-03,2.306305382153606316e-04
7.284152623825195828e-03,-9.757810064253991458e-03,1.245385987819596675e-02,-9.980202437767189336e-03
-3.697771439064721083e-02,-1.169260412835758552e-02,-1.536754014537087664e-03,5.020707253354168148e-02
-9.937048061158105031e-03,-2.397940111401339683e-02,-7.022815400314605697e-05,3.398667732917459022e-02
1.801761132679882693e-02,-3.401998652732585171e-02,7.111370156787194009e-03,8.891005043739892352e-03
3.328607358354530865e-02,-2.241492131855393755e-02,9.075915364147049908e-04,-1.177874380140607295e-02
5.623204944657409637e-02,-3.107509077535648007e-02,1.525068844800097669e-02,-4.040764711921863289e-02
2.047977186334611413e-02,-7.688843409312581811e-02,7.372963786398519827e-03,4.903569844338103584e-02
-1.400213682226197562e-02,-4.301938976758931665e-02,1.864653307787823150e-02,3.837499351197299485e-02
3.906958366106218911e-02,-3.483741109775736339e-02,1.891962246934121225e-02,-2.315179503264622879e-02
2.652315246703497095e-02,-8.360728588193432759e-03,8.607644542775676200e-03,-2.677006842161724215e-02
4.005548222221536753e-02,-1.649517811946282428e-02,2.726430204053622262e-03,-2.628673430680614209e-02
3.617906203792594071e-03,1.647676998418197425e-02,1.136385015399759592e-02,-3.145852634197220110e-02
1.411883396464904891e-02,-4.183942420348401442e-03,1.433347767173089211e-02,-2.426836921603155520e-02
-1.703804946444880189e-02,1.645395949855538859e-02,8.841009595960132306e-03,-8.256919630066741553e-03
-5.688692087086727987e-03,3.932369235575746205e-03,5.674238395902300378e-03,-3.917915544391321198e-03
-2.747637169963743423e-03,2.993659368361788545e-02,-7.072405037474808337e-03,-2.011655147617936318e-02
-2.570880109135370573e-02,3.586943815147005526e-02,-1.530248941695722380e-03,-8.630388118420671828e-03
-5.048403000889353093e-02,3.455562624690474566e-02,2.276453693136127926e-04,1.570075839267518966e-02
-1.572004777700682088e-02,-7.379953594933811277e-03,-2.860010320990000274e-03,2.596001169293064154e-02
-1.885519499390616791e-02,9.977322308569153142e-03,-1.180429696182956536e-03,1.005830238151990581e-02
-1.355978515013878810e-02,2.826908846450458188e-02,4.620062815784514894e-03,-1.932936613015029739e-02
2.850072241860687403e-02,-1.322273868688454007e-02,6.225158678634614383e-03,-2.150314241035692839e-02
3.528310338672578650e-02,-2.718973699675692954e-02,6.739295348919291211e-03,-1.483266173888810394e-02
2.477440636550003183e-02,-3.598846373436304785e-02,4.376842280611900615e-03,6.837215088251142291e-03
1.862081373411383217e-02,-1.966810881021544000e-02,1.071662958911745456e-02,-9.669334513015834590e-03
-2.426214594936836055e-02,6.473248345772209499e-03,1.016702063014899952e-02,7.621876973447159337e-03
-2.888752738057794728e-02,3.217788442801892881e-03,1.170448495535780960e-02,1.396525398241818192e-02
-3.733717822010387388e-03,2.898083382880303066e-03,-6.665864055557736874e-03,7.501498494687825966e-03
2.962774182482124513e-02,-8.042895939777538333e-03,-2.934486726510091362e-02,7.760021380057251054e-03
1.803532807520926914e-02,-2.049165741732193388e-02,-8.478558142854582952e-03,1.093488748496733790e-02
-7.357122270751249339e-03,-3.615875674338117629e-03,3.804029245817858694e-03,7.168968699271493529e-03
1.291373019084868061e-02,-1.874820806417706182e-02,6.872514433467436998e-03,-1.038036560139047985e-03
2.034796911719312373e-02,-3.039514170998068587e-02,-1.486998092600768208e-03,1.153417068538836916e-02
1.289896453853902995e-02,-2.355018303149962813e-02,-5.576749746928725236e-03,1.622796823988925316e-02
-1.688940600750854504e-02,7.513040292675366924e-03,3.418731187397217042e-03,5.957634527435904694e-03
-1.038725458189328557e-02,6.141395575204398015e-03,1.033149421391816279e-02,-6.085635207229258756e-03
-3.213594659558025035e-02,1.952999647116180140e-02,-4.270889495289902776e-03,1.687683961970839336e-02
3.080667311502991411e-03,-3.803655290611183959e-02,-1.750663205210341647e-02,5.246251764671221174e-02
-3.232963492477278905e-02,3.729611014066273617e-03,2.206557966566513942e-03,2.639346594413998631e-02
-3.843815017039445975e-02,4.094166743314272758e-03,4.480463589286984294e-03,2.986351983779326688e-02
-3.282623191263402823e-02,-2.334590576640292042e-02,7.311196503769413178e-03,4.886094117526752073e-02
-3.291878178724835791e-02,-1.487959448898024985e-02,2.361553804135877854e-03,4.543682247209281100e-02
-1.244439426926481629e-02,-1.233278199682587978e-02,1.221395888944019383e-02,1.256321737665050051e-02
-3.773282918975078698e-02,6.176373350590690786e-03,9.331002765945450861e-03,2.222545307321466615e-02
2.180786721499460359e-02,-1.533951237936023552e-02,6.415314913683961041e-03,-1.288366974931830049e-02
-2.359079447679117772e-03,-1.473458515010529941e-02,1.258417105570908481e-02,4.509493542075317628e-03
3.121634269323891615e-03,-1.997695913519110036e-02,9.613365123993107249e-04,1.589398835346792979e-02
1.879678098726590696e-02,-3.002643146188213250e-02,6.447429475480812890e-03,4.782220999135368411e-03
-3.153311555023721735e-02,9.684211175644061439e-04,3.958981476963185399e-03,2.660571295570960185e-02
-1.948101896015775811e-02,1.132849826930606291e-02,-2.992644562815289632e-03,1.114516525366694190e-02
2.787013162837140116e-03,1.090891915569013569e-02,-1.042342960485229293e-02,-3.272502713675033183e-03
-2.372605906766030170e-02,1.105040121314093508e-02,-6.749354474502805047e-03,1.942501232902216560e-02
-9.669482935199164714e-03,6.059363645800448610e-03,-6.919250829029640129e-03,1.052937011842830679e-02
1.581956336803705745e-02,-1.117828888599733776e-02,-8.061119184442594281e-04,-3.835162563595466770e-03
5.434655257290826880e-02,-3.798083385525601041e-02,-2.788782809785053315e-03,-1.357693590786720333e-02
5.076232692337041136e-02,-4.147225161648216557e-03,1.503717350479149249e-02,-6.165227526651360923e-02
-2.629346777174560584e-02,-1.087578593139679585e-03,2.100880904917534417e-03,2.528016545996782452e-02
-1.305175959135494203e-02,-2.109299455411740160e-02,2.025594744514168984e-03,3.211915940095814298e-02
-8.368152774502576777e-05,-1.650979655081446368e-02,1.663668733018348889e-02,-4.320925162409621243e-05
1.511206959090429305e-02,-7.707511598539534999e-03,1.104291176668532708e-02,-1.844746975905016406e-02
3.097155776040692171e-02,-3.959687342189814607e-02,9.871318190792061423e-03,-1.246002529300717148e-03
2.370537566590906128e-02,-3.443923772781051773e-02,1.936417962221841007e-03,8.797444099679562965e-03
5.297333242260458645e-03,-3.478892040908336536e-02,1.706899090758388221e-02,1.242259625923900802e-02
4.141406214414487807e-02,-3.115644772680194532e-02,-7.869947429038081938e-04,-9.470619674439174213e-03
1.877257805820651757e-02,-2.124614674714421156e-02,5.055627072723159997e-03,-2.582058383785505468e-03
-4.506156563637261740e-03,-4.205217058667617448e-03,-2.315720561477488913e-03,1.102709418378235162e-02
-1.536629478505104410e-02,-1.584751911955946738e-02,-1.461153438083912653e-02,4.582534828544966576e-02
7.286899169769755873e-03,-9.735428777946806764e-03,-2.694154984167067106e-03,5.142684592344101517e-03
3.477755604845293030e-02,-3.081126639216258747e-02,-4.555255712004840744e-03,5.889660557143905784e-04
5.698371752647260480e-02,-5.429560558206517062e-02,-3.334529659291181249e-03,6.464177148838519188e-04
3.516505134725822490e-02,-6.682558782785058549e-02,4.982708728430859657e-03,2.667782775216146277e-02
1.688161759868616121e-02,-7.364176623809721989e-02,1.780663184357133416e-02,3.895351679583965165e-02
4.377729839919737576e-02,-4.055150468681565507e-02,9.830050601410398811e-03,-1.305584431379208481e-02
4.342133689519799000e-02,-1.023571795665791442e-02,9.728074332200211533e-03,-4.291369327074039813e-02
4.334197100220129467e-02,-8.924769808335196453e-03,2.507920602648325628e-03,-3.692512179651434578e-02
6.413538413529061566e-03,2.787170455710434938e-02,2.768439446510526179e-03,-3.705368241714403210e-02
1.264174055511032083e-02,7.706694005489681020e-04,1.039815344433608034e-02,-2.381056339999540125e-02
4.148996196592984360e-03,4.718932760169454953e-04,9.489043918240847681e-04,-5.569793864434041675e-03
-1.501581163130328135e-03,8.019957544145493939e-04,-5.965185953373653913e-03,6.664771362089409561e-03
-9.908878418452230635e-04,3.286559565397727950e-02,-5.750001935493569138e-03,-2.612470587663849944e-02
-3.372222937506328538e-02,4.035577888107939187e-02,-5.917171482615049202e-03,-7.163780234010390727e-04
-3.481556589751282765e-02,3.059394372227629277e-02,-2.196187834897488003e-03,6.417810010133865456e-03
-4.075012081422383498e-02,4.841420199493315889e-03,-3.996729477810005184e-03,3.990543009254047396e-02
-5.411635282004841931e-03,5.206217076278354255e-03,-3.921360611881460900e-03,4.126778817607951177e-03
-1.845421507593814070e-02,1.068900523388801108e-02,-2.758811633533458669e-03,1.052402147558356184e-02
2.312574333753486880e-02,-1.065899904573111914e-02,2.725537073583451497e-03,-1.519228136538720679e-02
2.235188019787290314e-02,-1.949011426623020043e-02,6.190797058265516163e-03,-9.052562989908195454e-03
3.446662399183921671e-02,-3.599695448492661043e-02,8.767256241323861249e-03,-7.236925748236529982e-03
2.867532368866693160e-02,-3.892865211927236391e-02,3.408257278717782401e-03,6.845071151887792589e-03
6.233597502433774716e-03,-8.635745381817364411e-03,7.519741605742708522e-03,-5.117593726359102348e-03
-1.098538054453860116e-02,9.244821829676923373e-04,5.216387807440583425e-03,4.844510554130271839e-03
-5.790438931579328617e-03,2.436605096117424804e-02,-1.375255948282207673e-02,-4.823052546772830552e-03
6.396614529745824583e-03,1.630447905752543947e-02,-1.201715781137755769e-02,-1.068393577589368121e-02
1.861108053429869763e-02,-5.135531399486169442e-03,-1.083382158561413747e-02,-2.641727549198462279e-03
6.794630758344851612e-03,-1.684145102339627484e-02,5.069203645923792308e-03,4.977616619127651736e-03
9.632408791613407059e-03,-9.945508734193583139e-03,5.299619499884774404e-03,-4.986519557304606130e-03
1.689633383632234073e-02,-2.905700742523559948e-02,5.506116848887711128e-03,6.654556740025613544e-03
2.414543094713239926e-02,-1.810287308231094128e-02,-8.907391721192771047e-03,2.864833856371303954e-03
1.046387044987569931e-02,9.099143112697237034e-04,-6.806728613149047114e-04,-1.069311189983051733e-02
-3.960561668064534711e-03,-2.619345526429065624e-03,3.992855074006726110e-03,2.587052120486875526e-03
-3.078530988084758960e-02,1.809185708488031397e-02,5.586905481903981646e-03,7.106547314063209851e-03
1.143882857838660928e-02,-2.588356131473115024e-02,-1.550477666661254431e-02,2.994950940295705230e-02
-3.642493177047450431e-02,-5.378680309294233720e-03,1.078915510205129616e-03,4.072469656956376194e-02
-2.980135972314726725e-02,-1.489188803326510317e-02,3.635753470424446174e-03,4.105749428598796241e-02
-3.002895750291149912e-02,-2.119486988607856975e-02,5.552493257242055273e-03,4.567133413174794682e-02
-2.658151457496009396e-02,-1.569792083448485337e-02,3.246302160154863285e-03,3.903313324928996825e-02
-2.279898907429644267e-02,-2.294779103598834635e-03,1.124810338889195745e-02,1.384566478900331812e-02
-3.694865627230679850e-02,1.469875925505798779e-03,5.854134419893494527e-03,2.962464592690759041e-02
2.566120899495867233e-02,-1.095057894414439362e-02,6.380170249390487540e-03,-2.109080030020478447e-02
6.497523531763649664e-04,-1.738628722598189319e-02,8.771623409754857742e-03,7.964911463050677529e-03
2.882827068956129307e-02,-2.451579734278229797e-02,3.670906804130646874e-03,-7.983380150909564349e-03
-1.147707499078768484e-02,-1.717734755795157636e-02,3.619528939987675265e-03,2.503489360875153433e-02
-3.257509311064121088e-02,7.299379238934731312e-03,1.055997594817051442e-03,2.421971627688936091e-02
-2.261049342653118077e-02,2.274598187626198503e-02,7.342318184996450797e-05,-2.089116315807491452e-04
-2.066730494914425977e-03,7.563988540535434776e-03,-1.298513207100196118e-02,7.487874025380897303e-03
-3.682986365372079712e-02,1.683026249215658840e-02,-8.814775705598056066e-03,2.881437686716243479e-02
-3.737958038104450577e-03,5.472167072881108270e-03,2.066651624191552690e-03,-3.800860658968220791e-03
3.593219396889108658e-02,-3.037682001433443871e-02,-1.305574352488250061e-03,-4.249799602068303483e-03
5.227943310295718460e-02,-3.852236552737309944e-02,6.432996995258273218e-03,-2.019006457084234624e-02
2.278410941481205741e-03,1.998029585720818499e-02,1.057924963903823443e-02,-3.283795643772755013e-02
-1.226084517776341969e-02,-7.377801141312124132e-03,3.174652591513558216e-03,1.646399372756189583e-02
1.011647416081657910e-02,-1.560740224800283120e-02,-1.262671923015183531e-03,6.753600010201426737e-03
5.473009327225762145e-03,-1.833217097466213058e-02,5.603202329723713446e-03,7.255959317712591672e-03
4.495159155972645697e-03,-1.076837302553383148e-02,1.031514863791504512e-02,-4.041934768353816834e-03
4.560450847240486716e-02,-4.291375449156387134e-02,1.015696188217446970e-02,-1.284771586301549501e-02
2.774320234053268344e-02,-3.079818998297876448e-02,6.827310302474887647e-03,-3.772322660028803575e-03
5.681611075134548189e-02,-5.263330291188186849e-02,-1.161215464358150836e-03,-3.021592375105536504e-03
2.710515342633713215e-02,-2.433947450778493199e-02,-3.809141597210595909e-03,1.043462678658402254e-03
-7.037281160984021518e-03,-1.753250956423460516e-02,-3.312793714048125823e-03,2.788258443926673949e-02
7.338106429449015033e-03,-1.776365802722419803e-03,5.472599308637568494e-03,-1.103433993536413749e-02
1.865167226168519196e-02,-3.144984074052835366e-02,-1.251964782994141427e-02,2.531781630878454648e-02
2.184096013150488291e-02,-6.969126548675189450e-03,-2.667397843573029743e-03,-1.220443573925661558e-02
4.512839467112291642e-02,-4.458603913621624060e-02,-1.258285158924990314e-02,1.204049605434324467e-02
3.328625060075564995e-02,-3.553353625081561579e-02,-3.241548175895186783e-03,5.488833825954875061e-03
2.814974055323906169e-02,-4.379273917483064715e-02,-2.631135926317055770e-03,1.827413454790870889e-02
3.314951421053567715e-02,-7.786368665102989806e-02,1.520471136202076329e-02,2.950946107847329802e-02
3.076550927279103620e-02,-4.178403269449626478e-02,1.175848273326253295e-02,-7.399593115572848483e-04
4.688289989611203745e-02,-1.152049579301270971e-02,-2.209012739449942898e-03,-3.315339136364937184e-02
2.147652086191683546e-02,1.429392622732650504e-02,-2.834031045183536043e-03,-3.293641604405989770e-02
2.491626258654161714e-03,1.463738819897319327e-02,1.365434430077019749e-02,-3.078335875839754640e-02
1.380733647582629495e-02,-1.031402534055524990e-02,1.781565020458471954e-02,-2.130896133985568652e-02
2.351581438583544986e-02,3.459677389918913108e-03,5.988570367781331132e-04,-2.757434881253253284e-02
-5.741102152164291247e-03,3.150025503827248892e-03,3.424021228391795242e-03,-8.329445800547452972e-04
-1.005621606111510580e-02,2.554964263566582294e-02,2.492530189168103236e-03,-1.798595676371880780e-02
-1.239728254121603979e-02,2.585096646790009667e-02,-3.921238867726831862e-03,-9.532445058957301348e-03
-3.196898039148259041e-02,1.934034372291757245e-02,-3.804805008944673640e-03,1.643344167750972543e-02
-3.532603723095306680e-02,9.349553954874870176e-03,-1.882290928187869885e-03,2.785877420426609644e-02
-2.152155211576633337e-02,1.260643610891568414e-02,-2.984099786445786572e-03,1.189921579329644187e-02
-6.613500807793264158e-03,2.796421717938244334e-03,3.267208337247844412e-03,5.498707526071841935e-04
7.081337945069717844e-03,1.623792567842467045e-03,2.893468332552764574e-03,-1.159859884546494795e-02
-2.034249204656063490e-03,-1.297160261026460842e-02,8.872113000151192475e-03,6.133738814769424362e-03
2.269237416872431704e-02,-3.114458351692843061e-02,5.329294080678682530e-03,3.122915267525416729e-03
1.602271996986253484e-03,-2.360142321900584109e-02,9.027233892427349859e-03,1.297191732959229217e-02
1.393455974055551536e-02,-1.790135484061062057e-02,2.799417482019172197e-03,1.167377618036003709e-03
-1.459582965915620471e-02,-1.214369714749901318e-02,-3.443098861638389449e-03,3.018262566829350846e-02
-1.237113161048819694e-02,1.401690792550214573e-02,-1.991015137046945119e-02,1.826437505545547291e-02
-8.316687960735901983e-03,2.996749678361307345e-02,-8.392582907811757184e-03,-1.325822591506536224e-02
4.022030277932621412e-02,-5.014684760875765326e-03,-1.266469149733287676e-02,-2.254092652111759978e-02
1.131136654647551046e-02,-6.291696361324893016e-03,-5.473196255038284379e-03,4.535260698876537096e-04
-4.022600796123081829e-03,-4.911830245424912006e-03,3.274172968036043576e-04,8.607013744744384381e-03
4.666901922678858873e-03,-1.154191195290420711e-02,9.572542198501817270e-03,-2.697532168276485943e-03
7.002231984463582956e-03,-2.248494900498832633e-02,2.119399552617862604e-03,1.336331746790690549e-02
5.328428054339367712e-03,-3.380312647125361444e-03,5.191014424153724601e-04,-2.467216849629374174e-03
2.849012830892254378e-02,-2.278325317263032307e-02,-6.928607488784041708e-03,1.221732352491867188e-03
-1.112657701428228750e-02,4.251506975955394139e-03,6.924660571229671979e-05,6.805823432614589025e-03
1.928485746617271054e-02,-2.205393959274645072e-02,-1.983022380722572475e-02,2.259930593379942676e-02
-2.573746954378330551e-02,-1.773129320692005614e-02,-1.633325836223481139e-02,5.980202111293800304e-02
-1.626887956766322196e-02,-2.570730417525655259e-02,1.458552164942578588e-03,4.051763157797697718e-02
-4.099307671269116632e-02,-4.224224929468994340e-03,1.199087699716345178e-02,3.322642464499679649e-02
-2.639540236808801676e-02,-2.678410639036988075e-02,-1.532194222670021054e-03,5.471170298112795760e-02
-2.185001151455786498e-03,-5.849295214534952481e-05,9.923991093445183945e-03,-7.680496989844068888e-03
-4.685727326791758185e-02,-2.757306130120298817e-03,8.838869398435200697e-03,4.077570999960277581e-02
1.835495672834166689e-02,-5.897715383948639797e-03,5.530048979323175587e-03,-1.798729032371632411e-02
1.235913343256695145e-03,-2.646819690305440842e-02,8.687199404361753766e-03,1.654508415543596775e-02
3.518078758298958525e-02,-2.337193113907760911e-02,4.072541894497789909e-03,-1.588139833840974957e-02
-3.220789338103783456e-02,-5.836410092187872996e-03,6.130015647820330309e-03,3.191428782540543102e-02
-3.497655090789032750e-02,1.131216194898673061e-02,2.968954637263834795e-03,2.069543432163974822e-02
-1.984475968159401041e-02,7.810661387656500643e-03,1.711940266055885776e-03,1.032215802788163245e-02
-1.137724251306538453e-02,6.646582476412195122e-03,-3.009940648196976574e-03,7.740600684850202848e-03
-1.538544605007559699e-02,1.562943853624447835e-02,-1.637525631938644560e-02,1.613126383321750873e-02
1.186543482202888355e-02,5.590804914630447334e-03,-2.508049193674736013e-03,-1.494819054298459141e-02
3.640139127585795276e-02,-3.812039702226866639e-02,9.886841336197972618e-03,-8.167835589787316233e-03
3.081843849098698379e-02,-3.466023592882399446e-02,5.665217616533230888e-03,-1.823420178696195937e-03
-9.862897096330390523e-03,1.491311002708071119e-02,9.061396894904311453e-03,-1.411160982565468763e-02
5.249657417442937443e-03,-1.772448421707527658e-02,-5.233963735213981172e-03,1.770879053484630469e-02
-2.123740508622505487e-03,-4.792712060200985877e-03,6.841534518655800409e-03,7.491805016768913876e-05
8.984837199609877964e-03,-1.273352740102430894e-03,8.978138054785221589e-03,-1.668962251429260621e-02
2.810482775409712045e-02,-2.500119471309422345e-02,7.343125770685771971e-03,-1.044675881168859177e-02
4.996007286493990562e-02,-2.740249283948319181e-02,-1.421160441398500694e-02,-8.345975611471694727e-03
2.693947661935068572e-02,-2.934238826180475199e-02,3.019579084937413539e-03,-6.166674424834720598e-04
5.596854539120462574e-02,-2.877600266159828502e-02,-5.309258146672639171e-03,-2.188328458293362436e-02
1.535041147564369067e-02,-1.193994854022617166e-02,2.693740445115673510e-04,-3.679836979929106740e-03
-3.578037773961800089e-02,2.542362728856844764e-02,1.138651833566290718e-02,-1.029767884613336367e-03
-1.591686070520930904e-02,1.171588627414713903e-02,1.240427353422694778e-02,-8.203299103164743075e-03
1.587398321745825576e-03,-1.951836740890153243e-02,-1.802557193176752793e-03,1.973352628033243558e-02
2.927245440168917481e-02,-3.598319003720734655e-02,-3.338787502179728535e-03,1.004952313769786297e-02
3.384987857050685695e-02,-4.488450454413553392e-02,-1.956467091602007158e-02,3.059929688964855080e-02
3.345385143568532088e-02,-2.636176091026363674e-02,-1.394558355583649413e-02,6.853493030414924483e-03
1.473313219959889939e-02,-3.549775776355595935e-02,3.931235644307853644e-05,2.072531320751379996e-02
4.994192516687288169e-02,-7.312082839918256083e-02,7.018750050171359937e-03,1.616015318213804078e-02
1.769726446292630220e-02,-3.878347585664327496e-02,9.874991178220113644e-03,1.121122021549688166e-02
3.379069206307069168e-02,-2.598122548073702673e-02,1.756951912169795729e-03,-9.566418494503415790e-03
1.837226311281507651e-02,1.196192616213541914e-02,1.010655469573897708e-02,-4.044074397068949528e-02
-1.400629617634212461e-03,5.886059076166207148e-04,1.984398817660914041e-02,-1.903196446659164570e-02
4.300582684615794626e-02,-1.673729822589739222e-02,2.103986961110903414e-02,-4.730839823136961941e-02
1.230707045713310896e-02,-1.672555220432716747e-02,1.701188317295965896e-02,-1.259340142576560392e-02
1.158760450992544870e-02,5.489580347778098834e-03,2.976636421931617201e-03,-2.005382127963516170e-02
-2.563569439334232800e-02,2.434444435259955353e-02,3.390727068560149809e-03,-2.099477027817421744e-03
-5.116897818770649829e-03,1.157324548402081064e-02,9.785547457506710105e-05,-6.554203139825218877e-03
-3.929347802965346692e-02,2.020783899949576620e-02,-3.324341259629478695e-03,2.240998028978702719e-02
-8.645157904305042842e-03,1.466928933966515566e-02,-4.696131819592429604e-03,-1.327999615767680615e-03
-2.735358765093105771e-02,2.023168393056508016e-02,-3.674353786206048175e-03,1.079625750657195807e-02
-1.059083320667275445e-02,7.539662899880354404e-04,5.139068571825714492e-03,4.697798344858995952e-03
2.286709019776545643e-02,-8.936453572371669610e-03,3.511114912495276030e-03,-1.744175153788907542e-02
-1.998532475873383840e-02,-2.368771716413360477e-03,1.642379877821354903e-02,5.930297696933610821e-03
8.786241666191837996e-03,-3.541228392200302527e-02,1.241851122953527287e-02,1.420753102627595431e-02
5.668788949896865718e-04,-1.744051741624481899e-02,5.272077767941424874e-03,1.160156075331364445e-02
1.843850276276454148e-03,-2.341660289635842315e-02,8.668552170382167951e-03,1.290420044969985656e-02
2.635427906957677271e-02,-9.062538744298419963e-03,-1.697894747414549488e-02,-3.127928511327473398e-04
4.549267668751868360e-02,-1.613706602121113554e-02,-1.668238537837834351e-02,-1.267322528792913690e-02
-7.915187574651687957e-03,1.887614001573141576e-02,-1.502363185834726562e-02,4.062679417267496193e-03
2.032092970652597808e-02,7.730153144678086376e-03,-1.388752094074593123e-02,-1.416356191045813930e-02
4.671867906586170513e-04,-8.222270612961474386e-04,-5.206475514283512816e-03,5.561515784921050413e-03
-2.126606569612020381e-02,6.794494005522629977e-03,5.229469561198804919e-03,9.242102129398691718e-03
-1.144116557412978982e-03,3.042773572299021026e-03,1.213741703067414482e-02,-1.403607404556022308e-02
8.895508657056351923e-03,-2.241878512025168718e-02,8.426423345988101610e-03,5.096853117207195485e-03
8.169117164018619912e-03,-2.063493906546866666e-02,1.125671781898652125e-03,1.134015011955133087e-02
1.717319533873659307e-02,-1.034217022672735339e-02,-3.897561010016595100e-03,-2.933464101992661055e-03
-1.231734043929902031e-02,6.723643667564730558e-03,3.038818655003602993e-03,2.554878116730715382e-03
1.330658178979137428e-02,-1.665378747851628538e-02,-1.860377709845717834e-02,2.195098278718203913e-02
1.287009086433782770e-02,-3.569796490924757176e-02,-1.868503739776602307e-02,4.151291144267588162e-02
-1.312842892039935150e-02,-2.797349221867534430e-02,5.063054629674931112e-03,3.603886650939966407e-02
-3.161482277259493323e-02,-1.350715118039087954e-02,1.204810508598039287e-02,3.307386886700551532e-02
-3.272882032834530802e-02,-2.202971475744964353e-02,-2.216727769110689566e-03,5.697526285490566583e-02
1.006818254695257715e-02,-6.230965873617254694e-03,1.942335979118362021e-03,-5.779552652453664313e-03
-4.064459132552229736e-02,2.385511619310528902e-04,8.894103113041987654e-03,3.151193705054923522e-02
1.256527699894255910e-02,-8.707861538382676014e-03,6.959062967604532322e-03,-1.081647842816442322e-02
1.491770546226310959e-02,-2.955273150429965981e-02,8.627021618534130507e-03,6.008004423502542012e-03
-5.322355181272171720e-03,-9.693390358520986849e-03,5.565026644230159497e-03,9.450718895563016420e-03
-4.686797576039401780e-02,1.182559146164638766e-02,1.000665722523970923e-02,2.503572707350804061e-02
-3.575012580709083926e-02,1.024929562351023157e-02,3.540524642427011082e-03,2.196030554115368377e-02
-2.079353651422365459e-02,1.200653906005342414e-02,-6.673458746045844193e-03,1.546045620021603735e-02
-2.338808737602450852e-02,1.541265365941038926e-02,-5.925565933678818113e-03,1.390099965029290181e-02
4.898408532091327525e-03,1.689145028355155216e-03,-1.628922827769008902e-02,9.701674717243610399e-03
3.054661294079786746e-02,-9.519353668074255134e-03,-7.912614645744723424e-03,-1.311464462697892359e-02
4.847528630139287531e-02,-4.588446078025541081e-02,4.062948708579863441e-03,-6.653774229717272434e-03
1.475885040706327415e-02,-8.254451386863106976e-03,-5.644328821500440045e-04,-5.939966138050093575e-03
1.693928328081935331e-02,-1.408768712599838858e-02,4.643628744129144927e-03,-7.495224898950158220e-03
4.061795890686427379e-03,-2.419628588602201757e-02,9.470695746146142813e-04,1.918742042072089926e-02
-5.746158826510620703e-03,-3.421132078495833870e-03,1.288382180288692724e-02,-3.716530897880486548e-03
1.352770273244180421e-02,-3.652538358794112138e-04,1.259076511320044714e-03,-1.442152540788238860e-02
6.848064175336263104e-02,-4.384274544514352862e-02,-1.196074348681948514e-02,-1.267715282139972310e-02
5.370382828579799150e-02,-2.427382681594087918e-02,-6.124950056859833347e-03,-2.330505141299732755e-02
3.397108843540078832e-02,-4.210729553536387421e-02,-6.371567253867172799e-03,1.450777435383024394e-02
2.529474585770825901e-02,-1.210871282092989762e-02,-3.274541244577451778e-03,-9.911491792200907008e-03
-1.778201518340378302e-03,6.697198947300175495e-03,7.980915670427057504e-03,-1.289991309938687963e-02
-3.058407220963527476e-02,3.320143659963709082e-02,1.272765004110513846e-02,-1.534501443110703779e-02
-1.116391921412766657e-02,1.791135756451129463e-02,6.033900852305281066e-03,-1.278133920268889265e-02
-1.161597776167136442e-02,-6.644224667247129734e-03,6.507221132819229238e-03,1.175298129609927272e-02
3.505934637000355375e-02,-3.930017702595459822e-02,-8.815184490513539722e-03,1.305601514646449919e-02
4.388514384007287383e-02,-6.609357162671812558e-02,-3.209638049888970807e-02,5.430480828553505696e-02
1.314028047188122057e-02,-2.572141554569064292e-02,-9.641267131918011477e-03,2.222240220572742689e-02
-4.431165365221007013e-03,-2.367064934931489145e-02,9.957519157777362101e-04,2.710606279875812236e-02
1.735261469609537810e-02,-3.667459461796725162e-02,5.303176122128796383e-03,1.401880379974311704e-02
-3.697739583930034768e-03,-5.318722426267500497e-02,1.266399521878471338e-02,4.422096862782028126e-02
2.874873005228672715e-02,-2.467126378931690928e-02,9.198767142720843878e-03,-1.327623340569056808e-02
1.126611429186739335e-03,1.365461834936614050e-02,1.985354274397512636e-02,-3.463477252252808447e-02
-7.410810655739188089e-03,5.881706389300220099e-03,2.326543834851554568e-02,-2.173633408207654646e-02
1.874079024872568264e-02,-8.506067821724087180e-03,1.966789654957115663e-02,-2.990261897657267576e-02
1.863362029863399258e-02,-2.346835669695394519e-02,2.395676118511124927e-02,-1.912202478679126197e-02
-1.279453294486243738e-02,-3.262299223184467515e-04,7.561694548422324795e-03,5.559068318758598852e-03
-1.729426468842871351e-02,1.637075484014709204e-02,1.743069433599706355e-03,-8.195595853180858608e-04
-1.813845043917638317e-02,2.600496948834088787e-02,7.337473349297084918e-03,-1.520399239846153931e-02
-3.510167878584483613e-03,3.146605691410102150e-03,-4.790643516144588686e-03,5.154205703318984894e-03
-2.790269524182206751e-02,1.856255347173471279e-02,-2.205039555526815305e-03,1.154518132561418130e-02
-2.492831376700478663e-02,5.931786511819614992e-03,-9.421589472273837838e-04,1.993868620241252138e-02
-2.998741700219737308e-02,1.048548558147172939e-02,2.652640688793094555e-03,1.684929073193248625e-02
-2.103833009430277484e-02,8.193572634382776873e-03,6.925871123378029258e-03,5.918886336541940088e-03
-4.904635853276198554e-02,6.435204562874584540e-03,1.316461989994739158e-02,2.944653406993992875e-02
2.177480513133257540e-03,-2.005746377208569506e-02,1.027347959465598794e-02,7.606503664296542823e-03
-9.208483823161091320e-03,-3.334133816254611186e-03,5.308593920615445327e-03,7.234023718800264985e-03
1.013330337617504920e-02,-1.242827628626566941e-02,8.826304832070972980e-03,-6.531331921980397873e-03
4.711906150443892494e-02,-3.130371217738179418e-02,-1.912023852224600806e-02,3.304889195188954933e-03
2.245137241196502181e-02,-2.100182767380786089e-02,-2.113923900663736838e-02,1.968969426848019358e-02
-2.899824010833864166e-02,-1.232415546646152896e-02,-1.611680413524441136e-02,5.743919971004450564e-02
-1.781337940402469462e-03,1.418874241072185481e-02,-1.746694072982827445e-02,5.059536259508902976e-03
-2.633372655806209481e-02,1.362070050822468230e-02,-1.076864067905667147e-02,2.348166672889408571e-02
-7.190201785260827080e-03,5.745829223426839570e-03,1.558702325301592438e-03,-1.143297634676208792e-04
-2.596734751778463635e-02,2.481218091246915284e-03,1.699092143857276749e-02,6.495207987964945334e-03
4.465741263272454686e-03,-2.436905806331685770e-02,-1.700853655981846967e-03,2.160417045602635450e-02
1.638079790997901478e-02,-1.924742155092844589e-02,2.202746667191013159e-03,6.638769737583902035e-04
7.672882563763730018e-06,6.198459304554812706e-04,5.080573226760147672e-03,-5.708092039779396470e-03
2.535429517732746066e-02,-7.331868896063290474e-03,-1.187344706463992674e-03,-1.683508157480019529e-02
1.002717756809481074e-02,-7.145207479626828478e-03,-2.220504862490287404e-02,1.932307853643475473e-02
3.513766719905916242e-02,-3.333018384251781180e-02,-2.598457589402626902e-02,2.417709253748493922e-02
-1.149944562696027760e-02,-1.982373192717188856e-02,5.087713772972186042e-03,2.623546378115989078e-02
-2.304767843515613882e-02,-2.052806041031446371e-02,1.311230026879793911e-02,3.046343857667276750e-02
-2.238456379719587150e-02,-3.017167983175618462e-02,-5.301074970910601286e-03,5.785731859986274067e-02
1.719163694019097688e-02,-3.389609553862790725e-03,3.598618109340744834e-03,-1.740064549566894617e-02
-2.895708734207201249e-02,-4.307310209319326587e-03,7.956555826100103826e-03,2.530784172529117887e-02
7.092834707525788075e-03,-1.335710844492592544e-02,1.048044115539543790e-02,-4.216167417995303132e-03
3.784919616670912035e-02,-4.969706632747061814e-02,7.595967534231739919e-03,4.251902626529757007e-03
-9.193330719785484245e-03,-1.199259062413938863e-02,-1.173735321681568071e-03,2.235965666560644702e-02
-5.225127468491506944e-02,2.443292051719373262e-02,9.243820926502258409e-03,1.857453324121896218e-02
-1.453431981413910896e-02,-3.278260266218018405e-03,2.024016902317670244e-03,1.578856317803950526e-02
-3.345929938709597817e-02,1.379383638429731995e-02,-1.906334561644398721e-03,2.157179756444306887e-02
-1.480786452283294925e-02,9.042038083176759389e-03,-9.263712653088776103e-03,1.502953909274498678e-02
2.185873705132339653e-02,-1.239958341657096863e-04,-1.525852490016836593e-02,-6.476216316989307983e-03
4.849604178871325805e-02,-2.908786069777595865e-02,-3.801105326526982037e-03,-1.560707576441044964e-02
4.422004021229054838e-02,-4.744684847091502206e-02,-1.898496269577693235e-03,5.125304528201999298e-03
1.335500612703719239e-02,-7.700120056078524171e-03,-3.217831561877910725e-04,-5.333102914770820012e-03
1.174837354707142234e-02,-5.386892262438053389e-04,1.092962335109705883e-02,-2.213930767192469687e-02
2.590921608071129409e-02,-2.637349742266166183e-02,3.863064197970796695e-03,-3.398782856020454539e-03
-6.564284682281275839e-03,2.414036394918867619e-03,6.384994344863085744e-03,-2.234746057500640662e-03
7.802295511745891213e-03,2.951896239939803563e-03,-4.561858859988915382e-03,-6.192332891696776358e-03
3.061110485659115574e-02,-2.564940538565646522e-02,2.742204262120657358e-04,-5.235919897146760864e-03
3.939296444926059654e-02,-1.748024745802913976e-02,-3.639252797669457334e-03,-1.827346419356178087e-02
1.097503895972450592e-02,-1.703634376159829725e-02,2.663501059611070830e-03,3.397803742262692737e-03
-1.383386263486942238e-03,-6.486199254154226095e-03,1.103570865344095583e-02,-3.166123135799802681e-03
-1.810326315019056970e-02,7.684576145214655658e-03,1.110344907836834788e-02,-6.847620733923568629e-04
-1.026540119314909259e-02,1.694938250412844974e-02,1.214155620930286970e-02,-1.882553752028219216e-02
9.615265905704828420e-03,7.041683120731069643e-04,4.107255697402631932e-03,-1.442668991518056103e-02
5.699075560441939012e-03,-2.084701680875808427e-03,-1.104449134350340473e-04,-3.503928966131101674e-03
3.774995651161541094e-02,-2.401425583884976914e-02,6.760441270651694479e-03,-2.049614194341733628e-02
4.095988774702499086e-02,-5.049340793099447305e-02,-1.901587815163246695e-02,2.854939833560194914e-02
7.444229215290289192e-03,-1.934662188783243739e-02,-8.525803741016638876e-03,2.042819641355882176e-02
4.430400598238748607e-03,-1.245112237672897680e-03,-1.641987612913998335e-03,-1.543300747651883166e-03
-4.897539156699190488e-02,-7.161526299179287770e-03,9.284282322005036822e-03,4.685263554416622261e-02
-1.721295200667369296e-02,-4.220776023485699885e-02,1.076740834701915908e-02,4.865330389451165416e-02
2.129783450268304956e-02,-1.030724372088236487e-02,2.290464678041017471e-02,-3.389523756221075879e-02
1.823638636596884924e-02,4.352095481757811864e-03,2.136326323257943180e-02,-4.395174508030609550e-02
2.332596944745805867e-02,-2.099642580030107106e-02,1.849381867253331937e-02,-2.082336231969024107e-02
-1.320072066282939032e-03,-2.888651085748998593e-02,2.175358809294639095e-02,8.452994830826508418e-03
1.157612795173175099e-02,-2.441164409385994383e-02,2.284330880880457160e-02,-1.000779266667633713e-02
-3.100755853416985175e-02,-5.190613613612374624e-03,1.507410829290303962e-02,2.112406385487918328e-02
-3.641070750529055294e-02,1.692839569784583900e-02,6.506525565136409006e-03,1.297578624230828412e-02
-2.920015941806924226e-02,2.541620304839357566e-02,6.189498124596487516e-03,-2.405541754920722912e-03
-6.080185836083371043e-03,9.595513312894215704e-03,-2.289687257708936542e-04,-3.286358751039969439e-03
-4.211416227862201794e-02,2.277308280734744589e-02,-1.961643130012649845e-03,2.130272260128731471e-02
-1.933640845209772322e-02,8.702354785837224105e-03,-1.385134782226704413e-04,1.077256714448312711e-02
-9.785530834638051022e-05,2.565291961784138368e-03,5.794293470163141765e-03,-8.261730123600923015e-03
-2.125261531132441317e-02,1.197692672365259503e-02,3.014832167941851240e-03,6.260856419730031520e-03
-4.010699622929408958e-02,6.300148292823015174e-03,8.139275555214731464e-03,2.566757238125630045e-02
-2.529374812877008966e-02,-1.377564269923670960e-02,5.435733572045909658e-03,3.363365725596097200e-02
-1.499431558733801788e-02,-5.085948767980096909e-03,1.079152209775276205e-02,9.288742257565357069e-03
-9.028392333535455866e-03,3.274491959991550263e-03,-1.090904256505754143e-02,1.666294293860145700e-02
4.825978175804417070e-02,-3.003193110398379856e-02,-5.884079126933457193e-03,-1.234377152712692882e-02
3.522756188650833648e-02,-1.893698180328963476e-02,-1.610849773831173753e-02,-1.820823449069014835e-04
-1.359438867733197068e-02,-1.903056280722396215e-02,-8.176100932371371463e-03,4.080105241692723317e-02
2.002125638105153177e-02,-2.546090906340767526e-02,-1.268861959345142856e-02,1.812827227580759634e-02
-2.375581698399170313e-02,-1.657956390478974046e-05,-1.779677077808001703e-02,4.156916732597667336e-02
-1.046654938599364017e-02,-4.856525080118222377e-03,1.116706100031166979e-02,4.156013465800233522e-03
-1.960201765311086336e-02,-1.375768077577286391e-02,2.375105010794522145e-02,9.608648320938557863e-03
-6.174248110411087627e-03,-1.749744764410963299e-02,5.936758397439903349e-03,1.773493735708090574e-02
3.550151122861593816e-02,-3.152470538057588340e-02,-1.329489572968600014e-02,9.318089881645917616e-03
3.839004451213984606e-03,9.176449438916604168e-03,4.682870904858080392e-03,-1.769832479498865963e-02
2.370162897888388603e-02,-3.795276940287851692e-03,-3.428802420498587664e-03,-1.647754961809743540e-02
8.773149990749826849e-03,2.487279931833872876e-03,-1.172498507788368588e-02,4.645551552999809507e-04
2.748205338227649105e-02,-3.661936752577698434e-02,-2.108026634913932190e-02,3.021758049263973192e-02
-1.053404385490993959e-02,-2.525490209408211978e-02,-3.897029105956639663e-05,3.582791624005168124e-02
-1.818141603105958085e-02,-2.368672900297009998e-02,1.400370546285131280e-02,2.786443957117830730e-02
-2.745955049166801110e-02,-2.216464682939272776e-02,-4.591036418162772366e-03,5.421523373922360056e-02
2.173532919442420358e-02,-1.402499883841985037e-03,6.147342545142795572e-03,-2.648017185572509521e-02
-2.254293440032576964e-02,-1.165711135581826326e-02,6.818503187359692928e-03,2.738154256878435819e-02
9.817877524054741036e-04,-1.658872394742609904e-02,1.144691287315851083e-02,4.160023321862144248e-03
4.505692278067541939e-02,-5.493985738121343054e-02,5.888315023485963910e-03,3.994619577052133108e-03
-1.670874996884576594e-02,-2.536913335688565502e-03,-2.771044268754106060e-03,2.201670757328836464e-02
-4.364390272057865061e-02,1.869501174574163260e-02,1.290878291592780164e-03,2.365801268324418602e-02
-1.016249947568626487e-02,9.452878855791050066e-04,1.205213775644069490e-03,8.011997814463127018e-03
-2.928448564907527168e-02,1.243907601634369579e-02,-6.483794527827848458e-03,2.332920416055934976e-02
-8.398394849849746130e-03,4.131247830784067626e-03,-1.602269721981143535e-02,2.028984423887715549e-02
3.075419991983946097e-02,-3.554196906403878954e-03,-1.943399733675319624e-02,-7.766005676682413532e-03
4.564638572097454161e-02,-3.042941959328237730e-02,1.831071076366234170e-03,-1.704803720405840758e-02
2.645760366163004904e-02,-2.004878022942518587e-02,-6.466142198933219967e-03,5.731876672835717812e-05
1.510811731317468747e-03,-1.330964538589370083e-02,-1.527981608959509642e-03,1.332681526353573197e-02
-1.509734238504552122e-02,-1.554593223921155350e-02,1.570363812548364671e-02,1.493963649877346617e-02
2.672958588918859096e-02,-1.856479512121815903e-02,8.323191146386485148e-03,-1.648798191435680779e-02
-7.600952953643500334e-03,-3.087165685691704267e-04,-3.768973232640139039e-03,1.167864275485279955e-02
9.391551928559590048e-03,-1.224437635763881219e-02,-1.810717384911533084e-04,3.033896167570310394e-03
1.314423121347908785e-02,-2.885306730499702724e-02,4.559131341318887662e-04,1.525292295738604059e-02
4.721307547803870602e-02,-2.356882237008428235e-02,-1.042993905694309352e-03,-2.260125920226014121e-02
2.100302176325383186e-02,1.250603294397689257e-03,-4.315147609205474341e-03,-1.793847744844608363e-02
2.696672881500676924e-02,-3.849804912687268717e-03,-5.378266111985350283e-03,-1.773865779033415371e-02
1.463576181597941485e-02,5.600159071281744783e-03,6.188171929077154309e-04,-2.085473808016884839e-02
2.222647663365986265e-02,1.340991211815908968e-02,-5.892881792588576355e-03,-2.974350695923039245e-02
-3.838387749217013478e-02,1.210650139126423150e-02,2.260413026776531345e-02,3.673245833140447152e-03
2.668918069004713733e-02,-2.280630475723142980e-02,-1.402944442787346438e-02,1.014656849505778981e-02
3.432586485090797883e-03,-1.480378118461745177e-02,5.104549558733523749e-03,6.266645140793151818e-03
5.011850891580580183e-03,-3.944601577489472571e-02,-8.247695176294414163e-03,4.268186005960848683e-02
4.677395950729751339e-02,-3.984623207930141492e-02,-1.791756814872379547e-02,1.098984072072762760e-02
5.119390465165540166e-02,-2.656155289441773648e-02,-2.497489375046297710e-03,-2.213486238219144683e-02
-3.628154113316026802e-02,2.165632569359204548e-02,8.000812205780997652e-03,6.624403233787311621e-03
-1.235430335699718059e-03,-9.460630033314114742e-03,9.092065233890939471e-03,1.603995135122894197e-03
1.331736655995799899e-02,-9.357125681025460842e-03,2.660521952562814804e-02,-3.056546040456065844e-02
4.372747922966618850e-02,-1.458362007389888901e-02,2.214911348192702759e-02,-5.129297263769421605e-02
1.168729281028919875e-02,-4.608504504419155996e-03,2.136764591056177637e-02,-2.844643421643187203e-02
-1.414218444397191861e-02,-1.296138848502847822e-02,2.606423848440737878e-02,1.039334444593034311e-03
1.623606718132498267e-02,-3.538886869523934220e-02,2.457453204104155867e-02,-5.421730527127238165e-03
-2.298283351191409210e-02,-7.863455479466404177e-03,1.825760294020599070e-02,1.258868605117445527e-02
-3.938551484403010096e-03,6.743283334020606402e-03,5.946096209252055460e-03,-8.750828058869595388e-03
6.069319723677492166e-03,2.129906001910246774e-02,2.573502583868852219e-03,-2.994188232664880475e-02
1.039195310359698754e-02,5.181735851174794523e-03,1.802066902175995106e-03,-1.737575585694776589e-02
-3.450495228308973761e-02,2.352719214341760651e-02,-1.361815547200808697e-03,1.233957568687295281e-02
-2.085395101817775002e-02,-1.245046858751351453e-02,7.805872210070191435e-03,2.549854739562104969e-02
1.692078451715904770e-03,-5.472701863804547810e-03,6.810010464300189463e-03,-3.029387052211558132e-03
-1.267358999196627548e-02,-5.466409442511871095e-03,4.738932496405832626e-03,1.340106693807232088e-02
-2.335582234965501852e-02,-7.075383877998856971e-03,5.343859097601682227e-03,2.508734713005216638e-02
-4.195317372518863469e-02,-6.972517641696608301e-03,-1.793500983210174690e-03,5.071919235009522686e-02
-5.200383168931220490e-02,2.042044135453209650e-03,2.034248277872587746e-02,2.961930477513306792e-02
-4.109344025527096947e-03,1.396463657079535965e-02,-1.001838865042939224e-02,1.630961051610978728e-04
3.534075839821650133e-02,-2.997436867640797947e-02,-1.452675946004755927e-02,9.160369738238952411e-03
6.227998710809928840e-02,-3.295307396666931343e-02,-1.588839985816914435e-02,-1.343851328326073694e-02
-9.554985612401020734e-03,9.123225816069053043e-03,-1.275367051692885383e-02,1.318543031326083192e-02
2.536221081561821494e-02,-3.352962630680395711e-02,-1.149768143176933995e-02,1.966509692295509773e-02
1.718959166492753030e-02,-1.857963457699883525e-02,-1.697503101904622447e-02,1.836507393111750513e-02
-1.447381742898250483e-03,-5.711266175751210893e-03,-1.373435034706777316e-02,2.089299826571729482e-02
8.598852366717679371e-03,-2.310317694719497134e-02,1.824231722379227039e-02,-3.737992643314992734e-03
-1.492961823190215760e-02,4.681129965033994575e-03,7.989204620626593270e-03,2.259283646241636544e-03
2.580094589201402736e-02,-1.835452605740265503e-02,-2.740111018486305304e-03,-4.706308816124999371e-03
-8.279446940207234318e-03,1.812773228152468261e-02,7.773759539798707563e-04,-1.062566129529732284e-02
-4.406990922243401824e-03,7.476889221832801712e-03,4.060318397594542619e-03,-7.130216697183922557e-03
2.651537953999506120e-02,-9.348514574660611240e-03,-1.092515878713985235e-02,-6.241706178194557711e-03
3.871607114628721619e-02,-3.539581891056808177e-02,-2.154735695819428448e-02,1.822710472247529231e-02
1.466352387909903611e-02,-4.109534066140331510e-02,-8.704663644271186385e-03,3.513648042657555731e-02
1.239759451972164989e-03,-3.860731268230636892e-02,1.038671784319224883e-02,2.698083538714179594e-02
-1.583719566209298643e-02,-1.895128642511795247e-02,-1.095661450321962173e-03,3.588414353753292818e-02
1.309358159851096125e-02,-7.284758098953360815e-03,3.172203191815717131e-03,-8.981026691373305421e-03
-3.660001428183875475e-05,-1.646044352877540362e-02,4.565214688699013347e-03,1.193182885435828400e-02
-7.803790607714289167e-03,-2.059298292354762305e-02,1.231073433892590843e-02,1.608603919233601506e-02
4.187638324289663649e-02,-5.511749222764204814e-02,4.710413558496652671e-03,8.530695426248785865e-03
-2.064583549725894016e-02,1.255823136154194351e-02,-8.325323173012396218e-04,8.920136453018246564e-03
-2.969949681710359890e-02,4.382035227068230808e-03,8.562282039924278779e-04,2.446123338604301589e-02
8.657957351547455188e-03,-3.862642916112129875e-05,-7.849842447020796352e-03,-7.694884753655622644e-04
-1.702327629340074852e-02,7.467004194135126987e-04,-1.311262635117786332e-02,2.938920222516515010e-02
-1.660605068514707863e-02,1.559858365562445020e-03,-1.627468744772812836e-02,3.132087976731274398e-02
1.330879154133063347e-02,-3.289008738661663902e-03,-1.035331929199768963e-02,3.335364893287287948e-04
3.828947308175099234e-02,-2.411391858213434575e-02,-5.825599340558502287e-03,-8.349955159058095738e-03
-1.505596125351134178e-02,-7.627814764727257335e-03,-9.993782657549785120e-03,3.267755867578834433e-02
-8.569093766902645404e-03,-6.867889807743507782e-03,-5.133161536599689830e-03,2.057014511124581960e-02
-1.246963226017141005e-02,-1.904228873413503194e-03,1.216245845998221477e-02,2.211402673602663564e-03
1.529868690012828845e-02,-5.908561279079878673e-03,8.041999555000869243e-03,-1.743212517604929637e-02
7.905131664204690517e-03,-4.807544802458445688e-04,-1.054266881379169359e-02,3.118291629832870351e-03
1.619804457793192626e-02,-1.821399382174948567e-02,4.438258698316763402e-03,-2.422309454499181006e-03
9.810342629677540685e-03,-3.100791713342233163e-02,9.874019288862338067e-03,1.132355521488248758e-02
3.079757816903982634e-02,-5.854245810442074670e-03,8.533722299194315686e-03,-3.347705465779210465e-02
-3.608720215150244565e-03,-5.752736402803674143e-04,2.919900852386996936e-03,1.264093003043613309e-03
3.259105601887599818e-02,2.543170605988413421e-02,-4.248320678241252098e-03,-5.377444140051881871e-02
1.579673517318398723e-02,2.615646260093335007e-02,-3.469661534630730064e-03,-3.848353623948655433e-02
3.142126043820583307e-03,1.261410014225461396e-02,6.563703553501903758e-03,-2.231992973957709972e-02
-2.225003661988583792e-02,5.787766860429988287e-03,9.209243422546852529e-04,1.554134541720115711e-02
3.273725887456328375e-03,-1.441336014230172775e-02,4.463135475774191656e-04,1.069332070726798124e-02
-8.070360655591492932e-03,1.703658140577710318e-03,-9.226880502341919602e-03,1.559358301735569614e-02
-1.755308289629300272e-02,-3.166466729379131123e-02,-1.789242360631476680e-02,6.711017379639937219e-02
4.000749027136296654e-02,-4.847125602227852353e-02,-8.462073892031131764e-03,1.692583964294663151e-02
4.049980386461990434e-02,-2.043853312649368190e-02,-5.188070752171479103e-03,-1.487319998595457160e-02
-1.716396998668927656e-02,3.519931539494318591e-03,1.029626401518953828e-02,3.347774432005403648e-03
8.128459646182905132e-03,4.911734997887890440e-03,1.833824560077302809e-02,-3.137844024484388872e-02
-2.062586391963129855e-03,1.947086005755400929e-03,2.543018760773790854e-02,-2.531468722153017506e-02
-8.346192299567400941e-03,-1.568956016449266078e-02,2.731338394244997927e-02,-3.277631478389983911e-03
-1.383813851504330297e-02,2.020889582924356373e-02,3.012976846890597776e-02,-3.650052578310618995e-02
3.066918781471914598e-03,-8.864175721632790161e-03,2.967496330556269185e-02,-2.387770636540174560e-02
7.977576612389585334e-03,-2.940867463852648092e-02,2.348097516453796427e-02,-2.049877138401039189e-03
-2.048470189313646508e-02,-3.302660703899162279e-03,1.870924929087050548e-02,5.078113306165157013e-03
1.036764496605495182e-02,-1.059429119789058633e-03,7.615002394353359051e-03,-1.692321824061928867e-02
9.982928861967563586e-03,7.560329699216492179e-03,5.758398389175347840e-03,-2.330165695035935070e-02
9.195612376420029405e-03,1.148375268427882442e-02,2.397305088871133291e-03,-2.307667014956991600e-02
-4.054484770505645264e-02,2.305418173870161028e-02,4.899859328844221283e-03,1.259080663751053521e-02
8.454112433606822061e-03,-2.265900285029690681e-02,1.395339753545762895e-03,1.280955066314434614e-02
-3.955545227572011130e-03,-8.448619973983410511e-03,5.258200219436293121e-03,7.145964982119123315e-03
-3.725666689200838461e-02,-3.705674504457353007e-03,7.099254046678092969e-03,3.386308734978769885e-02
-1.901675245828726366e-02,-1.034442094538867013e-02,4.229482165524892090e-03,2.513169123815105904e-02
-2.516512681630424936e-02,-1.683664892448418285e-02,3.339128509293082768e-03,3.866264723149529653e-02
-7.060810779466893637e-03,-3.104566940115410009e-03,-9.130847737420335827e-03,1.929622545700258526e-02
-1.494963678949135996e-02,-2.428890577661995450e-03,-4.540864166009989968e-03,2.191939153316337444e-02
1.826754822707322631e-02,-4.037512783136514710e-02,-1.016896331336109016e-02,3.227654291765311156e-02
3.289223721046864030e-02,-4.769626873917741372e-02,-8.899866342169162128e-03,2.370389787087798933e-02
1.144333317944859832e-02,-6.345763754886071112e-03,-1.260578750445995842e-02,7.508218079897446828e-03
1.846833103759932052e-02,-2.461142101896125756e-02,-1.485707412746512662e-02,2.100016410882706366e-02
1.641177512446674938e-02,-2.899509702240790979e-02,-6.209877730873897793e-03,1.879319962881506600e-02
1.791332419753456293e-02,-2.339864456308499846e-02,-1.142697589383629038e-02,1.691229625938669989e-02
1.250434583989228250e-02,-1.343261347359317286e-02,5.622398063758180832e-03,-4.694130430057299151e-03
-1.011728914025528461e-02,-9.324904845908109363e-03,-3.854963223478346059e-05,1.948074361839816082e-02
5.252387933597523796e-03,6.520791690059483253e-03,-2.910447351973990352e-03,-8.862732271682997182e-03
-7.004064203062095734e-03,-6.236420392607359281e-04,1.129372076872191787e-02,-3.666014526399108322e-03
1.847484404999701676e-03,1.090732303119425727e-02,-8.732493043450056730e-04,-1.188155813184894535e-02
3.381721637941702968e-02,-1.356276105273744592e-02,7.556909059533497165e-04,-2.101014623263285780e-02
4.409082088329472487e-02,-3.847703156267293090e-02,-1.519655194478716775e-02,9.582762624165401533e-03
1.239879580789654892e-02,-4.068511110897968241e-02,-1.258583095066671820e-02,4.087214625174986210e-02
3.905122775634504453e-04,-3.075011198923011113e-02,3.490668136527674738e-03,2.686893157513887964e-02
-9.885392986531949672e-03,-1.604442623916863334e-02,6.506354288514332868e-03,1.942346493718615300e-02
2.081068023007038095e-02,-1.951266071069207228e-02,-2.145905526403276472e-03,8.478860070249421036e-04
1.186257659252387166e-02,-1.656805217171656783e-02,3.161080491476676337e-03,1.544395087715981236e-03
-2.364918852974883575e-03,-2.826128102549300622e-02,6.295161880110643725e-03,2.433103799835724737e-02
2.978261829565460178e-02,-3.999730474301349537e-02,-1.624079596095208845e-03,1.183876604345407250e-02
-1.181707907365215152e-02,1.890392352223579583e-02,-2.797003710211439301e-03,-4.289840738372277876e-03
-1.714151415944429810e-02,-8.523854706688951260e-04,-2.173105923856859061e-04,1.821121022249892404e-02
-6.253656344256120208e-05,2.706619541446262777e-03,-6.737501346850138795e-03,4.093418368846449620e-03
-1.256512988086036335e-02,-5.237589309626896998e-03,-1.560158329545242167e-02,3.340430248593971585e-02
1.057734946017961728e-03,7.371984023081013275e-04,-1.298112430512581711e-02,1.118619095679970754e-02
-1.842719699595226626e-03,-3.430181394473288264e-03,-9.989657243206146939e-03,1.526255833727461174e-02
1.949821180839247242e-02,-1.150257213640119847e-02,6.523431244247941425e-04,-8.647982796416032319e-03
-3.139289426395207999e-02,-3.376254066985146353e-04,-1.197085432025263296e-02,4.370137399090333330e-02
-1.113812175987473167e-02,1.115886317864354417e-02,-8.053609644939363835e-03,8.032868226170513173e-03
5.487046121636835611e-02,-1.431357604677609488e-02,1.518947377064395511e-02,-5.574635894023600990e-02
1.423899780284434112e-02,1.219678922770434971e-02,-4.642583234465888151e-03,-2.179320379608275238e-02
2.738050612957577956e-02,9.476490201955999407e-03,-7.256023863409601093e-03,-2.960097246812222471e-02
3.105182133757453805e-02,-2.837423542486101208e-02,-4.371881215972837041e-03,1.694295303259323862e-03
3.875895363875641458e-02,-2.766222039103513608e-02,-1.003174986817233086e-03,-1.009355826090400574e-02
7.423947195853836112e-02,-2.420154528537210581e-02,-1.991157386984855962e-02,-3.012635280331745630e-02
3.164234878140137486e-02,-3.860633540033144104e-03,-1.831217904560894158e-02,-9.469536195759254912e-03
4.999847454387099099e-02,-6.233663206999919340e-03,7.675375057346387310e-04,-4.453234884260560272e-02
7.116023896126946052e-03,3.113000126203229606e-02,2.816500204584273127e-04,-3.852767517861762497e-02
-1.172309872166687680e-03,3.073104078472803022e-02,-1.283600364367807473e-02,-1.672272726888327649e-02
-7.168870549515511149e-03,1.708376763673690596e-02,6.375413873716513115e-03,-1.629031096093794262e-02
-3.528772274232657574e-02,1.093723034175947233e-03,1.060864223394719294e-02,2.358535747420342429e-02
-4.814633530508464002e-03,4.612041205317497262e-03,-1.693597957263902679e-02,1.713857189782999266e-02
-8.786563622145415753e-03,-3.602001892500180519e-02,-1.491273665233910743e-02,5.971931919948633705e-02
3.433944416074105610e-02,-4.756314924540756134e-02,-1.976131566100077300e-02,3.298502074566731640e-02
1.452632666120032626e-02,-2.452906989971443893e-02,-5.158241999051169958e-03,1.516098523756528177e-02
1.315744498654856584e-02,-1.540778572650429792e-02,2.073510284139119808e-02,-1.848476210143537232e-02
5.741837245707306567e-03,3.346468824290847939e-04,2.063430868338200774e-02,-2.671079281151842594e-02
1.722738290221813989e-02,1.225286436684062952e-02,2.072286595104213050e-02,-5.020311322010097971e-02
-1.815080019748118237e-02,2.367948802730081986e-02,3.310133800615861627e-02,-3.863002583597827805e-02
-4.604064395732863739e-03,4.049687164492300068e-02,3.358907359355541022e-02,-6.948188084274523058e-02
-1.923454053605803266e-02,1.206219792353669697e-02,2.942135352015239763e-02,-2.224901090763112613e-02
1.051035671970207593e-02,-1.317714166472211054e-02,2.163135066591682573e-02,-1.896456572089669224e-02
-2.697508319669444064e-03,1.380582792578196423e-03,2.475928911083648959e-02,-2.344236358374524737e-02
8.503681707546012145e-03,-5.539082410504389022e-03,1.157222286872516305e-02,-1.453682216576678357e-02
-1.550388950895005731e-02,8.508145088657345298e-03,1.263873017922590748e-02,-5.642985758933193735e-03
-1.301377988848148939e-02,2.042239212438654722e-02,7.914238486868336100e-03,-1.532285072277338178e-02
-2.664220423944355098e-02,2.035848961139189589e-02,7.633169447034422045e-03,-1.349454818982794924e-03
3.284391207207270486e-02,-2.854468914371059707e-02,5.259071848406697038e-03,-9.558294776768911510e-03
3.819387712953616759e-03,-1.380307867003350078e-02,9.575657759733145757e-03,4.080331973467085020e-04
-2.038778502289681147e-02,-5.464802649662362476e-03,-3.710687658347068540e-03,2.956327533090624682e-02
-1.522509499535094207e-02,4.633845760226203321e-03,-3.205513592852688278e-04,1.091180059440998926e-02
-1.426141588695036422e-03,-5.495074380365000746e-03,-3.181572363527124226e-04,7.239373205412753982e-03
3.300756040910709892e-03,-3.957708322172192456e-03,-4.719435565880429444e-03,5.376387847141902467e-03
7.851829148830776969e-03,-1.815372011313814288e-02,-4.056579274238199251e-03,1.435847023854563108e-02
2.996115041593749515e-02,-3.673415018854295916e-02,-2.118044969228118427e-02,2.795344946488660318e-02
3.682837704183011124e-02,-4.908014693563166053e-02,-1.215381389981470828e-02,2.440558379361631655e-02
3.177224735188428212e-02,-2.183323857209275298e-02,-5.920826047224928522e-03,-4.018182732566518214e-03
1.746511128022494586e-02,-1.201694186774602061e-02,-1.355803661497013458e-02,8.109867202491244029e-03
2.055153564737019142e-02,-2.824002819852071758e-02,-1.249827541656578327e-02,2.018676796771620360e-02
5.538635699608903534e-02,-3.186999856142416765e-02,-1.890902922514960463e-02,-4.607329209515227501e-03
1.220774693585592943e-02,-5.174911868048154111e-03,-2.436204519700838327e-03,-4.596630548106975592e-03
-2.279562066152146516e-02,-2.526384392708892757e-02,-6.198093551617661276e-03,5.425755814022796553e-02
-3.761375078064960707e-03,-4.179210145734467072e-03,3.726348225816775855e-03,4.214236997982634576e-03
-1.807068697176947986e-02,-5.417841381785237602e-03,1.539854997143756503e-02,8.089978382117118602e-03
2.185101285823381340e-02,-5.976237214888382825e-03,-4.354717891092088275e-03,-1.152005775225335184e-02
1.718833046511364371e-02,-6.089400496064959097e-03,2.674894540479247004e-03,-1.377382450952795157e-02
3.693637489171116423e-02,-1.973605177841021227e-02,-1.539672613072625915e-02,-1.803596982574792772e-03
1.041848893421140447e-02,-3.761974572918960757e-02,-1.304606306574396767e-02,4.024731986072212914e-02
1.240139038366052521e-02,-3.560951636318383795e-02,8.731886329003886102e-03,1.447623965051935899e-02
-4.269353309272373373e-03,-1.041447853853546754e-02,3.396450080191315904e-03,1.128738176761649205e-02
7.751087714808388950e-03,-1.971771713411188745e-02,1.124867260173950407e-03,1.084176215912954593e-02
1.032749122549604832e-02,-1.109100354277542042e-02,-2.065588842205700508e-04,9.700712014999314080e-04
1.404833613362934178e-02,-3.913413825068043361e-02,4.003289724675153372e-03,2.108251239237594887e-02
1.890741576198402829e-02,-2.290329591978020399e-02,-3.824278011058587171e-03,7.820158168854663555e-03
-1.887276981386945898e-02,2.862848249902246942e-02,-3.484535142450367450e-03,-6.271177542702551476e-03
-9.716244830615089478e-03,-5.720021954854799875e-03,2.951724247247411968e-03,1.248454253822241233e-02
4.632333749441043709e-04,-1.830150977416599757e-04,-6.747783396850656756e-03,6.467565119648209515e-03
-5.239233845788484646e-03,-4.277991445247300052e-03,-1.198964124851877033e-02,2.150686653955453595e-02
-1.028287086839405062e-02,-9.379793032562838695e-03,-9.037549895692177301e-03,2.870021379664906142e-02
-9.928762065812940865e-03,2.476833232758983861e-03,-6.914880717765413930e-03,1.436680955081938264e-02
-6.185521758575043307e-03,1.900298974294785176e-03,4.771739160817791911e-03,-4.865163765375620235e-04
-4.002938241176618589e-02,1.212088440390846934e-02,-1.347863706046031201e-02,4.138713506831800948e-02
1.220866830311185050e-02,-3.449845296293530070e-03,-8.474065044251889722e-03,-2.847579625664190526e-04
2.228461505736096041e-02,-2.493904478021353316e-03,1.416998807942843400e-02,-3.396069865876803762e-02
2.356921094991671142e-02,1.239544223065119737e-02,-2.079811125287494081e-02,-1.516654192769291074e-02
2.942431257538998066e-03,6.510215339838709009e-03,-4.353320440864121726e-04,-9.017314553291251589e-03
3.567270499221361635e-02,-2.048178969771386262e-02,-4.949491734626676638e-03,-1.024142355987305367e-02
4.092512452767908815e-02,-3.538258431818206914e-03,-7.925179354998718867e-03,-2.946168674086233064e-02
4.746677299309606801e-02,-1.312811772020378888e-02,-1.295311271149200694e-02,-2.138554256140025658e-02
5.042588220798532861e-03,1.304842699117731916e-02,-2.094489572336184074e-02,2.853880511385984819e-03
3.320920335193751349e-02,6.966254767822993403e-03,-1.238058141276694550e-02,-2.779487670699354318e-02
9.686739460807541197e-03,2.122485179074471914e-02,-5.810128962269925541e-03,-2.510146228928236689e-02
-1.787393318782139889e-02,3.592656957706218124e-02,-2.587546357553845502e-03,-1.546509003168699235e-02
-5.122339235082158659e-02,3.023059318123146391e-02,4.121177255655788380e-03,1.687162191393419899e-02
-1.889736989285398586e-02,3.255573038891723670e-02,-7.454685493887493360e-03,-6.203675002175812990e-03
-9.067569880476342159e-03,-1.128946598145131978e-02,-2.241965076531645881e-02,4.277668662724409820e-02
2.556063265140962396e-02,-3.906092874811245563e-02,-9.386491576818293062e-03,2.288678767352113341e-02
6.003086637963833162e-03,-2.385234692230349396e-02,-2.600665436892839882e-02,4.385591465326816457e-02
6.401675106472776156e-02,-4.050049642921413340e-02,-2.123235914545413758e-02,-2.283895490059658414e-03
7.811350679965065914e-03,-2.662655990885740356e-02,2.427270482105043162e-02,-5.457495592158137336e-03
-6.694210538040555169e-04,1.205594471365963385e-02,1.789831023055380582e-02,-2.928483389040934318e-02
-1.231043391821388944e-02,1.987015640608574829e-02,1.611759429169906319e-02,-2.367731677957087694e-02
5.583353518701157647e-03,4.163860229832392484e-02,1.310724971701771047e-02,-6.032920553404291786e-02
1.215315778090315414e-02,3.448640338179284615e-02,1.947212882708952708e-02,-6.611168998978558808e-02
-2.342308719735172393e-02,2.205011081842759776e-02,2.513971875423528027e-02,-2.376674237531113329e-02
7.874846973426352995e-03,3.001063688777785669e-03,1.516967436213306417e-02,-2.604558502433718115e-02
1.563267011974479523e-02,-1.180320410334140604e-02,1.775992398650117973e-02,-2.158939000290456892e-02
2.647647829407525494e-02,-2.189886925748321320e-02,1.254381614989181354e-02,-1.712142518648385181e-02
-9.131785981522118692e-03,-1.969690441877438545e-05,6.340670183962135963e-03,2.810812701978777830e-03
-2.439513465665149941e-02,1.728412104328844179e-02,5.704309356759982089e-03,1.406704256603033684e-03
1.527383787858929698e-02,1.312964843008952026e-02,-1.348024346091967985e-03,-2.705546196258682909e-02
2.866619398998186338e-02,-1.232637969030073687e-02,3.336006843868733439e-03,-1.967582114354982439e-02
5.638421379148304997e-03,-1.711148363015054658e-03,4.397877012188369794e-03,-8.325150028321614062e-03
-2.114636324789627431e-02,4.083502833452772214e-03,-1.954091274249638438e-03,1.901695168869314140e-02
-3.197897166613305336e-02,8.273856824776595550e-03,3.112290215012710089e-03,2.059282462634378502e-02
-4.857305864814925531e-03,-9.542074510290531400e-03,7.876539190437849627e-03,6.522841184667587354e-03
2.427515473022930081e-02,-1.638198329652428009e-02,-6.349551530344766520e-03,-1.543619903360200643e-03
3.211054132319795390e-02,-1.577659885915217580e-02,-2.869887254936713886e-02,1.236493008532146658e-02
1.959566420455804633e-02,-3.529318012024713208e-02,-1.827069145443532480e-02,3.396820737012433422e-02
3.234049010884418318e-02,-4.289025086959286776e-02,-1.676265338598290078e-02,2.731241414673163392e-02
5.903959093574328437e-02,-4.304433449397222777e-02,-1.109823607870972020e-02,-4.897020363061232312e-03
3.479821667033590818e-03,4.341926908718722090e-03,-1.417069565352877675e-02,6.348947077776464706e-03
2.012853602420921345e-02,-2.424058864202554078e-02,-1.093891586885150161e-02,1.505096848666792608e-02
7.082849792709873527e-02,-3.304743464596329727e-02,-1.403617079998402059e-02,-2.374489248115159434e-02
1.037218923377978066e-02,1.217012321845446776e-02,-3.489012705959383936e-03,-1.905329974627492651e-02
-2.588620684407424641e-03,-2.823839112505135973e-02,-2.873364797833104483e-03,3.370037660729181123e-02
1.287824799983342330e-02,-1.302675672009663381e-02,-5.173753894669216868e-03,5.322262614932366659e-03
-3.523800729213694746e-03,-2.045956287701531512e-02,3.278223092874692560e-03,2.070514051335423794e-02
1.638017229642179523e-02,6.393654469679883878e-03,-5.188984648438965501e-03,-1.758484211766271274e-02
2.968202051583790357e-02,-1.953375642028612816e-02,2.316427228310264600e-03,-1.246469132386202050e-02
3.241149246998115824e-02,-1.667249030497512663e-02,-1.751142915424941729e-02,1.772426989243385464e-03
5.013671933351771665e-03,-2.932910846843701097e-02,-1.091192396898988358e-02,3.522736050407505176e-02
2.468911143546264828e-02,-4.073921913008764911e-02,4.329401226510350489e-03,1.172070646811457575e-02
-7.915118402031802447e-03,3.572862985389457964e-04,5.694820415250444884e-03,1.863011688242436270e-03
5.232468180317033542e-03,-2.923585507446251758e-02,9.171076927228927547e-03,1.483230996691661113e-02
5.022788753906794017e-03,-9.456357821783209494e-03,-9.598702186944484387e-04,5.393439286570842449e-03
8.554498754936079585e-03,-2.835727535746567635e-02,5.242899731634687380e-03,1.455987687089492673e-02
2.916456722268957399e-02,-2.657363731092080364e-02,-4.645204546432264887e-03,2.054274634663453333e-03
-1.006121512219733567e-02,2.072667588051850182e-02,-8.966287278965348953e-03,-1.699173479355864901e-03
-5.799450752929558375e-03,-2.327397754847912188e-03,-5.774369103875873731e-03,1.390121761165338289e-02
2.702798711187485818e-03,-8.978680199941685772e-03,-3.814278365090507678e-03,1.009015985384468898e-02
9.735794701835541812e-03,-5.346503453960180924e-03,-1.217801541791382891e-02,7.788724170038457614e-03
-2.844653438946444582e-02,1.518441619253165387e-03,5.787181148212866208e-03,2.114091162199843721e-02
-6.024917307177307321e-03,1.057345445262905526e-02,-9.118474865396413928e-03,4.569937719944694617e-03
-2.477862795077724958e-02,-6.902249819532618909e-04,3.362438113576126080e-03,2.210641481915441922e-02
-1.175023496850537141e-03,-7.406299521965427346e-03,-1.517514639503783624e-02,2.375646941385372093e-02
3.884807551456406077e-02,-9.667946192952144024e-03,-1.496982971755145275e-02,-1.421029960406032869e-02
2.961190095257296498e-02,-3.269094577057116667e-03,1.555096656049274970e-03,-2.789790303156511331e-02
2.641404228764884440e-02,1.990544519685452565e-03,-1.588420486807110010e-02,-1.252038193926315567e-02
-1.649611259803524660e-02,-6.974927776155112093e-03,5.292088936603379402e-03,1.817895143758699317e-02
1.754522526734120930e-02,-1.601806976256458029e-02,1.510017245629816833e-03,-3.037172750406377970e-03
1.067188460967455864e-02,6.216487765519417528e-03,2.663036200401739176e-03,-1.955140857559580989e-02
3.705075812160928128e-02,4.096421879181272319e-04,-6.998431688100248058e-03,-3.046196862142722464e-02
1.810738772787798267e-02,1.950174668949142872e-03,-4.123852933180177454e-04,-1.964517710350918364e-02
1.675518223283460270e-02,2.175441238086039258e-02,-3.949271279445550759e-03,-3.456032333424952085e-02
2.045926945019619844e-02,1.604437041691397434e-02,-1.418117389745963443e-02,-2.232246596965044988e-02
-3.026412275984427178e-03,2.197590584211672748e-02,6.284328050070310361e-03,-2.523382161620265490e-02
-1.939937457907926072e-02,3.783758401551629014e-02,-2.945109467937774474e-03,-1.549309996849935339e-02
1.694999662047634234e-02,1.463692299522564161e-02,-1.662201524913130973e-02,-1.496490436657065513e-02
1.119124672313715277e-02,-1.231718197908413838e-02,-7.078312517630159888e-03,8.204247773577283409e-03
1.814402636131312585e-02,-5.700451358170945809e-02,-2.468243049087505414e-02,6.354291771127155986e-02
-7.237810567976011612e-03,-3.278581925119968942e-03,-1.283684750766512193e-02,2.335324000076109685e-02
8.217601942539744242e-02,-5.743575486633479416e-02,-2.615040669493632133e-02,1.410142135873644230e-03
2.347753529824210192e-02,-4.036858121957757201e-02,5.790818790357923733e-03,1.110022713097744140e-02
2.002678475085914803e-02,-1.214162743885970151e-03,1.957827397659402113e-02,-3.839089598356728444e-02
1.333636108994746064e-02,1.864384122780163647e-02,9.227306517501051783e-03,-4.120750883525012981e-02
-2.227492428217410503e-02,4.942823116670459066e-02,1.558202992451854924e-02,-4.273533680904902793e-02
-1.610987528709485056e-02,7.714020051531942160e-03,2.043010600168553362e-02,-1.203425076612260960e-02
-3.373412650425371140e-02,-8.506595249169787709e-03,2.260170458146567446e-02,1.963901717195786628e-02
1.910132032903059593e-02,-2.100025755790649665e-02,2.130772110207261941e-02,-1.940878387319667359e-02
9.614959516983967100e-03,-2.227469318288698499e-02,1.563772066874556319e-02,-2.977987002842491515e-03
8.874438455528535583e-04,-6.839432742643075831e-03,1.805589996972437397e-02,-1.210391107263422174e-02
-6.850171615251312088e-03,-2.772696900192942165e-03,4.329286988055791596e-03,5.293581527388462223e-03
-1.279971793852419798e-02,1.128198548343925869e-02,1.786661645879683872e-03,-2.689291907947817745e-04
1.443487354568136379e-02,1.408831485078785271e-02,1.832645378562353707e-03,-3.035583377503155503e-02
2.618726705404637173e-02,-2.534621185548872543e-02,6.422702986607331174e-03,-7.263758185164971397e-03
1.563796302269317151e-02,-1.095780242324674233e-02,-1.932674978975860557e-03,-2.747485620470616757e-03
-4.031423740136554079e-02,9.307030398538711571e-03,1.236722493884524765e-02,1.863998206398170820e-02
-4.957283354089072995e-03,-1.114371590703599861e-02,4.266490664951810147e-03,1.183450859617327794e-02
1.113002370393475528e-02,-3.310103669984358621e-02,-9.512397312508464112e-03,3.148341030841728810e-02
4.167555389732031934e-02,-2.121933126748718271e-02,-2.431577103950554111e-02,3.859548409672364580e-03
5.602344440373985962e-03,-1.265459619983197795e-02,-1.445205720441705005e-02,2.150430896387502816e-02
-5.069638750656867837e-03,-1.971276004195704479e-02,-1.561136257470683783e-02,4.039376136732080597e-02
2.252078259217209222e-02,-3.772812794093281796e-02,-1.355716999882967434e-02,2.876451534759040182e-02
2.121903706496821099e-02,-3.470223634870764351e-02,-7.672695501168040437e-03,2.115589478490758138e-02
8.099241894957982801e-03,-1.562239892366223092e-02,-1.160825932747934497e-02,1.913141635618357053e-02
6.068571649411846382e-03,-1.730651899536966853e-02,-1.647922753501657525e-02,2.771717488097443644e-02
2.876132471919532960e-02,-1.019775675643149089e-02,-1.598301701921982579e-02,-2.580550943543987331e-03
-1.330713940765682751e-02,3.032368627672342443e-02,-5.744887406710501602e-04,-1.644205812839556399e-02
3.900552699639907696e-04,-9.556475560138869355e-03,-3.576185139525733803e-03,1.274260542970060035e-02
3.905532981576100710e-02,-3.125343293255680721e-02,-9.961288686331681158e-03,2.159391803127528545e-03
1.306362560949137636e-02,-2.512422435363758852e-02,1.241183431609151934e-02,-3.512355719453694636e-04
4.324179247897155104e-03,-4.565759355766771041e-03,-3.908462402149692587e-03,4.150042510019317198e-03
8.291445160425067046e-03,-1.826425141217587547e-02,8.144949882204601324e-03,1.827856369546200597e-03
3.300702522108241166e-02,-1.282819347732468834e-02,-1.964264795454815846e-02,-5.361837892095265871e-04
-1.932139423307235437e-03,-1.363648869145020655e-02,-6.410401107151477394e-03,2.197902922190897446e-02
2.302717334042421807e-02,-4.654611839631958570e-02,2.652098881542304300e-03,2.086684617435303687e-02
-1.401848110264620854e-02,-1.358232896961227964e-03,6.899183155614497555e-03,8.477530843992997500e-03
1.392392318509236282e-02,-3.339133949880385838e-02,8.385099732697099198e-03,1.108231658101428881e-02
1.220591124780582605e-02,-1.585976977303158938e-02,-2.391347209488023980e-03,6.045205734713743513e-03
-6.724489931053797588e-03,-1.499261974633435066e-02,1.866003824688010999e-03,1.985110585270016478e-02
3.906214371644266270e-02,-2.171258843054864676e-02,-8.552990656124585117e-03,-8.796564629769331942e-03
1.324137507423365188e-02,-2.458731815213284922e-03,-6.197968704670223095e-03,-4.584674554350154710e-03
-2.654636462760858861e-04,-4.941346318999442853e-04,-7.374271325384910807e-03,8.133869603560928835e-03
1.667094518187826543e-02,-1.507517286648243221e-02,-1.110952110133537826e-02,9.513748785939560651e-03
2.457955574157370121e-02,-8.080897312773250088e-03,-1.357310237245228438e-02,-2.925556056348208814e-03
-2.316631106833288989e-02,5.063480072449419271e-03,5.641240371758404065e-03,1.246159062412509344e-02
2.021237237871877958e-03,4.203067070102281186e-03,-5.094014414272746323e-03,-1.130289893701423446e-03
-5.587667491129225984e-03,-1.113986003626473570e-02,1.281391968755028884e-03,1.544613555863892478e-02
-2.084729714410767099e-02,6.529347721539974052e-03,-5.352298548037688272e-03,1.967024797060542077e-02
2.933009561480737215e-02,-2.298597269569512425e-03,-1.153463919807591956e-02,-1.549685914716207591e-02
3.792935274644834015e-02,5.622518274113035182e-03,-4.276189308982001128e-03,-3.927568171157936466e-02
2.874798407975365580e-02,1.674152097466669389e-02,-1.816840918879614880e-02,-2.732109586562413150e-02
3.266330408051390435e-03,-1.606605102943035185e-02,-1.865181269367512280e-03,1.466490189074646025e-02
4.775333254571848939e-04,1.839286527985902701e-03,-1.809736605273007653e-03,-5.070832481700839533e-04
4.884914750570096493e-04,4.348959242849725904e-03,1.255371161525056442e-02,-1.739116233315730203e-02
1.597264464895920694e-02,-1.027219214381047512e-02,-3.798227754851839829e-03,-1.902224750296985017e-03
3.698154047318721188e-02,6.084076948469725396e-04,-2.198034805274280603e-03,-3.539191336275987476e-02
1.515449404496738844e-02,1.197745685326134617e-02,-2.978909154070600099e-03,-2.415304174415802696e-02
-1.405741218352806431e-02,2.442094587577471609e-02,6.143639888280941208e-03,-1.650717358052760861e-02
-2.941874385584905549e-02,3.225050957608296964e-02,1.207426258978174828e-02,-1.490602831001567458e-02
-9.337834343434365733e-03,1.006405267028321997e-02,1.406405721616962347e-02,-1.479027554301847597e-02
1.435734261867055786e-02,2.049208246501093081e-02,1.259598335744796125e-03,-3.610902341942628241e-02
2.065744611951865050e-03,1.459552123025011430e-03,-1.585409200770934376e-02,1.232879527273248940e-02
2.099402531781350417e-02,-4.002597667618567473e-02,-2.062172213462516723e-02,3.965367349299731003e-02
1.800210005790868007e-03,-1.940292957718893485e-02,-6.527423628999423806e-03,2.413014320039745531e-02
-1.609923925462302535e-02,-1.484971809479156656e-02,5.846706348540639184e-03,2.510225100087403599e-02
4.008501313853934239e-02,-3.046442784021576380e-02,8.249101340719322550e-03,-1.786968663904288032e-02
8.912443780735362572e-03,-1.748571911342748642e-02,1.999846128753603874e-02,-1.142518595484393572e-02
-1.056480238861363941e-02,1.398743992284467996e-02,1.758308007463976058e-02,-2.100571760887077685e-02
-4.545093330033089102e-02,3.140465725485459825e-02,1.889451520129642806e-02,-4.848239155820174319e-03
-6.674537309145747721e-02,1.132728692600455320e-02,1.805365564715632337e-02,3.736443051829672901e-02
-8.077424884103838465e-02,2.179886542145411873e-02,2.949345222551578993e-02,2.948193119406830251e-02
1.747650926028761209e-02,-2.588762407947562197e-02,2.396347927311443665e-02,-1.555236445392639208e-02
1.006117042898747871e-02,-2.322502365240755942e-02,2.094644821038382440e-02,-7.782594986963742821e-03
1.591964302085578306e-02,-1.706973698648833748e-02,1.169063289386960275e-02,-1.054053892823715415e-02
1.035404434959798052e-02,-1.410680202799350150e-02,-4.277524094341254857e-03,8.030281772736786242e-03
1.662002331462602775e-02,-3.318976131642958211e-03,-6.238080555419384110e-03,-7.062966627563674153e-03
2.165911029367303606e-02,1.492326149616801829e-02,-1.651692626064630003e-03,-3.493067916377647769e-02
2.570162729950110567e-02,-1.615777576891993736e-02,-7.408941794136251167e-03,-2.134909736444960075e-03
-3.808419203464233696e-03,3.049832649949540085e-03,-7.091954572976589925e-03,7.850541126491287006e-03
-1.052622706746486440e-02,6.985205266738520567e-03,-1.141141463987688925e-02,1.495243644060320967e-02
2.616376736624062213e-02,-7.429341473628063748e-03,-1.495153047844652652e-02,-3.782895414166050074e-03
4.605341515132921337e-02,-4.020044136193628298e-02,-1.197537564952256411e-02,6.122401860129563465e-03
2.882518216351242016e-02,-3.264320658355993748e-02,-1.332512279777206023e-02,1.714314721781970072e-02
3.684861319758659867e-03,9.086282166127333457e-03,-1.622462659576081809e-02,3.453483109874779661e-03
-5.580584857265057097e-02,2.591285001837928884e-02,-1.763450272088785270e-02,4.752750127515902034e-02
7.186116412277450231e-03,-2.648196985274321041e-02,-2.155754445076138101e-02,4.085339789122696685e-02
4.087201743603866011e-02,-4.250999742532286102e-02,-8.997553784524903522e-03,1.063553377380932127e-02
1.159050165698909292e-02,-2.196987811518133146e-02,-1.462324016912740395e-02,2.500261662731954534e-02
5.550975734117088826e-03,-6.148528173567170511e-03,-1.361187390443647019e-02,1.420942634388653279e-02
-7.971142140182461630e-03,1.497082547397487334e-02,-5.419149551257270575e-03,-1.580533782535132247e-03
2.084437088905011226e-02,9.193993058989288411e-03,-2.925916889245103528e-03,-2.711244705879435266e-02
-1.293752073220400672e-02,-1.395543460531094467e-02,-2.205378247359072053e-03,2.909833358487403515e-02
6.169900313400666914e-02,-3.240976322902240636e-02,-1.240792469548760053e-02,-1.688131520949668826e-02
1.916685573604501314e-02,-4.359520930419175794e-02,1.078915832037079768e-02,1.363919524777583263e-02
2.166516472370165480e-02,-8.205151639680590553e-03,-8.343950652472184723e-04,-1.262561801877385044e-02
6.229335442364915439e-03,-9.586236945534782131e-03,2.139683641643487229e-04,3.142933139005497749e-03
2.209791088043076487e-02,-5.751466888211830475e-04,-2.333683441903636538e-02,1.814070227426760459e-03
-4.048570453172956225e-03,-6.524208893560911986e-03,-5.755095181435391019e-03,1.632787452816931995e-02
2.677704993929635666e-02,-4.145323870277844297e-02,1.549204998912345841e-03,1.312698376456968886e-02
-2.147497439305146028e-02,2.834216460104563903e-03,8.115133528236872715e-03,1.052562440471005618e-02
8.760480122129595676e-03,-1.893405087535045619e-02,5.426658786187513531e-03,4.746911967033336580e-03
2.680934813443329456e-03,-1.659561636960046535e-02,-1.914231242724230867e-03,1.582891279888140601e-02
-3.323999965761513953e-03,-1.232996223374647864e-02,4.169004947336616730e-03,1.148495725217137109e-02
3.484654295859255374e-02,-1.748552185448158311e-02,-9.498948586472251085e-03,-7.862072517638795874e-03
1.732370555827384903e-02,-8.315243937285575482e-03,-5.551932283157153848e-03,-3.456529337831116665e-03
1.162577311940619310e-03,4.629586098271507889e-03,-8.999814993308052208e-03,3.207651583095911998e-03
2.524205840068896589e-02,-7.060173643439072305e-03,-9.777418231164536691e-03,-8.404466526085398528e-03
3.396334123542238403e-02,-8.548993181583260104e-03,-1.150612664147904543e-02,-1.390822141236013401e-02
-1.031653944269038566e-02,-3.425343787316030477e-03,4.373228654079007807e-03,9.368654575927389677e-03
7.216145762991681319e-03,6.937877996643643762e-03,-4.449098182552865718e-05,-1.410953277780981584e-02
1.752189754136670302e-02,-3.076257680808693398e-02,-1.927922633201838501e-03,1.516860189992218742e-02
-5.678184697310803900e-03,-5.030838010786004618e-04,-4.258796091203510478e-03,1.044006458959292720e-02
2.897013606698193439e-02,-3.075945994568147091e-03,-2.552786076819816598e-03,-2.334140399559400669e-02
6.346678404894676509e-03,1.606715281527373168e-02,-5.158971507740636037e-03,-1.725485971242773225e-02
2.520300679945128297e-02,1.812385680246753582e-03,-1.315647528490453480e-02,-1.385891719479350782e-02
4.866682747934125697e-02,-2.484751931614298873e-02,-1.235733927693316060e-02,-1.146196888626519611e-02
-1.046840575411698247e-02,5.944583677311602449e-03,1.257419228555584773e-02,-8.050370208750464232e-03
-1.278269154768183098e-02,-7.806881051451827931e-03,1.043789819022461485e-02,1.015167440890906922e-02
-7.587764913242385674e-03,5.787267294488951039e-03,8.866514989095417368e-03,-7.066017370341974059e-03
4.199911249998181106e-02,-4.273242790729556498e-03,-6.828029233404025490e-03,-3.089784047584823168e-02
2.097117366609378003e-02,1.154642309085760019e-03,-2.533520680816074132e-03,-1.959229529436333148e-02
9.063086546533727708e-03,1.191385111165779373e-02,3.161954937346747770e-03,-2.413889259553818681e-02
-3.172854593302006088e-02,3.138998140352119298e-02,1.291352658613499453e-02,-1.257496205663628103e-02
-3.215508355370663013e-02,2.731617677935444660e-02,1.945468855822261173e-02,-1.461578178387056871e-02
3.274601011716583854e-02,-5.911740826143492555e-03,-1.454758812957307815e-02,-1.228668116144929559e-02
-1.353963321049240533e-02,-2.254411558388404874e-02,-1.344568837398158433e-02,4.952943716835794818e-02
-2.536813130706943101e-02,-4.669920584478627623e-02,-8.833619802196926094e-03,8.090095695405247200e-02
-3.760024891610361936e-02,-2.223020924498927617e-02,5.177887888351294376e-03,5.465257027274156992e-02
-1.888347061544133967e-02,-3.034835018136153653e-03,1.321768863786013104e-02,8.700616995717292898e-03
3.840211932749292012e-02,-4.031685096672093377e-02,9.584405971781728706e-03,-7.669674332553553728e-03
-2.306685039948324484e-04,-1.527587246057865444e-02,5.179073140887005371e-03,1.032746782368647830e-02
-2.579392150096245125e-03,6.143395434627161797e-03,1.871645199455272690e-02,-2.228045527908372250e-02
-4.038887400620563839e-02,1.207791095274810163e-02,2.695991505898510943e-02,1.351047994472453356e-03
-4.934841403060144516e-02,4.546477434384046251e-03,2.394768272511400148e-02,2.085425387110354314e-02
-3.381172104633580616e-02,-9.035970070488690345e-03,2.043527507714745090e-02,2.241241603967706469e-02
6.338867751826785489e-03,7.821818874894122936e-05,1.173510779746319253e-02,-1.815219373803895683e-02
3.466888153616029533e-02,-3.448842338351346126e-02,9.789925749863363780e-03,-9.970383902510020907e-03
1.500478330966581453e-02,-2.662880313097693366e-02,1.259861147193243325e-02,-9.745916506213474001e-04
2.742479230369181120e-03,-1.306302338487743721e-02,9.840009340014259625e-04,9.336543220506830776e-03
2.111591498834815631e-02,-1.312791486540867622e-02,-3.554531883719052026e-03,-4.433468239220468392e-03
1.187649430055956468e-02,1.738799144642262998e-02,-1.236394439285527953e-02,-1.690054135412688910e-02
2.429603692671115228e-02,1.640657441390272822e-02,1.638532430346172162e-03,-4.234114377096002968e-02
-2.043894234298857318e-02,8.381864518864643246e-03,4.574371925795949270e-03,7.482705898327966787e-03
-3.662007201030540848e-03,1.408463615605245675e-02,-1.501376678482401437e-02,4.591137829802097170e-03
1.045601566864802663e-02,1.519617177235073335e-02,-2.977388729709206511e-02,4.121699856093411808e-03
6.505183851079772428e-02,-1.029450613576770104e-02,-3.663676592394649045e-02,-1.812056645108353625e-02
1.394681107993635564e-03,-1.035588491340074793e-03,-7.888411167837625429e-03,7.529318551184087209e-03
-3.650255998930577311e-02,2.824962852344108100e-02,-1.347768758341404832e-02,2.173061904927869187e-02
-3.309492136023189923e-02,2.894637222068008678e-02,-2.215778319735984755e-02,2.630633233691158715e-02
-9.172989369964466497e-03,-1.956433678628560074e-02,-1.733414181161829423e-02,4.607146796786842219e-02
6.427203320264443520e-02,-4.930954900957823517e-02,-9.099744751578424384e-03,-5.862739441487871926e-03
1.121581248469898616e-02,-1.245045947886378596e-02,-8.589552084397045206e-03,9.824199078561848472e-03
-1.107544141995550293e-04,1.541323241527971927e-02,-9.874814958616653926e-03,-5.427663042463532796e-03
8.598746433529435435e-03,1.506195468354001085e-03,-9.960556717487195275e-03,-1.443851843962227317e-04
1.168857379167583671e-02,-9.035856492167766707e-03,1.156620947967447813e-02,-1.421892677918260711e-02
1.158810429391230259e-02,-9.587504218494384209e-03,-2.524482454209470584e-03,5.238823787915214067e-04
4.538397700434567555e-02,-1.855370691108986642e-02,-1.455940396043213340e-02,-1.227086613282353175e-02
8.437643794140377252e-04,-2.771658650745104785e-02,1.208690381122883885e-02,1.478591831680814775e-02
4.921662561560353165e-03,-1.650867275334921488e-02,-2.159285013136542138e-03,1.374629520492543465e-02
-5.449514004160921528e-03,-9.590461115762735980e-03,1.950292812656012099e-03,1.308968230726762980e-02
-7.876150610807543598e-03,1.145517469765002655e-02,-2.610810481847222753e-02,2.252908073162972896e-02
-2.059188289851448736e-02,6.414936598743412911e-04,2.110679994257767117e-03,1.783970924438231520e-02
1.184577190194531678e-02,-2.423994056069508213e-02,5.201855160965216003e-03,7.192313497784631748e-03
-1.046837863131505099e-02,-1.585553405430476697e-03,1.124188520569297314e-02,8.120468310525402311e-04
7.249674951348300707e-03,-2.178912380324304898e-02,6.070704262760880446e-03,8.468744589133807982e-03
-5.131516814521086024e-03,-1.885111600288111658e-02,-7.782256504367304198e-04,2.476085846783895525e-02
-4.011550121007106257e-03,-1.324469635280892989e-03,4.757183595828205790e-04,4.860301396705180021e-03
3.219695222320765465e-02,-1.298463652438490087e-02,-8.141374063845716741e-03,-1.107094163497700234e-02
1.502735336617102083e-03,-2.595881836208815702e-03,1.987099369537862533e-03,-8.939528699461520575e-04
-2.538713748961555702e-03,9.849830337970860022e-03,-5.119377741723437486e-03,-2.191738847285872472e-03
1.425928312215447684e-02,-2.421686008452408534e-05,-5.506822659465539227e-03,-8.728243602604398785e-03
3.382312130610776180e-02,-1.227897430434841952e-02,-1.073470292180496964e-02,-1.080944407995434314e-02
6.105296619360003896e-03,-8.487523638711434726e-03,4.601117321738143993e-03,-2.218890302386698852e-03
2.463476826656743526e-03,5.643701455668153483e-03,2.881249207574150027e-05,-8.135990774400622683e-03
4.044435724861475401e-02,-4.237389934621339782e-02,-6.191492018823679423e-03,8.121034116422270327e-03
9.171094833476930996e-03,-3.145884777087044719e-03,-8.781535509894475419e-04,-5.147056505400450337e-03
6.342298587876235572e-02,-4.250995193986648046e-02,-1.330463429190900312e-02,-7.608399646986869526e-03
-5.379622039489643896e-03,-5.413195232116483355e-04,-1.198624600308609636e-02,1.790718756578734555e-02
3.970254655682067119e-02,-6.823334701500673866e-03,-1.675881557277275266e-02,-1.612039628254733487e-02
3.651904877810430161e-02,-1.833847872096705869e-02,-1.157597437250802372e-02,-6.604595684629148943e-03
-5.245150489319316475e-03,1.129225757458540182e-02,4.213114374608585588e-04,-6.468418522726931269e-03
-1.144572095053038134e-02,-5.745047265843981031e-03,-1.645864038665841283e-03,1.883663225504018934e-02
-1.007795004133375458e-02,1.965421236531232629e-02,-2.448751967593427569e-03,-7.127510356385126367e-03
5.553931182566162507e-04,3.552096331426448598e-04,2.388022110496950193e-03,-3.298624861896219326e-03
5.499446342919778186e-02,2.516417051313547663e-04,-1.173442648014546945e-02,-4.351167865418380937e-02
1.685409121924068276e-02,2.333563832145536809e-02,-1.635018217891408970e-02,-2.383954736178192299e-02
-3.635220090475393268e-02,2.939205736213646239e-02,1.086692627965804786e-03,5.873450914651706482e-03
-1.971346679139932001e-02,-2.756922057825138966e-03,1.465004987053313435e-03,2.100538386217117720e-02
1.431932953152127187e-02,-2.605737691664263000e-02,-1.026524481067151925e-02,2.200329219579291035e-02
2.628822285787407037e-02,-4.315279211792574787e-02,-7.095734186376274032e-03,2.396030344642795934e-02
-3.746096825675845204e-02,-2.695725227199598575e-02,-4.827109475525252422e-03,6.924533000427973706e-02
-5.140929442423930462e-02,-3.173006177450137660e-02,-5.981155826487121949e-03,8.912051202522815185e-02
-9.021637417815817420e-03,-4.698665303152376599e-02,-5.900358414390096534e-03,6.190864886372960535e-02
3.903526675925673289e-02,-3.003415400131926802e-02,-1.469841147903377943e-02,5.697298721096309346e-03
-5.528493443819700384e-03,4.415008857494843141e-03,8.247396342460480700e-03,-7.133911756135630396e-03
2.867293850949156984e-03,1.547101060199424470e-02,6.242232695503973326e-03,-2.458053714844736504e-02
-1.009426881558946575e-02,2.026462145951199098e-02,-2.610543544180002600e-03,-7.559809099742536946e-03
-3.238435814870717355e-02,3.723534720588430203e-03,2.395844189884153638e-02,4.702381529277093776e-03
-2.790289789502070975e-03,-2.761987374556662198e-02,1.783917610386196589e-02,1.257098743120669410e-02
2.671071311899125486e-02,-8.317623435936166622e-04,1.120295012475818787e-02,-3.708190090015587442e-02
4.689989012974226518e-02,-2.257327364894809105e-02,-1.702298881249136311e-04,-2.415638659266914831e-02
4.032652178479559542e-03,-1.458716298733413880e-02,3.388545499456366967e-04,1.021565625890897416e-02
5.348051912892194497e-03,-2.108923726843770288e-02,9.944420880795743455e-04,1.474674326746595009e-02
2.614791381532995725e-03,1.953493058746972114e-02,-4.611698725614626557e-03,-1.753802324338808033e-02
-2.363140711164386787e-02,2.498963622738752111e-02,9.347823393959224514e-03,-1.070605250970291938e-02
-1.774717394508238191e-02,2.606735766105598359e-02,1.085035788754231713e-02,-1.917054160351586156e-02
-8.087900026368985418e-03,1.144695923849625534e-02,-7.214687354925575485e-04,-2.637590476634739476e-03
2.997001819335480197e-02,1.612041082232513328e-02,-1.877576885724630343e-02,-2.731466015843377407e-02
-1.827297922964074561e-02,1.895417173206102174e-02,-9.173486739936458469e-04,2.361561715733621327e-04
8.439662403673912775e-04,9.091845123425380468e-03,-8.672411255351055934e-03,-1.263400108441720040e-03
-1.877925917302941325e-02,3.233784318960089554e-02,-5.417035943970016469e-03,-8.141548072601562103e-03
-4.092210874882647176e-02,2.938389958248983219e-02,8.635994972380666573e-03,2.902214193955902737e-03
-2.415537050811510794e-02,-2.477585406053875992e-04,-6.981030093789186534e-03,3.138415914250966554e-02
-1.606799436909559994e-02,-2.342927075314388957e-02,-6.492692684689583887e-04,4.014653439070836605e-02
3.475502376691169356e-04,-1.548306658335200578e-02,1.064942896576112977e-02,4.486087379921730074e-03
4.184046729787145071e-03,6.014528008535544555e-03,-5.048469799737908582e-03,-5.150104938584769768e-03
7.240159433356082273e-03,7.970495752591217828e-03,-1.983381001452006603e-02,4.623154828572722565e-03
1.556988127276281476e-02,-1.630306078335284556e-02,-1.169802866434374589e-02,1.243120817493377842e-02
5.129257737126686860e-03,-5.640519697919069847e-03,9.995309609048080163e-03,-9.484047648255762228e-03
2.300657339306932600e-02,-1.362319987948923915e-02,-4.940781420573054673e-03,-4.442592093007085088e-03
2.998485452123269418e-02,-4.181059954379388009e-03,-4.803081284806376243e-03,-2.100071328204700799e-02
1.305198194907654895e-02,-2.305597088512511758e-02,6.387106188030487915e-03,3.616882748018049928e-03
-1.806546335037299833e-02,-5.068256596854881640e-03,1.336784448979567433e-03,2.179693549824833140e-02
-1.352071876288614936e-02,-5.150565960913068043e-03,-1.867588224082902511e-03,2.053887294788215787e-02
-2.622235734169301585e-02,8.882167300302301963e-03,-2.196830079816710149e-02,3.930849083955777201e-02
-2.324113172336690972e-02,5.662806497067538435e-03,3.912250094034883108e-03,1.366607513226455323e-02
-1.111887904292409128e-02,-1.182080484906172617e-02,9.876978656598780354e-03,1.306270523538701801e-02
6.836855468348718504e-03,-1.247095625959871237e-02,1.274909947219896034e-02,-7.114998680948960395e-03
-3.260014541526111051e-04,-2.051600445579717172e-02,7.464839561760575580e-03,1.337716634818917824e-02
-4.414763138261573565e-03,-2.175438307748376113e-02,-5.485477586599347977e-03,3.165462380234468354e-02
-1.121801344378545520e-02,8.332214639670782602e-03,-1.450138739895990301e-03,4.335937544010677429e-03
3.174774624945751744e-02,-1.380686322700482027e-02,-5.542233837561172903e-03,-1.239864918489155116e-02
5.410699646496470658e-03,-5.053440775200308648e-03,1.256407858426901252e-04,-4.828996571388370108e-04
1.643742235723245904e-02,-7.453665762152850323e-03,-1.684327373411867402e-04,-8.815323857738434007e-03
1.162422066608031872e-02,4.405793369803782944e-03,-6.349073352587930423e-03,-9.680940683296158228e-03
2.666458064493792968e-02,-9.462114520185133451e-03,-9.678098960829164057e-03,-7.524367163923653852e-03
1.290019544962906634e-02,-1.180139254390475886e-03,4.430133655852337878e-03,-1.615018985109092919e-02
9.136605568162004323e-03,-5.933600200241619972e-03,-4.826770547819056803e-03,1.623765179898700641e-03
-8.132960528223737162e-03,-1.991112080288616124e-02,2.750251532853945535e-04,2.776905617782452276e-02
4.250293421726850790e-02,-2.654261354397086103e-02,-1.166458525107588740e-02,-4.295735422221804573e-03
8.948967724807360691e-02,-5.973072814691478272e-02,-1.620706604599678191e-02,-1.355188305516207177e-02
1.029345834800074293e-02,-4.194656062704764724e-03,-8.528929314630855421e-03,2.430127029334896733e-03
-5.286660911755707709e-03,2.745668454309841203e-02,-1.440938481393818846e-02,-7.760638817404494176e-03
4.532395209397654945e-02,-3.084623380863022596e-02,-6.350974460837089525e-03,-8.126743824509232231e-03
2.463357052026110745e-04,1.178675476564329874e-02,-4.369074520325430880e-03,-7.664015950520496230e-03
-2.750977652218087807e-02,1.092599451134538407e-02,3.808289272848502331e-03,1.277549273798699557e-02
-3.082055959327709496e-03,6.111103124351394307e-03,-1.551378057060158293e-02,1.248473340557791633e-02
6.176838914951501315e-03,1.070969649236834000e-02,-1.344643577250659652e-02,-3.440099634813281217e-03
2.670184615544182391e-02,1.208201008502542660e-02,-1.134275262717182250e-02,-2.744110361329542627e-02
2.161329871476633940e-02,2.365563720822649180e-02,-5.125317205154750720e-03,-4.014361871783819063e-02
-3.161897142173563519e-02,1.025089267215113960e-02,-3.200469876028829395e-03,2.456854862561333452e-02
-4.129456239191407751e-02,-5.705831247332538748e-03,3.611905086998063157e-03,4.338848855224842344e-02
-2.082896423049057991e-02,-9.545847755399428439e-03,5.610153444563717104e-03,2.476465854132629124e-02
3.761679502566481138e-04,-1.353254032421793984e-02,-1.315790722321811060e-02,2.631427959717949280e-02
-1.249990511386205039e-02,-2.960952414000050242e-02,3.346530551958867838e-03,3.876289870190358783e-02
-5.604543458077237972e-02,-7.254141364872732263e-03,1.867568704751583833e-02,4.462388889812921727e-02
-2.512180631345271864e-02,-4.809070627343385064e-03,4.011020577971457276e-04,2.952977488299891526e-02
-4.721919138570849009e-03,-5.510188287695603516e-03,-4.601727644190378025e-03,1.483383507045686958e-02
4.449769414670739706e-03,7.440838805419645006e-03,-7.256307545415573851e-03,-4.634300674674813464e-03
3.239123667730201689e-02,1.084574984130006955e-02,-1.050120281389067302e-02,-3.273578370471130761e-02
-3.936704029775228014e-02,3.262497290258965787e-02,-2.256080475271464263e-03,8.998147870434085663e-03
-2.440508430765074913e-02,2.046958774958023211e-02,1.326388302743536883e-02,-9.328386469364858755e-03
-2.427470085121062257e-02,-6.282973893337500185e-04,1.436185557160991541e-02,1.054114266893455346e-02
4.065945514183842702e-02,-1.194151064776650603e-02,3.684015806477147336e-03,-3.240196030054908610e-02
1.939345493283334276e-02,3.965215299205154809e-03,-4.430912477500007808e-03,-1.892775775453852533e-02
1.129842381210665811e-02,-1.596589655451766685e-03,8.600726044671364208e-04,-1.056190676112204671e-02
2.327931317833892982e-02,-5.170974649949866553e-03,4.688409374976278046e-04,-1.857717946588665833e-02
-6.180616204436599481e-03,2.155846636280257106e-02,8.145575389189854340e-04,-1.619240769728497523e-02
-6.065479692163231601e-03,1.891554289576451511e-02,5.267439405527356983e-03,-1.811750260912867866e-02
-4.252366965758650613e-02,4.351256493360892985e-02,2.365603151702328974e-02,-2.464492679304565448e-02
-5.016757735737559926e-02,3.624164463545201387e-02,2.405447156952024781e-02,-1.012853884759666069e-02
1.464624634076783574e-02,1.333220751834156802e-02,8.239952803446198067e-04,-2.880244913945409491e-02
-3.882040224849606785e-02,4.067823452669690198e-02,3.297094422467517546e-03,-5.154926700668335630e-03
-5.051896894288756407e-02,3.580986082154370004e-02,-7.653086165824754886e-03,2.236219428716861718e-02
-1.615177969697231125e-02,1.681949046280890175e-02,-2.750441197180959665e-03,2.082730431344379570e-03
-2.259797057047015570e-02,5.176963772655578978e-03,8.423607287470684032e-03,8.997399510343862331e-03
-1.096834621856889423e-02,2.081961661630222626e-03,-6.659270450182175295e-04,9.552311601956903556e-03
5.667601364395069216e-03,-3.597047190902336739e-02,-2.154774259592799005e-03,3.245764480422109327e-02
4.396285259474263900e-03,-1.516741277876821996e-02,4.047320417880220962e-03,6.723807101413716882e-03
2.058550534322920941e-02,-1.029014911891841869e-02,-5.195820005672413359e-03,-5.099536218638420736e-03
6.431783701964281785e-03,5.958584770844336555e-03,-1.873775299770148728e-02,6.347384524892818632e-03
6.401108645958443824e-03,-1.798882892671442579e-02,-1.809801291475746305e-03,1.339752157223176275e-02
4.016915459289110285e-02,-9.964449325817833006e-03,9.873188690341183280e-03,-4.007789395741445659e-02
1.187107572272674133e-02,2.356004997968444512e-03,-1.112545098809472263e-02,-3.101629732600461042e-03
2.246064746970116016e-02,-2.559333314838480814e-03,2.034870774838682620e-03,-2.193618492970143136e-02
1.413316458593268099e-02,-1.962288755587182285e-02,7.222662266411042017e-03,-1.732939296471863733e-03
-2.053801306330287763e-02,-6.568327380313160845e-03,9.074148577772825006e-03,1.803219186584323688e-02
-4.233216299749528039e-02,-1.064277440500039170e-04,-7.847962200197084598e-03,5.028655294174208534e-02
-2.586493213519723555e-02,1.179925344704323316e-02,-1.906331100351354307e-02,3.312898969166753332e-02
-1.444869462682837023e-02,1.388928815707642962e-02,3.442570416368757446e-03,-2.883163946616784309e-03
-1.719588079545815093e-02,-1.410206372372049821e-02,8.831824254832211160e-03,2.246612026434643625e-02
2.199829653176569449e-02,-2.092068680735462149e-02,8.403810940061396187e-03,-9.481420664472495208e-03
-1.032833998785330151e-02,-1.478348694323241598e-02,7.810067319188230932e-03,1.730175961189743886e-02
-6.091745138243987411e-03,-1.204092040139552455e-02,-3.600257254738760838e-03,2.173292279437834262e-02
-1.431738895386268189e-02,1.085415209082285677e-02,6.226640115647486299e-05,3.400970461883340290e-03
2.853515818332317752e-02,-8.057708930910133932e-03,-2.356497331882122410e-03,-1.812095192053094980e-02
1.706350017792033352e-02,-5.603912365582671730e-03,1.867581524393442400e-03,-1.332716933673109769e-02
1.287769581940746699e-02,-1.069602352051155815e-02,2.044193991588042717e-03,-4.225866290483945922e-03
6.031038943802142192e-03,8.475326554988180452e-03,-3.970274767209961558e-03,-1.053609073158033940e-02
3.613616665616357221e-02,-1.435214141350686819e-02,-1.054865704237623915e-02,-1.123536820028038161e-02
1.578930666575062078e-02,6.497347223860908648e-03,2.402787373675995073e-03,-2.468944126328753708e-02
2.359732818836164907e-03,-1.536741846729625972e-03,-7.873380867641910710e-03,7.050389895535356596e-03
1.064241885433000502e-02,-7.428307151747292995e-03,-4.285284324168430153e-04,-2.785583270165877413e-03
1.051122629609460568e-02,-1.435039039708335858e-02,-9.315004734312013965e-04,4.770664574419907454e-03
7.247176472452150631e-02,-4.177590821849077457e-02,-5.380524460348630120e-03,-2.531533204568180845e-02
-1.669168887618071792e-02,1.657250188102886001e-03,-6.798977520454442015e-03,2.183341620853233161e-02
-1.363096619885001458e-03,3.572466782230809129e-02,-9.268653443888498836e-03,-2.509291775853464759e-02
2.146240978943405806e-02,-7.682577091607153616e-03,-4.605745630116455172e-03,-9.174087067710586310e-03
-1.751398459916644890e-02,1.897272486782484655e-02,5.195747486130973709e-03,-6.654487754789433808e-03
-2.156881867138688708e-02,3.251815674298019244e-03,7.337752368645128649e-03,1.097925062844371837e-02
-1.580708006627557297e-02,1.218844574084823433e-02,-1.549004526731963477e-03,5.167638852159281947e-03
-1.007706561609480155e-02,1.744935482927471512e-02,-1.135440549464618309e-02,3.982116281466302476e-03
4.492729078748606414e-02,4.221685723372638026e-03,-1.442982384490825928e-02,-3.471915266595033966e-02
1.881997179219888766e-02,4.465520083242215804e-03,7.747790737428633841e-03,-3.103328261286963582e-02
-1.246129138255411793e-02,9.925309836851360992e-03,-3.820962383662543371e-03,6.356943929365225718e-03
6.683063427548953210e-03,-1.161309972613105632e-02,-1.186898959303080668e-02,1.679902589161296964e-02
-2.411016745902882022e-02,-1.319597777197066210e-02,-1.218643146066142411e-03,3.852478837706563297e-02
-9.189095568187857430e-03,-5.088795976255202670e-03,-8.443119829685775610e-03,2.272101137412879321e-02
5.202297041345315884e-03,-1.170552861756095700e-02,-1.751409072883834683e-02,2.401732230505407642e-02
-7.062708137003853581e-02,1.180664568975027355e-02,1.768667843811832716e-02,4.113375724216994378e-02
-5.627222133849572178e-02,-8.926401522309300018e-04,6.100989418285734413e-03,5.106387207244089677e-02
-5.870399401330928663e-02,5.307229906466672670e-03,2.148629795120768262e-03,5.124813431172203781e-02
2.216758969069847901e-02,1.500532362207551013e-03,-8.090398104023215770e-03,-1.557772394888279691e-02
2.922686580852354096e-02,6.945527674785691684e-03,-1.059086478400814331e-02,-2.558152869930104684e-02
-3.645228530549644158e-02,3.718507739316900124e-02,-8.589504381761873392e-03,7.856712294089332818e-03
1.562382014975664292e-02,2.839891979776486275e-02,4.689388651659531955e-03,-4.871212859918098992e-02
8.040177255194935193e-04,7.731176500101134309e-03,8.836724120597987120e-03,-1.737191834621861636e-02
4.165454204922198339e-02,-1.424805341225674274e-02,7.275448301955827861e-03,-3.468193693892099305e-02
5.908872278135459538e-02,-6.084379119300854788e-03,-1.159659066598991116e-02,-4.140775299606378607e-02
5.227861118632898957e-03,-1.018263892448017550e-02,1.003878004208484621e-03,3.950899801638826404e-03
8.805008269424543024e-03,4.420372357217423713e-03,3.461121802068160315e-03,-1.668650242871007675e-02
-2.147028570674393982e-02,3.360005412073218539e-02,1.357427547980985354e-02,-2.570404389379818411e-02
-3.271349966033452322e-02,3.983298340555957440e-02,2.976614321973559615e-03,-1.009609806719838875e-02
-2.554055412842816050e-02,4.280975287119995892e-02,1.136577593468432804e-02,-2.863497467745605013e-02
-3.172688839485652418e-02,3.899871654664595344e-02,2.430020836637259221e-02,-3.157203651816192086e-02
-1.063724809686880830e-02,1.282923120850554786e-02,2.008508797713995549e-03,-4.200491909350756795e-03
-4.661036065000109113e-02,3.833178638368181512e-02,6.036952011135038147e-03,2.241622255184180183e-03
-6.278603882805487701e-02,3.997627806323560129e-02,3.935779484702817306e-03,1.887398128011638990e-02
1.899828505802690290e-02,-7.661909296263928922e-03,6.631939823711266620e-03,-1.796831558547424060e-02
-1.302073817190037286e-02,7.076241046464889703e-03,1.937593740749523133e-02,-1.343144028205982277e-02
1.047665009561033617e-02,-5.037910873480983334e-04,6.903053853374161407e-03,-1.687591286163645302e-02
1.663924437673860481e-03,-2.864448647658851890e-02,3.517328336764718663e-03,2.346323370214994236e-02
1.602227128119455835e-02,-1.728479921409441233e-02,2.666789568855911299e-03,-1.404261635956101329e-03
2.657321095573595207e-02,-1.920036468014636732e-02,-6.305669205362469942e-04,-6.742279355053344692e-03
2.358223226916712073e-02,-1.837062346679524914e-03,-1.377625120232458221e-02,-7.968918720163000596e-03
1.850498634007235283e-03,-2.596117116673667471e-03,-2.457151710074034702e-04,9.913336536738379893e-04
3.298406483950840073e-02,9.767645650874822935e-03,7.273156867807872676e-03,-5.002486735819115793e-02
2.084941073007376758e-02,2.468085408318972888e-03,-7.129915748415533230e-03,-1.618758038997715476e-02
1.920671122591689761e-02,-2.477818251443654474e-02,9.111347983239193732e-03,-3.539876694719504974e-03
-3.111539773986177204e-03,-2.136047304639464989e-02,1.231022919799015791e-02,1.216178362239055642e-02
-2.585966615038364294e-02,-2.811072966551275004e-02,8.903975326260924264e-03,4.506642048963559882e-02
-4.209123011515189527e-02,1.564199960562422109e-02,-1.309883280850610877e-02,3.954806331803379510e-02
-4.016054170711001736e-02,1.478550824681733496e-02,-1.817579195448195545e-03,2.719261265574091785e-02
-2.112077122593307779e-02,1.452894355159252068e-02,6.126996032734238068e-03,4.648316416062785996e-04
-1.062605294549037044e-02,-1.024519337512081081e-02,7.195276213113134360e-03,1.367597010749811368e-02
3.098556948382748949e-02,-2.741154714732800535e-02,8.860411643096081924e-03,-1.243443397959558515e-02
-4.537216158171338172e-03,-6.840225709623657703e-03,2.449643314719386015e-03,8.927798553075606824e-03
-7.899593673611860628e-03,-1.061541551391302022e-03,-4.744220168798194553e-03,1.370535539380136718e-02
-1.174818846779205825e-02,-4.848818153642638941e-04,1.193469404277730387e-03,1.103960087887861062e-02
1.545561338521422856e-02,3.098722813464576883e-03,1.543596370846922776e-03,-2.009793256952570675e-02
1.465358552669674373e-02,-1.394438356241977338e-03,5.318119034639372592e-03,-1.857726620509420404e-02
2.699676047984388410e-03,-6.486945654657533082e-03,4.029666733297516783e-03,-2.423971266243793205e-04
3.439318675280178365e-03,4.773012742096755662e-03,7.731993889290216058e-04,-8.985530806305933732e-03
1.055102110147764644e-02,1.148947019403299052e-03,-6.048997737675010020e-03,-5.650970383205955634e-03
2.733003502797338828e-03,3.363617212596861725e-03,3.371216421296532179e-03,-9.467837136690748778e-03
2.323939633890711315e-02,-5.748757260316647751e-03,-4.005093524118675911e-03,-1.348554555447179296e-02
1.333648964229150642e-02,-7.722682504443534497e-03,1.643038765440163170e-03,-7.256845903288134010e-03
2.773261413023563396e-02,-2.329937840682342817e-02,3.533874905074792239e-03,-7.967110628486935575e-03
3.661650357041506404e-02,-2.821144237577097660e-02,1.471015680062036195e-03,-9.876076874706060313e-03
1.735991285542010706e-03,3.157080458468813737e-03,-7.385106152961656151e-03,2.492034408950837780e-03
-2.552814920647553110e-02,5.319401877835434889e-02,-7.329948031386331227e-03,-2.033592154049252559e-02
2.579969524589633550e-02,-1.458714931786482018e-02,-2.699185143490907845e-04,-1.094262741368240421e-02
-4.431016935384417960e-02,2.164352055080448825e-02,3.720186923824301238e-03,1.894646187921538230e-02
-2.152405840405611018e-02,8.698326497840891056e-03,6.386636699237905213e-04,1.218706823629143836e-02
4.451331981873714490e-03,1.313154441786489220e-02,-7.885701159272787836e-03,-9.697175240465753798e-03
2.266789126197956902e-02,-7.068801060539311835e-03,6.799326901157304662e-04,-1.627902289155597551e-02
6.931144886769918974e-03,1.001680078104772061e-02,7.302264736340447100e-03,-2.425021040415815954e-02
2.516653321699381315e-02,-3.557097174932763537e-03,-1.527400556923914042e-02,-6.335430472821863661e-03
2.349666343841541952e-02,-2.197458510873194395e-04,-2.042083493818069515e-02,-2.856082649147397533e-03
-1.445394436681664112e-02,2.326432432814469400e-03,-2.002127833935762533e-02,3.214879027335978273e-02
-3.535905657396339833e-03,-8.322636219863208812e-03,-4.847169675391518016e-03,1.670571155265107577e-02
5.734942762147964695e-02,-2.332236770233222373e-03,-1.322998305221602215e-02,-4.178720779903045274e-02
3.147419722991632446e-02,-1.299747432813910765e-03,-1.738654864385495366e-02,-1.278790115324754915e-02
-5.013485848326139360e-02,1.927987192007803163e-02,2.260132637002511703e-03,2.859485392618076049e-02
-3.092070226087238749e-02,-1.535907185303659554e-03,-4.729768682517327023e-03,3.718637812869335368e-02
-2.960858464156001634e-03,-3.324865443445656349e-02,-3.063206723073160116e-03,3.927271962168588093e-02
-3.476878327921576264e-03,-6.551189054150622151e-03,-2.089362124223970076e-03,1.211742950629613944e-02
-2.311497613609177562e-02,2.190726985242377398e-02,3.265937288828109548e-04,8.811125547852338962e-04
-7.347785110202155467e-02,6.628479489971982053e-02,1.570639350494416127e-04,7.035992267252043873e-03
3.048545181722397621e-02,3.147962523693400433e-02,9.698298322579675806e-04,-6.293490688641596720e-02
2.571998726513411229e-02,6.309264669442125190e-03,1.458293100379371571e-02,-4.661218293836990462e-02
1.976147067654477479e-02,1.297531228005810271e-02,9.412994714813233826e-03,-4.214977767141617898e-02
4.337694437794070712e-02,-1.199795079918423990e-02,-2.833881661894349559e-03,-2.854511191686205304e-02
4.505188932392777817e-03,-1.279381118249609504e-02,2.389421051016397349e-03,5.899201199086923780e-03
1.225239190452565713e-02,-9.268919763837042691e-03,-1.380202477312767947e-02,1.081855263243907718e-02
1.988327866438871494e-02,2.856708729952643633e-02,-1.519073107793437842e-02,-3.325963488598078499e-02
7.346008173552348933e-03,2.665339496910079306e-02,-1.165795800847720456e-02,-2.234144513417582467e-02
-8.200067843117343422e-03,2.929274653157023026e-02,-2.827888235867697178e-02,7.186203670224027701e-03
2.090853026907681100e-02,2.632936529024834660e-02,-6.750306501872206308e-03,-4.048758905745302589e-02
4.109691994897441553e-02,-4.858320795098122931e-03,-2.310621599346411245e-02,-1.313238316041215326e-02
-3.728160318758711594e-02,9.221145512293433405e-03,-6.583476788395914089e-03,3.464393446368958795e-02
-5.847603413196293676e-02,3.090095869551324342e-02,1.827170549207342287e-02,9.303369944376206277e-03
-1.063115024207070053e-03,3.433960068069908007e-03,2.101625068691569554e-03,-4.472470112554399052e-03
1.348199559083000133e-02,1.054719722354798342e-02,-3.549695793420653677e-03,-2.047949702095738442e-02
1.669254170475716753e-02,2.208959977384292780e-03,1.231112318747820331e-02,-3.121262486961957905e-02
8.303862300551785244e-03,-1.431522688218550901e-02,1.014990911800689975e-02,-4.138544536373200272e-03
2.911331010925923869e-03,-1.583931436922338815e-02,1.612807568466883071e-02,-3.200092326371378575e-03
8.382979816639981804e-03,-1.505089113079075350e-02,5.318877314114683549e-03,1.349034000036185938e-03
4.340701569113902467e-03,2.641784933622112665e-03,1.524904756503999087e-03,-8.507391259240012701e-03
-9.373424864970949025e-03,1.479084355955961015e-02,-1.645177286060438412e-03,-3.772241408528214691e-03
6.524481958703318152e-02,-1.443175213428823239e-02,4.568388343694584561e-03,-5.538145579643957012e-02
2.237115996023300579e-02,1.032216076930455141e-03,-9.015113704694991542e-03,-1.438826233246837810e-02
1.519012755484135460e-02,-3.754357888118704800e-02,1.047635311003090701e-02,1.187709821631483323e-02
-1.245969898354645777e-02,-2.277128559168297914e-02,1.504687258650666201e-02,2.018411198872276796e-02
-5.486049618279841694e-02,-1.902097859785215062e-02,1.004051916605324356e-02,6.384095561459740553e-02
-3.419882257394016994e-02,2.623132411638163901e-03,-1.066590826504913367e-02,4.224159842735123599e-02
-1.710243614011549423e-02,1.636248172166685291e-02,-2.093149798135027131e-03,2.833104216583667151e-03
-3.241104380431768239e-02,1.051931597791530906e-02,8.403288298006551804e-03,1.348843952839572785e-02
7.764375990865739078e-04,-9.392699481106348350e-03,5.685545006447806013e-03,2.930716875571998462e-03
3.418706964809001270e-02,-1.305168997413490815e-02,8.419503391537477843e-03,-2.955488306549242106e-02
1.212108320607947765e-02,-2.818591200626510695e-03,-4.099414144137951584e-03,-5.203077861315013632e-03
-5.499067650673536596e-03,3.482204102935147847e-03,-4.522399261592005733e-03,6.539262809330433947e-03
7.119571966908867094e-03,-1.668991630620022051e-02,1.412595774468532270e-03,8.157748564822863216e-03
1.256913366816735100e-03,1.335098756890511565e-02,5.212453041854589811e-03,-1.982035397757641801e-02
3.723864314267631356e-03,6.588772500711269006e-03,4.852244368354363853e-03,-1.516488118333327202e-02
5.696934636381580097e-03,-1.208376871219463307e-02,4.999442699105708862e-03,1.387391376707329364e-03
1.044375310786977047e-02,4.003864741034892809e-05,6.439988077429693522e-03,-1.692377983270982114e-02
1.402813944402051330e-02,8.928375781605721664e-03,-3.938865685899099398e-03,-1.901764953972721189e-02
-4.606688733284731822e-03,5.411774312497356389e-03,1.606139272788402895e-03,-2.411224852001043074e-03
2.575270557759344603e-02,-1.894964418378565496e-02,1.513171756365056311e-03,-8.316233150172908095e-03
7.015409720578500742e-03,4.037225066252427019e-04,-1.947735855792006839e-03,-5.471396371411752814e-03
1.135418287735735256e-02,-2.842651334147770423e-02,-2.105885914630536287e-03,1.917821637875081336e-02
1.569723603747352411e-02,-1.523470195627929730e-03,-2.839601271657868700e-03,-1.133416457018771722e-02
4.987895586991073806e-03,4.829873735153431338e-03,-1.378101877812294707e-02,3.963249455978445392e-03
-2.541940746713767380e-02,4.549953067515338095e-02,-7.310270352297591930e-03,-1.276985285571795824e-02
5.846869906464464972e-02,-2.260222029585843076e-02,-1.155247338980998351e-02,-2.431400537897630831e-02
-5.431347413833646196e-05,-3.299361361233743659e-03,4.252266814698519790e-03,-8.985919793264372357e-04
1.866475716717558818e-03,1.548852194389817478e-03,-1.000771861811597906e-02,6.592390707008578474e-03
9.575333847035023827e-03,1.467996284786252624e-02,2.257440058191808024e-04,-2.448104070071673369e-02
1.756767074652450591e-02,-3.522941802903140161e-03,-2.974481511555072144e-06,-1.404175446210982614e-02
2.907522805902401988e-02,-7.669909693729095798e-03,-3.516178918369338921e-03,-1.788913944692556088e-02
2.259773385192105979e-02,-7.124701283654209273e-03,-1.735465124742239379e-02,1.881618679155654724e-03
-7.638036400685405819e-03,1.785448801006724734e-02,1.095214454454200050e-02,-2.116859615392383334e-02
-9.282772812392835193e-03,1.025637928750668289e-02,-8.862630250091098685e-03,7.889023774977278747e-03
-6.214162445683066478e-03,-2.819123818406315141e-03,1.121609415974552694e-02,-2.182807895656198229e-03
2.203972715728100273e-03,-2.150467979731215604e-02,1.060902305145519295e-02,8.691684030128897509e-03
-5.769456531398833854e-03,1.134831213781362438e-02,5.362307757593292104e-03,-1.094116336400805835e-02
3.010877907283224936e-02,5.041594646304233159e-03,-8.076521153086253443e-03,-2.707385256605019525e-02
5.069883742017685865e-03,-2.511572235215487389e-03,3.057184133995625476e-03,-5.615495640797826121e-03
-2.165636922495286359e-02,-1.412733565395852750e-02,1.666607122062026616e-02,1.911763365829117350e-02
-3.568200021446094050e-02,5.559148385038835752e-03,6.196383788639524097e-03,2.392646804078256764e-02
-6.424913607204250920e-02,2.442814538670960711e-02,4.221101504637636906e-04,3.939888053486911151e-02
-8.342542500908800562e-02,6.188571427512191275e-02,8.965031289409683760e-03,1.257467944455624431e-02
7.013176710189292229e-03,2.608080945599772563e-02,1.494753448326957904e-02,-4.804152064945660383e-02
1.870378289701003088e-02,2.345463380525230138e-02,2.380409008406703109e-02,-6.596250678632929743e-02
-1.573261480478487309e-02,3.068076904041849504e-02,2.965393333753677321e-02,-4.460208757317051659e-02
1.078596092066631817e-02,1.122216252846099105e-02,5.024430674806981863e-03,-2.703255412393427634e-02
2.216007081604781312e-02,-1.770997231827614593e-02,-2.882787548268681260e-03,-1.567310949503026261e-03
1.307952934430775711e-02,3.916637553764182669e-03,-1.352877118494308882e-02,-3.467395713128859202e-03
-1.391068087199943092e-02,1.393662861532468655e-02,-1.702559730809519514e-02,1.699964956476986838e-02
-9.067981194120109875e-03,1.839648689757149291e-02,-2.329756774957669405e-02,1.396906204612533876e-02
-3.693363804007657181e-02,3.279573174412474257e-02,-2.178185249131374748e-02,2.591975878726564958e-02
-2.824939673810789118e-03,1.266767304758833514e-02,-2.064114771604006263e-02,1.079841434226245546e-02
2.100986006636668471e-02,1.254668948469133977e-03,-2.140937754222688519e-02,-8.551514726090701096e-04
4.568986400064940952e-03,-1.487891130520349256e-02,-2.530178856371268978e-02,3.561171346885129430e-02
-3.616185856789434078e-02,2.173273726255795651e-02,6.840387644202218335e-03,7.588733661134106946e-03
-8.834171173089488960e-03,2.690450331302204554e-02,1.466860225940094971e-02,-3.273893439933359822e-02
9.584185639197190243e-03,3.739905247778972652e-02,6.664416483363647115e-03,-5.364765460035059857e-02
1.113351725782394351e-02,1.442727486285176781e-02,4.751322779268371608e-04,-2.603592439860253488e-02
-3.970556002388697832e-03,-5.499054214555051424e-03,1.756772747770641392e-03,7.712837469173098107e-03
1.652177625065317373e-02,4.398734331420040347e-03,8.928963254159382607e-03,-2.984947383623258801e-02
1.935169815962642717e-02,-1.817266321195123990e-02,-2.733896158845892585e-03,1.554861211170751071e-03
-1.126362134453618574e-02,2.661597734906225379e-02,-3.101267661446096245e-03,-1.225108834307987206e-02
-1.597466852633249454e-03,1.771871809164439482e-02,-6.433545018045042606e-03,-9.687706220966112516e-03
5.632626863368769832e-02,-3.328926285823754355e-02,6.733120645631407268e-03,-2.977012642108147270e-02
2.628105969856731321e-03,-6.783085212032922799e-03,2.648426501050303410e-03,1.506552741125877009e-03
2.243002714226446925e-02,-2.488374580765680133e-02,8.308408613386100358e-03,-5.854689947993769149e-03
-4.773132104543025694e-02,-1.806264445145565290e-03,1.781474557208145501e-02,3.172283991849433882e-02
-5.626917934313725722e-02,2.641943590853239494e-03,1.023308037901924858e-02,4.339415537326461736e-02
-3.076859142171482070e-02,2.359831791898641881e-02,-1.375845140940721439e-03,8.546118643669132001e-03
-2.009663313731187978e-02,1.498003764413427703e-02,6.909164186819050438e-03,-1.792568693641447474e-03
-2.348221285115614093e-02,4.323243168815019306e-03,6.465184448031876044e-03,1.269378523430912675e-02
9.879355374935101450e-03,-9.886596766731328700e-03,4.388685593880722186e-03,-4.381444202084465445e-03
2.721365411731123049e-02,-1.139812278828974089e-02,6.984938519814604119e-03,-2.280046984883611627e-02
1.302232692463578707e-02,-7.552971002868032104e-04,-5.266383768545234746e-03,-7.000646055803729818e-03
-1.224816542711132557e-02,8.777882851066612022e-03,-4.119055348202177967e-03,7.589337924246898452e-03
2.091726232479697301e-02,-2.445574468895524503e-02,-3.102060493429824577e-03,6.640542857588038056e-03
-1.144062780846361732e-02,1.710369806435028256e-02,6.424345387235339856e-03,-1.208741564312197647e-02
-5.870438041792055452e-03,1.654906220111104775e-02,5.559706811080347179e-03,-1.623833097039935683e-02
-2.934360948044842507e-04,-6.972293595323256037e-03,7.858663894762515922e-03,-5.929342046347897298e-04
-4.024831859883406214e-03,2.342728013906177943e-03,8.216480799148400196e-03,-6.534376953171169324e-03
2.044505149554571091e-02,1.158834087424007869e-02,-5.712206724557482643e-03,-2.632118564522826012e-02
1.816149646730538456e-02,-5.864682242068982015e-04,5.572316236729487260e-04,-1.813225986677141979e-02
-6.531214106069934550e-03,-7.355642529648137758e-03,3.862347274831813906e-03,1.002450936088621243e-02
2.097619173522745004e-02,-3.431627419834268073e-03,-9.629294305558313942e-04,-1.658163488483734710e-02
5.942801953826059962e-03,-1.686083154029684866e-02,-7.725084868430306950e-03,1.864311445490107050e-02
1.486307155144792405e-02,-1.397383630433724627e-02,3.434826171875789841e-03,-4.324061418986456344e-03
-6.397389551916665001e-03,-1.290191925822433555e-02,-1.756284855447597451e-02,3.686215736461689180e-02
5.015849527379253507e-04,9.988128775349710414e-03,-2.464897317373874325e-03,-8.024816410713776077e-03
3.647368381861896408e-02,-2.523441855589879726e-02,-8.431196190011995897e-03,-2.808069072708140133e-03
2.730698549804069786e-02,-2.589766461932621958e-02,-4.120460419042555264e-03,2.711139540328085223e-03
-2.122979175137366253e-02,-3.962093437001920626e-03,-1.627416356789949817e-03,2.681930154516554143e-02
-9.009932747874422124e-03,1.634020541188406506e-02,6.206487159949386316e-03,-1.353675982395901971e-02
-1.931882160025235468e-03,7.199410824598271447e-03,6.330263425756130040e-03,-1.159779209032916168e-02
3.355784291424354637e-02,8.701056217198499185e-03,-4.276128216564908935e-03,-3.798277091487722856e-02
9.303325438072169995e-03,-4.081106384088618692e-03,7.749183272698930260e-04,-5.997137381253397383e-03
-1.737690602946343962e-02,2.184372104184765032e-02,5.941638334042841953e-03,-1.040845334642703617e-02
-1.886621830172687106e-03,8.901679563102329537e-03,6.994455693965939518e-03,-1.400951342689553056e-02
-1.213093312344317928e-02,-1.166896403476251794e-02,1.060773804903886869e-02,1.319215910916682506e-02
-4.847655854967767783e-03,-2.313116760452874066e-02,1.452640084286364180e-02,1.345242261663284408e-02
3.902204427184527424e-02,3.534966161546015256e-02,-7.091202568214945157e-03,-6.728050331909041226e-02
5.543975541784631339e-02,-2.489589215875782219e-02,-1.644193285565129442e-03,-2.889966997352332034e-02
5.728160668468210842e-02,-6.154269648140144738e-02,4.883489089431813923e-03,-6.223992927125007648e-04
1.515020180995437296e-02,-2.539593967717520759e-02,1.369480807537317400e-02,-3.449070208152443459e-03
-5.563072865100355396e-02,1.225784109426394052e-04,-3.769223305026737740e-03,5.927737354508751111e-02
-7.048735501293999783e-02,2.303361071746710953e-02,-1.075223413487089510e-02,5.820597843034400198e-02
-4.812791386730524285e-02,3.141188509479919677e-02,4.583926266822234766e-03,1.213210250568370202e-02
-3.277415558646377958e-02,2.179218757738982451e-02,2.189207066801029944e-02,-1.091010265893634437e-02
1.217168098159444878e-02,1.236546871869833100e-02,1.950067563889999744e-02,-4.403782533919264192e-02
9.375537068159895890e-03,2.888254630174362514e-02,2.268561402954092157e-02,-6.094369739944448944e-02
-4.455467055303660717e-02,4.091195551797576629e-02,2.020526131873011735e-02,-1.656254628366920015e-02
2.395723226745218037e-02,1.041629473438781747e-03,-3.029670087097643266e-03,-2.196919165379324079e-02
2.945165138671971064e-02,1.466405993869722424e-02,-1.524873558921794985e-02,-2.886697573619890697e-02
6.791335255562121719e-03,8.842148619197002027e-03,-1.970279894501572246e-02,4.069315070256616061e-03
1.445550936959518612e-02,1.305388315566266728e-02,-2.654860274028615283e-02,-9.607897849717535925e-04
-1.696930199123893035e-02,1.871944893405556865e-02,-1.754734788790331124e-02,1.579720094508666253e-02
1.042098810015496500e-03,-4.003767274127542804e-03,-1.553111774343998545e-02,1.849278620755204217e-02
-2.027486625773644580e-02,1.434531851586962406e-02,-1.281146585335167856e-02,1.874101359521848989e-02
-1.542120548622198314e-02,-2.116507597196055912e-02,2.880878126761494875e-03,3.370540333142105910e-02
-2.466873839010432987e-02,3.443445926365660409e-02,-2.642673515875930412e-03,-7.123047357676332535e-03
7.609844296596090726e-03,3.267691951899551195e-02,-1.336250042613664965e-02,-2.692426338945495823e-02
-3.066395414316668185e-03,4.329151023368584678e-02,-1.685574168064248512e-03,-3.853954065130490991e-02
-2.794726741656273009e-02,2.085191947130337134e-02,1.666855848500834944e-02,-9.573210539748919570e-03
-2.989647480767297291e-03,2.099960791989198289e-03,1.954518046546208088e-02,-1.865549377668394501e-02
-2.118999724861049972e-03,1.081061913424536183e-02,5.353058287055789677e-03,-1.404467769644011411e-02
2.783372915871373462e-02,4.541227397938499971e-03,-1.161915372277911272e-02,-2.075580283387307851e-02
-3.463912332652031162e-02,4.321902033459518871e-02,3.504451007296358837e-03,-1.208434801537133091e-02
2.277840966981646911e-02,-9.473814349622203257e-03,-1.019909438521584069e-02,-3.105500934978375292e-03
4.066112538453107994e-02,-3.730173407215462561e-02,1.303652282112661444e-04,-3.489756540587672824e-03
-1.950975655561539707e-03,6.786203570960155224e-03,-2.357573095683913010e-03,-2.477654819714701206e-03
-1.894297991287686132e-03,-7.026417765486387898e-03,5.361645690457037851e-03,3.559070066317043118e-03
-3.757308014651578043e-02,7.165559488897230156e-03,1.017144839498138054e-02,2.023607226263743689e-02
-1.991247142235671314e-02,-1.406126885121894259e-02,6.601030114524901633e-03,2.737271015905075322e-02
-1.260893780338844666e-03,2.243934636471781388e-02,-7.441471372646445669e-03,-1.373698121173251574e-02
-2.733577344253190766e-02,1.242421476372657443e-02,6.678528123281414139e-03,8.233030555523891333e-03
-3.221778300374932708e-02,6.794924414457777055e-03,7.670204842221279608e-03,1.775265374707026000e-02
3.029323570891646195e-02,-8.112735543084146489e-03,5.058175390907994166e-03,-2.723867555674033825e-02
9.887407550286598373e-03,-1.157811039104436612e-02,7.066736074020234064e-03,-5.376033233262435089e-03
-3.534450899567689614e-03,2.617250600830733041e-03,2.840436312728678459e-04,6.331566674640875343e-04
-1.948011827050848827e-02,7.790344209349165869e-03,2.283421243102727073e-03,9.406352818056597925e-03
1.973654204851092372e-02,-2.012408527033318628e-02,1.191169010231300568e-03,-8.036257884090956902e-04
-1.076247716078188293e-03,1.164193555443931820e-02,9.609858130846435018e-03,-2.017554596920766163e-02
-6.220550500839915585e-03,2.345994693095413211e-02,7.570728993075410626e-03,-2.481012542318959332e-02
2.949789063579160136e-03,-2.274227081899544522e-04,9.486253664177365930e-03,-1.220862001956660864e-02
-7.785913166081622622e-03,6.181519300066610351e-04,8.361845129939640339e-03,-1.194083893864683089e-03
2.832478389866129043e-02,3.841817422917110595e-03,-2.157964570723222434e-04,-3.195080486450604940e-02
1.260425390446410880e-02,2.896063111323038831e-03,4.019378398183001862e-03,-1.951969541397013952e-02
1.416326885849488772e-02,-6.894460640838844488e-03,4.974691991073903335e-03,-1.224350020872992315e-02
3.134378078163479325e-02,-5.733297535271731499e-03,-5.211963181283027014e-04,-2.508928692823465118e-02
3.215332235039561337e-02,-1.243668553188527828e-02,-7.790653687584025121e-03,-1.192598313092629349e-02
-1.322568663688346562e-03,-1.204280410297236571e-02,1.657393673563918243e-02,-3.208563968978485337e-03
8.128568291815307240e-03,-1.854676195128491384e-02,-6.444116385452054556e-03,1.686231004492163427e-02
2.306008524950350219e-02,6.823032765581251748e-03,-1.015513373486149652e-02,-1.972798428022327563e-02
4.305564589947922551e-03,9.372293890476680531e-03,-8.218616363750716816e-03,-5.459242116673855907e-03
3.338214651153937479e-02,-2.116215771295026568e-02,-3.773821154895037021e-03,-8.446167643694137139e-03
2.048856065041745889e-02,-2.405054061087615654e-03,3.281584704251000982e-03,-2.136509129358083597e-02
-3.507972359243277660e-02,2.528037941999428453e-02,2.103279403086837779e-03,7.696064769351711535e-03
8.960023548785658691e-05,1.688394295771275186e-02,1.687845442511449329e-02,-3.385199761831514387e-02
-1.495236935549468238e-02,1.292703019835109851e-02,1.776014585007272203e-02,-1.573480669292914164e-02
-7.504108146688759015e-03,7.784503721753406949e-03,7.554468501877442330e-03,-7.834864076942081590e-03
-2.533492551177365590e-02,4.208061887888649676e-03,-2.002730654660589502e-03,2.312959427854557881e-02
-1.912123570143608314e-02,1.312932525511426377e-02,-7.642437972529434126e-04,6.756154243574712809e-03
-1.984716208091289250e-02,7.242639355405068591e-03,2.105652437333033460e-03,1.049887028817480562e-02
1.133683708957290877e-02,-9.457707026969094585e-03,1.125914509506281171e-02,-1.313827515766667793e-02
9.333343976958641264e-02,-2.510697307172269840e-02,-6.997177011099771533e-03,-6.122928968676390887e-02
2.637883903290412502e-02,-8.059764544700981012e-03,1.144462267283286733e-02,-2.976369716103587429e-02
3.876230460528292537e-02,-2.887472743581304818e-02,1.370811755746650408e-02,-2.359569472693638301e-02
-4.601421369557764235e-03,1.070262389280006617e-02,-3.365222281436766431e-03,-2.735980241805526826e-03
-5.113028348228033232e-02,-4.152345441474140225e-03,-3.151266420491297387e-03,5.843389534424560383e-02
-8.010864058745269245e-02,3.165872536675248122e-02,-8.533940722136061294e-04,4.930330929291359965e-02
-4.681943338707843932e-02,2.532714353706341098e-02,-8.203506946131632407e-03,2.969579679614668677e-02
-3.350915330224596422e-02,3.108209545684078798e-02,9.261364978113622443e-03,-6.834307132708535536e-03
1.109993527512073523e-02,3.027428305556802493e-02,1.941850056557035617e-02,-6.079271889625902092e-02
1.303174403451009752e-02,2.527187235863600015e-02,2.768067183896506106e-02,-6.598428823211129057e-02
-3.824242578386100044e-02,4.079229904296510778e-02,2.158881026956555385e-02,-2.413868352866975486e-02
2.345337695934506927e-03,-5.779277563064405196e-03,-3.425201535934835687e-03,6.859141403064740461e-03
2.488743378574448384e-02,5.534554312280308072e-03,-1.951331170749064786e-02,-1.090867639053410242e-02
3.499140322377326112e-02,2.990462755765486372e-03,-1.340846165686673114e-02,-2.457340432267199684e-02
1.433593609423989071e-02,-7.515257607247154484e-03,-3.250890672421815480e-02,2.568822823722546889e-02
-4.959104976754165166e-03,6.073026476568627041e-03,-2.570665529609452576e-02,2.459273379628008557e-02
4.850608317386862628e-03,-2.232185034268251243e-03,-1.844543314170115494e-02,1.582700985858251710e-02
-4.267481955804731941e-02,7.895817818878369046e-03,-6.124587427760894327e-03,4.090358916692987679e-02
-2.942304773615163696e-02,-2.448690250858459876e-04,5.824385299197794644e-03,2.384353146203966461e-02
-4.944913693490020357e-02,4.506191134637673595e-02,8.945134180419207770e-03,-4.557908591895846843e-03
-2.846375867692087225e-02,4.298914299531775979e-02,9.856658233016580770e-03,-2.438204255141351168e-02
-2.817091140071458985e-02,5.287335654836896465e-02,1.175571484426810726e-02,-3.645815999192236756e-02
-2.549178447047705312e-02,4.026343087674493643e-02,9.713605603993123033e-03,-2.448525201026109308e-02
2.160302571089387294e-02,1.439849576614980406e-02,-7.127789173648560635e-03,-2.887373230339508254e-02
-2.592342354127413415e-02,2.071792833246004911e-02,1.320604497013573488e-03,3.884890711800448662e-03
3.651230945228846683e-03,1.376940945730233297e-02,-5.797799789197389912e-03,-1.162284061333381663e-02
-4.559134965863369943e-02,4.174101909541902411e-02,-6.534388837999209436e-03,1.038471940121376939e-02
3.177969194515224693e-02,-7.530777913619291115e-03,-6.205815595444130414e-05,-2.418685587557848141e-02
-7.592585264500774367e-03,-3.565458552298632344e-02,3.036644541082820711e-03,4.021052624640420597e-02
-1.965673157967931170e-02,7.659542888407890743e-03,-5.286742626726732668e-03,1.728393131799817878e-02
3.393826490544016826e-03,-1.854335451616408170e-02,-2.347610851957615107e-03,1.749713887757773853e-02
-4.157138344892087611e-02,2.975229743622318998e-02,2.220973111504815148e-03,9.598112901192829352e-03
-2.815380075845663049e-02,-9.201058996603160914e-03,3.892716770784435468e-03,3.346214298427534900e-02
-2.050999543003159328e-02,1.853807868813277249e-02,-9.093285639562313696e-04,2.881245305855062791e-03
-6.924232996485119029e-03,9.576545936440450033e-03,4.204182982534486815e-03,-6.856495922489782256e-03
-2.894223052282620182e-02,-5.281687110847707069e-03,3.912670212462212790e-03,3.031124742121170737e-02
2.423237990516782445e-02,-9.421169545426483563e-03,3.000845014740771352e-03,-1.781205537448210183e-02
6.919856147217449439e-03,-5.947515091637817566e-03,2.605239785736723161e-03,-3.577580841316323375e-03
5.792012647151946426e-04,-2.622371539321186745e-03,-8.761217247160034318e-05,2.130782447077596634e-03
-4.452719358044275599e-03,7.056992867218413179e-03,-2.278759674127632182e-03,-3.255138350464981882e-04
1.675371573279309245e-02,-1.734953862154178794e-02,-8.262836839035357216e-04,1.422106572652245956e-03
2.017809779285758068e-02,-1.202150005131972024e-02,4.699124965560192400e-03,-1.285572270709797217e-02
5.384648185022588955e-03,1.729811292362750871e-02,6.932648461002188268e-03,-2.961540956965222696e-02
-2.873739682516598080e-03,4.073213442400597933e-03,6.303428548757367481e-03,-7.502902308641383813e-03
2.020612240005645321e-03,-5.999256562281030450e-03,1.021894677183778945e-02,-6.240302449562399115e-03
1.705067062384722776e-02,-3.687173916011053220e-03,5.111491266628508459e-03,-1.847498797446466695e-02
4.022308098347616122e-03,1.952148965120733409e-02,2.450565060082658935e-03,-2.599436280963760351e-02
-1.594559431424206683e-02,3.743692524642851151e-03,5.153744892102103160e-03,7.048156897497112952e-03
2.718977228372412586e-03,1.024715521604755916e-02,-2.344709517135026584e-03,-1.062142292728494343e-02
4.241498424129807460e-02,-5.624914341003242960e-04,-6.508838140863405439e-03,-3.534365466633437869e-02
-1.090883204801214659e-02,-1.094892600725858381e-02,1.196901539069854942e-02,9.888742664572200067e-03
1.728114870550378091e-03,2.984017430398677902e-03,-7.152545257763093592e-03,2.440412956814051477e-03
2.022807041315925758e-02,-4.921035859099446783e-03,-5.858008828393435063e-03,-9.449025725666318487e-03
2.846696376645151474e-02,-4.345622648081135246e-04,-8.298327946936320462e-03,-1.973407355470706628e-02
2.258505509414965567e-03,7.753244727975428484e-03,-3.948376249444177088e-03,-6.063373987946217396e-03
1.489998766606158431e-02,1.148568296082010456e-02,1.838725993873367107e-04,-2.656954322626903231e-02
5.362125538263871546e-03,1.266178582174384663e-02,4.024178636225018740e-04,-1.842632922363024450e-02
-1.984729610413590167e-02,1.626700963427785140e-02,5.188557538738147734e-03,-1.608271068880123920e-03
-1.073990863243756526e-02,6.345192110046290806e-04,1.596518362058644419e-02,-5.859794199153465187e-03
2.369502666001382582e-02,1.228058247534077538e-02,-4.388186144732637850e-03,-3.158742299062199804e-02
1.446521030216690699e-02,1.829632309652716796e-02,-4.883537122833070399e-03,-2.787799627586107568e-02
-2.299069546177246945e-02,1.411337827704809388e-02,1.254700650004634621e-03,7.622616534719740301e-03
-3.244577214488617023e-02,-1.789957791931902006e-03,1.395326642900084416e-02,2.028246350781723675e-02
2.862850832934971460e-02,-8.934275165807286506e-03,-1.203724279330390263e-04,-1.957386073560930112e-02
6.911778483266466100e-02,-7.660150516715422304e-03,3.490063416024206683e-03,-6.494769773197364704e-02
4.583597029307007881e-02,-7.053179855413561732e-03,2.077142396588278848e-03,-4.085993283424488309e-02
4.112222713439559613e-02,-1.401670002206519168e-02,1.038723614379830074e-02,-3.749276325612867916e-02
-3.661731095250566476e-02,-8.193361826586911464e-03,-6.528820854061451184e-03,5.133949363315401526e-02
-3.685751501407912717e-02,-2.487287074299024750e-02,-6.618462239195398167e-03,6.834884799626494978e-02
-7.178884956248648974e-02,1.272475019946673822e-02,-6.011253392630763227e-03,6.507535275565058674e-02
-4.838156624014632035e-02,1.712751076789900337e-02,1.124982686227740062e-03,3.012907278601970398e-02
-1.643116641050785046e-02,4.116252664530192784e-02,1.449104022756128422e-02,-3.922240046235532518e-02
6.182123837937707807e-04,3.061115722193901573e-02,2.362183658768693753e-02,-5.485120619341989079e-02
6.116032494657626904e-03,3.023297365682672821e-02,2.593977097759050596e-02,-6.228877712907480990e-02
-7.784989160103803450e-03,4.311761701751803955e-02,1.562119546800274685e-02,-5.095382332541698728e-02
-2.921630514895159209e-03,-4.417648052817533914e-03,6.913561184602152500e-03,4.257173831105342263e-04
-6.380153770693193678e-03,1.619390926100510927e-02,-1.223856357464976272e-02,2.424808084337881382e-03
3.156253685867074082e-02,1.990752647911866666e-02,-1.394709151867865038e-02,-3.752297181911081608e-02
3.006343791141188448e-03,7.161285922491236050e-03,-2.100668532750711928e-02,1.083905561387465272e-02
1.255873745738566617e-02,3.595028581058393787e-03,-1.471614758502209387e-02,-1.437618453421918600e-03
1.539065294747505273e-02,4.998287660717599685e-04,-1.243295453911036526e-02,-3.457527174436409063e-03
-1.474978371057033416e-02,-4.648846642784084521e-03,-6.579442790123209497e-03,2.597807314347751542e-02
2.445450673029281232e-03,2.976580882457883701e-02,-2.052876720378341360e-02,-1.168249229382467037e-02
-3.265031271366842375e-02,2.918519771538161112e-02,-1.372127137491479197e-04,3.602327712035939978e-03
-8.502224575440102752e-03,2.092835742880279001e-02,-2.570262804783679501e-04,-1.216910657288438648e-02
-3.548861043207634375e-02,4.080362601480738705e-02,9.940544096588441181e-03,-1.525555967931944631e-02
-1.531565702705891228e-02,2.345384639433053739e-02,2.979379287295516252e-03,-1.111756865456711013e-02
-2.082635780093198760e-02,2.362586941387032763e-02,-2.222871874561865597e-03,-5.766397383765373141e-04
-6.145178939407897447e-04,-5.289692438842458384e-03,-1.657761675737251528e-03,7.561972008520522100e-03
2.346486194058428759e-02,1.426014807389980581e-03,1.648840542651088610e-04,-2.505576080223936505e-02
1.699571109022619125e-02,-6.903395749031348769e-03,-3.556637807622148491e-03,-6.535677533572724351e-03
-9.931751803073903331e-03,-1.578498925111735491e-03,1.676687233829956755e-02,-5.256621610113969278e-03
-6.073769198155006856e-03,-1.931833393703542845e-02,1.117585141324601260e-03,2.427451799386581496e-02
-6.559201357723661203e-03,3.517888745408226294e-03,-1.060653822543067889e-03,4.101966434858479379e-03
1.004858959255042032e-02,-2.348823855870424415e-02,-4.526677778412603256e-03,1.796632674456642362e-02
-4.338674569088087074e-02,3.011694435849023715e-02,2.594166755267135471e-03,1.067563457712354322e-02
-3.017421192655063075e-02,1.889535197258870869e-02,3.605854263548710116e-03,7.673005690413232764e-03
-1.158237472358194901e-02,1.834910380193361876e-02,6.764610719049290490e-03,-1.353133979740095243e-02
-1.790746036405001240e-02,1.423384677444126944e-02,5.533039398123619154e-03,-1.859425808514886605e-03
-3.135881895521182294e-02,6.089664586757989259e-03,7.403952655808740749e-03,1.786520171264523865e-02
1.695891331823046189e-02,-5.644457057722050523e-03,3.540075209280293348e-03,-1.485453146978875719e-02
-7.415516026509492336e-04,-1.011348731389997632e-03,9.498362464600689512e-04,8.030640875808754209e-04
1.748602969368865528e-02,-5.534387045352700749e-03,-1.601449307706882992e-03,-1.035019334062914700e-02
6.625320586852668538e-03,1.177784011088224211e-02,-1.344725047151907335e-03,-1.705843565058298358e-02
2.148085079780225753e-02,-1.981208904309601435e-02,-1.759310703826749527e-03,9.054894912049557694e-05
4.390613845011680227e-02,-3.191166407254215909e-02,-8.824747540207861923e-04,-1.111199962355395761e-02
5.331180897404808050e-03,2.323241580175506443e-02,3.158955035003675488e-03,-3.172255173416341917e-02
-9.940560229547043894e-03,1.312665138259621299e-02,6.918854367022555032e-03,-1.010494552007176750e-02
8.959840267832657260e-03,-3.716704816750816213e-03,8.377260946968145480e-03,-1.362039639805003900e-02
-1.195985349748731122e-02,1.243559361423710041e-02,9.798907900593355896e-03,-1.027464801734311907e-02
2.221008986379424330e-02,9.935560407933858099e-03,-7.349963519793231183e-03,-2.479568675193493874e-02
-1.176785729377638652e-02,7.948060359602007741e-03,6.962071083459720269e-03,-3.142274149285338020e-03
-3.484910491893565554e-02,3.168454461877157069e-02,6.779095254268012634e-03,-3.614534954103887452e-03
3.130711707577043396e-02,2.839691486053772407e-03,-3.367575057413946249e-03,-3.077923350441031519e-02
3.027486901654814072e-02,-3.093936125217461221e-03,-7.909644054699016547e-03,-1.927128883663166078e-02
-1.468404336670080766e-02,6.804432986090446292e-03,7.800326861004916457e-03,7.928351960542444885e-05
-6.979988069616229786e-03,2.658564924676034506e-04,4.847043207045464638e-03,1.867088370103178827e-03
8.501881991743315270e-03,9.962850359004996395e-03,-7.267984177867455042e-03,-1.119674817288083060e-02
1.977091598163455144e-02,3.784064345211488479e-04,-1.569505979729684392e-02,-4.454262618858914266e-03
9.266849752706432086e-04,2.853359469709524070e-03,-1.874330885067705763e-03,-1.905713559912461733e-03
-2.446370231110838941e-02,2.314331856843219667e-02,3.491605681179871246e-03,-2.171221938503636439e-03
2.308224133905409717e-02,7.186722746364923413e-03,-2.235491723367803631e-03,-2.803347236205121912e-02
-4.843506602414698881e-02,3.282145609697612737e-02,1.203564006975876149e-02,3.577969857412037925e-03
-7.385845271131257460e-03,1.517973799261611474e-02,2.946622221394134666e-03,-1.074051494287902100e-02
-1.008852210811293434e-02,1.283981419685108552e-02,5.308428457062392726e-03,-8.059720545800596811e-03
-3.148383356419418716e-02,3.379800623968164108e-02,-7.301726361890799148e-03,4.987553686403348695e-03
-4.278315436296466906e-02,1.001589535388737809e-02,1.303679743959334190e-02,1.973046156948383631e-02
4.825035134459125519e-02,-3.334677189046898749e-02,-6.699382747306191141e-03,-8.204196706815979415e-03
3.354869633584299515e-02,-1.129174721196112311e-03,7.585313975262368037e-03,-4.000483558990916566e-02
2.712117141156727973e-02,-1.261782613713788130e-02,1.388645559223092990e-02,-2.838980086666023639e-02
5.328139617527151775e-03,-1.163947933437292637e-02,7.265505477467370556e-03,-9.541657606215781830e-04
-3.366188860091774704e-02,2.361675537250181988e-03,-8.566054081269093914e-03,3.986626714493659435e-02
-5.191758131030747847e-02,-1.628437466671745285e-02,1.101977436334492834e-02,5.718218161367999430e-02
-6.087441981811878705e-02,-7.292349250150624226e-03,-4.448436740277832147e-03,7.261520580854732843e-02
-4.135165763527302168e-02,-9.900213686564128188e-03,-9.925516093892132897e-04,5.224442293122626840e-02
-9.694042956068646064e-03,2.869677040523473111e-02,1.608686977339549365e-02,-3.508959722256158736e-02
4.284993244127872393e-03,1.745243084176088463e-02,2.553243574260203111e-02,-4.726985982849069706e-02
-5.069139572240064428e-04,1.855279997957845484e-02,1.887723236997268170e-02,-3.692311839232710613e-02
-7.334695847310185356e-04,9.824424194349709941e-03,9.360934584414733195e-03,-1.845188919403334404e-02
1.323870136750546428e-03,-4.807887966065390282e-03,-7.377424510870008671e-04,4.221760280401829109e-03
-1.907343084930007010e-02,6.207252603340819921e-03,-1.658670501767302297e-02,2.945288326363231651e-02
-3.074220822006109785e-03,1.396394232088787012e-02,4.037930941291134677e-04,-1.129351459301084284e-02
-1.430022609320775453e-03,1.092194262770359615e-02,-1.320318366500406425e-02,3.711263646621233789e-03
1.658098983497549236e-02,-2.339961010795296292e-03,-1.792622627329189949e-02,3.685197449111707758e-03
4.943148741239064559e-02,1.246836542885595110e-02,-2.031055441687748195e-02,-4.158929842436905056e-02
-4.278298597988496217e-03,1.774255768279476425e-02,-5.178525879715885870e-03,-8.285733205090420328e-03
-9.435473876583931954e-03,9.283754718273747736e-03,-8.295654719405477426e-03,8.447373877715684196e-03
1.953865816263501004e-02,1.159751749433527573e-02,-1.724435834404044413e-03,-2.941173982256624006e-02
1.988741868433119720e-03,8.844468988093658404e-03,3.858976815804678008e-04,-1.121910853810725861e-02
9.084587121906784017e-04,1.792400132283065994e-02,-1.460290985579413810e-03,-1.737216904944195381e-02
-2.844063774637292999e-02,8.914103136800601707e-03,-6.490023182965652324e-03,2.601655779253799969e-02
-4.576611483389443624e-02,8.558035738091251607e-03,3.764186387177834592e-03,3.344389270862530017e-02
3.535276936806007464e-02,-2.965779579270191521e-02,-9.825580195312154028e-03,4.130606619954001538e-03
2.236179452031465675e-02,1.619185006582851694e-02,2.438320326604338252e-04,-3.879747661880357523e-02
2.012512050300605329e-02,-1.602288842629117846e-02,2.919799282126822604e-03,-7.022031358841755548e-03
8.007527395219850297e-03,-1.330635779466636699e-02,9.492748238155698792e-03,-4.193917838709191638e-03
-2.196704177784278289e-02,1.015455129754460999e-02,-5.709415804907629066e-03,1.752190628520578636e-02
9.463586541434798431e-04,6.828487840679226808e-04,-6.104780326074999439e-04,-1.018729405603900412e-03
-1.737107694625315488e-02,6.383318049655472247e-03,-8.008914308812618496e-03,1.899667320541036444e-02
-4.217717843197230088e-03,1.940749572009848115e-02,-2.832525987953130129e-03,-1.235725188894814218e-02
-2.488823122521544029e-02,2.671384889699732548e-02,2.189452441750124913e-03,-4.015070113531984085e-03
-2.213601317059738297e-02,1.886422651502182510e-02,7.355309829645384490e-03,-4.083523174069862184e-03
-2.264075858019695686e-02,1.417429500309989529e-02,7.519573392442859341e-03,9.468901846542008205e-04
-8.144271123864435871e-03,7.799694237226325417e-04,6.851791247320568844e-03,5.125104528212519415e-04
1.208606646532794059e-02,-4.692072242993211746e-03,1.004235928999687964e-02,-1.743635351233157466e-02
-7.558845248010111380e-03,1.303851650328952550e-03,8.491312001962834184e-04,5.405862397484884410e-03
2.000530908718327339e-02,-8.026886921695340280e-03,-1.038921812315059257e-02,-1.589204042337383042e-03
1.728700991064278339e-04,7.134469315067299561e-03,2.339709754642999278e-03,-9.647049168816713635e-03
2.968808016269944630e-02,-2.112250448440492270e-02,-3.545747242461833298e-03,-5.019828435832682928e-03
5.175407125123222124e-02,-3.011378122691056938e-02,2.580715549720607929e-03,-2.422100557404243890e-02
2.747511536240919623e-04,1.885208082400144716e-02,8.441669927004492868e-03,-2.756850190463007444e-02
-5.626254663177736488e-03,2.035136524509694941e-02,9.106540970866458182e-03,-2.383165155278573616e-02
-8.075564126744450358e-03,-3.411041655966600989e-03,1.306462174306912208e-02,-1.578015960358131881e-03
-1.236916423430392369e-02,2.112815664033069682e-02,1.440292531608299009e-02,-2.316191772210968169e-02
9.179088200656005878e-03,9.317497539190549086e-03,3.115777410032995968e-03,-2.161236314987963550e-02
4.021553921488206680e-03,1.463925034876845110e-02,8.454029638467695437e-03,-2.711483390872438184e-02
-1.275690429847941773e-02,1.182282457772879276e-02,1.434476186341979240e-03,-5.003964655914080496e-04
-1.128008541567954853e-02,-8.043572702665062121e-03,-2.742662560888976635e-03,2.206632067923365234e-02
-3.421221110770606994e-03,2.051665327494558641e-02,-6.145437634892399192e-03,-1.094999452928256158e-02
1.682168405140789871e-02,-1.465025577800523147e-03,3.582495867116917976e-03,-1.893915434072430612e-02
1.001259321886838888e-02,1.359824298351953141e-02,-2.504690056042508696e-03,-2.110614614634537256e-02
-1.419572456163635879e-02,1.631176046188874754e-02,-3.692431819652106095e-03,1.576395919399724722e-03
-1.984801044485441385e-03,1.803372264638693559e-02,-1.662789575003167930e-02,5.789741481302116593e-04
-1.524296703443156140e-02,1.167705681484404109e-02,-9.050196102125247430e-03,1.261610632171276947e-02
-3.250469085905517003e-02,1.877186419534035769e-02,-5.647256421097809204e-03,1.938008308481269093e-02
6.606410424096519247e-03,1.823978738749643027e-03,-6.554435694654593345e-03,-1.875953468191580206e-03
-2.450294427442639700e-02,9.969148453323042891e-03,-2.125464218768546767e-03,1.665926003987190304e-02
-2.003752383616061103e-02,8.545574214937618276e-03,1.171062210016140387e-02,-2.186724789384154259e-04
1.080207139460675689e-02,1.185818810005402103e-02,4.798498816992599007e-04,-2.314010937635999424e-02
-2.863863543816942345e-02,1.698704876530476512e-02,6.701761925768992371e-03,4.949824747095659880e-03
2.669586448676801796e-02,-1.129361983813496721e-02,8.185306582751448274e-04,-1.622077530690831104e-02
1.070810834418597923e-01,-3.137223672957936693e-02,-1.890701426253314776e-02,-5.680183244974747886e-02
1.243351335775817745e-02,-1.976217008340753686e-02,1.401941687339085772e-02,-6.690760147741541680e-03
4.931576374144847064e-03,-2.410149281191555429e-02,1.190234379549579696e-02,7.267572642274892913e-03
-1.959859475083815597e-03,-1.251949651659691430e-02,1.662406153596210703e-02,-2.144705544281391447e-03
-5.204789992652556103e-03,7.836255495853894706e-03,-1.121632103908954889e-02,8.584855535888152173e-03
-3.741762236092072147e-02,-2.522961969594503598e-02,-4.390731469126582347e-03,6.703797352599226433e-02
-7.156541169133860680e-02,-1.749197523332683343e-02,3.433228458864916090e-03,8.562415846580075096e-02
-3.995267273790215762e-02,-2.562983358383771199e-02,2.858800297516906133e-02,3.699450334657077011e-02
-1.013924883571363893e-02,-7.461652917777747938e-03,2.959449713491340422e-02,-1.199359538142202690e-02
3.566547073985319727e-02,-6.733275916951732797e-03,2.943313255703141132e-02,-5.836532737993296166e-02
8.740711295184040372e-03,5.565229406680355720e-03,2.451251888206466140e-02,-3.881845958392912688e-02
1.568215918717607432e-02,6.342656971261143029e-03,6.594951877520712283e-04,-2.268431134618928771e-02
-3.113972131470266885e-02,8.676136141474471986e-03,1.748086798165771744e-04,2.228877649341163072e-02
-2.139222803782242499e-02,-2.922797075768652011e-02,-9.478767180294384379e-03,6.009896597580347000e-02
-3.626510795647689550e-02,1.495934494584442651e-02,1.225114701546012276e-03,2.008064830908643308e-02
-4.117954041686806843e-03,1.786598427054517449e-02,-3.556257597208960838e-03,-1.019177263164938556e-02
1.731755101706601921e-02,1.152096066178636595e-03,-2.442672594837681614e-03,-1.602697448840701908e-02
1.229772182410227357e-02,1.750232313712609712e-03,-1.473558564932043839e-02,6.876315115055489256e-04
-2.052769794465495942e-02,1.579450480946932578e-02,-4.630395341528804193e-03,9.363588476714491612e-03
-2.545541683664883162e-02,1.245596778037483428e-02,5.194791217075511031e-03,7.804657839198508862e-03
-3.888217810230742001e-04,-4.960461763590839207e-03,2.082605721410819496e-03,3.266677823203098952e-03
2.089061214169405170e-02,-2.165855503294441403e-02,-3.152228313099445325e-05,7.994651743813849460e-04
-5.654924399692499125e-03,-5.125372707817895876e-03,8.757585219785630690e-03,2.022711887724828496e-03
-3.963475216618535940e-02,1.485550554835338849e-02,-8.704296550242972969e-03,3.348354316807480163e-02
1.615916303453397360e-02,-1.610303684695022289e-02,-5.570173622250451997e-03,5.514047434666711697e-03
3.426066200356876063e-02,2.132546263377135560e-03,-8.316235789838380410e-03,-2.807697247710749452e-02
1.893813131645151124e-02,-1.356016486872881933e-02,2.696259047783167075e-03,-8.074225495505918393e-03
-1.275372983098199339e-02,-7.583041084142389671e-03,7.388422245034406569e-04,1.959792869062095683e-02
-1.010671677981377255e-02,-7.114423082873696548e-03,4.703935595728713989e-03,1.251720426695872995e-02
-4.401904097706943984e-03,6.679449518876449249e-03,-2.279943715862592661e-04,-2.049551049583247814e-03
1.539670029291020058e-02,3.742519806463242248e-03,-1.244496782272815072e-02,-6.694252276645310321e-03
-5.953179984287281304e-03,2.238102194935295483e-02,-1.024409311070388282e-02,-6.183748854361797651e-03
-9.036648377526898188e-03,1.703621175324810180e-02,3.847461081441256453e-03,-1.184702445716239762e-02
2.223854282718857375e-03,2.389315133569583360e-02,8.998016463531011491e-03,-3.511502208194572372e-02
-1.478548707715808194e-02,1.434934237631299743e-02,5.404553795499008988e-03,-4.968409094653911465e-03
-3.988232980982458348e-02,2.243057846586828455e-02,9.946227141388274545e-03,7.505524202567938515e-03
-5.868381807708543049e-03,1.165204573540166988e-02,3.765439240550104232e-04,-6.160207851748125164e-03
5.367958978904625693e-03,6.763803934695892389e-03,6.771568870063990851e-03,-1.890333178366441699e-02
-1.033987784088791044e-02,1.708064580699555305e-03,2.100990797924149559e-03,6.530822462264207311e-03
2.512366701206769550e-03,1.833955575413854329e-03,-2.285673837901927314e-03,-2.060648438718692445e-03
-4.722978491120008449e-03,-8.948768657412076340e-04,6.456247021823924639e-03,-8.383916649626913182e-04
1.756884092664980079e-02,-1.941437419139982468e-02,3.135522136107209666e-03,-1.289988871357138512e-03
7.769480585786983640e-02,-4.244557311941372924e-02,1.619383143493967206e-03,-3.686861588194993711e-02
1.424131668602266788e-02,-7.845781605453867186e-03,-8.842380175785639841e-05,-6.307111278810890835e-03
6.445315507216775597e-03,2.729511065074118406e-02,5.658037226852233271e-04,-3.430622988064328110e-02
-1.601850739785990255e-02,5.546536163163483940e-03,1.019151991763738579e-02,2.804513170590726022e-04
-8.473444714559422164e-03,1.912903777043512693e-02,1.353055847917381503e-02,-2.418615153504943827e-02
-1.451639808418268320e-03,1.436138949261228648e-02,7.067343279321057839e-03,-1.997709296351507860e-02
1.084474832329890455e-02,6.041720253920470143e-03,4.566321143857948912e-03,-2.145278972107722559e-02
8.017591308738379607e-03,2.620348249185845777e-04,5.758362922716041971e-03,-1.403798905637305104e-02
-7.471332508262482248e-03,-1.822428018848275266e-02,3.914015552045483834e-03,2.178159714469973807e-02
-3.716517327857461750e-02,1.195275902962643008e-02,-4.500653111387489802e-03,2.971306736033555232e-02
2.366304787437469460e-03,2.601408064951724053e-02,-6.239941171396063942e-04,-2.775639131981513796e-02
1.066428588936367897e-02,4.617879479341705298e-03,2.473445520220335023e-03,-1.775561088892575051e-02
-1.899682991067468824e-02,2.164579102225272847e-02,6.016439446249173192e-03,-8.665400557827192610e-03
2.311323400172451623e-02,1.594547127331898259e-03,-1.420508679792098494e-02,-1.050269433113545231e-02
-2.561271919174812686e-02,2.409907714150990709e-03,-2.365428978770875329e-05,2.322646576738495935e-02
-2.356929402525188497e-02,2.007846636541527410e-02,1.265960309928078429e-03,2.224867349908389320e-03
-2.622664692458773206e-02,2.027118046896141459e-02,-1.965573570818153135e-03,7.921040026444415086e-03
-3.989354457652914687e-02,1.014037705422914451e-02,6.873138344103258031e-03,2.288002917819673479e-02
-2.388980358899438997e-03,1.067073715389926271e-02,-5.174343703012803004e-03,-3.107413091987000324e-03
1.377533646442698732e-02,1.047830712771546414e-02,-1.239406377353895888e-02,-1.185957981860349258e-02
3.914131162705891676e-03,-2.942223610648938854e-03,1.658456236231818648e-02,-1.755646991437512933e-02
3.711660165512244841e-02,-1.243430990278401697e-02,-3.105815916691087673e-03,-2.157647583564724705e-02
7.954783849832043618e-02,-5.538691547451619207e-02,-1.062255307152029302e-02,-1.353836995228424080e-02
1.940616308017078379e-02,-8.998727358517713548e-03,8.170959254979610334e-04,-1.122453164715101100e-02
-9.941448913745147553e-03,-2.344210595656969973e-02,9.736693759827438205e-03,2.364686111048738479e-02
5.898679721501406785e-03,-1.125400768823591434e-02,6.474775793053383268e-04,4.707850387429129979e-03
-1.247689355650473397e-02,-5.244733579427214229e-03,-1.114561805372144866e-02,2.886724518965337258e-02
-3.049105077463213492e-02,-2.114141111365521256e-02,-6.048881936461897486e-03,5.768134382474922328e-02
-4.838942696054491371e-02,2.597663857965845993e-03,4.190489156749776720e-03,4.160127394582934651e-02
-1.781346812293857843e-02,-2.955445743912311560e-02,2.653017144376156045e-02,2.083775411830015786e-02
8.128627921202223258e-03,-1.739225792951276661e-02,2.294124656476640919e-02,-1.367761655645587278e-02
7.452296065568214667e-03,-1.173183239489778568e-02,3.517963401268240503e-02,-3.090009768335276810e-02
-1.504440310022052939e-02,-1.046216965888306037e-04,3.566510514743190252e-02,-2.051608035062255780e-02
8.189392724601040827e-03,-1.566802932489884739e-02,6.033760041543267949e-03,1.444876558754536232e-03
4.280143790592921458e-04,-9.638508535996905338e-03,-3.298434960913342647e-04,9.540337653028941114e-03
-2.852297760916145189e-02,-1.068408543279020240e-02,-1.447839707607164730e-03,4.065490274955876199e-02
-3.838228068302350360e-02,2.652752328824559830e-02,2.868265438861298481e-03,8.986491955916721744e-03
-5.067236288438635092e-03,2.107504329250002237e-02,2.755415028844442667e-03,-1.876322203290581997e-02
-2.482011905575305308e-02,2.738438994402015922e-02,4.398536986756548632e-03,-6.962807875023803092e-03
-3.422727366830990992e-02,1.537060438806526867e-02,5.760440031231411906e-03,1.309622924901319811e-02
-1.332659183224265895e-02,6.283263382917527416e-03,8.859423122043975571e-03,-1.816094672718809346e-03
-4.803152582390637221e-02,3.056707866700440757e-02,8.970805923534648594e-04,1.656736656454853296e-02
-1.380147495470173541e-02,-2.273598714515965430e-03,1.006015466868709005e-02,6.014919000530642886e-03
7.327019480173845717e-03,-1.170430160796384535e-03,4.532434761657331071e-03,-1.068902408103480917e-02
-2.615918976918951699e-02,6.127011042953326575e-03,1.685102035353430033e-02,3.181158372701886616e-03
-1.518419566616988070e-02,-2.142182426325099295e-02,-7.765707279898018123e-03,4.437172720931886055e-02
1.374197363325457659e-02,-2.609402065782127564e-02,6.582493558214982075e-03,5.769553466351757740e-03
2.158631952505352114e-02,-5.831810413400535797e-03,1.251934330811150728e-02,-2.827385241976452732e-02
-1.930966061224769935e-04,-7.838984487682573374e-03,7.849458352167411682e-03,1.826227416376601258e-04
-1.762031387218762624e-02,7.410270532062893795e-03,1.290352821421298854e-02,-2.693484874088246557e-03
-3.260195255557698374e-02,6.933963270609338342e-03,1.691087634798101383e-02,8.757112936986511872e-03
-2.394249051920852717e-02,-5.840361158196499813e-03,1.484735938340073919e-02,1.493549229400422534e-02
1.007823535542626617e-02,7.083320439392893318e-03,-1.555514209079786152e-02,-1.606413704021290812e-03
1.427200606077814841e-02,2.264497917978242070e-02,-9.186850726443053158e-03,-2.773013451411753330e-02
-2.714727445222704649e-02,2.512255551171104287e-02,8.176357744941532488e-03,-6.151638804425494170e-03
3.025928508039337373e-03,-3.215886559104312592e-03,4.304892820776808765e-03,-4.114934769711855664e-03
-1.803867174620743443e-03,6.436356821717820371e-03,2.832066143051066489e-03,-7.464555790148198061e-03
-3.976349400785350596e-02,2.234431677384072709e-02,8.498374105434306630e-03,8.920803128578401117e-03
-1.022999750044874256e-02,1.253916902495543113e-02,7.096728260680668738e-04,-3.018844350574745143e-03
-3.779845492482734708e-03,8.715790377723360571e-03,3.111857670491603093e-04,-5.247130652289759556e-03
6.607404450932810938e-03,-3.341415565476229675e-04,-1.224281263331852311e-02,5.969549738933338338e-03
8.478046272667086325e-03,8.066643977411797409e-03,-4.218316385618372036e-03,-1.232637386446051170e-02
-4.560287980632476805e-03,-5.915999900321344297e-03,7.844306623406897827e-03,2.631981257546947128e-03
1.320144147091513974e-02,-8.734158372340169660e-03,3.460706369430202167e-03,-7.927989468005193496e-03
6.697198024042542996e-02,-4.208583622705503596e-02,1.777682829139915627e-03,-2.666382684251047269e-02
4.798651382953457445e-02,-2.578197589708640727e-02,4.800469031651473026e-03,-2.700500696409960030e-02
3.662390242159667061e-03,2.725377669410774389e-02,1.835964201755222597e-03,-3.275213113802261100e-02
-1.054342935428446808e-02,1.038928400231136327e-02,6.833571117042277002e-03,-6.679425765069167860e-03
2.723110036838889084e-03,8.869017567981342387e-03,1.056077457722243325e-02,-2.215290218204264347e-02
-2.000862695361553187e-02,3.290111873960244876e-02,9.090546882099244039e-03,-2.198303866808614879e-02
2.019999470617141191e-02,7.730424465189463835e-03,4.663824444438718041e-03,-3.259424361579965623e-02
1.760271609410882926e-02,-1.931652646031689147e-03,6.525431531721479286e-03,-2.219649497979861788e-02
-1.563520837879562924e-03,-5.162262660869341817e-03,1.181465667054840997e-02,-5.088873171799490266e-03
-2.362400442216171584e-02,9.431626737461489690e-03,1.100702755386326223e-04,1.408230740916159053e-02
-6.847173043996658548e-02,3.337942774886978187e-02,1.002816504882652129e-02,2.506413764227025803e-02
-1.362208238274233152e-02,1.529101775960151413e-02,1.962099363343801015e-02,-2.128992901029721010e-02
1.215384016511187465e-02,9.438664036514717720e-03,-3.446141795583112632e-03,-1.814636240604347930e-02
-3.028156001287948818e-02,2.820476017607511515e-02,2.481062671513872310e-03,-4.042628347094436134e-04
-9.370671358082657831e-03,1.466735005862795753e-03,-1.047587051107044809e-02,1.837980686329034746e-02
-1.959274302577075633e-02,2.588318785530774671e-02,-6.183960682497803563e-03,-1.064841470392667409e-04
-9.942067190717053873e-03,3.527557434111481312e-03,-1.202804566658912961e-03,7.617314323264463838e-03
2.670629302342536742e-03,7.971210588393791430e-03,-7.987955003001532758e-03,-2.653884887734784138e-03
-3.945185606536037032e-02,2.341715735551314417e-02,-1.178938082469488391e-02,2.782407953454210311e-02
2.400052966733354914e-02,1.331204245078505995e-03,-1.091133139232449041e-02,-1.442040252008750835e-02
-2.646304168093874948e-02,6.949144665768246069e-03,2.759176864624028527e-03,1.675472015054650654e-02
1.332501371892512269e-02,-3.396565068735581290e-03,-4.721978719237583492e-03,-5.206469930951924951e-03
3.965789150700643750e-02,-1.092609543277411541e-02,-5.497716662911108533e-03,-2.323407941132114504e-02
2.783456117363246676e-02,-2.520260191949505110e-02,1.982828360830281734e-03,-4.614787614967699562e-03
-8.620776101576566736e-03,-7.704733681315477194e-03,8.482843632712065577e-04,1.547722541962088041e-02
-7.276147240267179586e-03,2.263983190880633576e-03,-9.983771445475797968e-04,6.010541193934123422e-03
-2.142606698870475751e-02,6.013164284705458523e-03,-2.774700186183835121e-04,1.569037272261764732e-02
-4.594225396272601930e-02,3.992897914526781153e-03,-8.198337845917422900e-03,5.014769389411669054e-02
-2.482721211012832094e-02,-1.773348568715672063e-02,1.296003210560453534e-02,2.960066569168058603e-02
-4.935772675492816619e-02,9.661857938784580279e-04,2.294662512929113163e-02,2.544491583175849045e-02
-4.454483382182252175e-04,1.527417104751268087e-02,2.839398877597370044e-02,-4.322271148526826007e-02
3.674651090176131452e-02,1.819867967587269174e-03,3.399978323238572048e-02,-7.256616210173436055e-02
2.933110018166588517e-03,-2.390867146714706435e-03,3.177005494527424673e-02,-3.231229781672614182e-02
-1.655270888219822004e-02,-1.287152396650024545e-02,1.623907629737501510e-02,1.318515655132346254e-02
-4.229349035874426128e-03,1.191407868983174363e-02,7.189419754877025099e-04,-8.403671629445030530e-03
-2.873267501907982718e-02,1.253275641475065649e-02,2.804957256070966798e-03,1.339496134825821951e-02
-4.859811775813263623e-02,3.675490807559270851e-02,5.025502612643560282e-03,6.817707069896352702e-03
-6.968249448694213873e-03,3.820789838677123712e-02,2.383108407161424035e-03,-3.362275734523858389e-02
-2.982967822577235750e-02,1.238423682202399734e-02,1.347651588732047372e-02,3.968925516427833540e-03
-2.255718562123118845e-02,1.742123166684876601e-02,4.751817950241361485e-03,3.841360041410258296e-04
7.640278055713821924e-03,-1.329189240482281202e-02,2.304872770343216470e-02,-1.739711335432317374e-02
-3.418769220458410529e-03,6.523144208570629335e-03,9.433608467637282641e-03,-1.253798345574956043e-02
3.697804142824193726e-03,3.844470154063307256e-03,1.150020864800017223e-02,-1.904248294488767104e-02
4.716190169180609071e-02,-1.623113732694203906e-02,2.255114128227474982e-03,-3.318587849309148630e-02
-3.262068328268802331e-02,-1.767502306676341879e-03,9.531171323669936080e-03,2.485701426569431743e-02
-9.591115766358883354e-03,-2.174951623647931875e-02,1.279445193388326941e-02,1.854618006895482341e-02
1.886847662357420824e-02,-2.082960279979840026e-02,1.346383722788494115e-02,-1.150271105166086709e-02
-1.572611175494949103e-03,-4.182295380369728706e-03,8.986344507238499743e-03,-3.231437951373883517e-03
-1.077184968745352987e-02,-8.101852661576459946e-03,-2.338297969993680895e-03,2.121200031902365987e-02
-3.519932510272366383e-04,-1.285504657437930645e-02,1.270852731981171602e-02,4.985125055948540695e-04
-7.241981672753768258e-03,-7.976692360305705914e-03,3.406712307626057114e-03,1.181196172543339667e-02
-1.106449231356875125e-02,-5.108688938773861717e-03,-9.353144746985298571e-04,1.710849572704110921e-02
-8.437938602433218624e-03,1.497403616083410952e-02,-8.636950491754086245e-03,2.100852933353174537e-03
-1.448577497887401644e-02,9.840406502000494451e-03,1.794439604624529366e-03,2.850928872248998259e-03
-3.665817111493483577e-02,2.286565575410060697e-02,2.136130294367426241e-02,-7.568787582839956417e-03
9.639918356668879251e-03,1.473827105869956501e-03,2.466238449438209676e-03,-1.357998391197701681e-02
-1.865183437952190604e-02,1.390504443033763193e-02,6.571977633476991029e-03,-1.825187684292638862e-03
-2.796347915274609297e-02,2.223250507411751384e-02,4.969956824804524359e-03,7.610172538240096707e-04
-1.493418921043523744e-02,4.125129625244023171e-03,-3.864320470990523140e-03,1.467338005618172049e-02
-3.876908993161571303e-03,1.158048360427912232e-02,-1.128919127112427718e-03,-6.574655484005137614e-03
6.923729342790604056e-03,1.148644878516109046e-02,-4.796825023127282428e-03,-1.361335310482442509e-02
1.088377153587623963e-02,1.064753981670082993e-03,1.004030087533508810e-03,-1.295255560507981192e-02
-9.426987487204007560e-03,-6.954175121004211799e-03,7.230069586958044227e-03,9.151093021250129161e-03
6.277399555315989720e-03,1.934831182104958204e-03,6.549785179232629415e-03,-1.476201591665358796e-02
5.314712919660773138e-02,-3.236186984526367300e-02,3.921893201167490732e-03,-2.470715255251166795e-02
5.088836791158102280e-02,-1.859181974595803394e-02,8.040659311015520543e-04,-3.310061409672456628e-02
-1.154762517516654029e-03,1.224714962554058519e-02,5.497428845215941891e-03,-1.658981595323988367e-02
6.172296352538414119e-03,1.752384014534489817e-02,-8.883980842431458665e-04,-2.280773841364017521e-02
-5.592545853567937666e-04,5.406876458966068839e-03,2.225149958859948957e-03,-7.072771832469250050e-03
-7.921268357517842126e-03,3.492534912809969888e-02,8.735394282128265686e-03,-3.573947505271007213e-02
1.551778040470435348e-02,1.576982850109517192e-02,2.058345547641123041e-03,-3.334595445344069181e-02
1.716626383190341526e-02,9.919021479572806901e-03,5.027960500279204936e-03,-3.211324581175534904e-02
1.149154369132444203e-02,1.628526380575848545e-05,1.380512040839981455e-02,-2.531294936352997821e-02
-2.083827322150167988e-03,-6.598238009264859147e-05,1.337412666991033214e-02,-1.122431696766751363e-02
-1.503215296295958708e-02,9.610101918049698128e-03,-8.927561303180207158e-03,1.434961234809017765e-02
-4.927913085633948975e-02,2.986846162409151004e-02,1.245861250510689466e-02,6.952056727141223830e-03
-2.111002981563582862e-02,-3.972826935456238995e-03,1.087023224455958316e-02,1.421262450653244108e-02
-5.326829986147774143e-02,2.987434332657441446e-02,-5.098148390873011304e-03,2.849210492577639378e-02
1.059549840817102309e-02,-1.317743063769783417e-03,-1.356644339646033426e-02,4.288688052059130146e-03
-1.769749811776198667e-02,1.378721138179808334e-02,1.198325052803834740e-03,2.711961683160057750e-03
1.866241784010250898e-02,-4.977025393998408057e-03,-2.570297542399883721e-03,-1.111509490370421113e-02
-2.506059389137357124e-02,1.149435373188945238e-02,4.929658419312062459e-03,8.636581740172181304e-03
-4.223881130260030703e-02,2.450799557630161871e-02,3.950124662393661792e-03,1.378069106390499010e-02
1.142322061842356538e-02,1.116721896850549935e-02,-3.453663342147591988e-03,-1.913677624478144282e-02
-3.894280426155662805e-02,2.326382041549542729e-02,-9.608731176002690416e-04,1.663985696366154440e-02
-1.241959678983034845e-02,8.208595319266813461e-03,-7.343128970314215405e-05,4.284432760266665072e-03
6.684299163831133872e-03,7.826988922965459269e-03,-1.062707074740276009e-02,-3.884217339393893770e-03
-2.457932895860991812e-02,3.325525039948450004e-04,6.302398613032961922e-03,1.794437784158207927e-02
9.738749180186079268e-03,-1.831225399091136047e-02,-5.073987130031362702e-03,1.364749194075664217e-02
3.904341137597302450e-03,8.744940895613451115e-03,-4.942713391148475209e-03,-7.706568642062277055e-03
-2.932140075179533178e-02,6.463272441578698894e-03,-6.670590117955736437e-04,2.352518732201223581e-02
-2.211818246230318544e-02,-3.324122291092292299e-03,-1.328552796989233148e-02,3.872783272328795406e-02
-2.223494061460853585e-02,-1.083193570212852286e-02,2.176341429665166333e-02,1.130346202008536069e-02
-3.832296694926350805e-02,4.737294118167592431e-03,2.683535902146396215e-02,6.750313809631947395e-03
-9.035420409703732699e-04,9.517650743612202091e-03,2.844032445899704817e-02,-3.705443316163892220e-02
-1.634235413928074657e-02,5.605297689501896954e-03,2.783152829398767916e-02,-1.709447184420887639e-02
1.575558342845811977e-02,7.277730650320634632e-03,2.631974884559278374e-02,-4.935306292437147135e-02
-5.535627291281122742e-02,1.434638427904374493e-02,1.808177292506822631e-02,2.292811570869931342e-02
-4.771484307224961585e-02,2.114892991436370662e-02,-5.211930093614277823e-03,3.177784325150024430e-02
-2.200465254941845125e-02,4.693672975962652136e-03,1.748375504072224645e-03,1.556260406938359507e-02
-9.547514975422919520e-03,1.674329721247540606e-02,-2.781052556123461521e-03,-4.414729680929027622e-03
-9.712790423259318878e-03,3.583458881305314619e-02,1.245502161633272632e-02,-3.857682000612670109e-02
-7.579794672602650600e-03,7.963205959709819537e-03,8.873679743028753744e-03,-9.257091030135928753e-03
-1.841106724999685279e-02,2.358781269843909442e-02,1.139415311678618897e-02,-1.657089856522844448e-02
2.402172159697343184e-02,-1.905674030949623232e-04,5.840334057027866781e-03,-2.967148825090645467e-02
-1.704067985348502959e-03,9.540946442518313461e-03,8.066893151067369011e-03,-1.590377160823719382e-02
-2.637406404030958468e-02,1.663652076126946946e-02,2.112387542141663799e-02,-1.138633214237649675e-02
8.697408445444599831e-03,2.862089362300073467e-04,3.386600945518858548e-03,-1.237021832719344301e-02
-2.873076567077714055e-02,-1.123895110056442707e-02,7.516421416643324568e-03,3.245329535469818061e-02
-9.284806714687890081e-03,-2.203964719356750479e-02,9.341876330504182008e-03,2.198257757775118337e-02
2.077446053895946887e-02,-2.603229813979127810e-02,1.911589450368349208e-02,-1.385805690285162560e-02
-2.126251500461123073e-02,2.000589629596337838e-03,6.265129561365147433e-03,1.299679581364976584e-02
-9.083153650800201984e-03,1.018602114039030004e-02,2.546550735606600661e-03,-3.649418225196706528e-03
-1.154558149822287536e-02,2.518314065499432930e-02,1.877040033263490185e-02,-3.240795948940640436e-02
-3.511000759781152721e-03,1.712649085131190407e-02,5.041067696699392392e-03,-1.865655778823021790e-02
-9.641807464579562822e-03,1.886726960075759546e-02,-1.353605767101277203e-02,4.310595534834790570e-03
-2.898025259903981229e-02,2.450275773826818271e-02,-1.944362933493040072e-03,6.421857794264753359e-03
-2.426686288129533894e-02,6.867249996556596542e-03,1.095668679880324424e-02,6.442926085935484284e-03
-1.279954214274716708e-02,3.236660449851385128e-04,5.298219519385618560e-03,7.177656578376382518e-03
1.424857313928246626e-02,7.125414922754291433e-03,-6.261599465600183913e-03,-1.511238859643653301e-02
-5.332714496245054281e-02,4.619676852226042851e-02,6.921574690488561075e-03,2.088017497016856554e-04
-2.343975719472604288e-02,1.503707409545228593e-02,3.844908716110878241e-03,4.557774383162894322e-03
-2.016598358623722387e-02,1.050230505963420380e-02,-4.616917564080190439e-03,1.428059609068320704e-02
-9.219090644561596035e-03,1.499496339415361604e-02,-3.006712184434540917e-03,-2.769160565157485158e-03
2.020470712305886402e-02,1.149402806552906990e-02,-3.817116081702053281e-03,-2.788161910688601031e-02
4.879077748650683874e-03,-1.217549735501098976e-02,5.809411250068084731e-03,1.487008356292228092e-03
-1.312291579360445361e-02,-7.543196964669195495e-03,3.543397621423009618e-03,1.712271513685065250e-02
-6.215661847893407324e-03,7.864257991472882459e-03,7.923773409341533167e-03,-9.572369552921010036e-03
2.499048677366657450e-02,-2.063411558178879918e-02,1.240931168474283461e-02,-1.676568287662065504e-02
5.385583578359155743e-02,-3.157234143974167739e-02,7.709449191035350028e-04,-2.305443926295349180e-02
1.440116551290429939e-02,-4.714247454696224651e-03,4.475886460524410373e-03,-1.416280451873244521e-02
2.065269162669313915e-02,1.826462770098605248e-02,-5.628606001240098709e-03,-3.328871332643899145e-02
-1.801713373680316824e-02,1.665000929751945039e-02,4.680686141793616653e-03,-3.313561702509914848e-03
3.279961228161433723e-04,1.642835789477554639e-02,3.239811277162016421e-03,-1.999616529475373508e-02
1.417343019816256870e-02,2.304193156664886485e-02,-1.975906999556036828e-03,-3.523945476525543186e-02
2.876982177484821261e-03,1.832636266372867501e-02,6.110857961415299073e-04,-2.181443063735495277e-02
3.201273212334986712e-02,4.293610314120461201e-03,4.263612219252570050e-03,-4.056995465672288276e-02
1.643098337904583608e-03,3.975728944078954323e-03,2.031030802727879642e-02,-2.592913530926236124e-02
1.944220188207004818e-02,3.504079280901022716e-03,7.169215337249040809e-03,-3.011549650022017979e-02
-1.345581836021885608e-02,1.285405366271758464e-02,1.665414016699040415e-03,-1.063649319197808871e-03
-2.646215505001449017e-02,1.163983029362661639e-02,8.859911883038329786e-03,5.962412873349452053e-03
-3.754668762633537465e-02,1.603979744238770780e-02,8.157718615471249487e-04,2.069111832240052781e-02
-1.940211501851892006e-02,1.107641746367780781e-02,-4.424343671921810578e-03,1.275004122676285864e-02
1.526764519503237376e-02,3.331744759542113864e-03,-1.462425875286350700e-02,-3.975131201710967177e-03
8.926102282989704581e-03,8.054520191466605500e-03,-8.267944123557306041e-03,-8.712678350898974550e-03
3.116992401328274112e-02,-1.119410232981516568e-02,-8.701739016658866996e-03,-1.127408266680865641e-02
8.361918674830201570e-03,1.000777506423517621e-02,-5.076934106683799776e-03,-1.329275963238156152e-02
-1.851194387668397140e-02,2.215300115365024733e-02,-9.941000330099358621e-04,-2.646957243956374762e-03
-7.299492370461571449e-03,8.528256102462538138e-03,-7.038347964785780266e-03,5.809584232784796229e-03
1.695355638565455847e-02,-1.643996592857558618e-03,-6.603516964253449036e-03,-8.706042828543562526e-03
3.076609374104389075e-03,5.893490036242580478e-03,-2.827671276285460573e-03,-6.142428134061484260e-03
-2.809056898264435109e-02,1.012571838871807392e-02,1.473030587665180580e-03,1.649182000626106884e-02
-1.342478244425660515e-02,2.244222893819448200e-02,-4.389242001581167285e-03,-4.628204492356689619e-03
7.861349882123181906e-03,-7.461352388393334076e-03,-3.609953309059127195e-03,3.209955815329281099e-03
-2.373352271791194512e-02,1.276399608160761444e-02,-9.086787193077408911e-03,2.005631382938170143e-02
-4.252068875157509475e-02,-1.657404733948873027e-02,-4.039381450661973759e-03,6.313411754172601476e-02
6.051853653756580388e-03,-2.295556936379981872e-02,1.594286110542691981e-02,9.608546046163273001e-04
-1.610224464927429572e-02,-2.873156584851466275e-03,2.831631335705746960e-02,-9.340912122931702838e-03
5.421067073274007421e-03,-5.722128742042780457e-03,1.323855986557286556e-02,-1.293749819680409599e-02
-1.368551381887650117e-02,2.942358756412653473e-02,1.620849564526629510e-02,-3.194656939051633560e-02
-6.983070882025850003e-04,1.945803362496295943e-02,1.539441745756671420e-02,-3.415414399432726428e-02
-4.307476200973844871e-02,2.169513448329468339e-02,1.963488501259312569e-02,1.744742513850486331e-03
-5.511724024799586480e-02,1.991105045418231634e-02,-3.781111121911426894e-03,3.898730091572494977e-02
-6.301877702501322738e-03,2.726694061623200459e-03,-6.878309833366930137e-03,1.045349347424507670e-02
1.599810813633834733e-02,3.059650921838128531e-03,-8.183384993802845717e-03,-1.087437406437360456e-02
4.079468994013154930e-03,2.522691410691983369e-02,3.926418367288740316e-03,-3.323280146822166214e-02
1.396152988926221625e-02,1.146586166888794410e-02,-2.506790692545789561e-05,-2.540232365122473829e-02
-2.451945861634106244e-02,1.364299453039496610e-02,-6.474438798610112396e-04,1.152390796580701066e-02
1.917697266319278587e-02,-2.525469541730831873e-03,-4.853321697136823813e-03,-1.179818142432516662e-02
-1.185659038506382996e-02,3.196201672253793508e-02,5.732996828840141237e-03,-2.583842316631421859e-02
-1.324292533889383575e-03,1.149306442627175996e-02,4.915751837878025096e-03,-1.508452373026043618e-02
-2.167090669463150876e-02,-2.537481765270792680e-02,2.558269641963991248e-03,4.448745470537549679e-02
-5.542626948031530165e-03,-2.232593716170274897e-02,-6.269359088075309588e-03,3.413792319780969281e-02
-4.735637436674986107e-03,2.341698933843130558e-03,9.327501245113721182e-03,-6.933562742281866066e-03
-3.582491552409076529e-03,-8.331778278801754874e-04,4.822083883020669183e-03,-4.064145027314087642e-04
1.356964818866710464e-02,1.600816925616872083e-02,-5.421014907929189337e-03,-2.415680253690666648e-02
9.314840233117188326e-03,2.088156325024258676e-03,1.390381090718474308e-02,-2.530680746532617056e-02
1.557735917982173545e-03,1.509096734475790479e-02,-2.750372021916930245e-04,-1.637366606054841203e-02
-3.793678744058875257e-02,3.101801308008171262e-02,1.049009245746294373e-02,-3.571318096955942382e-03
-1.521353224464057699e-02,1.908330471851835478e-02,-1.092413358680080493e-02,7.054361112923041889e-03
-3.141479386985371325e-02,1.517581352869012794e-02,-1.150187984625898987e-04,1.635399913962615193e-02
-2.668861769554180252e-02,-8.650027138383368369e-03,1.510011678665559333e-02,2.023852804726961746e-02
-1.540761625267205717e-03,8.962964726280919434e-03,-6.564011594591251907e-03,-8.581915064224604007e-04
-6.399439056550760424e-03,2.430029314134854110e-02,-1.081042280618481815e-04,-1.779274985673592532e-02
-2.211194921969960800e-02,2.802183067308322562e-02,6.143043203110145831e-03,-1.205292465649374957e-02
-2.118053411376397480e-02,8.186953956387417464e-03,4.533668074127170035e-04,1.254021334996382499e-02
-1.982790537588894481e-02,8.120451630388563283e-03,-5.251701574376864759e-03,1.695915531987722893e-02
-9.132807825666488036e-03,1.329607610477640672e-02,1.697045970931569626e-03,-5.860314250041459040e-03
3.289071230698119297e-02,5.144741606377461682e-03,-5.158673749876537505e-03,-3.287678016348198617e-02
-9.026874635645869976e-03,-8.835706388348255058e-03,9.384605991588678212e-03,8.477975032405502334e-03
-1.786949200693051937e-02,-6.414720353495748789e-03,3.466256431335596171e-03,2.081795592909059175e-02
-1.614214369956254447e-02,7.919835500417358662e-03,8.375390547886191195e-03,-1.530823487410040609e-04
1.540098934576561267e-02,-4.192804094608150803e-03,9.005331535486552769e-03,-2.021351678664407708e-02
5.948755326619638989e-02,-3.566241740988225495e-02,5.184785543704739132e-03,-2.900992140001894606e-02
3.961308989630858701e-02,-1.378639377806414705e-02,4.777528560688576800e-03,-3.060422467893310697e-02
8.424428833599508296e-03,1.456775165214418619e-02,2.990611574557648861e-04,-2.329124164319945275e-02
-5.430892736574560557e-03,1.642846988252548088e-02,-2.669934283885907079e-03,-8.327642862064974644e-03
1.240276867012439672e-02,1.478360697139067051e-02,-7.270100923291072980e-04,-2.645936554918587591e-02
-1.217799899514527412e-02,2.914482827947605451e-02,2.732917522870381612e-03,-1.969974680720120580e-02
1.228401283883068761e-02,1.912673409479840117e-02,2.732866994280936258e-03,-3.414361392791005062e-02
3.244789713983720764e-02,3.150474011994975655e-03,-9.292477222645148137e-04,-3.466912342956774556e-02
5.041612508618105969e-03,4.717105776336796147e-03,7.186846683674680443e-03,-1.694556496862952011e-02
5.428038975491058203e-03,7.450387297399716988e-03,1.017831515214301721e-02,-2.305674142503382970e-02
-1.097406088642915306e-02,1.655994707438403907e-02,-3.238510330323955255e-03,-2.347375857630942461e-03
-1.615407914872999187e-02,1.334382929611565433e-02,2.107826356232132478e-02,-1.826801370970702540e-02
1.573979850420968718e-02,7.170311122539958608e-03,9.377588636671521996e-03,-3.228769826342118426e-02
-1.050882257467699969e-02,2.502555924075692759e-02,-7.442385422458444241e-03,-7.074351243621511409e-03
1.320338412055116137e-02,3.577779870699321785e-03,-9.993670168289992689e-03,-6.787493822960489163e-03
5.785152272939788828e-03,2.622552036218501678e-02,-4.699396063226913937e-03,-2.731127657189787866e-02
4.320941045585510037e-02,-1.483754154802409929e-02,-2.199991906150448526e-02,-6.371949846326576544e-03
-2.708527819666922188e-04,-1.306745356897543418e-03,-3.802993373565234907e-03,5.380591512429465720e-03
-2.949317047808662148e-02,1.068955104596480861e-02,-9.309086895500522096e-03,2.811270632762236793e-02
-1.815891879551512905e-02,1.738605464373446652e-02,-1.418759325356726980e-04,9.147400843163203512e-04
1.992930105275819014e-02,1.462573451889928426e-02,-5.195044705197037274e-03,-2.935999086646045794e-02
-8.679526361005992369e-03,2.926058770944129847e-02,-1.371498913540879563e-02,-6.866072213026507866e-03
-3.501839099697537372e-02,5.331074491474300375e-02,-8.982515440393355408e-03,-9.309838477374116766e-03
1.752530635526495725e-02,5.114395902213387211e-03,-9.516394650029650834e-03,-1.312330760744870491e-02
9.868415698482473422e-03,-1.817104211808811057e-02,-2.305655296202302473e-03,1.060828171580795870e-02
-2.239997415478234624e-02,-1.094583547334080330e-02,-7.147895469312983037e-03,4.049370509743617508e-02
-2.684192466899594509e-02,-7.904462197791757919e-03,5.424951080094653471e-04,3.420389175877830423e-02
-8.064276036536706382e-03,-3.550228559427698327e-02,1.208881976093884036e-02,3.147774186987484235e-02
-1.187829436677626145e-02,-1.874514312129134906e-03,1.599133560259539955e-02,-2.238526923689955050e-03
7.419397971629713637e-03,-9.214107249562283192e-03,3.393839182608206825e-03,-1.599129904675652449e-03
2.762680741804560049e-03,1.897814122325428010e-02,1.078247843616011656e-02,-3.252330040121897969e-02
-1.645271591919693355e-02,6.158583485698712612e-03,8.167789431097530889e-03,2.126343002400686577e-03
-3.781224990928502838e-02,1.515110196945087910e-02,7.739289146894847739e-03,1.492185879293940996e-02
-2.969039625937697213e-02,2.065743148677928048e-02,1.514177045047456448e-03,7.518787727550196170e-03
3.229050556123066020e-04,-2.839729903411884835e-03,-9.051152462498858464e-03,1.156797731029842770e-02
1.264469863576626364e-02,1.459068473136071464e-02,7.211777928205935018e-04,-2.795656115994753568e-02
2.644799682805322807e-02,-1.096789629614393748e-03,4.054318168397620832e-03,-2.940552536683649007e-02
6.420214388044256926e-03,3.357202640104984398e-02,-5.966482982976161788e-03,-3.402575780611785672e-02
-9.506947900834930923e-03,2.299945887352137716e-02,-1.576011817788442945e-02,2.267607205197926402e-03
-2.144998165872897752e-02,1.417163012017100612e-02,4.433529945901448603e-03,2.844821592656464684e-03
-2.618906424624799917e-02,3.732367631406342812e-02,-5.286403025085288296e-03,-5.848209042730114632e-03
9.226163815729972184e-03,1.362716497501278295e-02,-8.764671331434279247e-03,-1.408865745930849150e-02
2.629210762839197940e-02,-1.844670585566228135e-02,-5.378850908758235454e-03,-2.466550863971590530e-03
1.684854666127861070e-02,-1.639591681401744022e-02,9.139353516428822682e-03,-9.591983363689970607e-03
7.414677477442360547e-03,6.502384291149012827e-03,9.474827659816040248e-03,-2.339188942840741969e-02
1.573108592983935364e-02,1.953400030794677500e-02,-4.599872205293418191e-03,-3.066521403249257427e-02
-8.590268600077369601e-03,3.059783682315478370e-02,9.145874883497492197e-03,-3.115344310657484211e-02
-2.564484151657585656e-02,1.860021424395772588e-02,2.024698322275390872e-02,-1.320235595013580232e-02
-3.849564209176165736e-02,3.508034028167274221e-02,3.754237927827251339e-03,-3.389361177383661710e-04
-2.682353413140896314e-02,8.162008384822385873e-03,-1.360152290963233257e-02,3.226304865621887341e-02
-1.145281637012219439e-02,1.663835311876592574e-02,-3.950132040920191143e-03,-1.235404707723534784e-03
-7.714136724144633923e-03,-5.194500399400603201e-03,1.160453809674449714e-02,1.304099026800766004e-03
1.811158089281270436e-02,3.097309210213051306e-03,-1.250606047932310708e-03,-1.995828405509343303e-02
2.184304081429174968e-02,1.608528480402326294e-02,-3.366610377934239375e-03,-3.456171524038076370e-02
-5.006634576602927988e-02,4.237346806403846644e-02,7.611094816760577246e-03,8.178288523020649063e-05
-3.440594996094745867e-02,2.395146271631267906e-02,-1.050551216628482017e-04,1.055954236629760845e-02
-2.298669691051679828e-02,1.079378145166839421e-02,-7.821532527549496239e-03,2.001444798639792980e-02
-3.327761496954970925e-03,1.391984717980292163e-02,-5.196392227357459447e-03,-5.395693455490504706e-03
4.698044363855203090e-03,1.454159789386001538e-02,-3.683602728277738584e-04,-1.887128198488749117e-02
1.714831985745680909e-02,1.230960222696418508e-03,-1.763831408101583335e-03,-1.661544867205162757e-02
-2.664731868071253118e-02,-2.636952031170502510e-03,1.660491919656205059e-02,1.267935151532096488e-02
-3.123571883962595469e-02,6.944589853316971047e-03,9.221596643587615799e-03,1.506953234272135310e-02
-1.356176188156521349e-02,-1.396902486693605552e-03,1.470168799676349787e-02,2.569763714953411226e-04
-3.859290992139146909e-03,5.931790909941284801e-03,8.283757912161640591e-03,-1.035625782996379626e-02
4.823071468652447708e-02,-2.228557329017457830e-02,9.228851290561826057e-03,-3.517399268691170922e-02
3.407874288315148464e-02,-1.531637359233542668e-02,1.776627118091087497e-03,-2.053899640890725214e-02
-3.191018940967614917e-03,1.014117046624791671e-02,9.687127145039728729e-03,-1.663727867032000970e-02
1.339705215828987210e-02,1.398340582884295691e-02,-6.620030489930246384e-03,-2.076042749720258263e-02
5.990697963826496601e-03,1.130907418092747668e-02,8.340319277646757374e-05,-1.738317533753051120e-02
7.951492157755021828e-03,1.126546538688271218e-02,8.294940884159202662e-04,-2.004645163305361980e-02
1.968742551500420046e-02,2.237507865710157071e-02,-3.324805230504379377e-04,-4.173002364905529366e-02
2.476723824609102995e-02,3.310229059131135354e-02,-6.541877751619667308e-03,-5.132765108578263291e-02
4.287098087940472216e-03,2.495456483846523327e-02,2.136624773983476430e-03,-3.137828770038920967e-02
3.207784903693672307e-02,8.682279064948615274e-03,1.136369316605498466e-03,-4.189649741849073294e-02
9.179166870273031478e-03,3.497155205613236019e-04,-6.731758584474621492e-03,-2.797123806359755327e-03
-1.911895477755022957e-02,2.513091941588553244e-02,4.754194885901862067e-03,-1.076615952423713544e-02
-7.114585328929326144e-03,2.069424489621178587e-02,9.285635701690622690e-03,-2.286529526897312231e-02
1.044161386144892498e-02,1.794384231055257475e-02,6.875804041389349530e-03,-3.526126021339086314e-02
4.819327338484400564e-02,3.954872690413086846e-03,-8.343802664755400889e-03,-4.380434341050184338e-02
1.739891140765818800e-02,2.762121026607102566e-03,1.897314932277750429e-03,-2.205834736654305184e-02
2.401346817000094350e-02,2.042029748578382334e-02,-1.285623811190885271e-02,-3.157752754387592453e-02
3.947412195483441383e-02,-5.497438323650362911e-03,-1.940134626782956742e-02,-1.457533736335462141e-02
2.365583143869885371e-02,1.647946508285056191e-02,-1.923792644933134538e-02,-2.089737007221813270e-02
3.850447811070722742e-04,7.668296182184683799e-03,-5.946177022633219490e-03,-2.107163940658535010e-03
9.925392693915634917e-03,1.511617525716789541e-02,-1.578989427517928437e-02,-9.251673675904160954e-03
2.945029545556097916e-02,6.902701243318721527e-04,-1.837644844179252279e-02,-1.176411713810040366e-02
2.379182803019444514e-02,8.142377282691586407e-03,-1.306387433171325371e-02,-1.887033098117278998e-02
7.311002913981567986e-03,3.672147746210634254e-03,-2.937102185610479706e-03,-8.046048474581743784e-03
1.946154019772525917e-02,-1.401942399356759412e-02,-9.955919287044222299e-03,4.513803082886545977e-03
-3.530542169947610553e-02,-3.197848051712338501e-03,-1.061879259168766777e-02,4.912206234287603418e-02
-1.158534576579673889e-02,-1.800790440752573010e-02,-4.871663353104479502e-04,3.008041650863286370e-02
-1.366819308167841439e-02,-3.122870777042454499e-02,1.273537886542996413e-02,3.216152198667306811e-02
-1.502123884696629497e-02,-2.017109570089846080e-02,1.744288356640418675e-02,1.774945098146059330e-02
-4.032759622039357866e-03,-2.902294911561169657e-02,8.071887075566035880e-03,2.498382166208493529e-02
-9.185986739619568867e-03,-4.972974143818092649e-03,2.477725248520976867e-03,1.168123563491672671e-02
-5.022987067874368911e-02,1.284786493311107849e-02,1.105867524094048156e-02,2.632333050469214120e-02
-2.680820407939762257e-02,2.968753034606993243e-03,1.182507546434088605e-02,1.201437558044970468e-02
-4.515189395738614109e-02,1.374022312008557449e-02,2.211957959722755246e-02,9.292091240073215366e-03
-2.529660345982724309e-02,1.061169030339024306e-03,-6.878206905353558172e-03,3.111364133484177674e-02
2.198721706190178912e-02,3.248064192086391223e-03,-1.235831330029650392e-02,-1.287696795369167382e-02
1.121766051395293833e-02,7.012928440695267475e-03,-1.358900217563584624e-04,-1.809469893289186032e-02
-2.107291810994976061e-02,1.097165746535085085e-02,-8.798961420389569618e-03,1.890022206498856092e-02
-1.419898832991658109e-02,1.413795530151541746e-02,-1.084396939462803355e-02,1.090500242302922494e-02
-1.261078619556429102e-02,2.195721849350927221e-02,-1.026553461938493027e-02,9.191023214399227309e-04
-2.928787225781797308e-03,3.083726390379550389e-02,-1.143881920335514980e-02,-1.646965747465846744e-02
2.046299640947818466e-02,2.367397710194990915e-02,-1.550774185982413747e-02,-2.862923165160392164e-02
1.990587813123125341e-02,2.048588069302171091e-02,-5.594642665760593721e-03,-3.479711615849225698e-02
2.649791281716985455e-02,2.109787465488508276e-02,1.658719560593537208e-03,-4.925450703264826896e-02
-1.269278666545702039e-02,3.179846689301265433e-02,-1.522257963440248971e-03,-1.758342226411535245e-02
-1.703028838923858687e-02,3.062160113362501906e-02,-1.927257327003926226e-05,-1.357204017111639412e-02
-1.264217354907192642e-02,2.893175954210426212e-02,8.553920275128957390e-03,-2.484350626816134514e-02
-1.314444806860974070e-02,2.084107286566174930e-02,-4.633075435254576475e-04,-7.233317253526519615e-03
-2.035914165921954427e-02,1.592266360658301655e-02,8.560596145543437722e-04,3.580418438082175279e-03
7.862645384192210735e-03,-5.524317643867055101e-03,-6.735703380418569045e-03,4.397375640093423819e-03
6.176114168293657565e-03,1.164542919698587781e-02,-1.885697168470762712e-03,-1.593584619680881234e-02
1.527001120192361672e-02,-1.599816723508836955e-02,1.028950852600992068e-02,-9.561352492845148765e-03
5.488974763052868917e-03,2.041754950839037158e-02,-8.354577142647517246e-03,-1.755194712879572239e-02
-2.713776008741506859e-02,3.210898678058092537e-02,6.078317919600510072e-04,-5.579058485125965895e-03
-2.024530385613422523e-02,3.228123563367728960e-02,-7.134300906604704173e-03,-4.901630870938295144e-03
-1.624829497099395184e-02,1.423861568749324250e-02,-1.100653469172103993e-02,1.301621397522175795e-02
-1.831238468121762844e-02,4.175527449370991864e-03,-3.814221449143962057e-03,1.795107868099052317e-02
-5.018286812328918815e-03,2.681001001437159983e-03,7.779527387925751908e-03,-5.442241577034004352e-03
2.160132417055094650e-02,1.352815445552451798e-02,-2.493922000982195641e-03,-3.263555662509321637e-02
-1.191716283502455669e-03,-4.551963108183790067e-03,6.357942556328727984e-03,-6.142631646424603475e-04
-3.298612529690930772e-02,4.879285671843465975e-03,1.406698663405297686e-02,1.403985299101291953e-02
-3.017306868060386574e-02,1.751248975286407925e-02,1.293971467105322314e-02,-2.791357433135102065e-04
-2.680345138169763081e-02,1.976631182624702648e-03,1.305265886041340542e-02,1.177416133865956047e-02
-1.570185583410329752e-02,-1.110140332847689643e-03,1.469372884264451631e-02,2.118267324306478440e-03
3.509022767012222321e-02,-4.550131339112560742e-03,6.916941323745801236e-03,-3.745703765475539432e-02
4.473324590180270677e-02,-2.182455973153335158e-02,5.827206588498981456e-04,-2.349140682911914774e-02
1.968923626856790635e-02,3.472385157429866594e-03,9.520775206287508327e-03,-3.268239663228531683e-02
4.278124784578808508e-03,6.824967779965333131e-03,-3.534648538585379897e-03,-7.568444025958764344e-03
-2.193164834116654791e-02,1.304510457795491317e-02,-5.760679436537524331e-03,1.464722319974911396e-02
3.922652709159380954e-03,2.738888549571440872e-02,-1.274160665525497652e-03,-3.003737753934834775e-02
-5.021808961512521513e-03,2.493139032933792618e-02,-5.996652909997402837e-03,-1.391292845782797667e-02
1.362650654775407130e-02,1.592249376337079650e-02,-1.713614910517906754e-03,-2.783538540060700311e-02
2.719996400312027496e-02,3.475033078623684241e-02,-3.360939750251863093e-03,-5.858935503910524950e-02
6.741270370182632539e-03,3.022681012242969117e-02,2.084846485390950532e-03,-3.905292697800326340e-02
2.563646182617413533e-02,-2.561115914999689824e-03,-4.431283325768517467e-03,-1.864406258540589681e-02
-2.429964058873417682e-02,3.180989880074836310e-03,-5.409931400303860790e-04,2.165964384868969764e-02
-2.938129223280957353e-02,1.765771272551343307e-02,1.087991302257768599e-02,8.436664847185300397e-04
-3.590086879108710105e-02,3.615846872530923545e-02,-3.284878920700305574e-04,7.088795784791666551e-05
-1.331527726611764391e-02,2.628137933135177989e-02,-3.862484625696542117e-03,-9.103617439537598638e-03
6.450567009523884565e-02,-1.542264786761455946e-02,-1.124982845248889869e-02,-3.783319377513542220e-02
4.482438075639959968e-02,1.028668139620264425e-02,-1.201075865446150394e-02,-4.310030349814088918e-02
6.877933395046532949e-02,1.434116000033673968e-02,-2.504492891688758424e-02,-5.807556503391426289e-02
3.240361570295051397e-02,1.190702309249055610e-02,-2.575866746092242421e-02,-1.855197133451853136e-02
3.674028962746744148e-02,-5.192229089401095496e-03,-2.417909250119685063e-02,-7.368968036869455451e-03
2.838802653410548230e-02,1.528962449484823349e-02,-2.381023625572626159e-02,-1.986741477322745072e-02
4.250599167146296847e-02,-1.788759073867138977e-03,-1.519581677499697026e-02,-2.552141582259876557e-02
2.143856102709870010e-02,3.231252530914935275e-03,-7.343179231032444070e-03,-1.732663432698122036e-02
-1.017686648222627986e-03,-2.382991733566573039e-03,-1.176026323654421344e-03,4.576704705443619334e-03
-3.965840817540088742e-02,-9.523421863714839897e-03,-1.008674520009908426e-02,5.926857523921482546e-02
-5.315143876536651546e-02,-7.385120564510145452e-03,7.179009392117300520e-03,5.335754993775946448e-02
3.785776117759921417e-03,-3.524961815790170205e-02,1.142471214112703373e-02,2.003912989901475428e-02
-6.222184203015642019e-03,-2.561898895728645029e-02,1.837128918881298506e-02,1.346988397148908730e-02
-2.153022053668332547e-02,-4.921267327578370682e-03,1.949630462322362798e-02,6.955183241038058635e-03
-9.818466608201638010e-03,-1.641076025898001401e-03,1.443222289605256871e-02,-2.972680261952956836e-03
7.364569371921906964e-03,-5.629558515841205472e-03,1.199621532371607929e-02,-1.373122617979682936e-02
-2.332702442725713421e-02,-3.027462777314424928e-03,1.907905635577843845e-02,7.275430848793120256e-03
-6.294922585961387762e-02,1.580697940171819915e-02,2.033718829591817448e-02,2.680505816197744501e-02
-5.020569183771057126e-02,2.082703897128038162e-02,7.838710818034192937e-03,2.153994204839601925e-02
-2.426152548442179688e-02,4.243379726402703861e-03,9.023046665661241250e-03,1.099509909235794371e-02
-5.183870564218498456e-03,1.126990343634518346e-02,-1.899153566242080564e-03,-4.186879305884554786e-03
2.649121751805371197e-02,8.374998469372845963e-03,-2.296932118688568315e-03,-3.256928386873789855e-02
-1.129218987318092492e-03,1.221443171226757954e-02,1.250779225334444633e-02,-2.359300497829389456e-02
3.556943025195526825e-02,-5.805533647043686733e-03,-2.365486930690920576e-03,-2.739840967422085480e-02
5.331931302041541774e-03,9.624052771750626206e-03,-1.206851243535434631e-02,-2.887471638437806923e-03
-2.209301956715720161e-02,2.919818346039659146e-02,-8.442449107962686841e-03,1.337285214723144336e-03
1.963249853645200778e-03,8.055023302019083051e-03,-5.126557748299861647e-03,-4.891715407364405702e-03
-9.265839500212638344e-04,3.460252751852110984e-03,-2.252702539010646536e-03,-2.809662628201998005e-04
-8.864127578247737310e-03,3.143143933639921950e-02,-9.812650058518938845e-04,-2.158604675229960218e-02
-1.431849705883348096e-02,1.431009359167899862e-02,1.066249489476421217e-02,-1.065409142760982177e-02
-1.306812864158505942e-02,1.935598471082697683e-02,8.626620370511157987e-03,-1.491447643975304417e-02
-5.132797873510916951e-03,1.101937023507830460e-02,-9.265716820324905456e-04,-4.960000679534905775e-03
-8.715142608115893086e-03,-4.499345270161686505e-03,-1.093855833563194165e-02,2.415304621390962705e-02
2.241883453351523753e-02,-1.072961684693903538e-02,-1.617732621512052091e-02,4.488108528544199061e-03
1.324999344898183679e-03,1.722503828783143471e-03,-6.596968617173396519e-03,3.549465443492054624e-03
1.761252362670890151e-02,-3.262409831492633396e-03,4.968054520803850092e-03,-1.931816831602014770e-02
-2.175178685970653031e-02,1.797233161657557990e-02,6.993439170762792527e-03,-3.213983927631769259e-03
-7.159620137757958039e-03,2.991157693259333811e-02,-7.368280753144892427e-03,-1.538367604169059780e-02
-2.231677899033647841e-02,3.447917460892204605e-02,-6.768149529709556814e-03,-5.394246088876019501e-03
-1.380450845377835176e-02,1.095904173620289475e-02,-1.062062501166357448e-02,1.346609172923906965e-02
-1.387299971285470973e-02,-1.321714169181732734e-03,-5.053740904686651256e-03,2.024845478672306076e-02
-1.257431738479071123e-02,-2.434718927323467359e-03,-2.799110952424326958e-03,1.780814726453846392e-02
6.119052526579240106e-03,1.358218369255258435e-04,3.099341718740894307e-03,-9.354216082245660202e-03
1.039471868249800847e-02,1.283032058299139744e-02,2.170446151420981577e-03,-2.539548541691048419e-02
-1.280005918862374761e-02,-6.852261284915126330e-03,7.359455615926894546e-03,1.229286485761197853e-02
-3.274670641323233072e-02,2.097917542232529894e-02,1.411881871923256586e-02,-2.351287728325554029e-03
-3.463190742902323010e-02,2.665101229649410527e-02,1.342686567913719403e-02,-5.445970546607944301e-03
-2.815037088011265731e-02,2.184634651439025521e-03,1.004676964735209434e-02,1.591896658132160511e-02
-1.718548128811967293e-02,5.293888518665492999e-04,1.770620284236931047e-02,-1.050110406116182933e-03
3.676310400324924593e-03,-1.066739913139569049e-02,5.921147862895057359e-03,1.069940868175725014e-03
1.034911366914718737e-02,-4.155369386098261772e-03,1.216374577444332382e-02,-1.835749005749231708e-02
1.140157838407498785e-02,-8.918081895198841716e-03,9.330706608515820441e-03,-1.181420309739188677e-02
-3.357674769667540193e-02,5.812613461678106663e-03,7.752180837801490518e-03,2.001195339719561567e-02
-1.161266624393357885e-02,9.353961498467936245e-03,-6.024753025818206827e-03,8.283457771283883261e-03
-2.796625237851862317e-02,3.588402103748006972e-02,-8.020351497496682955e-03,1.025828385352445786e-04
4.129734736401926773e-03,1.703971208868037407e-02,-6.335833973571387487e-03,-1.483361285151094978e-02
3.356819133544609434e-03,2.287456568008118529e-02,-8.768572153800897884e-03,-1.746281265982486605e-02
4.341811816290257198e-02,2.926874859248378494e-02,-4.807876753211154028e-03,-6.787899000217524625e-02
3.286908395234644509e-02,1.525677259644236602e-02,3.268569464528591081e-04,-4.845271349524174487e-02
1.002801652752274494e-02,1.224828441125051619e-02,2.420322425869523598e-03,-2.469662336464275437e-02
-1.279593516682998942e-04,-2.797991508153036141e-04,-6.294032800043720260e-03,6.701791302527305635e-03
4.247256578527700173e-03,1.646138543226652665e-02,-5.340464946568729276e-03,-1.536817706422553310e-02
-1.735479798915355587e-02,1.117142122528717516e-02,-1.146568927689756113e-03,7.329945691556127504e-03
-3.896997817187114119e-03,1.561936959495525620e-02,-5.761823103003630916e-03,-5.960548674764517239e-03
-2.325539950599817777e-03,1.968212474257104161e-02,-2.416340241101445126e-03,-1.494024455086979779e-02
2.453107772303286457e-02,-1.391446723332787506e-03,-1.976039680442657348e-02,-3.379234195273514863e-03
4.987977548425272245e-02,1.128097981361546147e-02,-1.443035821285077250e-02,-4.673039708501735418e-02
8.566721840676068400e-02,-1.392051348570819136e-02,-2.152861160857126935e-02,-5.021809331248128228e-02
6.499510075541552190e-02,-1.275023192621436291e-03,-2.300821640477750812e-02,-4.071186115801646993e-02
3.620861334035839485e-02,1.756462277057245849e-02,-8.725033708082387957e-03,-4.504820240284840294e-02
3.918953171522358836e-02,6.586483568641624854e-03,-2.532524484077093487e-03,-4.324349079978825894e-02
3.900355135468931700e-02,7.700995664764583200e-03,-6.318840380440450023e-03,-4.038570663901332181e-02
2.298815990329672494e-03,-1.051371787428444053e-02,-3.756915164229818541e-03,1.197181704818453540e-02
-2.879715798226553658e-02,9.979345168378839226e-03,2.847769659407590158e-03,1.597004315447909592e-02
-4.635299904091932238e-03,2.922562400614067170e-03,6.215235420980451397e-03,-4.502497917502565512e-03
2.795596598066914240e-02,-2.034786797891155116e-02,9.738780221378225480e-03,-1.734687822313581151e-02
8.172851435575308535e-03,-8.828885091947385327e-03,5.012486957132098429e-03,-4.356453300760012963e-03
-9.857628714459224645e-03,-4.204851445431942968e-03,1.857143960151399001e-02,-4.508959441622832805e-03
2.061063107753951379e-02,-2.377626687501675253e-03,7.121562448363623690e-03,-2.535456683840146830e-02
1.057894493792136195e-02,4.285069039527629291e-03,1.541189229101008057e-02,-3.027590626845903105e-02
-2.546129102424600499e-02,1.924020538695498869e-02,1.687593773591422597e-02,-1.065485209862316110e-02
-9.594790354308430427e-03,2.513889434288847646e-02,1.150099445512877024e-02,-2.704509844370885444e-02
-1.703809487900136144e-02,1.567742212951288294e-02,2.425683768986858224e-03,-1.065011019498346119e-03
-1.891622377591877305e-02,6.615366614999383145e-03,8.523812897036490629e-03,3.777044263882990780e-03
-5.098502617368339158e-03,-1.350326665921952347e-03,-7.338512600899515202e-03,1.378734188418979240e-02
3.122790789629320551e-04,1.919803449056450839e-02,1.963968673842650045e-03,-2.147428224337000549e-02
2.955967178595875905e-02,5.882333291455181176e-03,5.875917605454162099e-03,-4.131792268286812314e-02
1.509632089208187006e-02,-6.481029910038839555e-03,6.642572921738049835e-03,-1.525786390378103610e-02
-1.013856552969685451e-02,-6.427760821722395233e-03,1.078020950989062691e-02,5.786116841528650585e-03
-2.068672362411323794e-04,-1.027243637338826066e-02,8.856973420551103246e-03,1.622330189078306567e-03
8.603990451592555396e-04,-2.220933525305063792e-03,1.574049987765183470e-02,-1.437996539750596540e-02
1.929355348497119663e-02,-1.085811482957807668e-02,6.109570881380728749e-03,-1.454500953677387298e-02
-1.452943303263810361e-02,1.409084128045195831e-02,2.510017084300598857e-03,-2.071425332114468741e-03
9.657703496604915297e-03,-5.682756310378103172e-03,8.357069664879488878e-04,-4.810654152714764591e-03
4.198815606336275298e-03,-2.487000381224333846e-03,-2.514708381202772087e-03,8.028931560908201181e-04
1.115132535531887514e-02,-3.527096394539834794e-03,-1.926865335321982162e-02,1.164442439244069843e-02
1.887036437416388839e-03,-1.375573987537888430e-03,-6.291815027818995452e-03,5.780352577940481816e-03
1.097916223322860374e-02,-3.955834784786673233e-03,-9.739219698629736008e-03,2.715892250187792057e-03
-2.642052805717830591e-02,1.472305182385742067e-02,1.184384598382003453e-02,-1.463697504991071498e-04
-2.658135626922636732e-02,1.089015037565359972e-02,3.813073287232518743e-03,1.187813260634027271e-02
9.019397256210252845e-03,2.445899729595152686e-02,-1.079905896243445532e-02,-2.267933558972724806e-02
-3.126320034398627316e-03,3.113027859079787324e-02,-8.375085659055104756e-03,-1.962887289734410387e-02
-1.569397485921196489e-02,1.583811823432072774e-02,-5.040810048290917875e-03,4.896666673182122932e-03
-7.488966045626944609e-03,1.460148641400347636e-03,-8.288071410610036577e-03,1.431688881483664244e-02
-1.244347084367218061e-02,-5.978198372998212717e-03,-1.560564571204163195e-04,1.857772567379083195e-02
-1.235766442861392124e-02,-1.151225070137529283e-02,5.427995913392921756e-03,1.844191921659628364e-02
1.293123117979551318e-02,1.677110432014864566e-02,1.982813894404656177e-03,-3.168514939434886879e-02
6.048575073819177812e-03,-1.441896089017846196e-02,4.791879639933755049e-03,3.578506176425546442e-03
-2.897790666173813076e-02,3.886623902281768472e-03,1.140664992211837779e-02,1.368463283733798580e-02
-3.481685851650107022e-02,3.617454108319789058e-02,8.629769783813787121e-03,-9.987452350510715032e-03
-3.027940180208637741e-02,2.390950455751610776e-02,9.861583558809967204e-03,-3.491686314239760437e-03
-4.875371165556659399e-03,-4.740788107476051616e-03,1.242022017852325482e-03,8.374137255180377076e-03
-2.914220019862754155e-02,-1.454369530948178930e-03,1.264899722653571937e-02,1.794757250304000046e-02
-7.153935942039354665e-03,-1.204595952028432795e-02,1.713220956233392836e-02,2.067685899989684870e-03
2.631638595104892828e-02,3.078246503729851861e-03,7.945840231183328578e-03,-3.734047268596193264e-02
1.945406511123078802e-02,-2.301321627548242807e-03,4.331557822578165941e-03,-2.148430130626065304e-02
-4.481537351863271006e-03,1.474013709334936334e-02,1.350565561557073857e-02,-2.376425535705683351e-02
-4.794407940877157964e-02,7.045162927154639300e-03,2.676512872462772415e-03,3.822240360915434704e-02
-3.668341737205468162e-02,2.347380911844791987e-02,-9.697126321324921888e-03,2.290673457493169057e-02
-1.718448590517908901e-03,2.111820696620104326e-02,-1.158749029693169688e-02,-7.812268078751369825e-03
1.466659837586522380e-02,2.932744213390582264e-02,-9.552431023797413809e-03,-3.444160948597351640e-02
-2.207038707702247207e-02,3.162669839437608904e-02,-6.964307221802759629e-03,-2.592004095550787517e-03
1.953885898009163555e-02,1.740822992668354316e-02,-7.589351750141528144e-03,-2.935773715663363148e-02
4.672261883665308757e-02,-5.289653179575247097e-03,-4.252035357149877744e-03,-3.718093029992813187e-02
4.414724446045341366e-02,-1.663776989870243209e-02,2.551519719239826907e-03,-3.006099428099063414e-02
1.708378037860585133e-02,1.453266046301089284e-02,-1.079183544457778914e-02,-2.082460539703902963e-02
1.956826432600731330e-02,2.254599403694268131e-02,-1.953039054938019228e-02,-2.258386781356983009e-02
7.314645592073852067e-05,1.380196916758229253e-02,-6.011674454568798238e-03,-7.863441168934245593e-03
2.449147335558569689e-03,1.030798085763568774e-02,-1.203439673105577076e-03,-1.155368852008863655e-02
5.158206873093204581e-02,-4.824423192100303105e-03,-2.131934989693804600e-02,-2.543829564189377043e-02
3.611253923477152072e-02,9.290790969811006401e-04,-1.538010517330249544e-02,-2.166151315845023934e-02
2.400221309494513997e-02,1.128936385752117057e-02,-8.242144177821358192e-03,-2.704943277464480836e-02
-8.414593512604586975e-03,2.759772016010129600e-02,-6.298929906028468383e-03,-1.288419674146824324e-02
8.213350789445612518e-03,1.457758203121957939e-02,-5.762275347332089168e-03,-1.702865747333313223e-02
1.185445795084182768e-02,-4.440306805482826906e-03,-6.782774878297281353e-04,-6.735873657529243587e-03
1.292880994597259484e-02,-2.307986787367198242e-02,-6.523269100082299161e-03,1.667432702778162343e-02
-2.135624889600232570e-02,-2.137570866212077855e-02,2.897996981734221600e-03,3.983396057638886878e-02
-8.039865077711025321e-03,-1.158126443094580245e-02,1.018727761671941838e-02,9.433851891937416329e-03
1.407219011170943689e-02,-8.990250697225353818e-03,4.994719964860895069e-03,-1.007665937934490441e-02
9.998857787947193487e-03,-2.770777783236631417e-02,1.010257837631756139e-03,1.669866220678735760e-02
-6.164404697965151884e-03,-1.999436419538906662e-02,5.965700672460954972e-03,2.019306822089329476e-02
2.257038043427347582e-02,-6.536463346263294248e-03,6.537815911530167091e-03,-2.257173299954034693e-02
1.586522977798872705e-02,-1.697427134798667331e-02,1.446598229473325045e-02,-1.335694072473531287e-02
-1.410760599468011481e-02,-1.428766273940492576e-02,1.289668973055521986e-02,1.549857900352977561e-02
7.434847243972294260e-03,1.357987336297617311e-03,8.177656582046785930e-03,-1.697049116231669555e-02
-1.326447042579316678e-02,1.843077203804557168e-02,1.294028005146774171e-02,-1.810658166372013794e-02
-1.146373683164232833e-02,2.024470114339685378e-02,5.122116056676364465e-03,-1.390308036843076328e-02
-3.986987953893635084e-02,2.527385992308434082e-02,1.243427677937780293e-02,2.161742836474245255e-03
-2.660744933499577594e-02,-6.055998454069946510e-03,5.152624701425374126e-03,2.751082308764028761e-02
-7.872373505879026387e-03,2.339306667545728788e-02,-8.472787082417285523e-03,-7.047906087161057501e-03
7.094242251934656032e-03,7.696149034125826516e-03,-3.497442884042228223e-03,-1.129294840201825433e-02
1.933895175958095722e-02,-1.032711226006367312e-02,4.696802831673857308e-03,-1.370864233119116135e-02
8.152224726194578011e-03,1.085172968667919013e-03,7.094193294050261944e-03,-1.633159098891276417e-02
-2.180072805830268745e-02,7.879469446963584256e-03,2.128423108263334182e-02,-7.362972471294315820e-03
-3.420236127900850610e-04,-1.487506420472720602e-02,2.090130475547285344e-02,-5.684216937955558456e-03
-2.210258025608523996e-02,1.794614217733315900e-03,1.331748343318531549e-02,6.990482605166600978e-03
2.709768468901335280e-03,-7.115044167111846986e-03,2.269453756852678170e-05,4.382581160641989271e-03
5.470864313033521609e-03,-1.905571556023491833e-02,3.499851972390714393e-03,1.008499927481068710e-02
-6.120541657389232636e-03,1.379030141235798763e-02,-5.728404520728879595e-03,-1.941355234239865645e-03
-3.370206288304236630e-02,2.211400090069637336e-02,7.431712061170096806e-03,4.156349921175949043e-03
-1.656367566746467027e-02,-3.595642292667647409e-04,-9.201598326690147225e-04,1.784339972940047342e-02
-8.517977571824387681e-03,1.894232464966114473e-03,6.107360527927956605e-03,5.163845789303014248e-04
-6.993470571093713881e-03,4.439917384627782571e-03,8.513222071680219896e-03,-5.959668885214322413e-03
-2.043229681375379261e-02,2.674322820654030305e-02,-3.600228225791783296e-03,-2.710703166994726711e-03
-9.126254961530222073e-03,2.060307141288626395e-02,-4.038668316436673338e-03,-7.438148134919372011e-03
-1.912689310357351680e-02,1.151341314875119724e-02,-4.489620716773118012e-03,1.210310067159543410e-02
-3.889482120506106838e-02,1.887790008985865131e-02,-4.657258088364439087e-03,2.467417920356686570e-02
-1.517584182854663476e-02,-3.103195252871554857e-03,-2.420242185819806123e-03,2.069927926723800007e-02
-1.759952846111635313e-02,-4.369659268155101986e-03,2.834938336503543301e-03,1.913424939276794218e-02
-3.123966258688146841e-02,-3.142818461544635215e-04,1.220356382229865339e-02,1.935038061073730137e-02
-1.028412943601878307e-02,1.782838986011249863e-02,4.268633122635167622e-03,-1.181289354672881639e-02
-1.082441677472649640e-02,-9.002572479547988477e-03,1.108334483199605557e-02,8.743644422278488287e-03
-2.635042297539076650e-02,2.546223142664076275e-02,6.596892551503971865e-03,-5.708701002753945562e-03
-4.717386705635031457e-02,4.526428752154982443e-02,1.511468599462924278e-02,-1.320510645982877172e-02
-3.092672886790360631e-03,1.011422485010959535e-02,-8.129752318720484539e-03,1.108200355401251771e-03
-7.560845752037916381e-03,-3.741368391310948179e-03,-7.974137759811433725e-05,1.138195552094698609e-02
-4.096434686927802327e-02,7.471394028700503037e-03,1.951650474093443235e-02,1.397644809964322145e-02
-1.612762766362179495e-02,-9.638817284509076933e-03,8.462649523729864204e-03,1.730379542440095564e-02
1.877482125857409326e-02,-4.491638779420502152e-03,4.714718367402393785e-03,-1.899790084655599010e-02
1.001132176579689129e-02,8.676754493229639487e-03,1.538640159725680918e-02,-3.407447785628329312e-02
2.656605673786795185e-02,1.881281031475991183e-02,9.490699260190119460e-03,-5.486956631281800223e-02
-1.967841929067290149e-02,1.140252134593149405e-02,3.692908993730405643e-03,4.582988951011001365e-03
-4.457318101146506839e-02,1.715227771942156405e-03,3.389067443367827859e-04,4.251904649518611218e-02
-3.707371225497688855e-02,3.388594722583935376e-02,-1.126778610659099310e-02,1.445555113572860421e-02
3.353201546861352828e-02,1.423024968595472048e-02,-1.208857259865189597e-02,-3.567369255591642391e-02
1.169795322668962245e-02,9.423218193392757236e-03,-1.165420641933812007e-02,-9.466965000744276965e-03
1.087095397212563090e-02,2.299941136563047120e-02,-7.521331238720807902e-03,-2.634903409903540869e-02
1.031750060328305227e-02,1.328549512277193458e-02,-1.454894149791637406e-02,-9.054054228138623192e-03
-9.937499199101917924e-03,-2.895362002578414761e-03,-3.357559485479985617e-03,1.619042068716027363e-02
2.480931122284665835e-02,9.755096238617933348e-04,-2.828589030851196440e-03,-2.295623181585728506e-02
4.367187563384344190e-02,7.218951803311788110e-03,-5.673996418529085248e-03,-4.521683101862628701e-02
6.006302834341818025e-02,-9.044722216076871504e-03,-5.600852132177604930e-04,-5.045822091412335147e-02
1.325681653495144365e-02,1.638540689195855729e-02,3.298144336230655546e-03,-3.294036776314055587e-02
5.602987269977050509e-03,4.286350890236422309e-03,9.471942590596140257e-03,-1.936128075080958272e-02
7.099507307921395756e-04,8.833033948624625584e-03,1.183381590188213768e-02,-2.137680058129887845e-02
7.721262527483498291e-03,3.807548731425285690e-04,1.453272055016459861e-02,-2.263473795079059409e-02
9.671677450348787827e-03,-8.952168004992610423e-03,3.829633750540323723e-03,-4.549143195896505031e-03
1.266383749298797970e-03,-2.805584526004288159e-03,1.760219004104779600e-03,-2.210182273992721187e-04
2.043787101629837219e-02,-3.103107167510592290e-02,2.220560839250499286e-03,8.372639819557142066e-03
1.273940271820708965e-02,-3.699207903563842686e-02,-7.306200951258824856e-03,3.155887726869022886e-02
-2.532817034815336779e-02,-2.570396978273680605e-02,2.726297529918134035e-03,4.830584260097206539e-02
-1.132535145643749804e-02,-1.018682441536321141e-02,7.044055384570832232e-03,1.446812048722989803e-02
9.869531763990345777e-03,-1.972658573980194674e-02,-5.883274014382437050e-03,1.574032799019403975e-02
-2.311864036605318362e-02,-1.776137690366873939e-02,-6.402406132815442047e-03,4.728242340253737547e-02
-2.723878739297258197e-02,-5.152123145128958102e-03,1.892143194989284695e-03,3.049876734311228466e-02
-1.716407925121577632e-04,-3.614968889383183073e-03,-4.409267355998498610e-03,8.195877037893850234e-03
-2.826349867131098745e-02,7.740786524481316384e-03,2.585427023854803934e-03,1.793728512297483937e-02
-3.156030889955909607e-02,5.191929698087703604e-03,4.104352781747078009e-03,2.226402641972422339e-02
-1.185311615079250860e-03,-1.689943193216260657e-03,8.382549369346575449e-03,-5.507294561051072172e-03
1.192509323995975118e-02,2.540695482528536157e-03,4.593073457210211999e-03,-1.905886217969854704e-02
-8.207515478836361483e-03,1.304284011224551322e-02,2.424827792376300049e-03,-7.260152425785475205e-03
-3.821268310448842909e-03,-1.124152394396107577e-02,7.475853956235458189e-03,7.586938298174494312e-03
-4.598114237654810088e-02,8.095445143155910461e-03,8.470720671340924851e-03,2.941497656205122047e-02
-4.142124466542482231e-02,-6.833730368753337427e-03,4.322156947923625619e-03,4.393281808625450202e-02
-2.289608713886740268e-02,3.296402004424596032e-03,-3.966038216927424663e-03,2.356572335137027685e-02
-3.109586737691826669e-02,-8.153882776911664659e-03,2.221851589420133308e-03,3.702789856440969612e-02
-2.626869596311733404e-02,1.778419911839690013e-04,8.895560294685448191e-03,1.719529367724792826e-02
-3.314515410558237923e-02,4.067652327428297743e-03,1.239673806635167679e-02,1.668076371180236828e-02
-2.720536590874103600e-02,-6.062628055046159065e-03,1.168321449365651750e-02,2.158477947013057174e-02
-1.244199873430840673e-02,-5.715414211966043066e-03,6.418158286513591694e-03,1.173925465976087372e-02
-7.904889985575563882e-03,-8.681085959830831195e-04,6.855769904921177327e-03,1.917228676637455905e-03
-1.952997211581593284e-02,9.348254566044036581e-03,2.378823402849890994e-03,7.802894146922006134e-03
-3.338823310972360153e-02,9.870382887455337109e-03,1.099815304491848396e-02,1.251969717734991404e-02
-2.204605664382656288e-02,7.360289227961278220e-03,3.140067828605003913e-03,1.154569958726026774e-02
3.356132085831021496e-03,5.915641345249597269e-03,-8.136001136081894144e-04,-8.458173317472414063e-03
-1.315756772086497904e-02,1.939038974397487222e-02,2.157193481622824045e-03,-8.390015504732697277e-03
-3.682029786844091129e-02,1.262547183439387266e-02,1.329578829691921600e-03,2.286524720435508320e-02
-3.271311392672716922e-02,3.379231086625239522e-02,-8.617369628733445239e-03,7.538172689208210570e-03
-3.939902530793434887e-02,1.434801301232796131e-02,-9.292383844203619750e-03,3.434339613981025191e-02
-7.337171517611730141e-04,1.110668512967773539e-02,-1.533377380941337159e-02,4.960805831496798921e-03
-1.032463091795365884e-02,7.739181239560974064e-04,4.149643532889146498e-04,9.135748440708668303e-03
1.028012703673483047e-02,-1.018697577834825133e-02,-1.399020756240034954e-04,4.675081723740052574e-05
-3.915304669308364294e-02,-1.870730414315234860e-02,8.129716595356479766e-03,4.973063424087961759e-02
-1.612986233699368471e-02,1.355713265162538164e-02,2.707854711495201721e-03,-1.351250261269248065e-04
4.733667581651948390e-03,-9.313373634314231139e-03,6.441848637923451061e-03,-1.862142585261155302e-03
-2.918255963298375250e-02,1.163868051603120408e-02,9.959723030471313160e-03,7.584156086481170199e-03
-3.241996772045620256e-02,3.985577720872937602e-02,4.951133865791428057e-03,-1.238694335406449396e-02
-3.584554178611390474e-02,4.172615822494248061e-02,5.281438977153886730e-03,-1.116205541598266904e-02
1.257339447460555613e-02,-1.046818269954974748e-02,-5.181257094147274922e-03,3.076045319091465398e-03
2.942449687130059208e-03,-1.203227868439396553e-02,-8.040271232813629362e-03,1.713010023007751834e-02
-2.771052297153080851e-02,4.070603746160370365e-03,1.317349836026463980e-02,1.046642086510573937e-02
-3.115589765460364396e-02,7.661052112069011849e-03,1.512369096192373030e-02,8.371154580610926099e-03
3.374934192532689364e-02,-2.951411821882602565e-02,3.573521869590724591e-03,-7.808745576091620337e-03
1.575399361549705002e-02,5.939660059061958701e-03,1.032148160316777828e-02,-3.201513527772674450e-02
1.423349589520017840e-02,9.446755260355023387e-03,1.394540334501790518e-02,-3.762565450057300115e-02
7.155294945108093760e-03,1.890337971474824116e-02,1.379140083134494828e-02,-3.985007549120134218e-02
-8.887552895419870147e-03,1.828240933930970480e-02,6.868672975016540307e-04,-1.008172374139151665e-02
-2.570012685374866226e-02,-1.522564331283237618e-04,1.173074567883098480e-03,2.467930871899388229e-02
-5.180141087057811566e-02,2.257862154513766775e-02,-8.280117183952252768e-03,3.750290650939270415e-02
-3.456963785155776729e-03,1.856342112725742691e-02,-1.258759775699442619e-02,-2.518859585107291639e-03
-1.877024691312124960e-02,3.538564745124533895e-02,-1.373882414655318643e-02,-2.876576391570931108e-03
-1.628123449957198220e-03,-4.366786442025536829e-04,-1.002925917587728193e-02,1.209406127003701849e-02
2.319619460046803625e-02,-2.589056510869551866e-02,-2.501934594437435488e-02,2.771371645260187894e-02
-2.249660298694223376e-02,1.154013998604143734e-02,-3.677809055525522747e-03,1.463427205642635516e-02
-1.107581398323976294e-03,1.251814318133470487e-02,-6.644742779493009559e-03,-4.765819003517757398e-03
-1.571567563952199278e-02,2.180092029275249726e-02,-3.595327147914917885e-03,-2.489917505315676367e-03
1.081600990456610747e-02,-1.729152940346848641e-03,9.349119166439623070e-04,-1.002176888086322992e-02
1.036789057881293101e-02,-2.416854249564945063e-03,7.228099943463606701e-03,-1.517913627271160956e-02
1.105873180314052850e-02,-1.786739559606768252e-02,9.552854605645189762e-03,-2.744190812718010596e-03
-1.038278357190937015e-02,-1.750700912959768374e-02,1.794026226573651461e-02,9.949530435770615605e-03
-1.620852425898256302e-02,-1.155266820238935038e-02,1.326722833157108032e-02,1.449396412980093543e-02
-1.079659999141358018e-02,-1.196471548013457870e-02,1.476192066903548976e-02,7.999394802512689931e-03
-2.075132108575793513e-02,-1.276478441428815537e-02,1.070972241953931960e-02,2.280638308050681601e-02
-2.871643763485280318e-02,-1.489499850530235509e-02,1.143165515050076700e-02,3.217978098965441902e-02
1.164775682161687739e-02,-2.519370145613727963e-02,4.499013108594142850e-03,9.046931525926289741e-03
5.322952143828473155e-03,-1.108186316784935156e-02,1.644772410536146168e-03,4.114138613484777558e-03
3.401532981956971458e-02,-1.886528058484583659e-02,-4.092534719109096157e-03,-1.105751451561475841e-02
2.378371152379344863e-02,-1.815002150123592659e-02,5.284342315287350947e-03,-1.091803233784477585e-02
3.260784354634899823e-02,-1.568678406064213287e-03,-1.550597024249392338e-03,-2.948856811603530609e-02
-1.353380141497627365e-02,2.223354252523797748e-03,5.621044547757201096e-03,5.689402614695258757e-03
5.712227627440500007e-03,-3.563774659529178688e-03,1.035933728801627547e-02,-1.250779025592756340e-02
1.487448609390152297e-02,-7.499389131333907693e-03,5.969996273472770454e-03,-1.334509323604031981e-02
9.909261447341936868e-03,1.508751358950079398e-02,5.225918351540895755e-03,-3.022269338838357369e-02
6.322113085280422345e-03,2.954198258430382890e-03,6.180027739324164653e-03,-1.545633908303494300e-02
1.275378230781093643e-03,1.128324980973868276e-02,4.753343850464564159e-04,-1.303396242556625374e-02
9.583032848467232245e-03,4.897085309030804225e-03,-8.132277291887179613e-03,-6.347840865610887215e-03
-1.475293912774549437e-02,2.543369765408004090e-03,9.368440158282602750e-03,2.841129204054873222e-03
-3.237043047335541601e-02,7.884322955089702670e-03,4.083057792060094775e-03,2.040304972620557086e-02
-4.277836714336311769e-02,-2.110892676950335695e-03,1.214394686525149814e-02,3.274531295506200729e-02
-2.986704807916620852e-02,2.462855571838382541e-03,-1.610783582757629659e-03,2.901497609008548209e-02
-2.717684235421242989e-02,-8.504820879429964356e-03,2.990653966773866058e-03,3.269100926686865222e-02
-2.893475600967142236e-02,5.978317053944504599e-03,6.287622308017740309e-03,1.666881664770911500e-02
-1.753446164796248563e-04,-9.732931468850371942e-03,1.158912644494518480e-02,-1.680850359615221291e-03
-9.974465728411794491e-03,-5.537761868221685937e-04,1.034201471571157341e-02,1.862271995223805689e-04
-9.223151172130563888e-03,-5.907167282596510055e-03,1.048696210570415448e-02,4.643356349022887374e-03
-2.180126066758636058e-02,1.125693341610330134e-02,8.048689752687089236e-03,2.495637498796012509e-03
-2.326458456292055527e-02,1.043960903672784025e-02,1.868763563951334481e-03,1.095621196224148136e-02
-2.163062815711468481e-02,4.983721324542658357e-03,4.140231819827403306e-03,1.250667501274464917e-02
-1.643352976051742909e-02,6.531143272698437287e-03,3.307982432865128400e-03,6.594404054953846052e-03
-7.599021677428965428e-03,2.220370925625237551e-02,-1.287957086680935163e-02,-1.725116712014039804e-03
-3.415306330840130883e-02,5.957658309343824218e-03,-6.116757640988990628e-03,3.431216264004647437e-02
-1.377112855952974772e-02,-1.887224695899432977e-03,-9.756593908404734283e-03,2.541494716383386684e-02
-2.529607395558354423e-03,3.026501010599295938e-02,-4.228985067103300556e-03,-2.350641764333121983e-02
-1.173261298661336383e-02,2.120624800531578300e-02,1.293516848621971916e-05,-9.486570187188651457e-03
1.962160644708036208e-02,-2.178103846939139290e-02,-5.387164658734003818e-03,7.546596681045098821e-03
-4.069476593165730072e-02,-1.993836633519346056e-03,1.208486127668910622e-02,3.060374128848756745e-02
-4.448671296577110662e-02,3.524483995336181227e-03,2.462464717373939477e-03,3.849976425306091826e-02
3.513687255262560368e-03,5.096330100456758841e-03,4.727894375961565546e-03,-1.333791173168089560e-02
2.499342861104111944e-03,-9.408472128770191747e-03,4.809754537567724128e-03,2.099374730098347436e-03
-3.757549811269312451e-02,3.236035587778048062e-02,8.554371562253719127e-03,-3.339229327341195364e-03
-2.654344574181064301e-02,3.171884588675349254e-02,1.542167366402327853e-03,-6.717567511345106691e-03
-1.935973362031531350e-02,1.279991303489694428e-02,8.614676795876024737e-03,-2.054856210457629492e-03
1.984857421426196658e-02,-1.148002754436236970e-02,-7.991459232744933805e-03,-3.770874371546526632e-04
1.154429639932717279e-02,-1.514534674702255543e-02,-1.142706915506030464e-02,1.502811950275566473e-02
-1.539035931969442474e-02,-3.948870429206793528e-03,1.613935361139704231e-03,1.772529438776153030e-02
-3.186530755393077868e-02,8.234802164051948509e-03,4.872021133103704958e-03,1.875848425677517986e-02
-1.368070912215546206e-02,-7.239560155311347035e-03,1.205840189633671997e-02,8.861867381130079588e-03
2.044579862511241089e-02,-8.905200891912479905e-03,8.594345603367668091e-03,-2.013494333656749846e-02
3.142189597424062397e-02,9.250917437174772939e-03,8.717520899354729014e-03,-4.939033431077023695e-02
1.555289268315815203e-02,4.836504327190523957e-03,1.378828118635377041e-02,-3.417767819670243512e-02
2.896302443570884441e-02,-6.156802604639513218e-03,5.361078453668810008e-03,-2.816730028473810390e-02
-4.291539370687948683e-03,3.760857519971056058e-03,3.246279613481979978e-03,-2.715597762765090389e-03
-8.992466622545781593e-03,1.176664758057792068e-02,-1.240909155315685118e-03,-1.533271802716502973e-03
-9.298174680121826241e-03,1.593980045969438028e-02,-8.347026160744792922e-03,1.705400381172208308e-03
1.803975590542910429e-02,9.829000877148153653e-03,-6.231051063201256332e-03,-2.163770571937605885e-02
-1.868521152950880851e-02,3.280638977814830798e-02,-1.495821686335437224e-02,8.370386147148077202e-04
-1.081850596029248004e-02,-3.078409039630337907e-03,-1.405766382205951223e-02,2.795457882198225733e-02
2.337907847350602364e-02,-2.262168324309341352e-02,-1.736619964876559910e-02,1.660880441835304797e-02
-1.773832811679514759e-02,-1.019707149930576540e-02,-2.799804207757942390e-04,2.821538003687664928e-02
-1.209996874522184691e-02,7.381557609586098141e-03,4.049335000167503425e-03,6.690761354682632370e-04
6.124291673959112933e-03,1.505228232884188498e-04,-5.682982989738613600e-03,-5.918315075089107839e-04
2.160844517462028741e-02,6.313143691500305377e-05,-3.639676957115721531e-05,-2.163517984196410698e-02
1.878737617808784108e-02,-1.587830024323931208e-02,-2.879937376338173680e-03,-2.913855851037414679e-05
7.384862284438058026e-03,-1.623981636965969588e-02,2.279971576533491081e-03,6.574982508688124658e-03
1.309679915062909004e-02,-2.816844563944992386e-02,3.447599692106706123e-03,1.162404679671409126e-02
8.282726953280587084e-03,-3.336126622268002079e-02,1.051959359786388930e-02,1.455894567153544553e-02
1.454882632350531883e-02,-3.999818899173664122e-02,5.839017609895087724e-03,1.961034505833626762e-02
2.008487175615602735e-02,-3.114110676681444700e-02,3.115661299604265805e-04,1.074466888069801514e-02
3.354003809316954965e-02,-3.257713660498059299e-02,-5.954383696280891175e-03,4.991482208092053348e-03
2.463790217218069997e-02,-1.340811517187844200e-02,-3.065177115212246520e-03,-8.164609885090037475e-03
2.164149075765992719e-02,-1.374195166146977183e-02,-2.851247340680736556e-03,-5.048291755509443091e-03
6.432586926518107581e-03,5.750175984699784984e-03,1.329176332492329514e-03,-1.351193924371023834e-02
2.035309041909808339e-02,-1.408241219151413343e-02,-1.502604875640259135e-03,-4.768073351943758267e-03
1.621477598022796895e-02,-5.257599930260108481e-03,-1.626761316279279031e-03,-9.330414733688535689e-03
-7.323556843583774179e-03,1.165825753920692563e-02,3.534370949854702057e-03,-7.869071645477872592e-03
-7.169390592031685272e-03,1.156286914989486901e-02,1.343577638245687083e-03,-5.737056196108918961e-03
-1.566531346259272123e-02,2.586194383450871048e-02,4.659203740991864871e-03,-1.485583411290776132e-02
-3.374342818075652477e-04,3.942948012356312960e-03,2.933854093115111170e-03,-6.539367823663847119e-03
4.389517212431823766e-03,7.534548349785273949e-03,-7.280402135913750577e-04,-1.119602534862573773e-02
-2.395837846976115598e-03,-3.783524998136109270e-03,1.842782328585674135e-03,4.336580516526556371e-03
1.501543286392497106e-03,-4.326806790271076758e-03,1.750144691416693566e-03,1.075118812461910373e-03
-1.396118562317133840e-02,-2.730378677644670730e-03,1.744382850439716312e-03,1.494718145037628697e-02
-2.491375347172199856e-02,-7.576044182433219233e-03,1.058933284584502414e-02,2.190046480831020145e-02
-2.415228280749958517e-02,-1.680996854449143263e-02,6.180001003189471327e-03,3.478225034880155081e-02
1.636403190512281548e-03,-1.450251112358315504e-02,3.901780891100125204e-03,8.964327041970737014e-03
-6.279959643164297750e-03,-4.800134747317880602e-04,5.510371288025466344e-03,1.249601829870661696e-03
-2.092983318998460629e-02,1.592628690360948715e-02,1.019265136556986653e-02,-5.189105079194865355e-03
-2.428708593844654609e-02,1.392053278117503026e-02,-2.413151576054591713e-03,1.277970473332616479e-02
-4.229417621271067823e-02,2.285167470142917059e-02,1.516622525581030325e-03,1.792587898570047883e-02
-5.278222382658520617e-02,2.385133557783949976e-02,4.863665029774500229e-03,2.406722321897119404e-02
-3.447820811084310877e-02,-1.336552092765682168e-02,2.725103293214044178e-03,4.511862574528578002e-02
-7.660566954079773248e-03,-1.288958843961660224e-02,-3.987123320760659322e-04,2.094886772577241041e-02
-2.082182547823636844e-03,-7.506877663106838877e-03,-2.245923134298421272e-03,1.183498334522886837e-02
-1.879069503348293133e-02,1.303204743176552931e-02,-4.169513334735447385e-03,9.928160936452844199e-03
-1.968224873889756754e-03,3.322195898019960486e-02,-9.167602962609927922e-03,-2.208613114370006070e-02
1.205703754784002817e-02,1.698049892564929692e-02,-8.119695586881543053e-03,-2.091784088660773866e-02
-5.700453651091204679e-03,8.335867627259109514e-03,-7.282581488868056056e-03,4.647167512700127803e-03
-1.026767648274503654e-02,-1.584242184684152635e-02,-3.687155169131773810e-03,2.979725349871832629e-02
-7.493168571844412672e-03,-1.902965770085513625e-02,-1.297179708987314254e-03,2.782000598168687250e-02
-3.030501382072302297e-02,-7.282772789726584331e-03,-1.734655881351263983e-03,3.932244249180084222e-02
-1.356798089929873302e-02,6.059237274858781871e-03,1.696016916382882614e-03,5.812726708057061598e-03
1.091346996888804995e-02,-5.699403532900030982e-03,1.235863541330070364e-04,-5.337652790121062349e-03
-3.265075442504978415e-02,1.468771826739345178e-02,8.342532764318594252e-03,9.620503393337836995e-03
-3.785955420870547317e-02,3.251131087728756364e-02,9.683693047010067875e-03,-4.335449715592105437e-03
-1.936625921463077868e-02,2.267195726248159501e-02,-2.010883881953865176e-04,-3.104609659655407049e-03
-1.834221359128188067e-02,7.022388012442670226e-03,1.510168252236157756e-02,-3.781856943522358874e-03
2.403626555943400868e-04,-1.450918649467671656e-02,1.245500338579965879e-02,1.813820453282800026e-03
6.980327158762677196e-03,-1.865395484602599269e-02,-7.520656902997279077e-03,1.919428459026059977e-02
-1.405423430804167081e-02,-6.091650430624284164e-03,5.667890952112110588e-03,1.447799378655386694e-02
-9.403382883116970237e-03,-2.377509465072136490e-03,7.207404091898029705e-03,4.573488256291099140e-03
-3.487713816313931653e-02,6.853240860615552807e-03,8.532641582601302802e-03,1.949125571992224235e-02
3.300389682626432564e-02,-2.889026518015177722e-02,7.463244514824112115e-03,-1.157687616093681232e-02
7.926910776989830668e-03,3.179941109896178026e-03,1.053279268379442822e-02,-2.163964457068049199e-02
-4.560802732236992371e-04,2.955609842411360128e-02,1.616559016506985413e-02,-4.526560831595979190e-02
-9.673861270984865368e-03,7.781220341244180633e-03,1.130805794237365811e-02,-9.415417012632964697e-03
3.165084245006636460e-02,-6.505293773425814378e-03,7.455396951978091394e-03,-3.260094562861856615e-02
1.866952050669794597e-02,-1.534075757610876313e-02,-4.545126157226271960e-03,1.216363226636957067e-03
2.311619208985965165e-02,-6.898013531940808823e-03,-7.846715183934789908e-03,-8.371463373984066800e-03
2.999413061958542542e-02,9.394570302695161995e-03,-1.416765676932734558e-02,-2.522104415295327653e-02
6.196092681337000106e-03,2.357321784697073014e-02,-1.653596199319934488e-03,-2.811571432898786818e-02
3.768899696803694639e-03,1.740358041443915843e-02,-5.226790733505820574e-03,-1.594568937773708367e-02
1.148194844305735172e-02,-1.533635306046179404e-02,-2.388731764598550286e-02,2.774172226338994518e-02
-3.659646957568073785e-03,-1.128074006498466265e-02,-1.741468861541408883e-02,3.235507563796671815e-02
-3.363518623350082032e-02,-5.222678174315332697e-03,-8.717489623249738201e-04,3.972961337014115080e-02
-1.759540881884995300e-02,-4.195075995478417946e-03,8.447328279975532817e-03,1.334315653435286762e-02
-2.087193832462645726e-02,1.083401751842210346e-03,1.772418366987919131e-02,2.064352902904968440e-03
-2.242256616021449239e-02,2.087755098320378047e-03,2.009296118609838963e-02,2.418498757957019730e-04
-9.384136746583889716e-03,-6.553503341337548957e-03,1.486883327219617849e-02,1.068806815725261046e-03
2.434049744801706355e-02,-4.203568456239872853e-02,3.811402726484168588e-03,1.388378438789756447e-02
2.000540999446534171e-02,-4.091398655945302498e-02,-2.439579944934018227e-04,2.115253455948100728e-02
2.305637937401524423e-02,-4.604344488929285051e-02,1.103653061731020915e-03,2.188341245354647260e-02
2.579589970263889559e-02,-3.857133170449094511e-02,-3.391278237321440018e-03,1.616671023917353942e-02
2.003930527535299072e-02,-2.883398680949016482e-02,2.714883511935048464e-04,8.523193182943698473e-03
9.248315080203102848e-03,-1.837157807503445386e-02,2.385225937649667477e-03,6.738037057181692213e-03
1.117287111226669162e-02,-1.358114117714206807e-02,5.947857386473158134e-03,-3.539587321597745251e-03
7.488050807680061288e-03,5.857416304645008710e-03,7.244148896964250871e-03,-2.058961600928934862e-02
2.063582320468736880e-02,7.500992311968028396e-03,2.974707043885842922e-03,-3.111152256054122711e-02
3.109433462856531563e-02,-2.351691282368010769e-02,2.172271791018152379e-03,-9.749693595903340809e-03
3.400430777980110314e-02,-1.831163914013101898e-02,4.609313146394427262e-03,-2.030198178606451576e-02
2.637483923218449447e-02,-1.163436277255031071e-02,-3.316209826348139305e-03,-1.142426663328603882e-02
-3.292052530844732493e-03,1.532406579905253030e-02,9.305640023083858181e-03,-2.133765329129161739e-02
2.435153837224071117e-03,9.935940499834332654e-03,4.946344502715791826e-03,-1.731743883977420947e-02
5.326143987790731352e-03,1.736226587011311523e-02,1.011370592775343372e-02,-3.280211578565719183e-02
8.456601925816688292e-03,3.675008904655865417e-03,6.003918049612440473e-03,-1.813552888008502714e-02
-1.401315546158736144e-02,6.839627029565196678e-03,6.502581056038453725e-03,6.709473759837149449e-04
-2.676445651883679888e-02,1.455512238511669568e-02,6.422563914781284633e-03,5.786770218938719693e-03
-4.018383787472312035e-02,1.582183226629713460e-02,3.371622700765825043e-03,2.099038290766011908e-02
-5.058261886704379373e-02,1.591335717058621479e-02,2.366749575077906759e-03,3.230251212137978667e-02
-2.369997744451571298e-02,-2.652383369736073808e-04,6.108840059763702597e-03,1.785637572172562790e-02
-1.962941413263463719e-02,5.172474575840192192e-03,9.124747684943453410e-03,5.332191871850941282e-03
-9.677580104858547055e-03,-2.718140084258969993e-03,2.085658197397909433e-03,1.031006199171961499e-02
-1.774223098145389158e-02,7.310879908150940895e-03,-1.870882808700320829e-03,1.230223388200324050e-02
-7.723339310591323566e-03,-2.849543026234534464e-04,-6.065660981607847585e-03,1.407395459482259359e-02
-7.023779127059461003e-03,-1.967814291191116033e-02,-8.379052024315776503e-03,3.508097406328632151e-02
-7.203893147571901155e-03,-1.209320694917545048e-02,-6.444494738479281462e-03,2.574159483522660274e-02
1.887851848631723339e-02,4.074088890574222022e-03,-1.355272462093118531e-02,-9.399882755960311739e-03
1.989666853116864309e-02,3.664896792924670320e-03,-1.159275642077528014e-02,-1.196880890331802894e-02
1.513489249864181409e-02,5.788138487868049742e-03,-1.212193567207866390e-02,-8.801095314431279723e-03
-5.900281879387545480e-04,6.999329736363350818e-03,-9.475852959776454379e-03,3.066551411351871228e-03
-9.832881462786930218e-03,4.466968279583590634e-03,-3.813957426026822091e-03,9.179870609230124379e-03
2.777125871105417480e-03,-5.127748605894392499e-03,-1.062537088539275074e-02,1.297599362018174267e-02
1.821054185284514196e-02,-2.480140017861704946e-02,-3.351499895825327952e-03,9.942358221597256268e-03
-2.913352583594373130e-02,2.396900936270796121e-03,5.104715398053328267e-03,2.163190950161963597e-02
-2.137235566600649908e-02,1.090412893945679786e-02,2.379682285878190629e-03,8.088544440671556132e-03
-2.255848647088260980e-03,1.047246908396088673e-02,5.859974650351397300e-03,-1.407659508722403433e-02
4.518731728602160165e-03,3.760909350100827449e-03,-4.120378338502057175e-03,-4.159262740200959929e-03
-4.581294946241122601e-02,2.565687325409346173e-02,8.381295049526770249e-03,1.177478115879098709e-02
-2.364999713661809083e-02,1.050165876603542138e-02,1.289433630801937319e-02,2.540020625633357225e-04
2.680169929225483926e-03,-1.262345317778185323e-02,1.360233019478392091e-02,-3.659046946227554643e-03
4.538703805104786493e-03,4.648742648615497228e-03,2.485658560484714594e-03,-1.167310501420504125e-02
3.048311175010744167e-02,-2.155478022428507570e-02,-1.126496096338955831e-02,2.336629437567233972e-03
2.569415160133848783e-02,-1.812937161431123906e-02,-1.087605650397859870e-02,3.311276516951359040e-03
-5.522000834981151927e-03,-9.846239163820567908e-03,6.771221283952739804e-03,8.597018714848976562e-03
-2.475028999220718270e-02,7.345219793972781672e-03,2.216167701415087260e-03,1.518890249681934153e-02
-4.324390773750241140e-02,3.341714305697068149e-02,3.174568878259681568e-04,9.509307792705930240e-03
-1.636667359140079464e-02,-8.031561389594316439e-03,1.667378618938298446e-02,7.724448791612222032e-03
4.543563331865815846e-02,-2.723118138156309376e-02,-2.182869446670990168e-03,-1.602158249042412441e-02
1.968480644780362318e-02,7.498732868049962780e-03,1.545810473494832818e-02,-4.264164405080193149e-02
-1.039435880506316134e-02,2.688049780574667744e-02,1.983432278811796817e-02,-3.632046178880160570e-02
-2.349443718038852699e-02,8.430378676454160572e-03,1.463603061856192690e-02,4.280278853724920501e-04
1.739954406537020520e-02,-2.073641606579907596e-03,8.756979817188722528e-04,-1.620160044050910492e-02
2.492114342797734083e-02,-8.024124627722938399e-03,-1.270377376247099717e-03,-1.562664142400724959e-02
-3.173727308836124094e-03,-1.110929255052692070e-02,-8.426974532026058895e-03,2.270999439138912321e-02
6.240222784837499807e-03,4.714208395975165097e-03,-1.572377205177359280e-02,4.769340870960904477e-03
4.248755456098669836e-02,1.024175080912050756e-02,-1.473382561421569250e-03,-5.125592280868584982e-02
3.952194608942984078e-02,1.381025467844632267e-02,7.956624376649117309e-04,-5.412786320554115183e-02
3.524366195453652872e-02,-9.621931728837497533e-03,-8.231677760474271840e-03,-1.739005246522468823e-02
-7.573043102981964758e-03,-6.743542877548801794e-03,-9.010024799782455698e-03,2.332661078031320404e-02
-1.872396190398677857e-02,-2.263856620446449280e-02,-4.800283430472675542e-03,4.616281153892395211e-02
-1.351967573455957992e-02,-2.779356226016094569e-02,6.831012866044075017e-03,3.448222512867648443e-02
-7.675100584119186851e-03,-2.957210318155475970e-02,6.769450977558046437e-03,3.047775278811591659e-02
-6.064223644008106054e-03,-3.020085966461183088e-02,1.211284967682758548e-02,2.415223363179242952e-02
6.701101079584630658e-03,-3.154079004366795030e-02,1.443953292439807863e-02,1.040015603968517596e-02
8.315353175602028732e-03,-2.571203369531132807e-02,9.159526105754635383e-03,8.237154413954554666e-03
2.478180089282865789e-02,-2.769351198570681183e-02,7.764423675955143753e-03,-4.852712583077010630e-03
3.038087002508631229e-02,-1.866149127962853094e-02,2.292196357947045519e-03,-1.401157510340472756e-02
2.805864441950121912e-02,-1.741856766286176486e-02,4.062189244123337768e-03,-1.470226600076280851e-02
4.348513223398551425e-02,-2.785422327989157606e-02,1.123735934402974538e-03,-1.675464488849696953e-02
2.925400267894491188e-02,-2.471945215722781697e-02,5.830068893112905562e-03,-1.036461941482996925e-02
2.162329515505175687e-02,-8.013890328017234110e-03,2.352551782659643292e-03,-1.596195660969418340e-02
2.133240656788575745e-02,1.454237207641839637e-03,6.235313076181789316e-03,-2.902195685170947531e-02
2.023083826366686017e-02,-1.771522984362782285e-02,3.074379580169297934e-03,-5.589988000208278435e-03
2.879426587411530042e-02,-1.683344280648553862e-02,5.539351407651060127e-03,-1.750017447528079417e-02
2.352429482115922510e-02,-1.664229672989790340e-02,1.857573860067585894e-03,-8.739571951328921687e-03
2.636337172565548712e-02,-1.817216558134712029e-02,1.014919260937281742e-02,-1.834039875368123976e-02
1.634722254756414486e-02,-8.312967121604730725e-03,7.465470730118263683e-03,-1.549972615607773940e-02
2.362552245067307821e-02,-1.347417965319626029e-02,8.282892481920904257e-03,-1.843423527939765452e-02
2.940396562187516313e-02,-6.720456728054954518e-03,3.419506593168475383e-03,-2.610301548698866145e-02
3.017665710484337266e-02,-1.204357864367913353e-02,6.224685301741642723e-03,-2.435776376290573614e-02
2.349799289827987289e-02,-2.208262779175350007e-03,2.656209361200878756e-03,-2.394593948030535394e-02
2.120622226097546720e-02,-4.203994699115357579e-03,3.263750565351054324e-03,-2.026597812721112751e-02
2.993305296212300445e-02,-1.058937755563051260e-02,3.613434528506156811e-03,-2.295710993499868596e-02
1.417909034367813813e-02,-2.321541255833825795e-03,5.955538418046461835e-03,-1.781308750589075812e-02
1.898071158521317386e-02,-4.987285045303877125e-03,2.796362458014381349e-03,-1.678978899792373664e-02
2.578037199842830515e-02,-6.044327637504853107e-03,-5.465826618070470690e-03,-1.427021774285295100e-02
2.443653010927401489e-02,-1.329652265985003905e-02,-6.551559021364102096e-04,-1.048485154728755545e-02
1.722624554366870495e-02,-1.182852505149627372e-02,-8.847068455846924043e-03,3.449347963674487608e-03
1.069365828313350794e-02,-1.724574427771584026e-02,-8.082834812328772503e-03,1.463492080691107186e-02
8.556597434484143963e-03,-4.294270536017924696e-03,-8.184132452225845525e-03,3.921805553759654880e-03
-1.281493696716180927e-03,8.139878656946445074e-04,-1.554287266166563082e-03,2.021793097188103513e-03
1.344897230446828913e-02,-5.990551076032080147e-03,-6.465211658059539807e-04,-6.811900062630302059e-03
1.429387475324074043e-02,4.573651810412276107e-03,-1.703511889200774038e-02,-1.832407671645290255e-03
1.670427780798541817e-02,2.894989546204764300e-03,-2.372628946494819910e-02,4.127022110758191836e-03
-1.001740939644036070e-03,-1.871046668904210628e-04,-6.216719923757133177e-03,7.405565530291594728e-03
8.440985336607049333e-03,-1.126918647428485840e-02,-4.198920768053442110e-03,7.027121905731243366e-03
-2.950567041191064221e-02,7.948558319103767381e-03,6.158304918604314004e-03,1.539880717420254695e-02
-4.713558221883536875e-02,2.931417464827900526e-02,6.125116939946273487e-03,1.169629063061025653e-02
-1.441087174110223038e-02,1.603729597970949064e-02,-1.387790271857137841e-04,-1.487645211421583262e-03
1.217377822039904765e-02,2.252101859465956146e-03,-9.436295519640888405e-03,-4.989584560224146620e-03
-6.000098150087008336e-02,1.056044441895655737e-02,2.766707262798624722e-02,2.177346445392720417e-02
-2.072717955351027416e-02,-1.760809340811070019e-03,1.745928085909123975e-02,5.028708035230113754e-03
1.222111895056892349e-02,-1.192228851535954461e-02,-1.899526048192757199e-03,1.600695612983318470e-03
8.842371721242012206e-03,1.592538807774880518e-03,-5.374241596644391966e-03,-5.060668932372511600e-03
-1.729409794948658097e-02,2.917658608928277650e-03,1.383688380816121971e-02,5.395555323971394429e-04
1.984044785398962271e-02,-1.951107584995891153e-02,-4.223506741577063781e-03,3.894134737546343494e-03
2.506909364414351346e-02,-8.696104826390972653e-03,-1.108177910134824397e-02,-5.291209716404364494e-03
-6.618834670582894424e-03,-2.571671358307850604e-03,7.457722135548349417e-03,1.732783893342401248e-03
-8.652746606071166566e-03,-7.496287900280458605e-03,3.968909061327428878e-03,1.218012544502419803e-02
-1.204375933383404138e-02,7.580174441615110219e-03,1.596613541380132980e-03,2.866971350838830486e-03
-2.205695050878106467e-02,1.224498934194058648e-02,8.304516672690552201e-03,1.507444494149903433e-03
-2.201718676772460026e-02,2.792528428966456130e-02,7.346025433094754455e-03,-1.325412295503469555e-02
2.222103959078451652e-02,9.278987351906681572e-03,-4.032873188544059892e-03,-2.746715375414716942e-02
3.399775589493848893e-02,-1.160892660984339485e-02,1.973263131184924482e-02,-4.212146059694434064e-02
-1.438705395481352720e-02,4.810785550424419299e-03,1.817550766388115538e-02,-8.599239259492085646e-03
-1.935849218088494042e-02,9.366971130418077357e-03,1.710951962009537100e-02,-7.117998569628490590e-03
3.898852126756797726e-03,-1.583792476366642900e-04,2.486306960572134614e-03,-6.226779839692254959e-03
1.755964813455197782e-02,1.188363138981099291e-02,3.627795722273019778e-04,-2.980605909659038780e-02
-2.757701483596631479e-04,2.641774128381645537e-03,-3.154775863429136202e-03,7.887718834071425367e-04
-2.436893934540152601e-02,1.332714861551593903e-02,-1.175832532962348305e-02,2.280011605950908737e-02
1.895803945068609206e-02,1.091318513919618642e-02,-1.342365952381906376e-02,-1.644756506606328411e-02
2.513679027067799998e-02,5.196989377895830896e-03,-1.362575782019593944e-02,-1.670802182837793221e-02
4.901607401354320798e-02,-1.438730640215726657e-02,-1.969989656773152298e-02,-1.492887104365452945e-02
5.083832122444040952e-02,-1.759096563948873981e-02,-1.137453176572821890e-02,-2.187282381922334151e-02
4.981546131234317748e-02,-2.591825652797292642e-02,-1.190381590523797474e-02,-1.199338887913236305e-02
2.973867131116670476e-02,-3.016709544130762727e-02,-7.725693600086559060e-03,8.154117730227346261e-03
6.189496287965234184e-03,-3.125491270448894215e-02,-5.437821597518299396e-03,3.050323801404202645e-02
-7.153080375198734089e-03,-3.125541316502469802e-02,-3.825823420870008338e-04,3.879107588231038573e-02
-2.705895900605093107e-02,-1.934776043810193871e-02,8.873439093749642056e-03,3.753328035040316701e-02
-2.399223232197603833e-02,-1.844659864089715981e-02,1.416398483253604110e-02,2.827484613033716052e-02
-1.751881798513507324e-02,-1.743090950948223555e-02,1.706481417283044200e-02,1.788491332178679047e-02
-1.599409867043936548e-02,-1.767184759769738558e-02,1.814525100427513693e-02,1.552069526386159332e-02
-1.079684290952682285e-02,-2.125800106648584667e-02,2.261578741359798750e-02,9.439056562414621307e-03
-2.724963665470839930e-02,-5.909981511243288937e-03,2.322019384146532112e-02,9.939424324486382731e-03
-2.213401649408343330e-02,3.652168932897827472e-03,2.217038201407937545e-02,-3.688534452893754007e-03
-1.537702972971136117e-02,4.978665258791181367e-03,2.219081830542888115e-02,-1.179245383450879502e-02
-1.625288576778309915e-02,6.761855339798067063e-03,2.034879826011685988e-02,-1.085776783213183300e-02
3.571094112400466131e-04,5.435588321100084767e-03,1.959730072042318097e-02,-2.538999845276340012e-02
-5.298813996047158255e-03,1.588197412315722409e-02,1.871745827099852849e-02,-2.930061839810858826e-02
2.859866394073089669e-03,-5.259888213871234848e-03,2.422288469344293510e-02,-2.182286287364475219e-02
-5.884879884125939972e-03,-7.070902785966530144e-03,2.276005312324848318e-02,-9.804270453156063367e-03
5.491785392327792545e-03,-2.189281128311735408e-02,2.240120386165618191e-02,-6.000177970866613433e-03
7.032812855230300038e-03,-2.576011945021015187e-02,1.778788916981575291e-02,9.394174251639898516e-04
1.144600944737791948e-02,-1.935910585134901704e-02,1.594900380588379699e-02,-8.035907401912739320e-03
3.774514946719951646e-03,-2.223159195703085234e-02,1.533072458564951196e-02,3.126352424661410848e-03
7.486668841183365293e-03,-1.330410623468170593e-02,1.013525517603309362e-02,-4.317817782534747774e-03
1.977995546284240513e-02,-1.057292691824616472e-02,3.496288788392057541e-03,-1.270331733298831617e-02
1.566153477945350647e-02,-4.479655551651511719e-03,-1.975171804310043439e-03,-9.206707423491953049e-03
1.192018889680579626e-02,-6.876362612781109288e-03,-4.846984977417869008e-04,-4.559127786282880443e-03
1.033941595467227983e-02,-7.011945600596168615e-03,-7.968661694041916533e-04,-2.530604184671941034e-03
1.330837822160147767e-02,-7.185371058912278994e-03,-5.599118022733139306e-03,-5.238891399560761724e-04
1.366836141658941050e-03,-1.427267056564330118e-03,-5.563272046133723760e-03,5.623702961039121935e-03
1.265851306591064124e-02,2.300660007052346932e-03,-8.763692227046950695e-03,-6.195480845916059159e-03
-4.981362269749213013e-03,1.121985916148184569e-02,-4.711914518029397363e-03,-1.526582373703211891e-03
6.337508472721243603e-03,1.652167030255987865e-02,-1.490304914191971364e-02,-7.956129633361433764e-03
5.305718493380000116e-03,2.458157095621492025e-02,-1.750685461650459268e-02,-1.238043483309027477e-02
-3.127228789814597530e-03,1.225662192203455514e-02,-1.208152197538173676e-02,2.952128843161767879e-03
-1.434441691240369299e-02,1.801538401997014984e-03,-2.522061836224045658e-03,1.506494034663067097e-02
-7.219575398721510447e-03,7.332949804939562985e-03,-1.890093018897647361e-03,1.776718612679589401e-03
-3.551734228345863192e-02,1.053845707204040076e-02,1.554431439714548842e-03,2.342445377170359819e-02
-2.092064497898040928e-02,8.231600450807088215e-03,-1.724235226388717195e-03,1.441327975456199034e-02
-2.559369209665705164e-02,3.128786256717910538e-03,-4.502605303233184024e-03,2.696751114317228262e-02
3.497127528415350153e-03,-9.129798222465098159e-03,1.014917002828953814e-02,-4.516499334239801842e-03
-2.218632978194741770e-02,2.225309660923054794e-02,1.663293957518078778e-02,-1.669970640246401516e-02
-1.044350861770267005e-03,-7.806866605593174545e-03,1.042116960798769587e-02,-1.569952140624250635e-03
1.916271719041386101e-02,-1.977942482641454475e-02,1.627596633767098948e-03,-1.010888997766410660e-03
1.127681124911076964e-02,-1.004364346466759920e-02,5.392605076546953639e-03,-6.625772860990153564e-03
-1.414272328667653435e-02,6.367910838125175228e-03,2.527609424988619923e-03,5.247203023562706237e-03
-1.262788243525564229e-02,-4.421856886358043436e-03,1.400726844666482646e-02,3.042470874948883554e-03
1.529962979066374663e-02,-2.473876490080416032e-02,-8.801979124786796921e-03,1.824111423492726092e-02
3.624134143017203758e-03,-7.497695479275183310e-03,-4.461753171658782401e-03,8.335314507916722487e-03
1.923468527168405075e-03,-6.857383302775131237e-03,4.258536301803966632e-03,6.753784738027736236e-04
-2.204717856201275639e-02,-4.860816157027603168e-03,7.651677160168274001e-04,2.614282700302349507e-02
4.734013622926432898e-04,1.820684472312150476e-03,-1.033096408554812868e-03,-1.260989426049975801e-03
7.641875746079263704e-03,2.479535341105441361e-03,-1.547245815113814163e-03,-8.574165272070891769e-03
-3.298260661828821255e-03,4.645142004356700438e-03,9.315710406278040340e-03,-1.066259174880592603e-02
-3.578738448754652940e-02,3.165423186590066162e-02,1.587411812792351509e-02,-1.174096550627760395e-02
3.517325240292262073e-04,1.264715464776595445e-02,-1.531428306573272237e-03,-1.146745886522192517e-02
3.734761689282144193e-02,-1.493599652626477568e-03,2.583077148109034940e-04,-3.611232495500587419e-02
3.459269746396009121e-02,-1.275603146699152285e-02,2.468696659068968496e-03,-2.430536265603763096e-02
-1.986174280786492941e-02,-9.799725849254698265e-03,2.291830416970742912e-02,6.743164487412254063e-03
3.184280343735554830e-04,-7.121602913391721947e-03,4.570448035515187538e-03,2.232726843502959302e-03
1.112062057056357718e-03,1.518536698197080897e-02,2.537054835951211423e-03,-1.883448387497844989e-02
1.066654841713241160e-02,1.964793130808217131e-02,-1.852077011531563615e-03,-2.846240271368311731e-02
-3.654618415653163033e-02,4.227701608115291138e-02,8.050628322559653244e-03,-1.378146024718095337e-02
-1.427982272772292636e-02,1.573554823682877732e-02,-3.198949964278798280e-03,1.743224455172983755e-03
1.304467628945955339e-02,6.708339628887256302e-03,-1.017318848052816728e-02,-9.579827437818676239e-03
3.298216088180572908e-02,-1.120871825695473646e-02,-2.211426811303585788e-02,3.408254881847865448e-04
4.244215257295796268e-02,-2.914088606686579194e-02,-1.896748661971041361e-02,5.666220113618135323e-03
4.245856875164811389e-02,-3.428981021582397370e-02,-1.520437720579397196e-02,7.035618669969707743e-03
2.900364776204433434e-02,-3.088027222155663790e-02,-7.261993584634683120e-03,9.138618044147044789e-03
3.367345201063101645e-02,-1.882443285093579610e-02,-1.128885043912383930e-02,-3.560168720571316430e-03
1.975588952049396954e-02,-5.583942396395857703e-03,-1.181259372779223243e-02,-2.359353396305851648e-03
6.117117757652017554e-03,-6.424952382349014696e-03,-7.397834867863703479e-03,7.705669492560686742e-03
-8.066373250105370388e-03,-3.976478894633592338e-03,-2.079518986088798975e-03,1.412237113082776344e-02
-2.284586696420838267e-02,-1.334195744050183270e-03,8.206636983181261891e-03,1.597342572507727890e-02
-2.720285300828782435e-02,-6.260985781123153300e-03,1.081261795451182728e-02,2.265122083489927093e-02
-4.196455337035581712e-02,-7.834759581854126896e-04,9.798090764755131368e-03,3.294993856378597430e-02
-3.670328601441227162e-02,-2.278306435062548056e-05,5.779333327667330981e-03,3.094673575109558109e-02
-2.877533621162678412e-02,-4.924252102646262423e-04,1.065930776052579926e-03,2.820183064583881363e-02
-2.014589729515577771e-02,-4.232675700259217778e-03,6.963902301528517112e-04,2.368218276526211710e-02
-1.804476397130060430e-02,2.936359844053539232e-03,4.057721325033892407e-03,1.105068280221313884e-02
-1.173537149620616088e-02,9.184366449551928033e-03,5.495595652945613196e-03,-2.944590606291357365e-03
-2.473094790549005498e-03,-4.545976807168622164e-04,1.511309701062772898e-03,1.416382770203099099e-03
-8.930838779238904276e-03,-9.256156496339911638e-03,4.988829349408464148e-03,1.319816592617041422e-02
-7.406289023667095989e-03,-1.261166780620030271e-02,5.224372404060559014e-03,1.479358442580679459e-02
-3.586219251877755605e-04,-1.536072752331330352e-02,2.409367788544906387e-03,1.330998165995618890e-02
1.502324803757563478e-02,-1.658378933600988814e-02,1.813265580582197221e-03,-2.527242821478933887e-04
2.753969339579378367e-02,-1.481551716086278690e-02,-5.349183949740042229e-03,-7.374992285190930252e-03
4.469800710070208349e-02,-1.891205370038659406e-02,-7.603449074563729294e-03,-1.818250432575178877e-02
5.084974158982726034e-02,-1.754893826369437540e-02,-1.466625696371813038e-02,-1.863454636241463486e-02
4.586911691925746326e-02,-1.194560991020447889e-02,-1.226964142822197130e-02,-2.165386558083097143e-02
2.657036232447027024e-02,-1.090979883058251429e-02,-1.171310803916892490e-02,-3.947455454718875288e-03
1.372747050486547611e-02,-3.106299994060310928e-03,-9.484138999260078792e-03,-1.137031511545057985e-03
1.440677292652092246e-02,-5.907607426162132108e-03,-1.208359302451213375e-02,3.584427524153332989e-03
-9.767943764884877509e-04,3.790590313060763876e-03,-1.111877310335078820e-02,8.304977166778547415e-03
3.020093627973823285e-03,1.524236789417837950e-03,-1.820899172113689055e-02,1.366466130374525099e-02
-2.638410528281171299e-03,2.115379165153595531e-02,-1.548916912889720769e-02,-3.026211994357664789e-03
6.331365720479869598e-04,1.893322508058215697e-02,-1.561326979929268319e-02,-3.953091853337422149e-03
-1.077235506726016570e-03,4.455207609679441572e-03,-1.238130102948057157e-02,9.003328926527123799e-03
-8.231554140373128353e-03,2.844674113956797718e-03,-5.829107436938857530e-03,1.121598746335518773e-02
6.512290094811517584e-03,-4.516635239786959133e-03,-1.406344115732087669e-03,-5.893107392924752273e-04
-1.125977605444520349e-04,-1.363172699952408182e-02,-1.381467801426583542e-02,2.755900277433439433e-02
-1.551529869984319410e-02,-1.086085223893426543e-02,1.873676466024079687e-03,2.450247447275335708e-02
-4.193227533921833894e-02,2.274206616068793693e-02,3.623224486126312791e-03,1.556698469240398904e-02
-2.583407062056779224e-03,3.278839336702908669e-02,3.372162218868183289e-03,-3.357714852384048598e-02
-1.251855666177603861e-02,1.113191655387459761e-02,5.042702985578578420e-03,-3.656062877677113132e-03
-1.348259954635237963e-02,-2.888567649561944034e-03,4.759491799226179404e-03,1.161167539668813906e-02
5.441759245379413626e-04,-1.853752682874179603e-02,1.178809165947785828e-02,6.205259244725990636e-03
-6.858504337390018343e-03,-1.031948822716973954e-02,1.827334221793502217e-02,-1.095349653375267537e-03
-1.144579789974314865e-02,1.082225457414390767e-02,6.025088262553115158e-03,-5.401544936953894122e-03
-2.212961450099107125e-03,-7.506240681047153529e-03,-1.493237199179758964e-03,1.121243933032601940e-02
-1.358533186945468617e-02,-7.934331511595863959e-03,8.956259534301489605e-03,1.256340384674905532e-02
1.349534733419787032e-02,-1.901101061027605371e-02,-6.553694468326958476e-03,1.206935774440512192e-02
4.444519747186178888e-04,-1.096919319889630776e-02,3.535457174188683105e-03,6.989284049989027796e-03
-2.594870782373929693e-02,9.143982326676224417e-03,1.337065010453082972e-02,3.434075392532289633e-03
5.320184568179855966e-03,-1.870515136093030796e-05,-4.519098298023624047e-03,-7.823811187952883469e-04
3.180329851353217580e-02,1.219635448462271266e-05,-4.625134063928334018e-04,-3.135298146162391469e-02
4.155725532543055878e-02,5.048730565823443626e-04,-8.611638766093956954e-03,-3.345048961591903791e-02
5.437017455044502318e-02,-1.095306396720492625e-02,-9.944831814481924618e-05,-4.331766226509531359e-02
4.074929775093326378e-02,-1.763855657351274392e-02,1.386042419831829547e-03,-2.449678359725245697e-02
-6.539619669391796841e-02,5.559115369404570711e-02,2.390483536377127280e-02,-1.409979236389906701e-02
1.025276170768823006e-02,8.116919194520316738e-03,8.556162064776409032e-03,-2.692584296698492113e-02
5.374395330648906038e-02,-2.746840922739208005e-02,-8.963243923019785465e-04,-2.537921968679519510e-02
3.667606274725946497e-02,-1.775584395413357455e-02,-1.498524157349272277e-03,-1.742169463577670011e-02
-9.084889395912242732e-03,4.534307021496086928e-05,-3.450790097650637597e-03,1.249033642334788745e-02
5.759421668371656877e-04,3.182797466961627582e-03,5.625627769726273403e-03,-9.384367403525026990e-03
-7.965320410445536625e-03,1.646730541396899949e-02,7.647133839353998166e-03,-1.614911884287737950e-02
-3.992477618807934066e-03,2.526409353771932875e-02,3.966018843581837767e-05,-2.131127610734722191e-02
-6.170032859866607378e-03,3.812991372287630187e-02,-1.446450020558287660e-03,-3.051343084245143264e-02
-1.838738402146868414e-02,2.615345039160283172e-02,-2.571331749664587402e-03,-5.194734620469580559e-03
-1.157225466030570825e-02,1.864503809095528764e-02,1.643315371558960909e-03,-8.716098802208482182e-03
-7.833611775440580544e-03,2.054962752680653329e-02,-1.547260521958069386e-03,-1.116875522940792217e-02
1.519893854644290693e-03,1.281598565465588355e-02,-2.778374900845543248e-03,-1.155750460845461798e-02
-6.945116953654889742e-03,1.522336899459529082e-02,-1.514129095550804808e-03,-6.764122945389612965e-03
-2.114787889187614515e-03,1.962543114544335141e-03,-9.289793592768042299e-03,9.442038367411340755e-03
-2.385250656882102532e-04,-8.352783391781363337e-03,-1.030026605462172618e-02,1.889157451209131852e-02
4.409266854062147620e-03,-1.245489016529320592e-02,-1.241229645262368134e-02,2.045791976385471361e-02
5.143122163447041599e-05,-1.638181066073214620e-02,-4.899974192975852828e-03,2.123035363207354323e-02
3.670907671495428435e-03,-1.464748151942026240e-02,-6.897957636997448412e-03,1.787453148492223337e-02
1.401033780876565459e-02,-1.921058507000130908e-02,-3.118422565081521974e-03,8.318669826317131796e-03
2.380712526555493758e-02,-2.563721778312027383e-02,-4.366576350001387732e-03,6.196668867566697096e-03
2.805616530437817294e-02,-3.358649902539578153e-02,-6.296537364150715278e-03,1.182687108516835249e-02
3.495431089116052964e-02,-3.783794088108886206e-02,-4.014398598049578361e-03,6.898028587977908174e-03
2.986696709996825710e-02,-3.001149643256981192e-02,-6.894833764749499355e-03,7.039363097351049835e-03
2.628004529271403891e-02,-1.721352955545111738e-02,-7.027971095800851671e-03,-2.038544641462131449e-03
3.197846611813271595e-02,-2.628594886957096033e-02,-7.741844923586022227e-03,2.049327675024251866e-03
3.772332697951209790e-02,-3.378667298889987541e-02,-6.982540553795850945e-03,3.045886563183658382e-03
3.545444050193510138e-02,-3.271833251784003749e-02,-7.926306512613327804e-03,5.190198528518269114e-03
3.975670764057129963e-02,-3.044528483654660583e-02,-7.274987564482619622e-03,-2.036435239542161782e-03
3.059384164688158311e-02,-2.602400311524709353e-02,-8.133004460169176303e-03,3.563165928534732258e-03
3.014652679832073925e-02,-2.302613524668484929e-02,-1.044890762055125655e-02,3.328516068915349235e-03
3.022855572863119081e-02,-1.881007565881744059e-02,-1.483253690302413670e-02,3.414056833210338347e-03
2.784664851233037766e-02,-1.954165441688535815e-02,-1.252524124895673663e-02,4.220247153511717982e-03
3.340945023220246585e-02,-2.283245096437082691e-02,-1.255803977367954231e-02,1.981040505847753760e-03
4.482068419182849012e-02,-2.904337888484223931e-02,-1.321068945886652059e-02,-2.566615848119780524e-03
3.705043028944812744e-02,-2.453562052335184901e-02,-1.214299253301029044e-02,-3.718172330860349917e-04
8.711404842470989521e-03,-1.705439790035139999e-02,-7.949773716510521310e-03,1.629276677439083984e-02
9.177177533986483407e-03,-1.096878426301563930e-02,-1.040235318091168627e-02,1.219395990994087339e-02
1.839944595159513294e-02,-1.344479593477904134e-02,-1.045490141421987103e-02,5.500251397403814121e-03
-2.476640893810732463e-03,5.272767920335858990e-03,-4.554525348785724501e-03,1.758398322260604912e-03
1.135141469218629330e-03,6.547447933282420605e-03,-7.556424838278593195e-03,-1.261645642224686666e-04
5.884849728433195863e-03,-1.097971580128210591e-02,-3.542731709852966256e-03,8.637597782701879334e-03
-6.864357257212011856e-03,-6.150464780283067777e-03,5.843023767858767880e-06,1.300897901372721419e-02
2.672988586995615409e-02,-1.824487304065961629e-02,-9.972637129654149737e-03,1.487624300357548836e-03
2.853832537633688854e-02,-1.266907049798454005e-02,-1.458185976502695928e-02,-1.287395113325362538e-03
-2.400489031724764230e-02,3.443850027049352649e-05,-1.304648850600446898e-03,2.527510066757756788e-02
-5.734412205675051832e-02,2.051382329581931396e-02,-8.212941232583798219e-04,3.765159288418951783e-02
9.399339688711949711e-04,2.025383876155760141e-02,4.067717470727002724e-03,-2.526149020115575280e-02
-1.547057886022771113e-03,3.126157624060225439e-03,3.686923740521680370e-03,-5.266023478559130576e-03
-4.868248108240194605e-02,7.415835240681714104e-03,1.347504533935109904e-02,2.779160050236899326e-02
-1.083716812404659190e-02,3.605828712941628201e-03,5.826011806427350108e-03,1.405327604677603613e-03
1.600004224755345941e-02,-1.052357083785547542e-02,1.233977818905901414e-02,-1.781624959875696690e-02
7.159681889824400132e-03,-4.086430877529966497e-03,1.375967059910679878e-02,-1.683292161140124976e-02
-1.913163314720310636e-03,-7.163404469309240727e-03,1.411877319043400129e-02,-5.042205406404424994e-03
1.027476087887748551e-02,8.442995061661501873e-04,-4.801942784935880199e-03,-6.317117600107749649e-03
-1.560965930782417729e-02,-1.037273756699794679e-02,1.975958186423072346e-02,6.222815010591373729e-03
2.055162720952837061e-03,-2.183350762173174794e-02,1.409898540996245946e-02,5.679359490816416299e-03
-3.048800133790100647e-02,3.236027792017245192e-02,-1.125943670086409186e-02,9.387160118592668967e-03
-3.570230152847720523e-02,3.193785988130642267e-02,1.164136689913267825e-02,-7.876925251961919977e-03
1.542855090327790307e-02,-5.016918043729044242e-03,2.759025331973850859e-02,-3.800188617928734747e-02
2.684383261948940572e-02,-1.247862903137973234e-03,8.158663963732010888e-03,-3.375463368008360665e-02
2.371662878574155517e-02,3.982682473342428163e-03,2.981773501024378298e-03,-3.068108476010829311e-02
4.335844721166701166e-02,1.783388663557551601e-02,-7.888296492633178111e-04,-6.040350419797928250e-02
8.764347892589800793e-02,-7.044902336564278639e-03,-7.417851170719426922e-03,-7.318072541861414537e-02
5.194867751465016142e-02,-1.550426482535204389e-02,4.529497170459993727e-03,-4.097390985975823269e-02
-1.674125241160763500e-02,3.007225342444337646e-02,1.771030474392731521e-02,-3.104130575676294565e-02
-6.887900688813487771e-02,2.701850991247847431e-02,2.584208949971833827e-02,1.601840747593811717e-02
-1.408354192955191958e-02,-6.520517624618480182e-03,1.825197641786997435e-02,2.352083136300390717e-03
3.681701854506171795e-02,-2.121728804589327957e-02,-1.846549331871473942e-03,-1.375318116729695901e-02
1.667118629390993562e-02,7.338623176047824603e-03,-7.984854534468196693e-03,-1.602495493548958608e-02
-7.195810967641811697e-03,1.186486679937381016e-02,-5.376534707723647569e-03,7.074788759916882499e-04
-2.268117695492693868e-03,1.526384974729427801e-02,-1.412411854832401885e-04,-1.285449086631836914e-02
-2.178252526866638478e-02,3.599715959691122957e-02,9.259937646769762082e-03,-2.347457197501463810e-02
-2.159633882021073578e-02,3.711808042453946382e-02,1.026463889252848816e-02,-2.578638049685719885e-02
-1.633855046467750510e-02,3.248029678364206668e-02,3.049763065448954022e-03,-1.919150938441346876e-02
-8.335368307212251415e-03,2.554353233764549563e-02,4.791795502596022695e-03,-2.199995953302926952e-02
6.372811939347555396e-03,1.078360473840819615e-02,-7.929633989055970972e-03,-9.226782688699716392e-03
6.425247594539898466e-03,1.276452804646334253e-02,-7.652842615963079999e-03,-1.153693302504020697e-02
-8.142302630674895742e-05,1.186370036774754208e-02,-5.092115843479139321e-03,-6.690161497961675391e-03
-5.866880172092451065e-03,1.154655985346106362e-02,-1.135162940221244067e-03,-4.544516741147356341e-03
-3.372609434366213074e-03,7.625694137080766578e-03,-2.627393862915341615e-03,-1.625690839799210155e-03
-9.365401291728955857e-03,6.356228387414477460e-03,-1.729125566607631016e-03,4.738298470922134784e-03
-5.566760797238435449e-03,2.253495879611064866e-03,-4.038735927217000123e-03,7.352000844844342950e-03
-5.417068078299344148e-03,-6.287253092551347254e-03,-1.785373034594030803e-03,1.348969420544474801e-02
-1.000470896281008444e-02,-9.730536973519854707e-03,-8.855908600815276012e-04,2.062083679641152703e-02
-4.994324613943224890e-03,-1.208428282244103369e-02,-2.609702177596890087e-03,1.968830961398114129e-02
-3.715946677225798037e-04,-1.528545155860208324e-02,-2.029946172912191430e-03,1.768699239923683317e-02
7.967567878154824951e-03,-2.091661782524053756e-02,-4.746165822078801839e-03,1.769521576916445807e-02
2.019483466569101451e-02,-2.143687965342087887e-02,-6.535045498175170997e-03,7.777090485905027543e-03
1.140040360080164274e-02,-2.032042083670690391e-02,-4.278521078953004264e-03,1.319853831485826717e-02
1.059456472311411969e-02,-2.613409100202121471e-02,-4.925388836788680827e-04,1.603206516258594977e-02
1.494330165735895805e-02,-2.588242465945009979e-02,-2.526130069239006909e-04,1.119173600901498394e-02
1.477853035120933051e-02,-2.550626958185083296e-02,1.084916894091335696e-03,9.642822336550173692e-03
6.353271122309559794e-03,-1.867947876658464235e-02,2.318575939193517899e-03,1.000763170508157593e-02
1.349255919733145619e-02,-1.390932385234875703e-02,2.051638466164646974e-03,-1.634873811147366952e-03
2.272895047514868205e-02,-1.348505054173534598e-02,1.565268132906526581e-03,-1.080916806631986027e-02
3.075722484113926555e-02,-1.374622063231875808e-02,-3.600407801441445239e-03,-1.341059640737909259e-02
2.780890470176832635e-02,-1.063739877183602668e-02,-3.768712324814912397e-03,-1.340279360511740375e-02
2.543592340912900415e-02,-1.551510269899475727e-02,-3.072676329037855435e-04,-9.613553077230458516e-03
2.748521813787888068e-02,-1.292420634229817129e-02,-6.310268546498069842e-03,-8.250743249082570160e-03
2.589159945142731692e-02,-1.334206433669849617e-02,-1.245212630109906321e-02,-9.740881362969011084e-05
-1.132712047196987072e-02,-1.869389700109240276e-03,2.206942674226442403e-03,1.098956749785267271e-02
-2.075155105291992194e-02,4.886012042918293392e-03,2.211787516390272771e-03,1.365375149361128422e-02
-1.612970734388315813e-02,5.527325235959034029e-04,-6.742222590878556125e-03,2.231919741116585032e-02
6.404101293382922708e-03,-7.771944476041805182e-03,-1.601212998811915589e-02,1.737997317077800280e-02
1.200170562148474007e-02,-1.410856594903515601e-02,-1.454788471991765551e-02,1.665474504746803849e-02
1.819546258432174976e-02,-1.380423171355876083e-02,-5.903959098760068122e-03,1.512728227997044714e-03
-9.629957557430391529e-03,-7.441753218627851670e-03,-7.362401891059976861e-03,2.443411266711824001e-02
-2.706391746384852540e-02,1.378280874885784435e-02,-4.365586166337595900e-03,1.764669488132833072e-02
-2.621288397584279478e-02,2.270274663105067287e-02,-1.129419230941232062e-03,4.639556575733358966e-03
-1.633569923773424068e-02,2.616955897571967768e-02,1.219072137482266754e-02,-2.202458111280810454e-02
-4.366732266097510251e-02,4.239631185877028308e-02,1.143374572782153778e-02,-1.016273492561687100e-02
-4.957530373561630510e-02,3.988838072772084992e-02,8.589296094584355709e-03,1.097626913310854446e-03
2.465686522459984483e-03,-1.296345886166940138e-03,8.100214004839529497e-03,-9.269554641132616776e-03
6.958693704088367640e-03,-1.334218380253148796e-02,8.457975261221363505e-03,-2.074485162778238415e-03
3.799749443289742595e-02,-1.310637296086371480e-02,-7.044558118815566570e-04,-2.418666566015222757e-02
3.105035105663122783e-02,1.890988286549716985e-02,1.237364434831977889e-02,-6.233387827044815921e-02
2.274109838007082676e-02,-2.507453650755902489e-03,2.119226760041553054e-02,-4.142591232973041188e-02
-2.438741731153369272e-02,1.154315620024170576e-02,1.227213454371507174e-02,5.721265675769677964e-04
-3.132378787322809971e-02,1.131257545445446024e-02,3.657663733193015909e-02,-1.656542491315645890e-02
1.192765105381290817e-02,-1.405252890892206598e-02,-5.495994267372865741e-03,7.620872122482007932e-03
-3.696327988849563984e-02,5.714232467148690903e-02,-2.380006822340300504e-03,-1.779903796065095828e-02
-3.628465263831129328e-02,5.153044234318897993e-02,5.526189179455362824e-03,-2.077197888433321080e-02
-2.983508484142930600e-02,3.494992423718996238e-02,4.903579173805934846e-03,-1.001841856956657562e-02
5.981557972286785999e-03,2.180445764637509165e-02,1.091572882855945843e-02,-3.870174444722128404e-02
4.971386240001261086e-02,5.520063526715568263e-03,1.173354268901987893e-02,-6.696746861574769116e-02
8.039587228482575343e-02,-2.178905978142130218e-02,1.136675122222482494e-02,-6.997356372562932303e-02
3.768457295494619108e-02,3.913583616664247089e-02,-6.853668613549856797e-04,-7.613504226023358468e-02
4.036482039329407356e-02,2.764073234751282526e-02,-1.579808842416137752e-03,-6.642574389839066284e-02
6.499830254098097615e-02,4.285158817835283719e-03,5.600720324323652140e-03,-7.488418168313996925e-02
4.805022691599460105e-02,-5.169865432295549668e-04,7.762410750383559079e-03,-5.529565112314873548e-02
-7.383964192462392183e-03,-5.403105165782893550e-03,1.152733926930289178e-02,1.259730088942385496e-03
-4.538333438623255028e-02,-2.279448114263097572e-03,1.341297661328068498e-02,3.424980588721487917e-02
-2.973471713158758883e-02,-9.511477350224482180e-03,1.311965882859454299e-02,2.612653565321757312e-02
-1.891599356544283739e-02,2.046594541822112021e-02,5.770740606541036911e-03,-7.320692459319265953e-03
-3.082518800716988800e-05,2.226017711807903865e-02,-4.113826453961165648e-03,-1.811552547611079700e-02
9.330121315647964611e-03,1.964974014157996191e-02,-3.346190513619007757e-03,-2.563367094360894868e-02
-1.219712065039223886e-02,3.459193844652447974e-02,-4.398557744006222937e-03,-1.799626005212600494e-02
-3.095869255253046529e-02,4.320268239085390399e-02,1.862031967155761125e-04,-1.243019303503901593e-02
-3.448711740474881549e-02,3.115224513721828736e-02,1.897915246568244139e-04,3.145080742873560160e-03
-3.221657753681189673e-02,3.148029018656138545e-02,-1.965131751760867376e-04,9.328005254264081251e-04
-3.192788918300106665e-02,2.646335506289158521e-02,-2.183474027799774553e-03,7.648008147909252964e-03
-4.538569557319774989e-02,2.537618728543539898e-02,9.639182907298525418e-04,1.904558999703254499e-02
-4.772376249654648045e-02,2.774443465240009760e-02,2.427429051056383125e-03,1.755189879308981932e-02
-3.640588789785756396e-02,2.202137866012782511e-02,6.084506765683478314e-05,1.432366417007283933e-02
-3.554810718591287083e-02,1.925118850613932731e-02,4.513187919891878917e-03,1.178373075988167762e-02
-2.306499493538493109e-02,6.259298129327133149e-03,1.100097187299815815e-02,5.804724933059659739e-03
-1.692976604934036747e-02,-2.585105396423899543e-04,1.552482155891359537e-02,1.663455030069158633e-03
-4.984196687013626743e-04,-1.690886190406378062e-04,4.880212401969499444e-03,-4.212704114227512273e-03
1.500139249609973042e-03,-5.952432310653269290e-03,4.552741112290892636e-03,-1.004480512475858033e-04
2.924662096190521442e-03,8.539960407021452002e-04,-8.804077919925885898e-03,5.025419783033205703e-03
7.379643826819814838e-03,-4.880035809812126660e-03,-1.089258061207104729e-02,8.392972595063413754e-03
6.349878415160002502e-03,-4.029396317207006514e-03,-6.929541662352674443e-03,4.609059564399697537e-03
1.679245802835843335e-02,-1.545808655891444706e-02,-3.550042701080002427e-03,2.215671231636051706e-03
2.480112808034470179e-02,-3.041886603134427020e-02,-1.043823637153843721e-03,6.661561588153440752e-03
1.617231794733814051e-02,-2.473561593762173272e-02,4.372348698634497335e-03,4.190949291649107879e-03
1.984034859027287642e-02,-1.633310429225674071e-02,1.003528957315888079e-02,-1.354253387117506334e-02
2.076078580667253815e-02,-1.869559321862932291e-02,9.356621241408194511e-03,-1.142181382945144444e-02
3.380137304502752512e-03,-4.219096218298404831e-03,1.312631418468240656e-02,-1.228735527088673472e-02
-2.895792942500086987e-03,5.680996631341183982e-03,5.677542182927130740e-03,-8.462745871768250286e-03
-6.337314346931081227e-03,1.650342129095586389e-03,3.969827216694961011e-03,7.171450011405271045e-04
-1.058624266800320228e-02,2.133671465569203594e-03,2.896806660791739936e-03,5.555764541642256582e-03
-1.342745940114648852e-02,4.192917914296798859e-03,1.279931165566357927e-03,7.954610321283275137e-03
-4.180826671238850427e-03,-2.037635065841177131e-05,-1.883813035665273927e-03,6.085016057562554932e-03
4.090039801698842035e-03,-2.873619050778891942e-03,-4.897666953344384511e-03,3.681246202424423141e-03
2.423486381138955162e-02,-6.072312070949474443e-03,-1.354451890009240531e-02,-4.618032840347738657e-03
1.881720819300505484e-02,-7.540527970753537444e-03,-1.004925749233640149e-02,-1.227422729915129572e-03
7.632880902156556797e-03,-1.174899182428389144e-02,-4.484107957014538126e-03,8.600218879141811185e-03
8.747394508615131264e-03,-7.193472778408652873e-03,-3.073916135097189833e-03,1.519994404890712527e-03
-8.896161583369787892e-03,4.823296401284232759e-03,-8.347450180054316257e-03,1.242031536213989568e-02
-2.872558029996760340e-02,6.909223454303491455e-03,-4.122075932771246745e-03,2.593843277843539685e-02
-2.091134730402300149e-02,1.701028162937705604e-02,4.217507944115036697e-03,-3.164422694690593204e-04
-1.696597066416368621e-02,3.257188062035783205e-02,2.744685724525484059e-03,-1.835059568071967934e-02
-2.740098398532604673e-02,5.387906290731473563e-02,-4.456563950221466806e-03,-2.202151497176710326e-02
-1.550411915476609254e-02,5.560384089902921378e-02,7.286120940327388967e-03,-4.738584268459040266e-02
-1.021922930362694415e-03,2.189337643702046407e-02,1.218248557391962694e-02,-3.305393908057733393e-02
1.078698054196106483e-03,-9.510285637137754280e-03,2.693491053006987152e-04,8.162238477640948106e-03
-1.806366002828740588e-02,-7.799017408373765461e-03,-3.673489043619315893e-03,2.953616648028043953e-02
5.313231144122349675e-02,-2.706974904187748557e-03,-1.369599480843163670e-03,-4.905573705619235836e-02
5.664665700535541359e-02,-2.092018386379643560e-02,1.637796897764460732e-02,-5.210444211920358532e-02
4.602629144726792104e-02,-1.241262079525138305e-02,8.182177958920395025e-03,-4.179584861093692955e-02
3.164169204921209438e-03,-1.876854809012372133e-03,2.142237305319674018e-02,-2.270968744910557488e-02
6.880862870326925071e-05,1.384621845544849877e-02,1.224175204174646550e-02,-2.615677912589818924e-02
-1.221324613531676873e-02,1.570095432995093077e-02,8.528907597723655795e-03,-1.201661579235785426e-02
3.756768665384946360e-02,-3.103858117902200120e-02,-1.789516305858436171e-02,1.136605758375711789e-02
-2.104474876669720079e-02,3.169905847840324975e-02,-4.680668009672127317e-02,3.615237038501496747e-02
-5.455249799585600717e-02,5.184195554066408501e-02,-1.349174935692445954e-02,1.620229181211646496e-02
-3.043797665713460915e-02,4.172358980225218672e-02,5.785834790053694457e-03,-1.707144793517135009e-02
-1.264645252780712686e-02,4.006394397537698521e-02,-3.775467808311755869e-03,-2.364202363925812719e-02
2.233051412489611698e-02,1.793065371277882680e-02,-6.898584253316913592e-03,-3.336258358435798682e-02
3.494342832432672380e-02,-3.823017448320469350e-04,-1.955510977510847858e-04,-3.436557548174370980e-02
3.171667936237602958e-02,9.167566964530780155e-03,-8.687615373935104329e-03,-3.219663095297164296e-02
1.766881554873592913e-02,2.897301692198831977e-02,-1.569848400085136278e-02,-3.094334846987285143e-02
-1.244290005430377828e-02,2.362971488935478731e-02,-2.343753486422079334e-03,-8.843061348628921889e-03
-6.903628088740035480e-03,2.880053455987481928e-02,-3.033835462306224903e-03,-1.886307100882851986e-02
1.863752615435555803e-03,2.071213505643024200e-02,1.052541854841342397e-02,-3.310130622027927100e-02
-1.032987747660388603e-02,-2.692287160027167971e-04,1.071736033281390707e-02,-1.182541402073334377e-04
4.457685010586981238e-03,-2.343063118422344590e-02,-4.126610300155012130e-03,2.309955647379148200e-02
1.330904921958427512e-03,-8.969186138896483376e-03,-1.265861113604411017e-02,2.029689235298220290e-02
-2.961836338087177681e-02,1.151162250283909935e-02,-8.382933741886247278e-03,2.648967461991890565e-02
-4.964638442912858857e-02,3.776665441512632587e-02,-2.949366566006045558e-03,1.482909658000823409e-02
-4.600895732262503396e-02,3.246880729886220118e-02,5.110893276817182924e-03,8.429256746945628168e-03
-3.152561817814569789e-02,3.028923763763808827e-02,7.284306126868885130e-03,-6.047925586361286784e-03
-3.982577775461915853e-02,3.793060164957602620e-02,4.180772624853593480e-03,-2.285596519810487171e-03
-5.807944527301316107e-02,3.708501610879080812e-02,8.640463060154945614e-04,2.013038285820679951e-02
-7.035232252289361221e-02,3.775697210252847158e-02,-2.782188622309140526e-03,3.537753904267421784e-02
-7.340400754424498964e-02,3.726231722020754977e-02,-4.309146139633986366e-04,3.657260493800084528e-02
-7.142135141344585492e-02,3.394501752372833941e-02,1.109179849540265460e-03,3.636715404017736020e-02
-6.258947893525690365e-02,3.324388205674135011e-02,-6.894419141439659835e-04,3.003503879265942422e-02
-4.724298172171481625e-02,3.341989442191155985e-02,-2.288930656550072773e-03,1.611201795635314182e-02
-2.698063720033579485e-02,3.005318689101941707e-02,-4.518869442606552982e-03,1.446319751922908866e-03
-2.874051760010459464e-02,2.545463337452255614e-02,-5.813305697492237960e-03,9.099189923074440384e-03
-3.069691480118634172e-02,1.249477467867627332e-02,-1.404138286095109062e-03,1.960627840860514753e-02
-2.979214713778768897e-02,1.092080873366814940e-02,-9.299160482937892476e-04,1.980125445241333673e-02
-2.814105554105224977e-02,1.347782287146027068e-02,8.157379875871059250e-04,1.384749468200488151e-02
-1.994342470225261496e-02,7.832586617895695436e-03,-2.549924898910470653e-03,1.466076298326742834e-02
-1.861234716515217796e-02,9.914700984193966157e-03,-2.903532978016477601e-03,1.160117915897465601e-02
-1.155503240942911021e-02,3.986390573085221017e-03,-2.246313444419196538e-03,9.814955280763058842e-03
2.261215517929526537e-03,-5.412635005304439022e-03,-3.309396241789778776e-03,6.460815729164672179e-03
1.111913722405501875e-02,-1.125255448020754528e-02,-1.978661379458839398e-03,2.112078635611360725e-03
1.515403435724740552e-02,-1.566041494126912612e-02,-7.055325612423707544e-03,7.561706196445409055e-03
1.090751385329056730e-02,-8.828941373515730370e-03,-1.038686129732315291e-02,8.308288817548284758e-03
1.025190040290505783e-02,-1.363623282849441357e-02,-1.071427834641552543e-02,1.409861077200494188e-02
2.791291433317403224e-03,-7.087734705472008116e-03,-1.116849546897625590e-02,1.546493874113083131e-02
6.320017944545756753e-04,7.446944427487407281e-04,-1.282117575683330152e-02,1.144447951962994196e-02
-7.089981606051864484e-03,1.180155146332993255e-03,-1.181030156560236750e-02,1.772012802532129880e-02
-1.856286218240447636e-02,-4.572627413440169368e-03,-4.411974141891010157e-03,2.754746373773559603e-02
-2.130531014967544656e-02,-8.107025012230893724e-03,-2.464431512820062023e-03,3.187676667472632425e-02
-1.382575985325469776e-02,-8.435284694141072237e-03,-4.004973841807174528e-03,2.626601838920296361e-02
-1.719259291916200305e-02,-9.578010058883035032e-04,-5.562319057507669230e-03,2.371271298255790000e-02
-1.580826729641971948e-02,-3.343134577577875927e-03,-7.529930949045785318e-03,2.668133282304332998e-02
-2.109468116139191080e-02,2.188290693540215995e-03,-8.327513232896660220e-03,2.723390370074824790e-02
-2.978697453750755314e-02,1.796305892881300964e-02,-1.036944337796691894e-02,2.219335898666142601e-02
-1.068107362059448479e-02,8.841590017422346418e-03,-1.054674150000775232e-02,1.238622510317988028e-02
5.242985790779803972e-03,3.344091089094460706e-02,-1.705493951474391576e-02,-2.162895716698034002e-02
1.158632348528353465e-02,4.993484463082576569e-02,-1.336218536971983846e-02,-4.815898274638942544e-02
-4.696283147765877540e-03,3.709225251371352228e-02,1.595860687074749902e-03,-3.399183005302237187e-02
-4.970329142107249298e-02,4.220882375159266259e-02,1.430671578861484813e-02,-6.812248119134970033e-03
-6.302171156874490643e-02,3.811832575876020895e-02,1.378409388292810593e-03,2.352497642169170886e-02
-4.360158377951743602e-02,2.031824133224511414e-02,-4.584301148511969910e-03,2.786764359578416950e-02
2.032772666277003065e-02,-3.399404861564431744e-04,3.687170052070999019e-03,-2.367495622868461685e-02
6.943599438275105395e-03,2.894115264538576864e-03,-6.061009851348819581e-03,-3.776704851464845764e-03
2.065533712495584359e-02,-2.157217870874431065e-02,-4.239847594424068708e-03,5.156689178212494999e-03
4.685853122284983074e-02,-3.057190399012471582e-02,1.252493678866497921e-02,-2.881156402138988423e-02
5.176757874739085219e-02,-1.250680309888307917e-02,2.744633415949663830e-03,-4.200540906445742600e-02
2.545846472442121408e-02,-4.181538844377755484e-03,-2.054585856862231261e-02,-7.310673114211737461e-04
1.012691830288285459e-02,-4.547071896093402357e-03,-2.297450885089857148e-02,1.739466244410917128e-02
-9.287280881182198577e-03,1.642881956328397014e-03,-1.184219259637504622e-02,1.948659152122887706e-02
3.547494674774900186e-02,-2.454385710270319196e-02,-2.619721475341906664e-02,1.526612510837317346e-02
