2.837373172624811646e-02,2.019532108972763203e-03,-3.039326383522088573e-02
-3.199977478211326470e-02,2.257064661638098421e-02,9.429128165732235389e-03
-2.808441464322575590e-02,1.819500988757133397e-02,9.889404755654432333e-03
-1.339481566138927757e-02,-1.270359162890831103e-02,2.609840729029759554e-02
-4.652307054746696383e-03,-2.489829126076824328e-02,2.955059831551485119e-02
-1.212402609383089400e-02,-1.578450447905056439e-02,2.790853057288138553e-02
1.035373753722077482e-02,-4.010066162635862741e-02,2.974692408913778147e-02
2.468506656331655169e-02,-4.360003891334292281e-02,1.891497235002630173e-02
-6.603416194501484336e-03,-3.056944648898089062e-02,3.717286268348244521e-02
-4.795889756403876394e-03,-2.931141673250404686e-02,3.410730648890797356e-02
-1.806087431882026639e-02,-1.531090764838962358e-02,3.337178196720989864e-02
-2.681641802683546252e-02,-1.030336177324952217e-02,3.711977980008500377e-02
-2.201643149935151450e-02,-1.094829481126409314e-02,3.296472631061560937e-02
6.644265707084706651e-03,-2.470064975056682557e-02,1.805638404348212239e-02
-2.452989461903643410e-03,-2.456587343444580421e-02,2.701886289634948882e-02
-1.005347107309290632e-02,-1.209127035931661584e-02,2.214474143240952389e-02
-1.335164684677414733e-02,-1.653255606657041618e-02,2.988420291334455484e-02
-1.557409929505351644e-03,-1.013327890893282041e-02,1.169068883843817769e-02
-1.588606017822285013e-02,1.582969058308386981e-02,5.636959513898476704e-05
-2.299290653464866954e-02,2.378336138876370118e-02,-7.904548541149847979e-04
-1.028701343492915282e-02,2.815151545215070078e-02,-1.786450201722152367e-02
-3.099862794938574792e-02,5.268195944865148445e-02,-2.168333149926577122e-02
-1.339904125579696910e-02,4.017152934351773952e-02,-2.677248808772086236e-02
7.879612237477365277e-03,3.544475335902253638e-02,-4.332436559650006819e-02
1.160005208814423629e-02,2.446528885941160955e-02,-3.606534094755579206e-02
1.110901627509586556e-02,1.974808594576960702e-02,-3.085710222086545523e-02
1.615458320374641571e-02,2.254705130536630714e-02,-3.870163450911276448e-02
3.586809568720596142e-02,2.463196728221547782e-02,-6.050006296942154332e-02
4.978932909582350907e-02,1.885902822037828497e-02,-6.864835731620175241e-02
4.804800106651097719e-02,1.571469829181532107e-02,-6.376269935832626357e-02
3.180453698818650615e-02,2.982502577043158812e-02,-6.162956275861806305e-02
3.329823004808870474e-02,2.584881066402835298e-02,-5.914704071211695363e-02
4.324161476639207941e-02,2.565748318105630019e-02,-6.889909794744844551e-02
4.654812056509431001e-02,3.214920569280910190e-02,-7.869732625790314129e-02
4.624032018595525262e-02,3.540288591232645249e-02,-8.164320609828139286e-02
3.542933594624431137e-02,3.856236114789216712e-02,-7.399169709413665197e-02
4.033158847759046872e-02,2.531104424288104296e-02,-6.564263272047132780e-02
4.104240306585570097e-02,5.549633145160485191e-03,-4.659203621101626336e-02
3.331203704917266167e-02,8.790676423521794763e-03,-4.210271347269446685e-02
1.743202934942740534e-02,7.851563822993729361e-03,-2.528359317242106011e-02
6.439959737628679799e-03,6.745420120136575402e-03,-1.318537985776524479e-02
7.361202313222717578e-03,7.826759662593781031e-03,-1.518796197581654198e-02
-1.735710618563962582e-02,2.819505232874740253e-02,-1.083794614310781140e-02
-1.747038770106573366e-02,2.349496103507828920e-02,-6.024573334012540797e-03
1.673448890875952819e-02,-2.126005564482135249e-02,4.525566736061848588e-03
1.199699283471668265e-02,-1.620726405570938056e-02,4.210271220992724793e-03
1.630941575254407291e-02,-2.754425083234646535e-02,1.123483507980235600e-02
3.343980550946327492e-03,-1.548001825340074127e-02,1.213603770245445627e-02
-1.521078673156391926e-02,8.946322694418376575e-03,6.264464037145555698e-03
-2.361155212571286292e-03,-5.524363967452623238e-03,7.885519180023918204e-03
5.078133094451922278e-03,-7.569369535078113165e-03,2.491236440626200862e-03
6.798042202823152171e-03,-4.053259760888426946e-03,-2.744782441934724791e-03
8.623380655244444141e-04,-6.928065324293466824e-03,6.065727258769012219e-03
2.026073110084787923e-02,-1.994654579501312086e-02,-3.141853058347396691e-04
1.605176155001827171e-02,-1.797863719171924335e-02,1.926875641700945838e-03
2.009372356821239811e-02,-1.710383703198971664e-02,-2.989886536222642003e-03
1.921189042012860781e-02,-1.946557557467095897e-02,2.536851545423055693e-04
2.225419915531707052e-02,-1.518129460556991855e-02,-7.072904549747196200e-03
2.140588432601722366e-02,-1.548374876771627627e-02,-5.922135558300976876e-03
2.966097045636169674e-02,-1.233136381525322227e-02,-1.732960664110850743e-02
8.694906288874522035e-03,-3.728881239022383345e-03,-4.966025049852120475e-03
-4.672513718284630052e-02,3.353261528244741441e-02,1.319252190039881152e-02
-2.618580606544091555e-02,1.423373230320860126e-02,1.195207376223230561e-02
6.563756419569927864e-03,-9.218872591499607458e-03,2.655116171929685232e-03
2.988026171080129800e-02,-3.257789005232342161e-02,2.697628341522088479e-03
-5.224436668669444478e-02,-3.716678170417083392e-03,5.596104485711159843e-02
-7.581484316340933449e-02,3.635677666388606455e-02,3.945806649952308259e-02
-8.286109500256527705e-02,9.076954570459623561e-02,-7.908450702031116428e-03
-1.838974980105756050e-03,2.105197220420145995e-02,-1.921299722409569935e-02
-1.375288271457474586e-02,3.376966027862692010e-02,-2.001677756405225231e-02
1.570122800519839837e-02,-2.210575527450674149e-02,6.404527269308389094e-03
4.094102668496318181e-02,-2.569667133034451295e-02,-1.524435535461869141e-02
1.460357006514805683e-02,-2.583935326121353324e-03,-1.201963473902673343e-02
6.535550920357037323e-03,-9.631349726510503653e-03,3.095798806153495820e-03
1.248268494357450235e-02,-1.346073644579915546e-02,9.780515022246377092e-04
-4.379804345136019753e-03,-2.667731244376820004e-03,7.047535589512834119e-03
-2.739394162228280753e-03,-4.037519517006178150e-03,6.776913679234478419e-03
9.154633184001790061e-03,-1.871631017069955161e-03,-7.283002166931821023e-03
-4.550013956648303430e-03,5.082444305086394713e-03,-5.324303484380816338e-04
-1.202652137119683030e-02,1.124790060231805472e-02,7.786207688787988952e-04
-4.334024247139888104e-03,4.486709803371087177e-04,3.885353266802777164e-03
1.223282831307664648e-03,-1.585425799796508217e-03,3.621429684888407500e-04
1.310429146168949448e-02,-3.954962966279760433e-03,-9.149328495409718431e-03
1.684011710159000544e-02,-1.320473745928190355e-02,-3.635379642308112728e-03
1.393125050034245242e-02,-2.620829243961671044e-03,-1.131042125638077704e-02
-5.182681581865587576e-03,1.911086710253563983e-02,-1.392818552067006527e-02
-1.667406654148810563e-02,2.938383571233341499e-02,-1.270976917084533191e-02
-7.212247447162563677e-03,2.444573822387089909e-02,-1.723349077670840654e-02
-1.849235186075140827e-02,2.129763518369345507e-02,-2.805283322942096671e-03
-2.490114347063819913e-02,1.413413229378085965e-02,1.076701117685738458e-02
-1.545485444513045210e-02,1.138649246405471979e-02,4.068361981075708893e-03
1.873523064936182675e-02,-1.192051439682613456e-02,-6.814716252535705197e-03
2.237924969369034858e-02,-1.308606571203447741e-02,-9.293183981655852091e-03
2.997428733137192519e-02,-2.774939471533724444e-02,-2.224892616034705468e-03
4.077699326241347906e-03,3.865873569394803148e-03,-7.943572895636146283e-03
-3.007170809318485821e-02,1.873532558555110125e-02,1.133638250763376217e-02
-4.059026547011301833e-02,3.935844837334276369e-02,1.231817096770139496e-03
-1.574200207890642800e-02,2.837715056788957246e-02,-1.263514848898313232e-02
9.644076967982839407e-03,1.325119984783511458e-02,-2.289527681581790541e-02
6.612370921763194645e-03,1.197681517097211323e-02,-1.858918609273534084e-02
6.609071586407212068e-03,3.913841571103812179e-03,-1.052291315751101644e-02
-8.005931944745093773e-03,-6.852449118758822044e-04,8.691176856620992999e-03
9.173829001418430142e-04,-7.572131924194159744e-03,6.654749024052308490e-03
-8.408458216509668431e-03,-1.411073333003375627e-03,9.819531549513042107e-03
-1.831106308189345624e-02,7.627077644873701649e-03,1.068398543701978495e-02
-3.078356685896226769e-02,1.052783388972074706e-02,2.025573296924153277e-02
-2.785214440754485779e-02,7.545221253795295069e-03,2.030692315374952803e-02
-2.196948636618823586e-02,1.234325309306252144e-02,9.626233273125704010e-03
-5.834284735150872814e-03,-5.770362054234867699e-03,1.160464678938572664e-02
2.003142007798770167e-03,-1.803179135506498276e-02,1.602864934726619742e-02
-6.522042135011116466e-03,-1.209403457190500429e-02,1.861607670691618754e-02
-1.001903880640836464e-02,-4.808863655650647516e-03,1.482790246205900435e-02
-2.596997021558238028e-02,1.360026991535454380e-02,1.236970030022786771e-02
-2.514087002187348832e-02,9.875307710080950471e-03,1.526556231179257081e-02
-4.062721354186146772e-02,1.291617236935043572e-02,2.771104117251119506e-02
-1.861882952079045236e-02,7.277020866734984494e-03,1.134180865405549216e-02
-8.428319151335950804e-03,-6.590631164001470831e-03,1.501895031533742597e-02
-8.564645608503127297e-03,-2.752974697348028327e-03,1.131762030585118164e-02
5.355861271317944629e-03,-2.385903184735706749e-03,-2.969958086582252191e-03
1.406499435331343313e-02,-7.549413431588871889e-03,-6.515580921724583793e-03
6.228851121606281127e-03,2.776360721733180451e-03,-9.005211843339442496e-03
2.017368312846545136e-02,-3.441308913679292156e-05,-2.013927003932862100e-02
-1.990111047653566820e-02,2.869476870405635385e-02,-8.793658227520739432e-03
2.065361417991954177e-02,-2.177791085703653044e-03,-1.847582309421582844e-02
1.814206371701415979e-02,1.166924433830021819e-02,-2.981130805531433461e-02
-4.208175577881151548e-03,1.003870419443219850e-02,-5.830528616551063428e-03
-5.302155595492263895e-02,2.285993414209720048e-02,3.016162181282544194e-02
-6.860411432055124603e-02,5.252469189727731330e-02,1.607942242327406110e-02
-2.772015250147034579e-02,-1.465344084305855894e-02,4.237359334452893422e-02
-4.066221878183755994e-02,-2.520156565244129412e-02,6.586378443427892693e-02
-1.132722620289779852e-02,2.807764815644141123e-03,8.519461387253653498e-03
-1.761656195282022136e-02,1.676320798975427379e-02,8.533539630659532117e-04
1.160920595720737677e-03,5.182963678965647747e-02,-5.299055738537711974e-02
-7.423969036415466877e-03,1.805253310969315642e-02,-1.062856407327771383e-02
4.043018671122519669e-02,-3.415211894258080721e-02,-6.278067768644393816e-03
2.649011959573131791e-02,-1.766360563351247748e-02,-8.826513962218859519e-03
1.885986898780723717e-02,-1.560464431779391183e-02,-3.255224670013268529e-03
6.703140472247061561e-03,-3.813404727352153172e-03,-2.889735744894892343e-03
7.720927151316978737e-03,-4.570046138170667967e-03,-3.150881013146301663e-03
-6.502233308236032676e-03,8.014635177273523106e-03,-1.512401869037496068e-03
-6.695346260760426729e-03,1.450842002940279547e-02,-7.813073768642360070e-03
3.959035553382356069e-03,4.805130570472482092e-03,-8.764166123854832957e-03
5.516531837649607528e-03,-4.195622337216796025e-04,-5.096969603927909223e-03
-2.563707527967636415e-02,2.089636648355623627e-02,4.740708796120179924e-03
-2.979475685188161596e-02,1.426411569149485699e-02,1.553064116038675724e-02
-6.775078877732278702e-03,3.952573335870284733e-03,2.822505541861998739e-03
1.450867951383159882e-02,-1.747875014436711325e-02,2.970070630535572975e-03
9.374735922112112721e-03,-8.157404254749599931e-03,-1.217331667362521247e-03
1.381290485591942646e-02,-8.867533093263199606e-03,-4.945371762656278029e-03
9.566295844299448330e-04,5.772269605340375059e-03,-6.728899189770319242e-03
-2.938929446751401345e-03,1.448014376879015860e-04,2.794128009063494636e-03
-1.830587642023020351e-02,2.652982920535745109e-02,-8.223952785127275344e-03
-1.112681987515615201e-02,1.302463352725823087e-02,-1.897813652102081248e-03
-2.497190637008943337e-02,1.490049602939381990e-02,1.007141034069564817e-02
7.288738358748548564e-03,-5.842534367642523985e-03,-1.446203991106028482e-03
2.684130902533965121e-02,-2.278117222798130628e-02,-4.060136797358354470e-03
1.799480799954730412e-02,-6.073161737135261348e-03,-1.192164626241201675e-02
1.610181958071656844e-02,-2.723946924647919696e-02,1.113764966576253311e-02
-6.577874757953169026e-03,-1.037219193873455819e-02,1.695006669668772115e-02
-2.134025235223454761e-02,4.661410489673106262e-03,1.667884186256150814e-02
-1.288916955332077528e-02,5.553020899432784853e-03,7.336148653887957470e-03
-5.740085316506080698e-03,3.761066084372285609e-03,1.979019232133783380e-03
5.461750858146618461e-03,1.134819094583929162e-02,-1.680994180398585197e-02
8.356978656124017246e-03,9.224314842788150851e-03,-1.758129349891220453e-02
1.128988381289663598e-02,3.083286678350179166e-03,-1.437317049124680474e-02
1.530079676784595021e-02,-1.784978730392072083e-02,2.548990536074753708e-03
1.643163249474942659e-03,-9.478282691907728361e-03,7.835119442432784617e-03
-1.601940622731813646e-03,4.922404536955827907e-03,-3.320463914224012960e-03
-3.789235129777558230e-03,-9.162738135566807912e-03,1.295197326534437872e-02
1.069901130490810356e-02,-1.319553269519402328e-02,2.496521390285833409e-03
-1.178077135131115746e-03,-1.178491541610946283e-02,1.296299255124055624e-02
-2.802720671305397593e-02,1.586020996852968018e-02,1.216699674452432524e-02
-2.243374539645324323e-02,2.269102404368471271e-02,-2.572786472314786432e-04
-2.719511914362520918e-02,3.515005080926449088e-02,-7.954931665639364963e-03
-2.438282470199036600e-02,1.213157847404981900e-02,1.225124622794061639e-02
-2.235200562356081874e-02,1.179164648274118841e-02,1.056035914081968410e-02
-1.912458157824761112e-02,4.806058193123018650e-03,1.431852338512457426e-02
-2.015436270484870229e-02,7.586643297464303742e-03,1.256771940738433957e-02
-1.612978709525328055e-02,1.602717089699318836e-02,1.026161982600912274e-04
-8.609505966075426189e-03,1.493432193658401040e-02,-6.324815970508572936e-03
8.311386880386046705e-05,8.182629542496227051e-03,-8.265743411300100624e-03
1.657577002953609935e-03,-1.707735443777385655e-03,5.015844082378242155e-05
-9.099057568318290670e-03,1.936905791525399267e-02,-1.027000034693568119e-02
2.592883428615093758e-02,5.237438759416378166e-04,-2.645257816209251739e-02
-1.898724827280563352e-03,-4.274153757525765143e-04,2.326140203033138891e-03
-1.434716057733679585e-02,2.085016083187898536e-02,-6.503000254542200785e-03
2.334456486073617065e-03,1.604019473587511846e-02,-1.837465122194873943e-02
2.781552381754198028e-02,-1.952696135000617532e-03,-2.586282768254135472e-02
-5.503169598979110698e-03,2.425451392780594156e-02,-1.875134432882678837e-02
-1.406443077067922633e-02,1.626763832923785666e-02,-2.203207558558627731e-03
-5.450033932074264953e-02,4.759632897853106892e-02,6.904010342211553720e-03
-4.781881124058184884e-02,3.926557979596170117e-02,8.553231444620170223e-03
-7.253180196439941441e-02,6.664330289875192159e-02,5.888499065647509294e-03
-3.588318787535003940e-02,3.369282534487612942e-03,3.251390534086243123e-02
5.423309091833735350e-03,-4.559368455055707800e-03,-8.639406367780407773e-04
-1.094842101118660184e-02,2.272841944445854606e-02,-1.177999843327194596e-02
1.631232816678811551e-02,1.879995363683902628e-03,-1.819232353047207235e-02
2.253838073322438074e-02,4.437110055768416113e-03,-2.697549078899283415e-02
2.672802714382447806e-02,-3.454689247421916659e-02,7.818865330394794352e-03
1.354656629374119924e-02,-2.126480288847229505e-02,7.718236594731124438e-03
1.715638825724863717e-02,-2.015807911170420033e-02,3.001690854455528901e-03
1.063061861610173700e-02,-1.153589544183947213e-02,9.052768257377415270e-04
1.098615700142743096e-02,-8.531844046642269273e-04,-1.013297259676321053e-02
-1.602102085054212671e-02,2.636005256405775030e-02,-1.033903171351569471e-02
1.364579868338275902e-02,1.544599898971152525e-02,-2.909179767309423917e-02
6.757671569475395476e-03,-1.260732990024209183e-03,-5.496938579451163959e-03
-1.644476835358848685e-02,6.806632950608963901e-03,9.638135402979534222e-03
-5.438604887779580413e-03,-1.004934059130291020e-03,6.443538946909865145e-03
-1.606027350350913013e-02,5.361858837728544248e-03,1.069841466578058502e-02
3.557969775794484011e-03,-9.549846039215383400e-03,5.991876263420934517e-03
-5.346567456413104345e-03,-3.778992419037005297e-03,9.125559875450113545e-03
1.372582483754368303e-02,-2.519168945655399922e-02,1.146586461901030578e-02
1.497315832766690086e-02,-8.607433728690582972e-03,-6.365724598976297936e-03
-4.691008249535796523e-03,5.117527907696825008e-03,-4.265196581610067469e-04
9.421896472017608944e-04,2.406470067901048300e-04,-1.182836653991855506e-03
-3.489351541543425032e-03,1.157437369611221713e-02,-8.085022154568766509e-03
9.618390051650004685e-03,-6.495881344364754818e-03,-3.122508707285235555e-03
-1.879126322320227860e-03,9.839112733931010268e-03,-7.959986411610758122e-03
-1.158661006122197780e-02,8.321996002563288031e-03,3.264614058658699743e-03
-1.914892015265304281e-02,8.749023871381116438e-03,1.039989628127189515e-02
-1.281450851322185093e-02,-1.872861412071836042e-03,1.468736992529371017e-02
5.129235495831759549e-03,-4.859903616901287832e-02,4.346980067318117341e-02
-1.085424563942022531e-02,-3.419736968932002991e-02,4.505161532874017022e-02
-2.124281979236589818e-02,-2.745119263587133054e-02,4.869401242823721138e-02
-3.339732121354994226e-02,-1.385155190436381661e-02,4.724887311791386296e-02
-1.169183155838035212e-02,-2.015989290596911440e-02,3.185172446434943183e-02
1.272988901977092392e-02,-2.566267118030324257e-02,1.293278216053230477e-02
-1.844786444911642245e-02,2.955252736330344580e-03,1.549261171278606790e-02
-2.354084956162659243e-03,-3.983545612063894154e-03,6.337630568226550361e-03
-1.485530465885838685e-03,-2.290634164226067193e-02,2.439187210814646248e-02
-1.060752917784415529e-02,-1.316438605763978545e-02,2.377191523548395635e-02
-1.608977607610363649e-03,-4.849192569797620977e-03,6.458170177407973785e-03
-1.106542478278319495e-02,6.501402252727913125e-03,4.564022530055299176e-03
7.213676141264150146e-03,-5.604677972006004080e-03,-1.608998169258157342e-03
1.040887541248383327e-02,-1.531801787180819135e-02,4.909142459324345072e-03
-1.117277257416586338e-02,8.561604549587862635e-04,1.031661211920707061e-02
-2.951521760028208777e-02,1.714840365261306732e-02,1.236681394766906729e-02
-2.716842068284841191e-02,2.054551828946694914e-02,6.622902393381443695e-03
-3.680213778452857964e-02,1.606317933065064263e-02,2.073895845387804110e-02
-3.435594924721804139e-02,2.074955096004867799e-02,1.360639828716935645e-02
-1.297203917206337341e-02,3.125804135973566430e-03,9.846235036089823894e-03
-7.071438594824016634e-03,-7.030890045660330261e-03,1.410232864048436251e-02
-8.571324536976562131e-03,-4.042427441591783452e-03,1.261375197856827966e-02
-6.493067134009045983e-03,-4.240212745768637964e-03,1.073327987977769175e-02
-9.334110066483231744e-03,-1.233617501636440940e-02,2.167028508284772267e-02
-3.733252882369547058e-03,2.142006090934217739e-03,1.591246791435327150e-03
2.359509354089847806e-03,1.701767031345230744e-03,-4.061276385435090910e-03
3.440870557859593108e-03,5.806284741901423206e-03,-9.247155299761030192e-03
-7.095492705352412013e-03,-3.111420989314214475e-03,1.020691369466661565e-02
-5.472407094198515837e-04,-3.532745961045560303e-03,4.079986670465407875e-03
-8.922178707957485397e-03,3.067937015260169178e-03,5.854241692697328796e-03
3.896329316816844919e-03,-9.110007766429638332e-03,5.213678449612802954e-03
4.072854160271578879e-03,6.001546847741432572e-03,-1.007440100801300017e-02
-6.445567979602657982e-02,5.985291043730751881e-02,4.602769358718860650e-03
-4.660404684621376886e-02,3.559935263731206501e-02,1.100469420890187733e-02
-7.636583609733979192e-03,-1.082437771695704889e-02,1.846096132669100207e-02
-7.771961475125827024e-02,6.670352154183314952e-02,1.101609320942523867e-02
-1.824457921353525580e-02,-2.525047507348249232e-03,2.076962672088340442e-02
4.835276340376209320e-03,9.026878479576476086e-03,-1.386215481995267153e-02
-3.336438098122890966e-02,3.848097453808414781e-02,-5.116593556855335290e-03
3.327555604847316773e-02,-4.451587485576427583e-02,1.124031880729115321e-02
3.599572731742439052e-02,-3.313145245739025635e-02,-2.864274860034170169e-03
-4.972537345688573650e-04,-1.400247086146236969e-02,1.449972459603122467e-02
2.053328771236015080e-02,-2.152300280435574809e-02,9.897150919956233112e-04
1.290169654193043351e-02,-2.660373540289385358e-02,1.370203886096339405e-02
2.670305541431105753e-02,-1.669512905238117531e-02,-1.000792636192978161e-02
3.931156236417253369e-02,-3.684119124898489750e-02,-2.470371115187669150e-03
7.610617396067805365e-03,-1.085121529714369072e-02,3.240597901075919184e-03
-7.465660063537650666e-03,9.883055810063835420e-03,-2.417395746526196463e-03
2.149058371404020951e-03,-3.729492226827107060e-03,1.580433855423075701e-03
-2.467887308710565129e-03,-4.943129295006181909e-03,7.411016603716747038e-03
-9.089057745362724011e-03,5.978320685570501052e-03,3.110737059792244644e-03
5.774440189014578770e-03,-9.784729444882775407e-03,4.010289255868246076e-03
1.924363062966137844e-03,4.440878234663151423e-03,-6.365241297629279510e-03
3.007716550181262910e-02,-1.398197591915714515e-02,-1.609518958265551691e-02
9.703399852639597140e-05,1.386581184055967614e-02,-1.396284583908605388e-02
2.436001219347936828e-02,-9.461311846021201039e-03,-1.489870034745816550e-02
1.473468062033619040e-02,-1.411842956768194577e-03,-1.332283766356801707e-02
3.628527740225340192e-02,-1.130971962551863275e-02,-2.497555777673486632e-02
3.500339950963336083e-02,-7.387470863563101384e-03,-2.761592864607027853e-02
2.496398144883693604e-02,-1.229336978767010119e-02,-1.267061166116682097e-02
1.153933484378351360e-02,9.751460010889729645e-04,-1.251448084487246509e-02
1.059705054761283897e-02,1.065368613950240517e-02,-2.125073668711528058e-02
1.534700527286822144e-02,-4.734604830518147206e-03,-1.061240044235010026e-02
2.810041991862654090e-02,-8.451391147521655420e-03,-1.964902877110485599e-02
1.797545194846994487e-02,-4.588322525214306308e-02,2.790777330367305575e-02
2.744692171227372524e-03,-3.786986318344433278e-02,3.512517101221694638e-02
2.131819044282837021e-03,-3.614686834092451645e-02,3.401504929664159183e-02
2.394401275704604454e-02,-3.183788427668386711e-02,7.893871519637767065e-03
3.825551563673100508e-02,-3.825299741922761482e-02,-2.518217503262384074e-06
3.598122068200457907e-02,-2.781622921592414102e-02,-8.164991466080448457e-03
2.033010524600742039e-02,-1.082676755900466303e-02,-9.503337687002641129e-03
4.754815773696545456e-02,-2.978154844738984536e-02,-1.776660928957565083e-02
6.226300388656889895e-02,-4.550617394601691457e-02,-1.675682994055209540e-02
4.984866946323297104e-02,-3.550717778865940949e-02,-1.434149167457367952e-02
3.525094142694654847e-02,-4.170588818401539492e-03,-3.108035260854498730e-02
1.256791629926282995e-02,1.390934480968894320e-02,-2.647726110895173499e-02
4.155785044123500721e-02,-1.343838845661249858e-02,-2.811946198462242363e-02
3.172542943452383302e-02,-8.963690233275038027e-03,-2.276173920124878111e-02
7.260654246522715502e-03,1.669806230884035569e-02,-2.395871655536305558e-02
-6.580092023385073667e-04,1.040656676888955176e-02,-9.748557566551052309e-03
-1.001479101245173267e-02,2.703529140901525518e-02,-1.702050039656351210e-02
-2.367690078493838932e-02,1.718788388226470329e-02,6.489016902673665210e-03
-1.238808075079061467e-02,2.460744145262775892e-02,-1.221936070183706098e-02
-2.501120389058753869e-03,9.614449996469280960e-03,-7.113329607410547907e-03
2.074145196251059656e-02,4.079485646997203958e-03,-2.482093760950774067e-02
2.722961598979898798e-02,-1.699837761601105321e-02,-1.023123837378791395e-02
3.003693960946547323e-02,-2.307633078846042796e-02,-6.960608821005047006e-03
2.218730725839336559e-02,-9.363848381946739130e-03,-1.282345887644674269e-02
3.494495611834604748e-02,-1.079365328851726938e-02,-2.415130282982877463e-02
2.939163468709334384e-02,-1.084329193764749016e-03,-2.830730549332857379e-02
3.571893798859396979e-02,3.068894275547536573e-03,-3.878783226414154323e-02
2.219084264148998495e-02,-3.611459596547295960e-03,-1.857938304494275578e-02
2.254657521339207063e-02,3.358028747264900447e-03,-2.590460396065689952e-02
2.794234097267289316e-02,-8.081696369649581102e-03,-1.986064460302328430e-02
8.507920436035827649e-03,-1.573449680476377011e-02,7.226576368727954600e-03
3.127594578121801333e-03,-1.202884342737933938e-02,8.901248849257503357e-03
-6.416086140548300787e-02,4.844197347529576037e-02,1.571888793018733424e-02
-6.716861448045736982e-02,4.901009079633761312e-02,1.815852368411982956e-02
-1.476929417816253906e-02,5.730243794437833542e-03,9.039050383724744550e-03
-1.705470103872070223e-02,2.780388668608788083e-02,-1.074918564736722024e-02
-2.838488889864572776e-03,1.463893339720469169e-03,1.374595550144106426e-03
-2.211524274371001741e-02,4.196159156325428990e-02,-1.984634881954434535e-02
-1.973484562430312395e-02,5.259844339736435836e-02,-3.286359777306126911e-02
-1.416705218209571640e-02,2.196014724156201622e-02,-7.793095059466247781e-03
-2.099691145044698531e-02,2.689187682678558303e-02,-5.894965376338570824e-03
-4.576660514039008164e-03,-2.806536330773051844e-03,7.383196844812070850e-03
1.984344335914270049e-02,-2.821535170370551016e-02,8.371908344562797519e-03
1.848762984887207875e-02,-2.155475394368003283e-02,3.067124094807970134e-03
2.012239577814454311e-02,-1.150846324136733760e-02,-8.613932536777141324e-03
9.953344854817526913e-03,-2.212427103876752482e-02,1.217092618394997362e-02
3.692827150095246650e-03,-4.090198189553557497e-03,3.973710394583253205e-04
9.887358125251244009e-03,-5.088207177072063582e-03,-4.799150948179202979e-03
3.144812885554259564e-03,-9.349886160779575378e-03,6.205073275225321885e-03
1.552847106699462021e-02,-2.080717921472732129e-02,5.278708147732642103e-03
1.267790491821076115e-02,-1.579377449040985162e-02,3.115869572199031056e-03
1.113041843190484652e-02,-3.038346516925591670e-02,1.925304673735101293e-02
1.607029679608537945e-02,-1.859314678311650357e-02,2.522849987031153176e-03
-1.676432935688631706e-02,2.199478090106205680e-02,-5.230451544175777900e-03
-9.916899801599540071e-03,1.605234345394137077e-02,-6.135443652341781261e-03
1.381172792815163301e-02,4.439353156313929731e-03,-1.825108108446556188e-02
1.988041067285099828e-02,9.793209387305155597e-03,-2.967362006015626663e-02
1.703369352337677500e-02,2.933210109155258948e-03,-1.996690363253205910e-02
1.596820954818255894e-02,-3.415069865679176090e-03,-1.255313968250339023e-02
1.979995578592564504e-02,-1.209034762990832991e-02,-7.709608156017329003e-03
1.566098134963399280e-02,-1.243713918948842131e-02,-3.223842160145541560e-03
2.492402694651272774e-02,-6.430640035444103002e-03,-1.849338691106870713e-02
1.711664635029144788e-02,6.651748624694593659e-03,-2.376839497498597215e-02
1.952804771225564659e-02,7.996431633144333861e-03,-2.752447934539995963e-02
2.391894848604988674e-02,-1.517523079471349082e-02,-8.743717691336382047e-03
-1.210819937313239135e-02,-1.331877912926189393e-02,2.542697850239430957e-02
-1.490230149874370406e-02,-4.851932642685170480e-03,1.975423414142878781e-02
-1.118008028110517582e-02,6.347875020463419372e-03,4.832205260641762520e-03
1.514551919720446942e-02,-1.751716914530599550e-02,2.371649948101574226e-03
1.723773237027858424e-02,-8.100760622302546551e-03,-9.136971747976009930e-03
4.777368703161937596e-02,-3.431466094767038344e-02,-1.345902608394902895e-02
4.690991666327794241e-02,-2.020038694580294364e-02,-2.670952971747512367e-02
3.102631112161077093e-02,-2.034188403317095314e-02,-1.068442708843976574e-02
2.833047788990192273e-02,-2.223742171068113921e-02,-6.093056179220832959e-03
8.756391844868630439e-03,-4.620534232979971179e-03,-4.135857611888644515e-03
1.982327456258391185e-02,-2.441707310565945782e-02,4.593798543075520817e-03
2.022984538744148839e-02,-1.795787308036271915e-02,-2.271972307078770105e-03
-1.820320668371023728e-02,2.943056178112318094e-02,-1.122735509741293498e-02
-1.946665520318642192e-02,2.311178169270152599e-02,-3.645126489515144400e-03
-2.622688342152296875e-02,3.583037279560359611e-02,-9.603489374080632565e-03
-1.761236415674243688e-02,1.293867860204595856e-02,4.673685554696481795e-03
-1.651030753082197849e-02,1.461233554525589659e-02,1.897971985566078651e-03
-2.605680953676152087e-02,1.293135567101230156e-02,1.312545386574922625e-02
-1.869049580643979483e-02,6.504786017161803477e-03,1.218570978927802258e-02
1.185411644280046951e-02,-1.765231414818259001e-02,5.798197705382097944e-03
3.079187597455013484e-02,-2.962174901161521851e-02,-1.170126962934916115e-03
5.446797844997118034e-03,-1.709360538096517390e-02,1.164680753596802204e-02
2.073276716444675399e-02,-3.525515876104499263e-02,1.452239159659824731e-02
4.153211405686450808e-02,-1.762454581785549701e-02,-2.390756823900897637e-02
1.881968367195255981e-02,9.318830740348603772e-03,-2.813851441230112022e-02
7.644297320340539235e-03,1.537742306646591890e-05,-7.659674743407018233e-03
-9.719706617112109509e-04,-1.458512065871434525e-02,1.555709132042557008e-02
-6.000305779372916513e-04,-1.832403501369279583e-02,1.892406559163007165e-02
1.803541823309237624e-02,-2.696565453668557742e-03,-1.533885277942383281e-02
1.534033707087161837e-02,-1.187986402433006961e-02,-3.460473046541508429e-03
-4.412559570289907238e-03,1.675614670024304234e-03,2.736944900265603654e-03
-3.921720879307898783e-02,2.525612994012729415e-02,1.396107885295157051e-02
-2.683949083206971925e-02,2.074051677031423652e-02,6.098974061755470591e-03
6.164042144397235490e-04,-2.724833362696060975e-03,2.108429148256319753e-03
6.788404745530302259e-05,1.680709103945783253e-02,-1.687497508691311945e-02
1.222134398655115063e-02,1.419973763786683578e-03,-1.364131775033777284e-02
-1.275594608791020233e-02,2.754277864420653227e-02,-1.478683255629637330e-02
-2.215292359188040031e-02,4.372677798970111412e-02,-2.157385439782070688e-02
-2.191556505352572348e-02,3.435594196848187898e-02,-1.244037691495605835e-02
-1.073322241186458643e-02,2.460135645483650657e-02,-1.386813404297188891e-02
-9.611785859422938491e-03,6.126084317817064723e-04,8.999177427641249366e-03
1.204998904290345216e-02,-1.301754521551004400e-02,9.675561726066094024e-04
-6.225239776807722130e-04,2.136248767666461528e-03,-1.513724789985690074e-03
-9.121466513385903183e-03,1.772760724457666387e-02,-8.606140731190731197e-03
-1.133854829627133944e-02,3.114365907700739674e-03,8.224182388570608002e-03
-1.416999799899653321e-02,6.462552925318527410e-03,7.707445073678011876e-03
-1.021603137165372557e-02,1.085544286681616559e-02,-6.394114951624397993e-04
2.635788755167282893e-03,-3.935801500490124227e-04,-2.242208605118277843e-03
2.882188226455626237e-02,-3.478046518707597623e-02,5.958582922519784116e-03
2.940997192147306455e-02,-5.113154386045863642e-02,2.172157193898552677e-02
3.200747934948910273e-02,-4.330597716662842878e-02,1.129849781713938330e-02
-6.261768375660093765e-04,7.709997053027575938e-03,-7.083820215461587161e-03
-3.325527319054747549e-02,3.258896734022525415e-02,6.663058503223105679e-04
-4.615996701144847725e-02,2.737952880624874158e-02,1.878043820519967669e-02
-1.980086223630335776e-02,1.475344834496926209e-02,5.047413891334072249e-03
2.284914055369284894e-02,-4.849859001096365821e-03,-1.799928155259648138e-02
-1.846348636754523848e-02,3.301561182328899280e-02,-1.455212545574382024e-02
8.610053705575297298e-03,7.810797475341362157e-03,-1.642085118091667420e-02
3.889568511336420620e-03,6.941163550730195149e-03,-1.083073206206659062e-02
1.830402061101103067e-02,-9.026153150822601237e-03,-9.277867460188446783e-03
2.143432294370607380e-02,-7.790209879297974038e-03,-1.364411306440810150e-02
3.679380870189157687e-02,-9.796614232479912421e-03,-2.699719446941153261e-02
3.560330344764121337e-03,2.408588605158423074e-02,-2.764621639634831651e-02
1.524523216442331963e-02,4.627457241411085317e-03,-1.987268940583440321e-02
-1.242247066755093783e-02,-1.690895885879073425e-03,1.411336655343004183e-02
-4.049276773392936069e-02,2.491427963921231947e-02,1.557848809471700478e-02
-7.552744703253802538e-03,3.083833975609926240e-02,-2.328559505284544251e-02
5.997794839348140339e-03,5.495617017656787007e-03,-1.149341185700495857e-02
4.304580332306350704e-02,-1.457021793904369686e-02,-2.847558538401973732e-02
4.393823257238513996e-02,-1.837719782392532170e-02,-2.556103474845995704e-02
1.969898911517076190e-02,-1.406346098794643111e-02,-5.635528127224318645e-03
5.603616690308899301e-04,-1.140313013686057066e-02,1.084276846782967867e-02
7.853613505225733385e-03,3.108896262901724144e-03,-1.096250976812743541e-02
4.327555570412620206e-03,-3.702980905433294126e-03,-6.245746649793521010e-04
7.553343756693394265e-03,-1.747168849297860843e-02,9.918344736285176003e-03
2.292563473459017717e-02,-2.902300949854534282e-02,6.097374763955115337e-03
-2.835392289535581395e-02,2.118641138223311543e-02,7.167511513122705458e-03
-3.114044749742529705e-02,3.766154251118385143e-02,-6.521095013758423410e-03
1.260650477158332256e-03,1.703873171567498986e-03,-2.964523648725831892e-03
-1.074367705785207044e-02,1.435223059624838801e-02,-3.608553538396295449e-03
-8.350677039444448502e-03,-6.234911597370815239e-03,1.458558863681526548e-02
-1.445544405976621413e-02,-5.553298286437533329e-03,2.000874234620377348e-02
-1.095685862883147461e-02,-1.472643400426929677e-02,2.568329263310081476e-02
-1.374612332020510794e-02,-1.133742828375758696e-02,2.508355160396265673e-02
-1.043392555702546209e-04,-3.313054522244173101e-04,4.356447077946747634e-04
-1.204330723809781192e-02,1.138668219683102670e-03,1.090463901841470448e-02
-1.826871705405022986e-02,2.261313763401688257e-03,1.600740329064854681e-02
-3.054856772516285641e-03,-2.247476181826305302e-03,5.302332954342577932e-03
-5.136019289557565773e-03,-4.320549447251314894e-03,9.456568736808928372e-03
-1.703086830527558021e-02,-1.624583874506494970e-03,1.865545217978203940e-02
-2.602921482650649015e-02,-1.322135750869603971e-02,3.925057233520253680e-02
-3.074385505945435165e-02,-7.504028034717049808e-03,3.824788309417142401e-02
1.936628992885511963e-02,-1.045659035900811835e-02,-8.909699569846987396e-03
-9.767777290946581120e-03,-6.476068186148847610e-04,1.041538410956145862e-02
1.364736567180803439e-02,-1.730237472888143278e-03,-1.191712819891989350e-02
-4.619033641091490477e-03,2.469091563182364106e-03,2.149942077909121167e-03
-9.673845943384331084e-03,3.083025981519554523e-03,6.590819961864811255e-03
-1.025597305606971293e-02,-1.762479723581739793e-02,2.788077029188711434e-02
1.466750951895443369e-02,-1.179694149455776629e-02,-2.870568024396688220e-03
4.353696581040678026e-03,4.553872146883144144e-03,-8.907568727923802221e-03
-8.256225759576582904e-03,3.195269940649776014e-02,-2.369647364692107835e-02
1.388390526998725324e-02,1.314854888101745986e-02,-2.703245415100469576e-02
-3.018327672251107548e-03,1.296609207549991385e-02,-9.947764403248774215e-03
-6.017114582639490963e-03,1.838553509088499197e-02,-1.236842050824554957e-02
7.407431073025879525e-03,-1.283078168333616487e-02,5.423350610310250647e-03
1.589828407325504650e-03,3.623488905893245196e-03,-5.213317313218758520e-03
3.206762690618618437e-03,1.955728453955030632e-04,-3.402335536014116594e-03
-9.886510144895855126e-03,7.899435083145693462e-04,9.096566636581239484e-03
-3.098445354856899960e-03,-1.886869966018929132e-03,4.985315320875804805e-03
-2.344348112970553923e-03,8.016155237354966046e-03,-5.671807124384406484e-03
3.742632083436774493e-03,4.571291831375975771e-03,-8.313923914812738555e-03
-3.021011790126028329e-02,1.314826524717829098e-02,1.706185265408196455e-02
1.372313812207782806e-02,-2.464950930184905964e-02,1.092637117977118474e-02
4.651416701472180920e-03,-1.013886769575058321e-02,5.487450994278403153e-03
1.803690263686661896e-02,-1.860435527054153312e-02,5.674526336748797950e-04
2.026198879632339512e-03,4.773143143367883194e-03,-6.799342023000222272e-03
-7.104832340665509852e-03,1.104121710367638245e-02,-3.936384763010857858e-03
9.183562877709846792e-03,7.239480751221360685e-03,-1.642304362893115544e-02
2.149207526731254994e-02,6.352240435733911943e-03,-2.784431570304645581e-02
2.237295666706399025e-02,7.296199505912441020e-03,-2.966915617297641999e-02
6.621991568906948275e-03,1.486660434773026673e-02,-2.148859591663723756e-02
1.407812058918936175e-03,1.186474546491412228e-02,-1.327255752383306973e-02
1.239350748522185901e-02,-1.179929755204516543e-04,-1.227551450970140560e-02
9.640570512322489335e-03,5.209668058955068022e-03,-1.485023857127752527e-02
2.438054335947131487e-02,7.539946841951524837e-04,-2.513453804366645034e-02
-5.228980955656436190e-03,3.609481686494284830e-02,-3.086583590928637308e-02
1.592870204887583761e-04,2.559078676524175616e-02,-2.575007378573063860e-02
1.293986298394825436e-02,8.327736279704454556e-03,-2.126759926365272627e-02
-7.627068069495494297e-03,1.034322204228070412e-02,-2.716153972785168187e-03
-2.297100680879773579e-02,2.748430274605990695e-02,-4.513295937262117377e-03
-3.677804765901218631e-02,4.114044529018412444e-02,-4.362397631172012721e-03
8.443038868660402221e-03,4.156205217991492534e-03,-1.259924408665188261e-02
3.504469192151660889e-02,-1.917031611624762369e-03,-3.312766030989182375e-02
3.387118949493877671e-04,8.576351706111429163e-03,-8.915063601060840837e-03
5.990929598110052677e-03,-2.369132403231777317e-03,-3.621797194878252808e-03
2.932951552990214691e-02,-9.003841510972431308e-03,-2.032567401892974510e-02
1.021991009243870124e-02,-5.839425875743113961e-03,-4.380484216695552588e-03
3.914941525668299595e-03,2.118818618163333632e-03,-6.033760143831639298e-03
-1.487799590505536722e-02,2.695959084188204874e-02,-1.208159493682667111e-02
-1.912949507843501526e-02,4.311474125708110450e-02,-2.398524617864606842e-02
-3.700512239833727950e-03,2.664127682450583012e-02,-2.294076458467213253e-02
-1.538545456523461585e-02,3.064787232131898839e-02,-1.526241775608426152e-02
4.768038713336581261e-03,6.260001315725432190e-03,-1.102804002906201258e-02
2.947243104256818888e-02,-4.246834637419180658e-02,1.299591533162354311e-02
4.405990734034116729e-03,-2.639214736796926739e-02,2.198615663393512637e-02
-1.471782048650816833e-02,-3.278813524894906833e-03,1.799663401140302876e-02
-4.630643779487807893e-03,-2.343382914444980866e-03,6.974026693932805672e-03
-1.253562206062098019e-02,-1.006091834129151791e-02,2.259654040191248076e-02
-6.922782971963381896e-03,-1.013849095851112117e-02,1.706127393047451521e-02
-1.816394873313387573e-02,1.886223028475347840e-02,-6.982815516196073371e-04
-1.605833939911241459e-02,7.953101745347692167e-03,8.105237653764705077e-03
-1.606000851883719258e-02,1.146280540477920100e-02,4.597203114057973362e-03
-9.752405717538315671e-03,5.571745161191900449e-03,4.180660556346445580e-03
-7.472726793201341262e-03,-2.591095535216853332e-03,1.006382232841818679e-02
-1.837752565078595510e-02,-4.721919062964731288e-03,2.309944471375069072e-02
-4.253609779573771371e-02,1.466999704056369883e-02,2.786610075517399754e-02
2.802627006034131077e-02,6.466759344073311384e-03,-3.449302940441464904e-02
-1.860101443498017896e-03,-7.603060276097758832e-04,2.620407471107789876e-03
6.117930459135093382e-04,1.315534809857400733e-02,-1.376714114448748631e-02
5.013389716205765741e-03,8.355091130243378836e-03,-1.336848084644917840e-02
5.940846060420090433e-03,1.578729676452089031e-02,-2.172814282494099289e-02
-7.239973041998192926e-04,-1.224573774363002868e-02,1.296973504782985426e-02
5.435862525964388868e-03,-1.512736120670642517e-03,-3.923126405293773239e-03
9.266488580330566396e-03,-6.210365697171474006e-03,-3.056122883159090222e-03
-1.513261372867816083e-02,2.956567870912328588e-02,-1.443306498044519270e-02
8.767558997239927737e-03,1.524488139818296929e-02,-2.401244039542288836e-02
1.135644370671637100e-04,5.427215366381316769e-03,-5.540779803448500455e-03
1.209075364045542403e-02,-2.697588265806292237e-03,-9.393165374649107072e-03
1.148018351437038757e-03,-2.154812318677235689e-02,2.040010483533535868e-02
5.291638966976538322e-03,-1.655967649383854878e-02,1.126803752686198097e-02
-2.449370769121164085e-03,-2.299158095338650273e-02,2.544095172250770628e-02
-6.462355269845345210e-03,-6.250584130583143258e-03,1.271293940042845724e-02
-1.640089707786907686e-02,4.999610360539961419e-03,1.140128671732917008e-02
-9.868563261391356811e-03,-2.056798052617862631e-03,1.192536131400919949e-02
-7.751269050935202104e-03,-8.152804474765078474e-05,7.832797095682870331e-03
-1.513436240174192114e-03,-1.093763491185946977e-02,1.245107115203372521e-02
-1.084419145906631576e-02,-9.648564480172707250e-03,2.049275593923904557e-02
-8.037127519178864643e-03,-7.972307580272532807e-03,1.600943509945138010e-02
-2.726101799261737568e-02,1.549767907526009708e-02,1.176333891735725085e-02
-1.152124608024548275e-02,1.433569247033282361e-02,-2.814446390087340429e-03
2.174785012632111589e-02,7.680113818083804606e-04,-2.251586150812951576e-02
2.599913891715091574e-02,-1.434286604572164274e-02,-1.165627287142933545e-02
3.383972114367878037e-02,-2.344236312102799050e-02,-1.039735802265081069e-02
-1.922116091559024169e-04,2.084150386730272350e-02,-2.064929225814682648e-02
-1.135575854543257332e-03,1.824202948721853970e-02,-1.710645363267528779e-02
2.307759647423992047e-02,-5.747730372079779687e-03,-1.732986610216014078e-02
2.064621706118955485e-02,-7.353255435187586002e-03,-1.329296162600202523e-02
2.177765465613230866e-02,-9.023804898123599866e-04,-2.087527416631995009e-02
1.333930203939505746e-02,2.315987594075621936e-02,-3.649917798015114845e-02
-7.219326685162722433e-03,2.018607623722915717e-02,-1.296674955206648244e-02
6.235531935116024431e-03,2.421015118576624534e-02,-3.044568312088233655e-02
1.945340526764995429e-02,1.260052683266123241e-02,-3.205393210031119711e-02
-1.171144829634610841e-02,1.084394794873373355e-02,8.675003476123774662e-04
-3.558975795537739663e-03,1.773688495705773782e-03,1.785287299831970868e-03
-7.661368353110303148e-03,1.319821976411824846e-02,-5.536851411007938373e-03
-1.140052189862019458e-03,-2.591185845716046428e-03,3.731238035578066537e-03
3.112857596922155058e-03,1.994058275477446004e-02,-2.305344035169661771e-02
-1.073833859225140769e-02,1.316758166002627954e-02,-2.429243067774870986e-03
9.629282126544763676e-03,5.533160367383781891e-03,-1.516244249392857679e-02
2.388306630101330683e-03,-8.098646007733001015e-03,5.710339377631677704e-03
-1.156016323617470656e-02,-4.414993050393779296e-03,1.597515628656846765e-02
-2.420528910642620688e-03,-2.239507507903915496e-03,4.660036418546552664e-03
-1.625548141023038656e-02,3.384509613364157510e-02,-1.758961472341118160e-02
-1.856539217336360820e-02,4.028350474414258559e-02,-2.171811257077902943e-02
2.021535811590255069e-02,9.518877093772646139e-03,-2.973423520967519856e-02
1.765245361635060448e-02,8.495625261113852467e-03,-2.614807887746448123e-02
7.715995614455439452e-03,-3.434116689623197601e-03,-4.281878924832255295e-03
1.968750846184335462e-02,-2.121032659832143563e-02,1.522818136478111149e-03
-3.992856080296773059e-03,-1.412386502947313854e-02,1.811672110976993155e-02
-7.826632755199992852e-03,-1.899410205768041482e-02,2.682073481288042155e-02
-1.003704100700155040e-02,-1.475221351242563504e-02,2.478925451942715422e-02
8.501973967754348355e-03,-3.274442293560104328e-02,2.424244896784673656e-02
4.537254829443284135e-03,-1.037647016469044406e-02,5.839215335247139975e-03
-5.784314808113006669e-03,6.962112159417255773e-03,-1.177797351304253875e-03
-9.006709309048574821e-03,-7.483188914388733126e-03,1.648989822343729580e-02
-1.493851013903679109e-02,6.863789802264465278e-03,8.074720336772329282e-03
-5.129882282898074429e-03,-5.366537736003811933e-03,1.049642001890185861e-02
-1.292497302198664273e-02,1.630965295094121206e-02,-3.384679928954550249e-03
-1.042754829204446503e-02,-6.287202382075713497e-03,1.671475067412015250e-02
-3.320416010165504195e-02,-6.226361019059508013e-03,3.943052112071467052e-02
1.078756806653562682e-02,8.410593630723564584e-03,-1.919816169725917579e-02
-9.013412348205705749e-03,7.756024460198230469e-03,1.257387888007475496e-03
1.541583607395362321e-02,1.121966152654883808e-02,-2.663549760050252721e-02
2.935209275881337562e-03,1.392351351099489418e-02,-1.685872278687626860e-02
-3.650408084046229563e-03,1.376393767173220845e-02,-1.011352958768604871e-02
2.887367856478642233e-02,-1.005861748714842463e-02,-1.881506107763809485e-02
1.704828766078272462e-03,9.176917595717459884e-04,-2.622520525650006307e-03
9.287051902008272922e-03,-1.275158125179121082e-02,3.464529349782986475e-03
-1.015930174582994200e-02,1.171143895744242852e-02,-1.552137211612483704e-03
9.053833093187748163e-03,-3.945977182727169151e-04,-8.659235374915070713e-03
-4.587834358929182565e-02,3.899288993052314051e-02,6.885453658768810048e-03
-1.408893562040514948e-02,1.872826509627551622e-02,-4.639329475870341592e-03
-2.360628733521381861e-02,-1.754325248931596845e-02,4.114953982452985992e-02
3.636833438247120357e-03,-2.372905332100613482e-02,2.009221988275889867e-02
2.974529405527151418e-03,-2.304723081692253150e-02,2.007270141139545772e-02
-1.407786386825149276e-02,-6.080040284670591016e-03,2.015790415292203000e-02
-5.543882497070031813e-03,-2.844835907886165277e-02,3.399224157593166984e-02
-2.919526450112566382e-02,1.263099592123921588e-02,1.656426857988651039e-02
-6.588773528972044144e-03,9.845865634686944146e-03,-3.257092105714884823e-03
9.586835901695159659e-03,-7.563200751815702533e-03,-2.023635149879466234e-03
1.711097630372678674e-02,-2.346646751361273348e-02,6.355491209885840050e-03
-1.333402725079413029e-02,9.033984503769658045e-03,4.300042747024468773e-03
-3.877080830638009179e-02,1.583027380116841173e-02,2.294053450521166618e-02
-2.175491613401636659e-02,2.168244172230316194e-02,7.247441171317934802e-05
-7.133045538210474636e-03,3.569831613261765894e-03,3.563213924948695297e-03
-2.751050875588931222e-04,2.312324933578864539e-03,-2.037219846019973097e-03
6.667208027892237120e-03,1.168178840424499362e-02,-1.834899643213724549e-02
-2.559133443358038371e-02,3.030535677164570077e-02,-4.714022338065360432e-03
-2.695255563298453588e-02,1.877695784113290328e-02,8.175597791851677704e-03
1.689507048777907797e-04,-9.726991373234869162e-03,9.558040668357083505e-03
-8.668244952221607416e-03,-7.504880713243690035e-03,1.617312566546530439e-02
-4.504055492858258410e-03,1.039468235740101561e-02,-5.890626864542716432e-03
3.791606028050649793e-03,7.055965333880703447e-03,-1.084757136193134283e-02
2.154464174896723525e-02,5.365602162528662969e-03,-2.691024391149591383e-02
-4.186521235523478664e-03,3.391932275241980876e-02,-2.973280151689629627e-02
-8.006487886262070308e-04,2.045968068097534995e-02,-1.965903189234916373e-02
1.434034079740439255e-02,1.709180572279798884e-03,-1.604952136968421442e-02
-1.768748053420999070e-02,2.466772568829853421e-02,-6.980245154088567799e-03
-3.109773640506198478e-02,3.756037429903225783e-02,-6.462637893970342440e-03
-1.285990084217376525e-02,7.550184646162398476e-03,5.309716196011371112e-03
-2.177834651500248908e-02,1.627592474332859723e-02,5.502421771673913532e-03
-1.369775346038129560e-02,1.148246210383301047e-02,2.215291356548260409e-03
-9.917773805888374650e-03,-7.606277621338163909e-03,1.752405142722652381e-02
-1.276018970058202459e-02,1.044713637322013805e-03,1.171547606325999170e-02
-2.742954157293207504e-02,1.148024528316896747e-02,1.594929628976311450e-02
-9.800810558776939727e-03,-6.842054417824044001e-04,1.048501600055936830e-02
-3.101797208910878068e-03,1.805770699434745830e-02,-1.495590978543660972e-02
1.047137294023828442e-02,1.276192120399672648e-02,-2.323329414423502132e-02
1.880881804988336625e-02,-1.330314505713066538e-02,-5.505672992752691335e-03
2.343921030117876794e-02,-7.352160386424403705e-03,-1.608704991475445531e-02
2.684752400926453814e-03,-2.471436189420523569e-03,-2.133162115059377523e-04
6.173784131745421299e-04,-4.679355479947317625e-03,4.061977066772770942e-03
-1.901612759854925255e-02,1.129551244773360427e-02,7.720615150815650883e-03
-1.135715854904152666e-02,4.493089833995322045e-03,6.864068715046200281e-03
-2.285646321935590718e-03,-1.369173042835573548e-02,1.597737675029133053e-02
8.217502057100447427e-03,-2.332178091607795337e-02,1.510427885897755104e-02
-6.362182856905086899e-03,-9.518402764523469298e-03,1.588058562142857441e-02
1.276857888000512047e-03,3.212472771386247917e-03,-4.489330659386772324e-03
1.032142906087246854e-02,-1.763059548542935534e-02,7.309166424556892000e-03
9.918563743706039493e-03,-7.020734365949942921e-03,-2.897829377756093103e-03
-2.845797847183893087e-03,3.445445057106278144e-03,-5.996472099223667347e-04
-1.775505660607895261e-02,-4.788836908237403128e-03,2.254389351431638697e-02
-2.338920125863960808e-02,1.616257099064939533e-04,2.322757554873313909e-02
-2.266645270127755005e-02,2.704640053877612783e-03,1.996181264739991038e-02
3.934636079334846888e-03,1.554607881502531770e-02,-1.948071489436013770e-02
-9.922009900710014249e-03,9.778102932901981681e-03,1.439069678080480994e-04
6.893958757248082325e-03,1.091163703779305001e-02,-1.780559579504113060e-02
9.843522134351445282e-03,1.344099823403595816e-02,-2.328452036838739303e-02
-6.870270180858211373e-04,6.578998978216244950e-03,-5.891971960130423271e-03
3.187966383251175650e-02,-1.115709288673280043e-02,-2.072257094577903067e-02
2.677618685398060455e-03,-5.560143868085603430e-03,2.882525182687529965e-03
8.987672809740342855e-03,-1.211726543601705959e-02,3.129592626276753164e-03
1.626936038498362838e-02,-1.500384623181131270e-02,-1.265514153172318064e-03
4.620913992472623633e-02,-4.164656118448330224e-02,-4.562578740242928879e-03
8.416041647114021196e-03,-1.382223992725412597e-02,5.406198280140142066e-03
6.654352116144430541e-03,-3.639561694222625057e-03,-3.014790421921784234e-03
-5.411987103302438699e-03,-2.661505581094462253e-02,3.202704291424712107e-02
-4.310194770297922501e-03,-1.671339725607426732e-02,2.102359202637220717e-02
4.077883831860001050e-03,-2.190410384968329016e-02,1.782622001782321886e-02
2.609530635113890395e-03,-2.177227575810015622e-02,1.916274512298625846e-02
-2.142274079066143130e-02,-3.772324327407230744e-03,2.519506511806857141e-02
-3.298704206286214632e-03,-1.843306051527356885e-03,5.142010257813544628e-03
6.333451248605060507e-03,3.617854057863086926e-03,-9.951305306468141362e-03
1.541958448313785271e-02,-4.636170241727195773e-03,-1.078341424141061530e-02
8.890758985752384574e-03,-1.482632297177090231e-03,-7.408126688575304535e-03
3.886014711339048563e-03,-1.948635988949735942e-02,1.560034517815833167e-02
1.868323643010451167e-03,-4.133492246761053326e-03,2.265168603750585246e-03
-2.680508619496170183e-02,2.607504457111133739e-02,7.300416238504381719e-04
-1.516951051366757786e-02,3.527712238678114287e-02,-2.010761187311358930e-02
-6.393781096961519833e-03,1.234688010302176231e-02,-5.953099006060249415e-03
-1.413163858046925792e-02,9.153294541441401450e-03,4.978344039027802689e-03
-2.384606690122410486e-02,4.009052025425689260e-03,1.983701487579839565e-02
-2.648743835518322168e-02,-2.911377462680566426e-04,2.677857610145116182e-02
-4.333817351784334526e-02,2.454313788071259619e-02,1.879503563713067274e-02
-5.614946030777066138e-02,2.629571396325278837e-02,2.985374634451789730e-02
-5.561250675284131612e-02,2.552707197525580507e-02,3.008543477758557350e-02
-2.481699429443324362e-02,-1.192537008553079493e-03,2.600953130298640920e-02
9.175317707140936627e-03,-1.341848546035667071e-03,-7.833469161105248088e-03
1.685494113615117542e-02,1.157104562106097204e-02,-2.842598675721216481e-02
-1.333028851978831052e-02,2.041673081672805423e-02,-7.086442296939830451e-03
-9.144457152717009110e-03,1.440284365849554132e-02,-5.258386505778509662e-03
-2.757953626295148869e-02,3.174982359551359323e-02,-4.170287332562090665e-03
-2.590826753745211625e-02,2.678441925195049547e-02,-8.761517144983246895e-04
-9.013132240313435906e-03,1.462261657171281919e-02,-5.609484331399372872e-03
-2.437014717615954007e-02,1.724671033107676166e-02,7.123436845082761933e-03
-1.155768008525422108e-02,-1.200862335169102131e-02,2.356630343694525453e-02
-2.801897674474864916e-02,1.086743857089282096e-02,1.715153817385578136e-02
-3.779343243329080781e-02,3.047420373467670668e-02,7.319228698614192209e-03
-9.893493527956868927e-03,1.435141308780150775e-02,-4.457919559844663107e-03
8.972206062342807931e-03,4.207497504807365327e-03,-1.317970356715020101e-02
1.162684838676990122e-02,1.192996368355161638e-02,-2.355681207032149505e-02
-1.029403092245872661e-02,3.154068584000118552e-02,-2.124665491754240340e-02
7.783555183947562205e-03,-2.014977477783589863e-03,-5.768577706163980148e-03
1.237691601833434615e-03,-5.299211982178056619e-03,4.061520380344625474e-03
7.509683457641819042e-03,-7.962098945259583199e-03,4.524154876177565680e-04
5.498433370968410991e-03,-2.469327659924092436e-02,1.919484322827253245e-02
-1.455989677397360321e-02,8.242573898960684972e-03,6.317322875012908699e-03
-2.540735236168437106e-02,3.549889452291603992e-02,-1.009154216123163590e-02
5.516150535521694744e-03,1.535795960956492720e-02,-2.087411014508658638e-02
1.228388046107949279e-02,-1.093313410839522395e-02,-1.350746352684294204e-03
2.581204876220478690e-03,-1.670473603222449518e-02,1.412353115600395795e-02
5.800128265731266733e-03,-2.349905399442774739e-02,1.769892572869653097e-02
2.326486653307214061e-02,-2.595529566129267662e-02,2.690429128220477462e-03
1.211527612212663120e-02,-7.214790596954873125e-03,-4.900485525171780626e-03
-2.024084874300767468e-04,-3.535719121335174648e-03,3.738127608765253861e-03
-1.248301755186506483e-02,-1.047234485292935363e-02,2.295536240479435774e-02
-1.604691050782967171e-02,-1.634727655888833925e-02,3.239418706671808729e-02
-1.911308257282001363e-02,-7.447345136964298590e-03,2.656042770978429141e-02
2.470185129045723155e-02,-4.374956463422630289e-03,-2.032689482703459866e-02
-6.587639521130116659e-03,-2.100494481002720785e-03,8.688134002132847852e-03
1.556957295059622527e-02,6.094782481515329323e-03,-2.166435543211158929e-02
-2.434250924842253777e-03,1.867350723019474759e-02,-1.623925630535247647e-02
5.019689112241388848e-03,3.291160012871175485e-03,-8.310849125112573441e-03
4.405315370305280115e-02,-2.925575980458751044e-02,-1.479739389846534969e-02
1.120244327082038638e-02,-8.997085662520134391e-03,-2.205357608300246349e-03
2.429352248049998150e-03,-3.468934211071706460e-04,-2.082458826942824685e-03
2.552638733772807922e-02,-2.234267433591929225e-02,-3.183713001808759213e-03
2.241986827768694193e-02,-8.101746601978550288e-03,-1.431812167570845930e-02
-2.782149055139535553e-03,-1.296230650422193313e-03,4.078379705561713253e-03
5.085465341300567620e-03,2.995470799366262062e-03,-8.080936140666837922e-03
-2.151484281659651540e-02,-1.395554350540820741e-02,3.547038632200480435e-02
-2.016372930082862072e-02,-9.567710087664811278e-03,2.973143938849339210e-02
-2.257658428834895606e-02,3.778455841022510323e-03,1.879812844732641972e-02
-1.315533743046809305e-02,-7.597368902069071527e-03,2.075270633253719493e-02
-2.136921882700917527e-02,-8.654427203804927055e-03,3.002364603081412314e-02
-8.550425886791879898e-03,-3.318016840811892354e-03,1.186844272760373409e-02
-1.359409559318505711e-02,8.526148059691630865e-03,5.067947533493409769e-03
-1.972682837524492722e-02,2.333320115133156666e-02,-3.606372776086661566e-03
-1.981121052815194242e-03,-9.358637756897925791e-03,1.133975880971312133e-02
3.181011324033661269e-02,-3.822219305676589213e-02,6.412079816429172748e-03
-3.473780193182245471e-03,1.749163187983419215e-02,-1.401785168665199872e-02
-4.212855751571708413e-02,3.279091577698422383e-02,9.337641738732978258e-03
-1.381573474329614477e-02,2.206729594950937109e-02,-8.251561206213238464e-03
2.721924925176236968e-03,-6.303770301362899469e-04,-2.091547895039931083e-03
-8.178132094549827452e-03,-1.351746841975420485e-02,2.169560051430401149e-02
-1.428859591660172623e-02,7.388208143527348268e-03,6.900387773074391842e-03
-1.634388198042279264e-02,2.063339447552117387e-02,-4.289512495098336126e-03
-2.716455813412000861e-02,3.621303702420934634e-02,-9.048478890089379362e-03
-6.139106609478306442e-03,-2.324751114967021481e-03,8.463857724445317948e-03
-2.136121478906426174e-02,1.898154560737611712e-03,1.946306022832663962e-02
-2.742365206178599621e-02,1.118694956133318638e-02,1.623670250045281330e-02
-2.700802919262473498e-02,1.619140652711964501e-02,1.081662266550507609e-02
-4.235457276891136519e-02,4.125483959792948518e-02,1.099733170981762043e-03
-3.240624756123600819e-02,3.636405555389331246e-02,-3.957807992657234875e-03
-4.014987374448474033e-02,4.489454898247472597e-02,-4.744675237990093192e-03
-3.753186700136186549e-02,2.419032343120048473e-02,1.334154357016136168e-02
-2.952723033797031993e-02,3.138320916992939913e-02,-1.855978831959068358e-03
-3.859345104703313864e-03,6.038877559316552929e-03,-2.179532454613227355e-03
6.907247902902945158e-03,5.811881608480159132e-03,-1.271912951138308261e-02
-2.440417387372548208e-02,8.307395645524743438e-03,1.609677822820074211e-02
-1.133938753663918039e-02,3.111170882516043831e-02,-1.977232128852124057e-02
9.788987803227748932e-03,1.194753702155904908e-02,-2.173652482478680842e-02
-1.635837265775010735e-02,5.355795105448861448e-03,1.100257755230124243e-02
-1.128860874214230973e-02,6.008824486361066287e-03,5.279784255781224366e-03
-1.410296127320571306e-03,-2.128592598736303923e-03,3.538888726056881300e-03
-1.970428357014438261e-02,1.036184878086936559e-02,9.342434789275032639e-03
-3.543057951536398437e-02,2.426815540553408507e-02,1.116242410982997042e-02
-2.708415614889432554e-02,1.005923762712096839e-02,1.702491852177339879e-02
-1.784373805161047766e-02,1.857153773032708260e-02,-7.277996787166492914e-04
-2.661936427751761258e-02,1.893985158209069916e-02,7.679512695426952452e-03
-3.528458993917668596e-02,3.388445200111521449e-02,1.400137938061523724e-03
-2.735763894994531348e-02,4.288999472085350262e-02,-1.553235577090809720e-02
-2.251451464630646604e-02,2.434642311382663460e-02,-1.831908467520113916e-03
-4.971022514592707275e-03,-2.217758299343498569e-03,7.188780813936214951e-03
1.254988549166487916e-02,-1.141426987634474276e-02,-1.135615615320163503e-03
-4.409756688547449011e-03,-2.676979436656628727e-02,3.117955105511367037e-02
1.112070823460111456e-02,-1.984269393254476863e-02,8.721985697943676619e-03
2.607805995818943470e-02,-9.082494398498237864e-03,-1.699556555969120725e-02
-1.598622011811963580e-03,-1.225268282323350652e-02,1.385130483504548593e-02
-3.854177763353009573e-03,-2.819285067518155496e-02,3.204702843853455413e-02
-6.989442096691122347e-03,-1.631175538492482188e-02,2.330119748161593035e-02
-1.782865891844242351e-02,-1.298256909811660448e-02,3.081122801655912860e-02
-4.441358076076646786e-04,3.086638175344304886e-04,1.354719900732342984e-04
-1.207906146622466682e-02,1.335731447555205988e-02,-1.278253009327406714e-03
6.511187264488444912e-03,-1.580571258025841811e-03,-4.930616006462597463e-03
1.817265348502725792e-03,4.382444658942642735e-03,-6.199710007445371346e-03
-4.904579399556090527e-03,6.342968951904635888e-03,-1.438389552348559022e-03
2.336721542503936155e-02,-1.568470839101293590e-02,-7.682507034026475091e-03
-9.252429692184750004e-03,5.860985889437475040e-03,3.391443802747271061e-03
-1.123924507611418454e-02,-1.337624716897585280e-03,1.257686979301176483e-02
2.055894256066871650e-02,-1.258789960763381961e-02,-7.971042953034876075e-03
2.992502883140552711e-02,-2.464188839578182466e-02,-5.283140435623652140e-03
7.852026977980441219e-03,-2.526004908481297231e-03,-5.326022069499146590e-03
7.243544166663774993e-03,3.249725933386357537e-03,-1.049327010005013210e-02
-1.207056647654397401e-02,-9.361087662320584368e-03,2.143165413886461909e-02
-4.120646996293730185e-03,-1.110378650469542351e-02,1.522443350098911727e-02
4.076314202647488352e-03,-1.052863995538821755e-02,6.452325752740748280e-03
1.251066323353968585e-02,-1.525464628541595320e-02,2.743983051876307255e-03
-7.539666549751612712e-03,-2.470117219677497086e-03,1.000978376942914319e-02
7.095534181627389039e-03,-1.961981168174109415e-03,-5.133553013453276588e-03
1.461202515562588962e-02,-1.710386515277992001e-02,2.491839997154028652e-03
-3.724143372732793920e-03,1.333432848000488079e-02,-9.610185107272068220e-03
-1.679514310664673843e-04,-8.724328324695504802e-03,8.892279755761922991e-03
8.828842609041763143e-03,7.411676451943373205e-03,-1.624051906098513201e-02
-2.979247145328939653e-02,3.414850516802545727e-02,-4.356033714736100640e-03
-7.131689619965342168e-03,1.878487354344598667e-03,5.253202265620749573e-03
1.530561569246989204e-02,-2.406311900456990088e-02,8.757503312100033133e-03
2.203808814805171407e-02,-4.308288324997477936e-02,2.104479510192296815e-02
1.919099279626287555e-02,-2.599849137950303868e-02,6.807498583240242061e-03
1.822702660483966480e-02,-4.076927005963359302e-03,-1.415009959887631244e-02
1.605601191152976337e-02,-1.408362709822204729e-03,-1.464764920170754520e-02
2.745485156037742736e-02,-1.453186294444265211e-02,-1.292298861593478912e-02
2.860611169266586221e-02,-4.332599994470592852e-02,1.471988825204002642e-02
5.199199574099748478e-02,-6.555775551882833674e-02,1.356575977783079992e-02
2.162343567434398331e-02,-3.815498234805345806e-02,1.653154667370957190e-02
3.073871400949680990e-02,-3.674401143367798939e-02,6.005297424181081471e-03
-2.203418875663031365e-02,1.036781705552874619e-02,1.166637170110157093e-02
1.351516071636021943e-02,6.930487544573090547e-03,-2.044564826093329610e-02
9.634082699393184401e-03,7.362487268335155769e-04,-1.037033142622669803e-02
3.986128135507112716e-03,-4.960349748884699227e-03,9.742216133775740425e-04
2.003438221235539704e-02,-9.354158767732347751e-03,-1.068022344462307011e-02
-1.325625828741805847e-03,-1.005692779380462296e-02,1.138255362254646068e-02
5.546207883471815717e-03,3.240799386391352011e-03,-8.787007269863143441e-03
3.802653038017573053e-03,-1.620039281883859511e-02,1.239773978082100471e-02
3.289900850746507732e-02,-3.969140920259936305e-03,-2.892986758720514709e-02
3.152080647620343623e-02,-2.121909063385479105e-02,-1.030171584234869896e-02
1.961719161972985681e-02,-2.632428115067828381e-02,6.707089530948372354e-03
1.883216613033653758e-02,-3.587010248590974393e-02,1.703793635557333819e-02
2.624829183221777731e-02,-5.575956704464193198e-02,2.951127521242422752e-02
1.126960281547437909e-02,-2.857640070712577293e-02,1.730679789165144589e-02
1.962765138677796672e-03,-2.196596436645165476e-02,2.000319922777384074e-02
-1.135775419657718797e-02,-8.512994751943581476e-03,1.987074894852081108e-02
-1.465612476638976196e-02,7.757885862216050248e-03,6.898238904173792374e-03
-2.738522059444018029e-03,6.918941855141334980e-03,-4.180419795697319120e-03
-2.909412884914221870e-03,2.767502075572534151e-02,-2.476560787081115780e-02
5.142426670612514593e-03,2.329531025522373414e-02,-2.843773692583629817e-02
3.000473015695065415e-02,-1.402409346237443004e-02,-1.598063669457620503e-02
1.939572074386200148e-02,-2.518560772509242582e-02,5.789886981230440814e-03
2.633478605649901272e-02,-3.279152357577349436e-02,6.456737519274520672e-03
6.746297658467109888e-03,-3.604704042897837607e-02,2.930074277051137460e-02
2.269927016427148586e-02,-3.809022999679664845e-02,1.539095983252520769e-02
1.461131751312075983e-02,2.004359594202346009e-03,-1.661567710732306594e-02
3.959197270553705544e-02,-1.803144455025724319e-02,-2.156052815527976022e-02
2.461048119482784138e-02,-2.730855322220888601e-02,2.698072027380989113e-03
3.425529529598249877e-03,-8.386097195004908397e-03,4.960567665406681072e-03
-1.191538195527312542e-02,-4.581353567046195403e-03,1.649673552231932169e-02
1.088502449818583989e-02,1.551898097327535694e-03,-1.243692259551340898e-02
-4.807613653661626206e-03,6.167773612878845423e-03,-1.360159959217219000e-03
1.017017271767473550e-02,-4.304266262920340182e-03,-5.865906454754433487e-03
1.250159729237825977e-03,-1.130958603110855795e-03,-1.192011261269746678e-04
-5.630630150768090036e-03,1.315541369869216567e-03,4.315088780898887130e-03
2.374839187455663261e-02,-1.610354708186214484e-02,-7.644844792694467824e-03
1.686778349795855364e-02,-2.006076568563758267e-02,3.192982187679016450e-03
7.315371542301301287e-03,-1.444108243653453340e-02,7.125710894233252927e-03
8.723202634310813289e-03,-4.302451593323223557e-03,-4.420751040987593201e-03
1.269317450425021948e-02,-6.422498062877061639e-03,-6.270676441373111872e-03
1.044287099056101162e-02,-6.794265575718718211e-03,-3.648605414842299045e-03
7.666752197032167260e-03,-6.225560858630660270e-03,-1.441191338401491594e-03
1.803443291024552086e-02,-5.326583725182069094e-03,-1.270784918506348039e-02
1.324296873192385565e-02,1.831957412857420937e-03,-1.507492614478127615e-02
-3.392587391231118542e-03,7.711126877790766727e-03,-4.318539486559636043e-03
1.247747035010271684e-02,5.481379514089414033e-03,-1.795884986419212653e-02
3.335738871271010791e-02,-3.279259470214036191e-03,-3.007812924249608430e-02
2.315802855375422020e-02,-9.581437763085282402e-03,-1.357659079066894647e-02
2.259047281486209133e-02,-2.441241574448959131e-02,1.821942929627449895e-03
2.681715526304638206e-02,1.099508461864573189e-03,-2.791666372491092424e-02
1.963566352418398206e-02,6.124138527531842319e-03,-2.575980205171582438e-02
1.457053866687469355e-02,6.933915529259841379e-03,-2.150445419613445514e-02
-5.081227361109279424e-03,3.236792356046844731e-04,4.757548125504590560e-03
-1.628100945954689613e-02,1.547803506140572102e-03,1.473320595340632706e-02
1.629020708804220993e-02,-2.146551176318618401e-02,5.175304675144005301e-03
1.794279032127343160e-02,-2.641843215239180268e-02,8.475641831118388425e-03
2.133597053236904392e-02,-6.165430036346865143e-03,-1.517054049602217965e-02
1.574925835737057489e-03,7.285831071370852145e-04,-2.303508942874149534e-03
3.162275010531425540e-02,-1.492710611886805330e-02,-1.669564398644632006e-02
2.635789788738889319e-02,-1.525192848158080441e-02,-1.110596940580814429e-02
4.899918149645219462e-02,-5.947876498034763981e-02,1.047958348389543999e-02
3.745935955867486788e-02,-5.629279788455151395e-02,1.883343832587654199e-02
4.053142926450627875e-02,-6.127498426863761671e-02,2.074355500413130673e-02
5.652004311124783457e-03,-2.629893970863830116e-02,2.064693539751353071e-02
-8.120651304023257522e-03,-4.819873866121439886e-03,1.294052517014469307e-02
-3.106933069699653258e-02,2.836083888551215251e-02,2.708491811484348404e-03
-1.282078338077986823e-02,2.285972908547633312e-02,-1.003894570469637641e-02
-5.439111740777292751e-03,2.066435917462815589e-02,-1.522524743385087441e-02
-1.971889577783983525e-03,2.327634964404770579e-02,-2.130446006626368627e-02
1.040246253614079096e-02,3.508701134713433471e-03,-1.391116367085422009e-02
-2.526434563519065757e-03,1.149209625014101666e-03,1.377224938504965175e-03
-2.172059041464474358e-02,6.665542772485415039e-03,1.505504764215935196e-02
-7.278121880289970935e-04,-7.510392992450548241e-03,8.238205180479536011e-03
1.454788031026596484e-02,-1.268159555176982985e-02,-1.866284758496119600e-03
-2.800369830903179738e-04,-1.101397507763531187e-02,1.129401206072560594e-02
4.437382149457615686e-03,-2.747754768062961317e-02,2.304016553117203131e-02
2.301451055633115667e-02,-4.718574921048375448e-02,2.417123865415263598e-02
-4.228959294855345018e-03,-3.462296505078225894e-02,3.885192434563754932e-02
-2.018439840159351809e-02,-6.790919211958655784e-03,2.697531761355217994e-02
-2.069525708438564940e-02,7.316325901629690438e-03,1.337893118275596330e-02
-1.470418597625763185e-02,8.727298749735322089e-03,5.976887226522304558e-03
-1.610346057085895038e-02,3.341167893179105425e-02,-1.730821836093213509e-02
9.303600523212883153e-03,1.038765887058041258e-02,-1.969125939379333043e-02
1.675206678720467246e-02,-1.066301764930741545e-02,-6.089049137897229250e-03
1.858818597014041257e-02,7.804439579024306621e-03,-2.639262554916477557e-02
2.270108999628743518e-02,-8.296434125751282751e-03,-1.440465587053618539e-02
6.428136072336537721e-02,-4.354439965438674370e-02,-2.073696106897862657e-02
3.379714297802202672e-02,-4.979831196166904089e-02,1.600116898364708357e-02
4.442440401294076718e-03,-2.993572520815676943e-02,2.549328480686275170e-02
1.033765244756683528e-02,-1.190996258329123222e-03,-9.146656189237751741e-03
3.159801928450239883e-02,-3.998021689419820751e-03,-2.759999759508257461e-02
1.544451295417037344e-02,-2.147877515026825473e-02,6.034262196097935939e-03
-9.205541691882524608e-03,-4.605139469320415277e-03,1.381068116120295029e-02
-2.945531777559682804e-02,-5.113211906878789451e-05,2.950644989466564769e-02
8.532292026172807325e-03,7.671278065591453400e-03,-1.620357009176427027e-02
1.009278847049667818e-02,9.093965054134485818e-03,-1.918675352463110675e-02
5.910583504254625538e-03,-2.145268009937270062e-04,-5.696056703260897122e-03
-6.022049728830082896e-03,-2.267936075683514487e-03,8.289985804513606490e-03
-4.700182756048991439e-03,2.540071334993206434e-03,2.160111421055775031e-03
3.500443657777452255e-02,-2.591411692949832299e-02,-9.090319648276178749e-03
1.860901380185351131e-02,-2.802942465432503930e-02,9.420410852471495025e-03
-2.068729279076208377e-02,5.312382860914369349e-03,1.537490992984773784e-02
-4.965818102670263882e-04,-1.761262619277313007e-03,2.257844429544342106e-03
1.804812405031976444e-02,-1.945860499452416528e-02,1.410480944204345766e-03
4.650782415646931701e-04,-8.009472075880220629e-03,7.544393834315528055e-03
6.642282252149737075e-03,-5.083097886870025298e-03,-1.559184365279728257e-03
-5.356615991160674703e-03,-4.416284027423265403e-03,9.772900018583965259e-03
-7.945370786301796454e-03,7.258607292695669171e-03,6.867634936061181757e-04
-1.478007658098874459e-02,1.265413503108449994e-02,2.125941549904232074e-03
6.892235794660887468e-03,2.537781859650165527e-03,-9.430017654311043454e-03
1.679348927913529646e-02,-3.247579879888825866e-03,-1.354590939924646582e-02
4.800070590817268404e-03,-1.074216164905026326e-02,5.942091058233013069e-03
1.337460807104958078e-02,-6.361008734112051990e-03,-7.013599336937540937e-03
1.114357063886489696e-02,-3.172057201454874312e-03,-7.971513437410012240e-03
-1.313825539252153236e-02,4.472087802074725671e-02,-3.158262262822567057e-02
-1.864628347446982979e-03,2.461650848551431934e-03,-5.970225011044438595e-04
-5.823657964581275409e-03,-6.382150292792278766e-03,1.220580825737355504e-02
7.627343740190266688e-03,-6.680482965211227578e-05,-7.560538910538179905e-03
1.868548929011745394e-03,1.196750792851180092e-02,-1.383605685752356193e-02
1.626443349370816768e-03,1.297261312473800381e-02,-1.459905647410881385e-02
7.940694378035873316e-03,-8.717726588877415875e-03,7.770322108415425588e-04
-6.317439123617160125e-03,-3.791453839982566435e-04,6.696584507615427340e-03
2.025394428603787683e-02,6.196081626698139331e-04,-2.087355244870774812e-02
-2.278557381116178698e-02,2.180168553823149530e-02,9.838882729303398238e-04
-1.840582908949260632e-02,-1.103096941832786351e-02,2.943679850782034840e-02
-2.764698460403463079e-02,-4.306782506306277604e-03,3.195376711034090406e-02
1.420319394329075868e-03,-2.241682108911021223e-02,2.099650169478113962e-02
4.107543422213459465e-03,-2.806196806980087999e-02,2.395442464758746129e-02
3.260350591086134259e-02,-4.257090000844354627e-02,9.967394097582330317e-03
-2.019844766809926820e-02,1.105729202220421745e-02,9.141155645895026466e-03
-4.859779370056036864e-03,8.798509197782246674e-03,-3.938729827726220219e-03
-2.595822606899311769e-02,1.525646301242490448e-02,1.070176305656818719e-02
-5.896920769497636557e-03,1.494822323403962455e-02,-9.051302464541964576e-03
1.784930404170807089e-02,5.559033123396176640e-03,-2.340833716510428916e-02
7.482296053741723353e-04,-1.640158297266899748e-03,8.919286918927373875e-04
-5.541933515772340391e-03,-3.982037935810169710e-03,9.523971451582527448e-03
4.459618216417468410e-03,-5.155366577347740131e-04,-3.944081558682698517e-03
2.748145775769160470e-02,-1.690151372417918532e-02,-1.057994403351244367e-02
-1.509542137397014080e-02,1.212857420445152996e-02,2.966847169518589157e-03
-3.375791291642306347e-02,2.202191654720628017e-03,3.155572126170248792e-02
-1.636961636173125956e-02,-1.890791336044214330e-02,3.527752972217325367e-02
1.969436148072070333e-02,-3.762668135209517456e-02,1.793231987137429428e-02
7.923435192413385078e-03,-8.441876331545932269e-03,5.184411391325855715e-04
-8.540258878028785319e-03,1.641082787907073917e-02,-7.870569001041952117e-03
2.354789244454140017e-03,9.824890933763192821e-03,-1.217968017821733848e-02
-4.176217061374198555e-03,2.704063118379286187e-02,-2.286441412241871016e-02
-3.121845172729600850e-03,1.424664544972937749e-02,-1.112480027699977794e-02
-3.682988746423691406e-03,1.028369299539513664e-02,-6.600704248971451735e-03
1.837585352694737564e-02,-7.601252958285262089e-03,-1.077460056866207626e-02
4.725502956658951190e-03,-3.710380160375060122e-03,-1.015122796283905162e-03
3.168775985175802806e-02,-2.104265677531704654e-02,-1.064510307644105265e-02
1.900677211745210177e-02,-3.031491994822408872e-02,1.130814783077198869e-02
-1.218776771322708542e-02,-6.306883954521680553e-03,1.849465166774876337e-02
-2.233819873595871072e-02,3.856804542215478814e-03,1.848139419374322454e-02
2.844038759908416522e-02,-1.012868099537289276e-02,-1.831170660371120307e-02
2.125174232988112991e-02,-2.822139016834781383e-02,6.969647838466644027e-03
1.399008271267847964e-02,-3.142433473961316753e-02,1.743425202693471565e-02
-1.720726291208877351e-02,-1.453108047287269243e-02,3.173834338496153706e-02
5.815980167556264110e-03,4.261297891901757139e-03,-1.007727805945804987e-02
-3.729903006735926178e-03,1.193662350657071804e-02,-8.206720499834807905e-03
-6.524882280135789426e-04,6.115123985897284037e-03,-5.462635757883698914e-03
4.955144916043256742e-03,-9.962272033477785962e-03,5.007127117434517945e-03
-1.435217951044865867e-02,9.811780852730151228e-03,4.540398657718515245e-03
3.169829541911389076e-02,-2.254887293550645461e-02,-9.149422483607469112e-03
8.183820403832834864e-03,-1.805469409784755258e-02,9.870873694014735064e-03
-7.570900885620384518e-03,-1.044441107394629420e-02,1.801531195956660586e-02
1.056555196005931965e-02,-2.317567935664003459e-02,1.261012739658072535e-02
-5.207191476201021227e-03,5.854336297945152839e-03,-6.471448217441163253e-04
1.193328810098117157e-02,-1.553907197802779049e-02,3.605783877046608941e-03
1.591379867124383118e-02,1.363550514536149467e-04,-1.605015372269746540e-02
-8.273897096595844713e-03,-6.898578225316946352e-03,1.517247532191274943e-02
-2.257705902757675340e-02,5.530096994892558931e-03,1.704696203268430549e-02
-5.145556120817967524e-03,-3.448342313786648648e-03,8.593898434604613570e-03
3.421560627757901357e-03,6.133541414639782745e-03,-9.555102042397676729e-03
7.083958226756734491e-03,-8.351206236771153372e-04,-6.248837603079615034e-03
2.047967803947802964e-02,-1.809348781939534162e-02,-2.386190220082684988e-03
4.290918355285602143e-02,-2.259195579727905911e-02,-2.031722775557681313e-02
9.799269262799928729e-03,7.227002239909145233e-03,-1.702627150270908871e-02
-1.636137231130226771e-02,3.743222083270832112e-02,-2.107084852140610545e-02
2.261636533174132802e-04,1.207370376751249266e-02,-1.229986742082988735e-02
-1.543964841379007018e-02,1.793436790171220110e-02,-2.494719487922153912e-03
5.701695617100506659e-03,4.913173322440210662e-03,-1.061486893954075028e-02
1.868006587960078374e-02,-1.880908789208739912e-02,1.290220124866404234e-04
4.129749090631000367e-03,-3.923298302096948562e-03,-2.064507885340382805e-04
-2.000058231286033078e-02,1.447831130215469081e-02,5.522271010705604409e-03
-2.805759010311436111e-02,1.818450244417133682e-02,9.873087658943053777e-03
-1.021646172717172694e-02,1.265537467857277137e-02,-2.438912951401077823e-03
4.617398600303683921e-04,4.762204954781619134e-03,-5.223944814811982973e-03
-1.779466986928785605e-02,5.755818538615045145e-03,1.203885133067282218e-02
3.650547150309957269e-03,-1.987208782560422743e-02,1.622154067529430269e-02
7.730654056185282987e-03,-1.933109945803631810e-02,1.160044540185103598e-02
-8.668802925726273173e-03,1.273695664494904102e-02,-4.068153719222773919e-03
-6.158467463535953479e-03,-2.081307551156662099e-03,8.239775014692612976e-03
-2.612714420726599401e-02,1.043789167330377333e-02,1.568925253396219119e-02
-1.120190449138404494e-02,9.234718154544848540e-03,1.967186336839218085e-03
-1.319349135673675809e-02,-1.182859998010730822e-02,2.502209133684407671e-02
1.531749844295560159e-02,-6.729026795208024360e-03,-8.588471647747574628e-03
1.539745848119564511e-02,-1.127416763055046067e-02,-4.123290850645210462e-03
-1.565018771218986207e-02,5.402321441642660670e-03,1.024786627054723349e-02
-3.270189238964242660e-03,-4.308148635166044252e-03,7.578337874130309029e-03
-7.453165337094831526e-03,2.069840712440805530e-02,-1.324524178731326628e-02
1.080433327263674630e-04,-2.277776618114101155e-03,2.169733285387738693e-03
-1.129726125874689312e-02,-4.936712058203348609e-03,1.623397331695028076e-02
-5.197678481836881005e-03,-3.098382365551073311e-02,3.618150213734751958e-02
-3.241687587652383826e-03,-8.297436818116090546e-03,1.153912440576847047e-02
3.182596871828479584e-02,-4.079804132076108453e-02,8.972072602476269601e-03
4.341868546075011194e-03,-1.452126647465649262e-02,1.017939792858149096e-02
-6.751724941041406872e-03,9.178793946097907677e-03,-2.427069005056483892e-03
3.062662893916242787e-02,-8.642761390215405667e-03,-2.198386754894706557e-02
1.069320217992411441e-02,1.718111830387837255e-02,-2.787432048380246788e-02
7.592400449138474693e-03,7.327204599866968086e-03,-1.491960504900541849e-02
6.086280988896668014e-03,2.100010874134022355e-03,-8.186291863030702512e-03
7.496749711545304916e-03,9.569859737772542715e-03,-1.706660944931787452e-02
-5.362450825305833599e-03,5.777681293310136385e-03,-4.152304680043122182e-04
3.543243148627006622e-02,-2.133440281749805420e-02,-1.409802866877206233e-02
2.456040495206711707e-02,-1.952710260148484561e-02,-5.033302350582302687e-03
-4.215971355997156014e-03,-3.666217806297053256e-03,7.882189162294214041e-03
-1.566752326639175505e-02,1.973147996425593693e-03,1.369437526996618651e-02
5.824571545084637758e-03,2.920617871401047592e-03,-8.745189416485645018e-03
1.973838960395066233e-02,-2.109320755588811602e-02,1.354817951937456076e-03
3.818466592233987506e-03,-2.805655872797167480e-02,2.423809213573772242e-02
-2.229174746973860977e-02,-1.446843905548771299e-02,3.676018652522632102e-02
2.760408878929863571e-03,8.470643138841828582e-03,-1.123105201777174073e-02
1.022567046041846471e-02,1.012647199054249499e-02,-2.035214245096092847e-02
4.913502092909641933e-03,-2.324251463562583119e-03,-2.589250629347054477e-03
-6.570506659253760352e-03,2.127091214912636957e-03,4.443415444341137707e-03
-1.029435568418386217e-02,1.276597463088772382e-03,9.017758221095073523e-03
3.085792904691821853e-02,-2.072493235227017630e-02,-1.013299669464807519e-02
1.868442608560648074e-02,-1.251056633373780203e-02,-6.173859751868675250e-03
-2.270454054097302901e-02,-5.401532388146167672e-03,2.810607292911915592e-02
2.247760017268977256e-02,-3.738405516991379074e-02,1.490645499722397654e-02
-1.347130726329652441e-03,3.740052409625960108e-03,-2.392921683296303764e-03
-3.244182335171368753e-02,3.004784529509660351e-02,2.393978056617097460e-03
2.527638618263882211e-02,-1.571734678467022472e-02,-9.559039397968554022e-03
1.179963172567030823e-02,-2.805233787382162627e-02,1.625270614815135101e-02
-9.298520355833358661e-03,-1.682597443672851148e-02,2.612449479256173657e-02
9.220969311483294753e-03,-6.702736415049983902e-03,-2.518232896433309550e-03
9.533423388015388120e-03,-1.205617947542805260e-03,-8.327805440472594786e-03
7.944450639906884895e-03,-6.032390377766585696e-03,-1.912060262140320667e-03
2.572259538440897081e-02,-7.534498315292246021e-03,-1.818809706911661897e-02
3.846253067186669594e-02,-2.417472982271311535e-02,-1.428780084915348692e-02
9.902040376947853981e-03,-1.022420989101185951e-03,-8.879619387846628131e-03
-6.579014710609581811e-03,8.591189323507985101e-03,-2.012174612898421939e-03
3.976704407286887552e-03,4.714966173536846474e-03,-8.691670580823717546e-03
-3.013005483947634594e-03,1.168163567875610612e-02,-8.668630194808501013e-03
1.645733808013662494e-02,2.088278212607925892e-03,-1.854561629274460027e-02
-3.018228152490179741e-02,2.362393171530759173e-02,6.558349809594178799e-03
-1.669461150097377791e-02,3.964817058049199816e-03,1.272979444292454687e-02
-2.244633114675869193e-02,1.484174956581521022e-02,7.604581580943554561e-03
-3.427641325863910442e-03,-1.451535272676690233e-02,1.794299405263078892e-02
2.257728882120331113e-02,-1.531191237390947153e-02,-7.265376447293832654e-03
2.322681695834723573e-02,-1.464898894868837780e-02,-8.577828009658894359e-03
-7.780039506537508864e-03,-5.318150121193960253e-04,8.311854518656949450e-03
-2.094894841266560157e-02,1.436180193836909119e-02,6.587146474296505169e-03
-3.154100355796158467e-02,3.736997943048301490e-03,2.780400561491330053e-02
-4.003871074566175969e-02,3.203781275930329270e-02,8.000897986358558936e-03
-1.037948921928539235e-02,2.471577734049400666e-03,7.907911485236047630e-03
-1.437942749785424065e-02,1.020864887719212868e-02,4.170778620662157071e-03
-1.654912857352310593e-03,2.046653186027412499e-03,-3.917403286751078685e-04
-1.388530078455044343e-02,-4.183638246074742988e-03,1.806893903062519249e-02
1.031378942122144170e-02,-9.298279367806229490e-03,-1.015510053415202233e-03
4.460083885753486285e-03,3.524689316371790106e-04,-4.812552817390652014e-03
-1.844909618096432589e-03,1.020522811644676391e-02,-8.360318498350314403e-03
-2.123113448196312092e-02,9.666315005879647440e-03,1.156481947608343011e-02
1.189298316960334286e-02,-1.499076711499101021e-04,-1.174307549845340914e-02
1.737681705460013271e-02,-9.926971325815155817e-03,-7.449845728784892755e-03
1.416998198965714259e-02,-1.325655683821226789e-02,-9.134251514448731794e-04
-1.328192683910508001e-02,-6.958320842828196601e-03,2.024024768193333906e-02
-7.233065816960280135e-03,8.351535653778214066e-03,-1.118469836817924607e-03
2.308867533598326152e-02,-3.069022781051807328e-02,7.601552474534757110e-03
1.029799186902080914e-03,-4.884803021230422863e-03,3.855003834328348238e-03
-5.273078229226117741e-03,1.718005910236071465e-02,-1.190698087313453273e-02
1.695302243835877104e-02,-1.004072171579149450e-02,-6.912300722567305163e-03
2.353629813422816394e-02,-1.399838856837927817e-02,-9.537909565848913529e-03
-6.890731979757574316e-03,1.237453639271780814e-02,-5.483804412960250306e-03
6.415119155925221028e-03,2.027239111627899756e-03,-8.442358267553141601e-03
-1.851796583035687825e-03,3.275763054159351595e-03,-1.423966471123670492e-03
2.440010366770000057e-03,1.013034451719631215e-03,-3.453044818489628669e-03
-4.618052293608326114e-03,-5.220615217347164203e-03,9.838667510955469500e-03
6.491393238656372258e-03,-6.510259514215004789e-03,1.886627555861868023e-05
-3.738333415453192182e-03,-4.419823934948517719e-03,8.158157350401705130e-03
-1.595932016309510246e-02,3.689802539856464926e-03,1.226951762323861064e-02
-2.214555890398879970e-02,5.728316581420769826e-03,1.641724232256800906e-02
1.425866919466120541e-02,-2.348243448200574429e-02,9.223765287344483366e-03
-1.203045650426043910e-02,-1.676488686109659301e-02,2.879534336535695058e-02
-2.937501434802555073e-02,-1.358557157342231078e-02,4.296058592144780947e-02
-1.453329160189488359e-03,6.562002334612058486e-03,-5.108673174422572946e-03
7.050144161092403682e-03,2.759317430720795248e-03,-9.809461591813218445e-03
1.695814728353219059e-02,-8.081768446911540352e-03,-8.876378836620643295e-03
6.769200785365732907e-03,-4.863480180254889894e-03,-1.905720605110851036e-03
-1.648585439153260959e-02,6.225255127226982273e-03,1.026059926430560564e-02
2.941798682681959556e-02,-1.737977304331878026e-02,-1.203821378350079276e-02
-3.182044468769446629e-03,9.803085802017772951e-03,-6.621041333248337164e-03
-1.330044510741952915e-02,-1.141718817124861597e-02,2.471763327866822665e-02
-1.063470426571169747e-02,-4.288671895056433460e-03,1.492337616076809710e-02
8.918573427767148912e-03,-9.420879124470019420e-03,5.023056967028877466e-04
-2.091429082057674142e-03,-2.261156293161922532e-03,4.352585375219597541e-03
9.737997575923624735e-03,-1.296033910137503378e-03,-8.441963665786122659e-03
3.585170310606447617e-03,-1.876971496268094175e-02,1.518454465207444426e-02
3.398777751061932140e-02,-4.742063270250262974e-02,1.343285519188316436e-02
-6.542155951866537433e-04,-7.735648354584651054e-03,8.389863949771253840e-03
2.471591970667981475e-02,-2.206121864540152439e-02,-2.654701061278309012e-03
1.219136954780976161e-02,-5.741884167771015013e-03,-6.449485380038762206e-03
3.559917558539731075e-02,-2.307502790229123274e-02,-1.252414768310604679e-02
3.586488092561366386e-02,-2.258308318599249950e-02,-1.328179773962114701e-02
2.193075105222598228e-02,-2.200130309830342079e-02,7.055204607747717256e-05
1.178725365051433438e-02,3.309995376806469745e-04,-1.211825318819494991e-02
-7.344467938895736688e-03,1.629899193767866961e-02,-8.954523998782959807e-03
2.640093314004817934e-02,-2.077863492373334744e-02,-5.622298216314893481e-03
-1.135738244100511878e-02,9.834831507646911095e-03,1.522550933358170818e-03
1.291716936083575499e-03,-9.843509941734272448e-03,8.551793005650754412e-03
3.911065557543710013e-03,-2.922117968966664401e-03,-9.889475885770547189e-04
-7.195459141606073625e-03,1.010888156025040001e-02,-2.913422418644340262e-03
1.322048847684584132e-03,1.641967471273708679e-03,-2.964016318958297147e-03
1.747823608545338511e-02,-1.466452490749405122e-03,-1.601178359470396134e-02
2.318685221118827258e-02,-1.103877502778493128e-02,-1.214807718340329447e-02
-2.124739304635575241e-02,3.074158620764193099e-03,1.817323442559146823e-02
-2.657329946446977328e-02,8.360085134709118598e-03,1.821321432976062693e-02
-3.132863150710935712e-02,1.579213308420472639e-02,1.553649842290453185e-02
-9.324186730937697454e-03,9.829935768920607456e-03,-5.057490379829317944e-04
-2.426422434676367770e-02,2.768477172762823582e-02,-3.420547380864589777e-03
-2.052765815020188983e-02,2.607816330181360678e-02,-5.550505151611660574e-03
-2.305782781821916205e-02,1.462912014163980819e-02,8.428707676579362540e-03
-2.902380877549837201e-02,1.404660126117426334e-02,1.497720751432402540e-02
-2.802918404250995602e-02,2.621355552224902477e-02,1.815628520261039665e-03
4.763741501714110083e-05,1.685215961260942349e-02,-1.689979702762656535e-02
-3.061190343237297010e-02,2.706438874832547276e-02,3.547514684047516857e-03
-1.029424292957218691e-02,1.157677848869842225e-03,9.136565080702294811e-03
1.689239808002290788e-02,-1.039273348325438912e-02,-6.499664596768477132e-03
1.644632472006238647e-02,-1.366559097677396903e-02,-2.780733743288432615e-03
-1.961697101706012455e-02,8.422082415363929889e-04,1.877476277552371162e-02
-1.526033718151627132e-02,-1.005398336171340473e-02,2.531432054322965697e-02
2.903107648966858807e-03,-1.142427011185950976e-02,8.521162462892648351e-03
2.888562936613247797e-02,-3.798586664393283768e-02,9.100237277800342361e-03
2.471353719028449025e-02,-2.425851304819411081e-02,-4.550241420904732842e-04
2.425567317763717770e-02,-1.471225952869802817e-02,-9.543413648939149535e-03
1.650455474717907670e-02,1.807452240112809383e-03,-1.831200698729184770e-02
1.293829327549162085e-02,-1.778520385268507129e-02,4.846910577193426148e-03
2.733945910171510854e-02,-1.693637638063392320e-02,-1.040308272108124953e-02
-1.621961464172694614e-02,6.721307188436925067e-03,9.498307453290005462e-03
5.012277889836351183e-03,-8.419437504939888614e-03,3.407159615103555646e-03
1.885658787350653551e-02,-7.441029672856927339e-03,-1.141555820064959342e-02
1.017549571332814796e-02,8.504034980797285995e-03,-1.867953069412541661e-02
-9.439679241008077509e-03,2.195418145701601154e-02,-1.251450221600799301e-02
-1.392101417592537214e-02,1.127283202854492336e-02,2.648182147380464396e-03
-2.237099807638530044e-03,1.643591760052038470e-03,5.935080475864886471e-04
-1.051798910623453695e-02,-8.348282342203904374e-03,1.886627144843843265e-02
1.147574909403002719e-02,-1.184587757058129694e-02,3.701284765513005413e-04
2.297828796719545395e-03,-1.660261171793942295e-02,1.430478292121988883e-02
-2.542200250268740469e-02,-9.504264037755359718e-03,3.492626654044287543e-02
-6.174005743535149887e-03,3.353306381350392796e-04,5.838675105400128497e-03
-2.366295848602355950e-03,4.502626502736343898e-03,-2.136330654133996188e-03
1.088995499192959432e-02,-3.167743795298614932e-03,-7.722211196630942957e-03
2.802409861975997587e-03,-2.609530252261893328e-03,-1.928796097141101677e-04
-9.127895033370074518e-03,-2.629463432643557117e-03,1.175735846601368845e-02
1.567636292509894808e-02,-9.906019663098173441e-04,-1.468576095878918082e-02
-7.256410851996195413e-03,9.134701515788486853e-03,-1.878290663792286019e-03
-3.241095107970221739e-02,1.781516768609861523e-02,1.459578339360356573e-02
-9.344575287647857720e-03,-1.355023465266237508e-02,2.289480994031024494e-02
1.809467374429192012e-03,-1.091959722545562082e-02,9.110129851026415801e-03
-1.600838887286550744e-02,6.801940411914196571e-03,9.206448460951314333e-03
1.595378296514952509e-03,1.871921964377185011e-03,-3.467300260892145977e-03
-1.225579426395803813e-02,3.907171217986540358e-03,8.348623045971469148e-03
-1.027714056775301879e-02,-1.196152840256829025e-02,2.223866897032128823e-02
2.135490528500223403e-02,-3.148833436682819259e-02,1.013342908182602795e-02
5.400663788655096081e-03,-1.034658575424087651e-02,4.945921965585819459e-03
4.542575787724403152e-03,-2.061006952962365479e-03,-2.481568834762021628e-03
3.678878762343265607e-02,-2.574376622971492543e-02,-1.104502139371760575e-02
4.712925049876851707e-02,-3.210169813461585808e-02,-1.502755236415270236e-02
3.335726217166103819e-02,-2.275848577879140133e-02,-1.059877639286958308e-02
2.769733951574305728e-02,-2.328826848845829203e-02,-4.409071027284806876e-03
1.352713293352544865e-02,4.522944680838547095e-03,-1.805007761436401223e-02
1.703062477778100742e-02,-1.282909093802735330e-02,-4.201533839753749527e-03
2.611335067623145583e-03,-1.461865363778695282e-04,-2.465148531245278142e-03
1.633344003619355625e-02,-7.028378479650952693e-03,-9.305061556542659068e-03
1.429274793729286980e-02,-7.681441549514060781e-03,-6.611306387778823762e-03
1.993839316824784838e-02,4.480874752342051646e-03,-2.441926792058989742e-02
-1.779055065643558864e-02,3.100407641579877235e-02,-1.321352575936321147e-02
-3.060481757159171437e-02,5.109894136224907291e-02,-2.049412379065733078e-02
1.160548389838907471e-02,-9.314110928293485277e-04,-1.067407280555970374e-02
-1.754226424464713774e-02,1.763079112951583061e-03,1.577918513169556183e-02
-5.209979305124393112e-02,1.695832603170662270e-02,3.514146701953735352e-02
-3.307799412464813849e-02,2.022191532511510501e-02,1.285607879953316358e-02
-1.566118751531684131e-02,-5.522511204434895141e-04,1.621343863576033342e-02
1.797480644938583179e-03,1.048699731674361708e-02,-1.228447796168220633e-02
-1.130855193409631594e-02,1.534998596031083955e-02,-4.041434026214524473e-03
-1.278345821586842311e-02,4.013214870958058469e-03,8.770243344910364641e-03
-3.006110039126700176e-02,7.130957086547289568e-03,2.293014330471972867e-02
2.379116583315950360e-03,-3.179660682669862432e-03,8.005440993539127224e-04
3.516438895681420727e-03,-2.097177851602772657e-03,-1.419261044078650672e-03
-2.260443017099652771e-02,1.807732398692811840e-02,4.527106184068543752e-03
-2.073085187050656419e-02,-8.554569305792621842e-04,2.158630880108584199e-02
6.039294630174727244e-03,-6.970478487516606515e-03,9.311838573418602981e-04
2.719358491449800144e-02,-2.354669459945446172e-02,-3.646890315043513266e-03
3.255176192445942245e-03,-1.207566490737116416e-02,8.820488714925189822e-03
-3.386295326306554797e-03,-2.032244596446468061e-03,5.418539922752992934e-03
4.246090187614645498e-04,-1.132861525519844766e-02,1.090400623643694548e-02
1.694680417265674588e-02,-6.441713169629229019e-03,-1.050509100302757064e-02
3.142002724313337075e-02,-2.308681134085654660e-02,-8.333215902276782522e-03
9.245212938333259231e-03,-4.667502088186520175e-03,-4.577710850146725179e-03
-1.013623257455551277e-02,1.228533366654227998e-03,8.907699207901258534e-03
3.416484506622665535e-02,-2.458937912017288008e-02,-9.575465946053723226e-03
3.822008950988129566e-02,-3.760774878052171311e-02,-6.123407293596492369e-04
1.421543061326784908e-02,-1.782851999479477881e-02,3.613089381526938398e-03
-1.327051936605565079e-02,1.837977615548147883e-02,-5.109256789425792485e-03
1.101135991516498380e-02,7.317284340362746956e-03,-1.832864425552776372e-02
4.435698095757538428e-02,-9.204446257618743854e-03,-3.515253469995662655e-02
-7.735052349284796472e-03,2.621775598873540489e-02,-1.848270363945059280e-02
-1.827522214962193706e-02,1.298990459238315819e-02,5.285317557238787545e-03
-1.023865498079703194e-02,1.640850964711735097e-03,8.597804016085265622e-03
-1.422832217143502141e-03,-1.275802887745157259e-02,1.418086109459504827e-02
1.921242036631410147e-02,-1.725867239145633877e-02,-1.953747974857736672e-03
1.216638891655395793e-02,-2.295310631926670772e-02,1.078671740271278275e-02
-2.767512778656307931e-02,-5.807824266323558318e-03,3.348295205288653181e-02
-2.017656974738048573e-03,-1.148784056703971946e-03,3.166441031442018134e-03
-8.643454675523269334e-03,5.399108871838934932e-03,3.244345803684357821e-03
1.810708023174276496e-02,-1.030680902793046014e-02,-7.800271203812291811e-03
7.052841499991395523e-04,-1.241217889630048983e-02,1.170689474630138421e-02
-1.275983362638205033e-02,-9.814507612452385340e-04,1.374128438762730123e-02
1.286830061438721563e-02,-7.924559063376010459e-03,-4.943741551011212980e-03
1.675524110883487572e-03,5.781148098759738077e-03,-7.456672209643227384e-03
-2.401727535744167807e-02,4.256797005217294143e-03,1.976047835222443511e-02
-6.689190320634042126e-03,-2.551445499044546761e-02,3.220364531107943601e-02
-1.066884022869644955e-02,2.822676503354809314e-03,7.846163725341652809e-03
-1.994596449958031120e-02,3.799441195502962967e-03,1.614652330407738076e-02
2.033670764469698057e-03,3.622637562736420996e-03,-5.656308327206106476e-03
-5.289464130838919358e-03,-7.483079569559497775e-03,1.277254370039841366e-02
1.017350159906391105e-02,-2.849667313379533606e-02,1.832317153473146318e-02
1.450025568885855189e-02,-3.109940633803710136e-02,1.659915064917864141e-02
-1.403819914372749986e-03,1.591447014980897773e-03,-1.876271006081612312e-04
-2.709699360236152523e-04,-4.171642199275521143e-03,4.442612135299134173e-03
1.927546233067322506e-02,-2.487489197959548079e-02,5.599429648922272205e-03
3.829372331000460011e-02,-2.197631895953976872e-02,-1.631740435046485568e-02
2.135711977756152291e-02,-2.824219341601448205e-02,6.885073638452979088e-03
-8.140396964722425256e-04,-1.071507657729186928e-02,1.152911627376412146e-02
-8.950806187788982668e-04,1.081656963612790019e-02,-9.921489017348964629e-03
9.680697831205207354e-03,-3.309530837443068647e-03,-6.371166993762143044e-03
1.705554940196193220e-02,-1.286594947669601231e-02,-4.189599925265928559e-03
-2.596972909228901713e-03,1.496600569036757311e-02,-1.236903278113867140e-02
4.119660086224791878e-03,6.559681730035119528e-03,-1.067934181625990360e-02
-8.557616937546662578e-04,1.148978075857359608e-02,-1.063401906481895726e-02
-1.518352716591375717e-02,3.476979863427728801e-02,-1.958627146836350655e-02
-2.702466408937206563e-02,5.936966840586728467e-02,-3.234500431649525720e-02
-5.258632732473639097e-03,3.219353629560201685e-02,-2.693490356312854689e-02
-3.637383415552133265e-02,3.196516742045523579e-02,4.408666735066078639e-03
-3.325177135731802874e-02,1.716697952738348992e-02,1.608479182993463250e-02
-2.018890346075504980e-02,1.515760874217394159e-02,5.031294718581144632e-03
-1.412887318881656494e-02,3.980984920421297250e-03,1.014788826839523039e-02
-8.513987095772911073e-03,7.494599031779020613e-03,1.019388063993881353e-03
-2.444000999686525566e-02,2.227708184911413036e-02,2.162928147751081061e-03
-8.912545146092010900e-03,2.913509705274584718e-03,5.999035440817454372e-03
-1.255344452789436925e-02,-7.912915654971179255e-03,2.046636018286556238e-02
-1.476704755112095459e-02,1.872430510649431001e-02,-3.957257555373336344e-03
-1.607407727689941224e-02,1.392188757209495038e-02,2.152189704804407210e-03
5.269616324794099138e-03,8.873778104028492986e-03,-1.414339442882260427e-02
3.636177629320109898e-03,-1.324673317177443334e-02,9.610555542454367675e-03
1.339533145839709449e-02,-1.186749341052096771e-02,-1.527838047876232388e-03
3.581021514108306044e-03,4.621115171022881045e-03,-8.202136685131162369e-03
1.381346925197470595e-03,-1.699598300717106159e-02,1.561463608197359750e-02
-1.306281038049159418e-02,-6.946969460438338385e-03,2.000977984092990047e-02
-1.768662001170488718e-02,-2.941226034515857096e-03,2.062784604622081713e-02
-1.753800155706060912e-03,1.299490840084818570e-02,-1.124110824514208511e-02
-1.058372338232417380e-02,2.233541515385012444e-02,-1.175169177152599574e-02
7.046067857684338090e-03,1.453192157499982179e-02,-2.157798943268410610e-02
3.636465401153367652e-03,-1.725666699547648156e-03,-1.910798701605721231e-03
3.731151906442511934e-02,-1.660881779475732734e-02,-2.070270126966767404e-02
3.530188604915058398e-02,-2.067511826745405470e-02,-1.462676778169651193e-02
1.123707808256152810e-02,-1.490216705058196138e-02,3.665088968020362159e-03
-1.463622168840432447e-02,8.873231988498857942e-03,5.762989699905471733e-03
-1.131783177517443201e-02,9.679305870671256473e-03,1.638525904503186810e-03
4.334260674890403481e-02,-1.851704934524473975e-02,-2.482555740365917363e-02
1.532238374820203957e-03,1.724122878700732123e-02,-1.877346716182753603e-02
-1.123004188752221161e-02,1.528508984104160265e-02,-4.055047953519383234e-03
-1.245925291367160417e-02,-8.568809980868045788e-04,1.331613391175843347e-02
4.524242201178170844e-03,-2.242100732987424225e-02,1.789676512869599334e-02
6.578778613475193791e-03,-1.308876633354318086e-02,6.509987720068013961e-03
2.541363023968090575e-03,-1.402092912706756275e-02,1.147956610309950123e-02
-2.873428502226110098e-02,-3.455870528163096801e-03,3.219015555042422511e-02
-7.051396245664594276e-03,8.272808790876022209e-03,-1.221412545211430101e-03
-2.252563135112626777e-03,-4.699240426887330534e-03,6.951803561999956443e-03
1.374167002920431528e-02,-1.232078899356888434e-02,-1.420881035635420753e-03
1.389698650299074330e-03,-1.172400340926636579e-02,1.033430475896728908e-02
-1.229426796148704037e-02,-3.401097043850058628e-03,1.569536500533707732e-02
1.855777358355593237e-02,-1.494617750820154134e-02,-3.611596075354427029e-03
-2.985446565830486738e-03,9.877997457093837946e-03,-6.892550891263356412e-03
-3.673689924810405460e-02,1.266919520565199485e-02,2.406770404245189496e-02
-1.666944055390989082e-02,-1.634933561884511360e-02,3.301877617275510851e-02
8.516096272119973165e-04,-9.067505541143423484e-03,8.215895913931431371e-03
-1.680558512229639659e-02,3.995101921207181751e-03,1.281048320108923826e-02
7.381591663597886557e-03,-4.161580184738285226e-03,-3.220011478859580948e-03
-8.267755390459262041e-03,-8.813754330023666414e-03,1.708150972048293539e-02
-1.750774657663409705e-03,-1.120878175933862422e-02,1.295955641700203761e-02
4.094162809191242806e-03,-1.547587596195137971e-02,1.138171315276013604e-02
-9.190863155707313867e-03,2.921043516726773252e-03,6.269819638980538880e-03
-2.231130585377446088e-02,5.880167996624428330e-03,1.643113785715007852e-02
-6.454951996765547276e-03,-1.841328818446557464e-02,2.486824018123118610e-02
2.339934618350173259e-02,-1.988544353572084533e-02,-3.513902647780843026e-03
3.096652008499217040e-02,-3.860023871706329962e-02,7.633718632071271465e-03
-2.947128837998254803e-03,-2.154094455842852241e-03,5.101223293841107044e-03
2.086525552063420511e-02,7.685289461766429877e-04,-2.163378446681092637e-02
2.591879164830363305e-02,1.257203627930577033e-04,-2.604451201109679592e-02
2.104598658542343112e-02,-3.666112080384292121e-03,-1.737987450503915982e-02
9.400935892449136314e-03,-4.094590955055497743e-03,-5.306344937393616019e-03
-4.243752063624797212e-03,1.779023799212820292e-02,-1.354648592850341352e-02
-1.386633987691681877e-02,2.565226819829744334e-02,-1.178592832138067835e-02
-2.233408085694572540e-02,3.234250666930649915e-02,-1.000842581236078763e-02
-9.979535056964384046e-03,1.351611706042584815e-03,8.627923350921743936e-03
-1.026543450270986021e-02,1.663297896009511417e-02,-6.367544457385230540e-03
-4.644778078775562563e-02,2.862520456851548253e-02,1.782257621924003901e-02
-5.788834664824482612e-02,3.518194757091306496e-02,2.270639907733183749e-02
-2.384028262751534954e-02,1.251138646358104962e-02,1.132889616393426523e-02
-8.853869935363427660e-03,2.411028127216809525e-03,6.442841808146594282e-03
-1.628052004603599417e-02,6.299563422001345538e-03,9.980956624034628688e-03
-1.565247072556009283e-02,4.800637709840661904e-03,1.085183301571941532e-02
-4.162618533775051810e-03,-5.533774941881275215e-03,9.696393475656326158e-03
1.408217741366693011e-02,-8.459226448241909113e-03,-5.622950965425037480e-03
1.326858582153569695e-03,-1.228440836635614347e-02,1.095754978420258874e-02
1.983772901066924600e-03,-2.190354729982722445e-02,1.991977439876027253e-02
1.081746884849719981e-02,3.071867460565320083e-03,-1.388933630906252423e-02
1.182467733377468976e-03,-1.677997431369505563e-02,1.559750658031758448e-02
-1.832522400617488806e-02,9.581378131662385625e-03,8.743845874512479882e-03
-2.569113270671982002e-02,1.940326982763883323e-02,6.287862879081009340e-03
-3.546877089777070169e-02,1.334428028764125460e-02,2.212449061012937770e-02
-2.388141712616422344e-02,1.237022729099830154e-03,2.264439439706427901e-02
-4.615792654816626428e-02,2.818085241590588541e-02,1.797707413226043785e-02
-2.281007389240775896e-02,3.413386598574861402e-02,-1.132379209334094007e-02
-1.125224282586363006e-02,2.447017847930529899e-02,-1.321793565344166546e-02
-6.120175877021499311e-04,-4.434050405437314941e-03,5.046067993139482545e-03
-1.939109617577076602e-02,1.791772763322800653e-03,1.759932341244798554e-02
1.631844539450965845e-02,-1.967548689719201063e-02,3.357041502682396854e-03
2.409954100436681110e-02,5.142283252997287063e-04,-2.461376932966660366e-02
2.357065842687505741e-02,-6.973621311700367066e-03,-1.659703711517469815e-02
9.987349905506523462e-03,-1.087397375105335698e-02,8.866238455469042067e-04
-8.798213353935305583e-03,2.178112269385301669e-03,6.620101084550020394e-03
3.799093217599545935e-02,-1.694011928205411618e-02,-2.105081289394134664e-02
3.574510676448868635e-02,-2.585092017468651124e-02,-9.894186589802381540e-03
-5.786437117062304472e-03,7.321670197462957184e-03,-1.535233080400666807e-03
-1.571401282958551429e-02,5.067603979641469893e-03,1.064640884994403659e-02
8.023827990788542225e-04,-1.288399119212802792e-02,1.208160839304922227e-02
6.234317632305753400e-03,-2.112456904604364735e-02,1.489025141373783584e-02
-7.888564871108526277e-03,-1.229395595492850657e-02,2.018252082603697040e-02
-4.458549675982589194e-02,3.261066959949672668e-03,4.132442979987620973e-02
-9.243882906647018886e-04,-3.917085484780947861e-03,4.841473775445639775e-03
7.303480942985338467e-03,-1.584679859803793736e-02,8.543317655052617976e-03
2.063948990711319056e-02,-1.716808580674815052e-02,-3.471404100365042648e-03
7.734620121159374194e-04,-8.225762019551510762e-03,7.452300007435548081e-03
-1.752754663953748696e-02,5.991066793912706379e-04,1.692843996014627844e-02
1.448155895656052898e-02,-1.724115539464464095e-02,2.759596438084148395e-03
-8.006217727850937008e-03,1.636320353155791205e-02,-8.356985803707002794e-03
-3.384504603307048748e-02,-6.004348517200154296e-04,3.444548088479057468e-02
-1.047218021213858034e-02,-1.832309936502022479e-02,2.879527957715881728e-02
-3.317531144108903061e-03,-8.235821278413385169e-03,1.155335242252232553e-02
-2.340660921860487215e-02,1.397957416673661392e-02,9.427035051868308535e-03
-1.638125911014350154e-03,6.604956822386838684e-03,-4.966830911372489832e-03
-5.769120255119642403e-03,-9.166307684306679304e-03,1.493542793942630002e-02
7.223267651388149378e-03,-1.553606666466243735e-02,8.312799013274278434e-03
1.042057656300739111e-03,-2.037666389487439306e-02,1.933460623857367541e-02
-2.044130540184965414e-02,6.016857134566076619e-03,1.442444826728362176e-02
-3.322269365503751487e-02,3.806828513730922767e-03,2.941586514130661509e-02
7.773788344399328726e-03,-1.940036713669111151e-02,1.162657879229182269e-02
1.739415183998965081e-02,-2.638177513997235976e-02,8.987623299982623951e-03
2.438961273534884233e-02,-3.751048724763602488e-02,1.312087451228722765e-02
1.694402716612148155e-02,-5.941261601247447427e-03,-1.100276556487411739e-02
1.472521203085370989e-02,1.598470734044269564e-02,-3.070991937129638472e-02
1.508416163945809109e-02,1.169276131141720049e-02,-2.677692295087535229e-02
2.474802412342728269e-02,-4.059546402065230750e-03,-2.068847772136206409e-02
2.550509164855164698e-02,-1.731607174792613654e-02,-8.189019900625404622e-03
2.768930011657967996e-02,-2.133721530993355417e-02,-6.352084806646154415e-03
-1.425863173924208846e-02,1.064939007146171145e-02,3.609241667780430356e-03
-2.702711661922222591e-02,1.629580319501897426e-02,1.073131342420333839e-02
-2.986791556352549198e-02,2.135098736639741077e-02,8.516928197128171424e-03
-2.811784053112344889e-02,3.559707488772614892e-02,-7.479234356602585537e-03
-3.744180623688294490e-02,1.008703239157403286e-02,2.735477384530884612e-02
-5.276539368849925832e-02,3.437717555180710288e-02,1.838821813669213115e-02
-6.229660046696325337e-02,5.836348759688151505e-02,3.933112870081830262e-03
-2.842880564608558924e-02,2.636869922537650110e-02,2.060106420709017019e-03
-8.143937713549469909e-03,1.194204025526557356e-02,-3.798102541716142679e-03
-2.027437093077991137e-02,2.394073662189439601e-03,1.788029726859052121e-02
-1.252600991177715622e-03,-2.036651918692358385e-02,2.161912017810127193e-02
-4.959505318544557388e-03,-7.882585051469905707e-03,1.284209037001442753e-02
-1.010158878864300842e-02,-2.449993569085447132e-02,3.460152447949752658e-02
-1.693927213570450147e-02,-2.321197061169491538e-02,4.015124274739935439e-02
1.000925769890508932e-03,1.272899207514823980e-02,-1.372991784503875198e-02
-7.856874519565416372e-05,-9.971577418854279951e-03,1.005014616404988244e-02
-2.452167133879312039e-03,3.798799429734387237e-03,-1.346632295855074981e-03
-8.942992751502188906e-03,1.013855792227626000e-02,-1.195565170774037051e-03
-1.051039264256859243e-02,5.101913786166060658e-03,5.408478856402556059e-03
-4.028107728623867706e-02,1.626919607432662437e-02,2.401188121191212554e-02
-2.046816665828787504e-02,1.324607434684499201e-02,7.222092311442896047e-03
6.769086299683473029e-03,1.294027195912222927e-02,-1.970935825880577863e-02
-8.997281402184450008e-03,2.859706277939365326e-02,-1.959978137720922581e-02
-1.530036656825720445e-02,2.147174346458189872e-02,-6.171376896324744579e-03
-1.008295479749290145e-02,1.304874910157190551e-02,-2.965794304078957656e-03
-4.736379292464148148e-03,1.033550155798510298e-02,-5.599122265520972176e-03
5.569569150027575341e-03,-1.534833797827339554e-03,-4.034735352200223210e-03
6.111938513449646435e-03,1.072696159816903701e-02,-1.683890011161875977e-02
1.413270945346392464e-02,-3.425216555029737906e-03,-1.070749289843419584e-02
-1.545613367512553918e-02,2.942650406117081757e-02,-1.397037038604533564e-02
2.102812180271823941e-02,-1.288196758933329942e-03,-1.973992504378484919e-02
3.544007790178668738e-02,-3.701846180756981214e-02,1.578383905783207379e-03
-1.112827284565406916e-02,4.396397696576693701e-03,6.731875149077408416e-03
-1.637494167934607989e-02,1.024432520263755982e-02,6.130616476708511398e-03
-5.448295658441683256e-04,-1.481908689300470879e-02,1.536391645884888600e-02
-1.421122880622502881e-02,-1.136347555694034936e-02,2.557470436316534174e-02
-1.158234805063391992e-02,-6.365152827024065339e-03,1.794750087765804858e-02
-4.665180986556986820e-02,1.394850204803074669e-03,4.525695966076677401e-02
3.254362204668718398e-03,-1.053008967517968589e-02,7.275727470510990474e-03
1.566308169274586992e-02,-2.130985461821496493e-02,5.646772925469128838e-03
1.708682652884252820e-02,-1.691917816486585707e-02,-1.676483639766539701e-04
-6.370364846818315878e-03,-9.780086981614919892e-03,1.615045182843323490e-02
-1.001344575025244973e-02,1.432403177320908669e-03,8.581042572931543017e-03
9.286200105129730972e-03,-7.975442148237869150e-03,-1.310757956891856401e-03
-1.917566379499855691e-03,1.156957172337434378e-02,-9.652005343874468790e-03
-3.039057156563247999e-02,8.246385298210612627e-03,2.214418626742192808e-02
-1.489175547873093121e-02,-6.217610421231780510e-03,2.110936589996271692e-02
-1.495938521246635306e-03,-7.151590061111584963e-04,2.211097527357794995e-03
-1.747858808027187225e-02,1.068639825016200889e-02,6.792189830109897179e-03
-4.073218172950623418e-03,1.224083846701866374e-02,-8.167620294068027309e-03
-4.830060126510698354e-03,-6.708865766330112702e-03,1.153892589284078243e-02
6.124761026733953860e-03,-2.529054605686716084e-02,1.916578503013318183e-02
-6.736776174981180462e-03,-1.205539304165771479e-02,1.879216921663889178e-02
-1.129186705711093808e-02,-1.251797373848540992e-02,2.380984079559632371e-02
-3.167761908434017087e-02,6.966217607789417128e-03,2.471140147655066094e-02
-2.207244771892433784e-03,7.417024609699101462e-03,-5.209779837806685458e-03
3.099997299677842433e-02,-2.124210794214803633e-02,-9.757865054630370655e-03
1.338601967529467161e-02,-8.495996842896173448e-03,-4.890022832398453929e-03
2.917753430270450272e-03,6.831814159227368559e-03,-9.749567589497807121e-03
-1.144398402876952749e-02,1.339559091022276931e-02,-1.951606881453243122e-03
1.774885078634830943e-02,-6.640512945807726733e-03,-1.110833784054061739e-02
1.866198134978533027e-02,-1.488994246066117390e-02,-3.772038889124134688e-03
4.929981787517537239e-02,-2.570010425064758394e-02,-2.359971362452786825e-02
5.526906266410733584e-03,-4.508993504275906825e-03,-1.017912762134817002e-03
-1.205027127751777394e-02,4.419439911547646226e-03,7.630831365970160672e-03
-5.565666012309024302e-02,4.341630668626216688e-02,1.224035343682803798e-02
-4.974351885790433137e-02,4.671558209115510979e-02,3.027936766749317419e-03
-1.953244515758740044e-02,2.388064385793135097e-02,-4.348198700344005178e-03
-2.357382292897185899e-02,1.220046048491559704e-02,1.137336244405626716e-02
-2.157082350169866811e-02,2.228071248879482172e-02,-7.098889870961610929e-04
-2.625652066570584309e-02,4.533909729293733593e-02,-1.908257662723147202e-02
-1.405208807294212837e-03,2.740845651287632245e-02,-2.600324770558208945e-02
-6.110899625474362773e-03,2.310739747296987334e-02,-1.699649784749553139e-02
-6.741127106042777394e-03,2.866542729419162792e-03,3.874584376623613734e-03
3.984297483965783607e-03,-1.895888063267657520e-02,1.497458314871076036e-02
6.149464231150540867e-03,4.002566366703363791e-03,-1.015203059785392894e-02
-1.510086404176493730e-02,-1.073946397854654358e-02,2.584032802031149129e-02
-8.266915532334212849e-03,-7.880657879765998880e-03,1.614757341210017530e-02
3.234391180988164215e-03,5.317008663244478239e-03,-8.551399844232638117e-03
2.407857838025404679e-02,-2.441683434726255736e-02,3.382559670084155957e-04
1.291519027855095487e-02,-1.122002109670459762e-02,-1.695169181846337744e-03
-1.592600666558161709e-02,1.122771907301068489e-02,4.698287592570932203e-03
1.887536651038634883e-03,-8.699901401605364751e-03,6.812364750566709919e-03
-6.699558364155668716e-03,-1.452571397683248555e-02,2.122527234098812304e-02
-4.092315674926746451e-03,-8.522088476194926085e-03,1.261440415112167861e-02
1.413219279029482092e-03,-8.148655078422040871e-03,6.735435799392538829e-03
1.111202430923061320e-02,-9.041938721005386703e-03,-2.070085588225200040e-03
5.030522512831526322e-03,1.439017626272918148e-02,-1.942069877556068178e-02
-1.192671988193999381e-02,1.526158316844942499e-02,-3.334863286509437245e-03
-8.739746117759414692e-03,2.528160347522144524e-02,-1.654185735746201841e-02
1.349733504128910154e-02,-9.680476703406177413e-03,-3.816858337882942775e-03
1.761134820141719085e-02,-8.473451570501656233e-03,-9.137896630915480836e-03
-4.468299975265436347e-03,1.416807596852606363e-02,-9.699775993260576976e-03
-2.300670725016144835e-02,3.185458299828818063e-02,-8.847875748126763501e-03
1.472662065720229188e-03,1.763671195189875363e-02,-1.910937401761896720e-02
1.491849773160400239e-02,-1.347100944791186986e-02,-1.447488283692186092e-03
-4.646226129082384367e-03,-6.934282931452683159e-03,1.158050906053506059e-02
-2.167558120328251167e-02,1.302326451238995306e-02,8.652316690892480552e-03
-1.558868869150356780e-02,1.534088930707670512e-03,1.405459976079591333e-02
2.767405830635156702e-03,-1.203239801242077765e-02,9.264992181785626155e-03
-1.811976584618097894e-02,6.657684681240012836e-03,1.146208116494100079e-02
-2.946082159658153579e-02,-5.164563820114801210e-03,3.462538541669630404e-02
9.642577704056413263e-03,-1.643335737050509102e-02,6.790779666448661274e-03
7.895435963622314882e-03,-1.626148466518918465e-02,8.366048701566859355e-03
1.640722699791758929e-02,-2.294765089692578364e-02,6.540423899008257665e-03
2.307600295942655293e-03,-1.915359611103206738e-02,1.684599581508944288e-02
-1.001266434998688247e-02,1.392768286056003928e-03,8.619896063930891986e-03
9.835270329833761122e-03,-2.684520458720036484e-03,-7.150749871113726806e-03
-4.305257738888647231e-05,1.535521419865324387e-02,-1.531216162126433633e-02
-3.354449200819958204e-02,1.377281472008124071e-02,1.977167728811828756e-02
-9.590073536181404137e-03,-1.041754083900234447e-02,2.000761437518379371e-02
-2.725278435555342910e-03,1.882121483484540435e-03,8.431569520708108228e-04
-1.383368323552024680e-02,1.382518165580609235e-02,8.501579714165908289e-06
-7.157290291307854754e-03,1.227693563192777497e-02,-5.119645340619928021e-03
-4.485057513975437490e-03,-6.988758046297683865e-03,1.147381556027309707e-02
1.310879865638692361e-02,-2.621551116381050026e-02,1.310671250742351940e-02
-2.104305232529910148e-03,-9.871494940418529263e-03,1.197580017294844722e-02
-4.545009547166823163e-03,4.732643157110083760e-04,4.071745231455817064e-03
-3.409274998290215408e-02,2.632491196839750747e-02,7.767838014504578094e-03
-5.261548843524620602e-04,9.576580206227253492e-03,-9.050425321874798479e-03
4.734037838364748250e-03,-7.855550110206211550e-03,3.121512271841460264e-03
2.048069342983904403e-02,-1.077813361114041656e-02,-9.702559818698587579e-03
-2.212837746245731319e-02,2.274638827876003175e-02,-6.180108163026874464e-04
1.784465893927588906e-02,-8.308688379245547997e-03,-9.535970560030334123e-03
8.851449644907971592e-03,-1.331515092070263001e-02,4.463701275794640204e-03
2.580205311207741173e-02,-1.476131529499099919e-02,-1.104073781708642989e-02
3.334857902669675217e-02,-2.200254672451858531e-02,-1.134603230217809747e-02
1.332517916091210258e-02,1.896890591884192300e-03,-1.522206975279629532e-02
-3.947316206928497273e-02,2.804163579954338514e-02,1.143152626974146095e-02
-3.258985508001344122e-02,1.836750044074176788e-02,1.422235463927163865e-02
-5.462028006557644033e-03,1.840434499940465235e-02,-1.294231699284705689e-02
1.411836563434715197e-02,1.585268937790774990e-02,-2.997105501225482901e-02
1.503307131308978528e-02,-8.105634628626318117e-03,-6.927436684463486247e-03
1.446828562980279932e-02,1.395477766211618271e-05,-1.448224040746495626e-02
3.443621184460830299e-03,2.030782254755553184e-02,-2.375144373201632658e-02
-1.180614021863276566e-03,1.482195011018704392e-02,-1.364133608832374112e-02
-6.874914105249655544e-03,1.992642320530698188e-02,-1.305150910005729858e-02
-1.415425479305769570e-02,1.063925273297463420e-02,3.515002060083097929e-03
9.380844455685549352e-03,-2.136108218878894627e-02,1.198023773310341253e-02
1.460569148456016160e-02,-3.814902025284425818e-03,-1.079078945927573752e-02
1.997906336431630459e-02,-2.464755534038073556e-02,4.668491976064460466e-03
7.134889715135359078e-03,-1.922591994436704740e-02,1.209103022923173690e-02
-1.671447056478163676e-02,8.358191119246688103e-03,8.356279445534957329e-03
1.646710078750315831e-02,-1.411917793070813568e-02,-2.347922856795008322e-03
1.106270729371359139e-02,-6.787877459755359971e-03,-4.274829833958210604e-03
-1.254713652581975966e-02,1.166323105770329660e-02,8.839054681164402929e-04
1.641259142204881064e-03,-7.185044173103289321e-03,5.543785030898402619e-03
-1.633904646403133362e-02,-1.092046875111059648e-02,2.725951521514193010e-02
-1.123270072962270945e-02,-1.397932709526615233e-02,2.521202782488893637e-02
-1.433897438607705313e-02,-7.318278865378262214e-03,2.165725325145524682e-02
-1.039297901613726177e-03,-5.017883446897276889e-04,1.541086246303461239e-03
1.141041575327255905e-02,-1.223724578963933385e-02,8.268300363667477988e-04
-5.111186653450479692e-03,4.557632323159451285e-03,5.535543302910203838e-04
4.992748568186327826e-03,-2.163514676872415384e-03,-2.829233891313903768e-03
1.398698317009059930e-02,-1.099290283561090570e-02,-2.994080334479730463e-03
3.811795856433024265e-02,-3.513702576513903775e-02,-2.980932799191140289e-03
2.127449746374779349e-02,-1.349939645004846062e-02,-7.775101013699368437e-03
-1.129725495837648197e-02,3.068866152522456078e-02,-1.939140656684803718e-02
-4.387100111557331629e-03,2.987136269816854234e-02,-2.548426258661125321e-02
8.745241317806849365e-03,-1.795675237698414603e-03,-6.949566080108439750e-03
1.225790203977863285e-03,-1.686997113649614174e-02,1.564418093251825070e-02
-3.900538045765034739e-02,2.434711507573595474e-02,1.465826538191430072e-02
-3.451517555308327573e-02,2.518918407616060201e-02,9.325991476922704942e-03
1.213876864809549077e-03,-5.459359700668204446e-03,4.245482835858649731e-03
-1.148352697579894076e-02,-3.248609760998965625e-03,1.473213673679792286e-02
-3.021607767246135834e-02,-9.661127439426276872e-03,3.987720511188783123e-02
1.160295640436937066e-02,-9.224156869332431410e-03,-2.378799535036963536e-03
3.210467970990448471e-03,-1.562108058713371911e-02,1.241061261614328018e-02
1.668757957615152679e-02,-2.069307942995253849e-02,4.005499853801012568e-03
5.397174589579583313e-03,-1.590848722218059230e-02,1.051131263260104975e-02
-1.253020990312527991e-02,-1.123345225272272149e-04,1.264254442565251532e-02
9.772875025683833844e-03,-3.719597956855900554e-04,-9.400915229998276640e-03
-2.983472505905471195e-03,2.300777706518578047e-02,-2.002430455928018438e-02
-1.856448742465788629e-02,1.222127498727612963e-03,1.734235992593031322e-02
-1.018676537929678362e-02,-1.097265575907483900e-02,2.115942113837167987e-02
-8.142036332321434325e-03,6.676861162209052694e-03,1.465175170112376643e-03
-9.661548574627388045e-03,1.345630666145144518e-02,-3.794758086824068840e-03
-5.380732490134577072e-03,1.594381670236049570e-02,-1.056308421222590214e-02
-7.990682664936724425e-03,5.386206138002847584e-04,7.452062051136412561e-03
1.854270367642368161e-02,-2.121291836915928028e-02,2.670214692735531446e-03
1.521914614687534632e-02,-1.474703715326253564e-02,-4.721089936128084049e-04
-2.909061551449499837e-05,-2.818838359632634596e-03,2.847928975147120175e-03
-2.146226714544325134e-02,2.624550860410716432e-02,-4.783241458663905175e-03
2.101818560602861791e-02,1.083139903238434544e-02,-3.184958463841296855e-02
-1.610326444278755917e-02,2.218269218921202837e-02,-6.079427746424450989e-03
-1.403303243868546553e-02,1.563711524964267116e-02,-1.604082810957183297e-03
-3.278261437825667843e-03,-3.929799192619703486e-03,7.208060630445370029e-03
4.236012634513580677e-02,-4.247719148835471525e-02,1.170651432189758682e-04
2.773119677305085212e-02,-1.510308973372409547e-02,-1.262810703932675145e-02
1.369458408724293433e-02,-1.503239773722183682e-02,1.337813649978896206e-03
1.996449549686431756e-03,6.578849599982668044e-03,-8.575299149669080717e-03
-2.002351168457108810e-02,2.504377275963138444e-02,-5.020261075060195727e-03
2.677944726346837521e-03,2.962964255035034113e-03,-5.640908981381862961e-03
-1.163550499520255889e-02,9.175501672942615664e-03,2.460003322259925011e-03
2.142054651493514178e-02,-6.829705884540038588e-03,-1.459084063039511880e-02
2.397884875203412994e-02,-2.030709182347628216e-03,-2.194813956968655680e-02
7.827909616319080055e-03,-7.039759429437121747e-03,-7.881501868819563560e-04
4.396690955846562464e-03,1.204419548620499700e-02,-1.644088644205152563e-02
3.287584446596103493e-03,2.905065796520754813e-03,-6.192650243116850500e-03
-1.249420194655005700e-02,6.848355076917058207e-03,5.645846869632999664e-03
-6.932107692521223379e-03,1.569117319353991943e-02,-8.759065501018658759e-03
-9.720569058887656988e-03,-1.345683019395616268e-03,1.106625207828327608e-02
1.052003196737700923e-02,-1.944050246426058323e-02,8.920470496883584413e-03
2.566724240225192605e-02,-2.075698116427271075e-02,-4.910261237979177996e-03
3.796836792738245148e-02,-3.473695896021856966e-02,-3.231408967163811128e-03
5.130014550229267979e-03,-1.723032381939603938e-02,1.210030926916680176e-02
-1.424706922002212314e-02,4.047214140829195894e-03,1.019985507919293245e-02
2.862647952920652564e-02,-2.834636522181882209e-02,-2.801143073876349670e-04
3.221045682233667634e-02,-2.920684715051916416e-02,-3.003609671817474014e-03
-5.189607322708668542e-03,1.085856375922861564e-02,-5.668956436519937553e-03
-3.346131829171220418e-03,-2.365764104241590855e-03,5.711895933412794793e-03
-2.817001024927267769e-02,6.592621762481746910e-03,2.157738848679089175e-02
-2.285730875762559053e-02,1.769138528806770555e-02,5.165923469557921408e-03
-1.327863253147157536e-02,1.128790107293716968e-02,1.990731458534456856e-03
-2.477063634128301439e-02,2.115549886984532252e-02,3.615137471437649373e-03
4.434718809244965129e-03,5.093316556488240981e-04,-4.944050464893804189e-03
-2.102384478696808778e-02,1.789746052037818544e-03,1.923409873493023975e-02
-1.668709297983064430e-02,1.519322532300952308e-02,1.493867656821094110e-03
7.724610354974503594e-03,-1.154559687232210516e-02,3.820986517347593325e-03
1.815029817819970026e-02,-1.706705185881869299e-02,-1.083246319380979077e-03
3.893228684843103721e-02,-4.062033194008941167e-02,1.688045091658310713e-03
7.063481057616467947e-03,-2.150607921005835525e-03,-4.912873136610608135e-03
-5.276363097046774323e-03,1.452714369021344473e-02,-9.250780593166696431e-03
2.648986244656260231e-02,-1.604877307679496851e-02,-1.044108936976761819e-02
-1.099542100465535251e-02,2.331539457798347936e-03,8.663881546856990259e-03
-3.540202526156624452e-02,2.693522618508777458e-02,8.466799076478386671e-03
-4.780953282268737142e-02,2.834965324685765481e-02,1.945987957582974784e-02
-7.507794469248466399e-03,-2.362940532193108165e-03,9.870735001441558951e-03
-9.158332764981586688e-03,1.322997974122939015e-03,7.835334790858627940e-03
-2.615586295795623364e-02,1.901762785359382112e-03,2.425410017259674658e-02
6.234886811276089957e-03,-2.153091719991895737e-03,-4.081795091284211134e-03
-3.909471043363224770e-03,-1.393083394378939049e-02,1.784030498715270113e-02
1.352624518391711342e-02,-1.486537933253293496e-02,1.339134148615768634e-03
3.908088112311931123e-03,-1.309503332585069610e-02,9.186945213538804875e-03
-1.250566523633763610e-02,-4.992685125806723724e-03,1.749835036214444917e-02
-3.244996211492659748e-03,4.720577333793770508e-03,-1.475581122301119650e-03
-2.838170670327998073e-03,1.978250314095877233e-02,-1.694433247063081849e-02
-1.867862850148897802e-02,-1.471607550978591304e-03,2.015023605246755306e-02
-1.676214403670893416e-02,-1.904287620711444650e-03,1.866643165742037577e-02
-7.032452337005870059e-03,9.260223365703179263e-03,-2.227771028697320480e-03
-7.253991434887399961e-03,1.284431881164404404e-02,-5.590327376756640612e-03
-7.503924838238166736e-03,1.846606598441656241e-02,-1.096214114617833670e-02
-1.218923132719600295e-02,-5.848800814013477636e-04,1.277411140859734465e-02
1.910434521835758029e-02,-2.240993111966110493e-02,3.305585901303541123e-03
-3.222287052537204516e-03,-2.454844105134990854e-03,5.677131157672168048e-03
-1.741124390898672603e-02,1.480807991357515827e-02,2.603163995411527862e-03
-1.066824282199035391e-02,2.471182455181204426e-02,-1.404358172982173546e-02
1.524885820478642622e-02,3.367930004475637625e-03,-1.861678820926210287e-02
-9.962862622999680770e-03,1.467402640310440549e-02,-4.711163780104751612e-03
2.998000046672810162e-04,1.273888168207586461e-03,-1.573688172874865634e-03
-2.641063619716415775e-02,1.199238021710376072e-02,1.441825598006047163e-02
3.015228090791375812e-02,-3.237136029032144924e-02,2.219079382407747499e-03
1.013445259783937822e-03,-1.084536860885262043e-02,9.831923349068667425e-03
8.305640654874851814e-03,-1.203083039437289475e-02,3.725189739498022557e-03
9.191715979417912699e-03,-2.444484499690517329e-02,1.525312901748725712e-02
2.621118632020493985e-02,-3.052545882574362462e-02,4.314272505538720333e-03
1.563930283867131371e-02,-1.793232960673369833e-02,2.293026768062325204e-03
-1.879619663746974478e-02,-2.881568059871484656e-03,2.167776469734128061e-02
3.373619134594709607e-02,-2.680157182702438273e-02,-6.934619518922687312e-03
1.535327063582062751e-02,-4.483837802690034298e-03,-1.086943283313059061e-02
6.159548211786078191e-03,-1.945252814751284934e-02,1.329297993572672171e-02
-1.384856489380097491e-02,1.109765626473972235e-02,2.750908629061230015e-03
-1.443744061554339854e-02,1.775288094144968076e-02,-3.315440325906261840e-03
1.625685571395266843e-02,-9.804632929120839918e-03,-6.452222784831865808e-03
2.096755526516290088e-02,-2.043920121060737241e-02,-5.283540545555192583e-04
-5.302116774782169792e-03,-1.487516843387257787e-02,2.017728520865469388e-02
-7.178226061708629750e-03,-6.732281186114536659e-03,1.391050724782321758e-02
-5.966169162307223550e-03,-7.702546493282234723e-03,1.366871565558942098e-02
1.571246726631718091e-02,-1.488905431422908598e-02,-8.234129520880925385e-04
9.575717668046660608e-03,-1.193087024736584623e-02,2.355152579319168705e-03
-1.632360967126501514e-02,2.962278707889223414e-02,-1.329917740762721207e-02
6.918527766847142046e-03,-1.630654391938901604e-02,9.388016152541832360e-03
-1.231567356382296148e-02,-4.463442879322644836e-03,1.677911644314555861e-02
-1.511572755139922557e-02,5.861615341591002587e-03,9.254112209808243797e-03
-1.543326945158321993e-02,7.642208245318902506e-03,7.791061206264309619e-03
-3.011224477143475617e-02,1.239648889468928164e-02,1.771575587674532187e-02
-1.896229622238522136e-02,2.408933349982646591e-02,-5.127037277441306128e-03
-2.422155694538567078e-02,2.568943661226175817e-02,-1.467879666876043161e-03
-3.264779798077024203e-02,3.201326216912837169e-02,6.345358116419057932e-04
-1.743231896693092989e-02,1.229760123905583764e-02,5.134717727875006375e-03
-2.035726201334632848e-02,1.619192468263013288e-02,4.165337330716191271e-03
-1.527461551638098144e-02,1.509042329508399061e-02,1.841922212969939279e-04
2.230501294162779823e-03,1.115374966113006489e-02,-1.338425095529285729e-02
-2.228187973889598356e-02,2.552015240987784428e-02,-3.238272670981851183e-03
7.874695054309412134e-03,-5.315372941873697590e-03,-2.559322112435719315e-03
8.084147147997038096e-03,-8.484292643923899493e-03,4.001454959268612344e-04
1.058661211256497689e-02,2.813266275094713966e-03,-1.339987838765967047e-02
1.751730830096767319e-02,-9.192838467651598053e-03,-8.324469833316056055e-03
1.678810715882593507e-02,-1.878969118211227043e-02,2.001584023286285489e-03
-3.000751716364114668e-02,1.989223297108263025e-02,1.011528419255852684e-02
-3.911832162849325500e-02,2.138718071230118201e-02,1.773114091619215626e-02
-9.800525005759274169e-04,3.639940176152158761e-03,-2.659887675576228308e-03
-3.882800697904676378e-03,7.284907998891273703e-03,-3.402107300986609035e-03
-1.950260349165776688e-02,3.262278436471125701e-03,1.624032505518669192e-02
1.846631153113282436e-02,-5.508712732884098705e-03,-1.295759879824870398e-02
-4.495771948758415550e-03,-7.062874009330018764e-03,1.155864595808843258e-02
1.155447025796533383e-02,-1.600880354878901277e-02,4.454333290823641635e-03
1.140119219442912828e-02,-2.528749420826159611e-02,1.388630201383245916e-02
-1.448036003236674064e-02,-5.490857997784223329e-03,1.997121803015094316e-02
5.690665224192022718e-03,-8.313242356000205427e-04,-4.859340988592003585e-03
-7.548900642541031547e-03,2.251218210061144490e-02,-1.496328145807042549e-02
-1.434384681067078088e-02,-4.734527298993825017e-03,1.907837410966460590e-02
-3.271260620227482013e-02,1.599061134205977119e-02,1.672199486021506629e-02
-7.016798713545613526e-03,1.089012700212372252e-02,-3.873328288578085574e-03
-6.105129664377921539e-03,9.838859588987882918e-03,-3.733729924609963113e-03
2.130514364533310240e-03,1.224376227027347899e-02,-1.437427663480680788e-02
3.014972848650643560e-03,9.970677644039684269e-04,-4.012040613054620661e-03
1.090526165026800727e-02,-1.404817672376979139e-02,3.142915073501801465e-03
1.757591571240338206e-03,-9.583658111861534032e-03,7.826066540621215775e-03
-3.897840824191949743e-02,3.087147000383527046e-02,8.106938238084221773e-03
9.988715810002596687e-03,-1.210478844413770058e-02,2.116072634135144227e-03
1.962344610099385142e-02,-1.912450614389511749e-02,-4.989399570987759942e-04
-1.042502298596074094e-02,1.609252472628198635e-02,-5.667501740321234140e-03
-1.114902780897063022e-03,2.224060434988115766e-03,-1.109157654091044070e-03
6.360137368760593324e-03,-7.841759549186535019e-03,1.481622180425930854e-03
2.369363529668250257e-02,-2.207386897912180443e-02,-1.619766317560732399e-03
-1.405959817415862803e-02,-5.030790184156554851e-03,1.909038835831522798e-02
7.310892154078610372e-03,-9.081116730955362398e-03,1.770224576876764820e-03
3.276513308298236588e-02,-2.601267042201619792e-02,-6.752462660966226070e-03
1.590425495777388412e-02,-1.752010059587100557e-02,1.615845638097092394e-03
-2.466631388101216127e-02,-2.121922202523121147e-03,2.678823608353530020e-02
-4.737736728729541325e-02,1.206483300669168243e-02,3.531253428060387306e-02
-1.721363910058586189e-02,-1.117881120202512913e-03,1.833152022078836374e-02
1.015698150670005587e-02,-7.644780875685414263e-03,-2.512200631014647675e-03
9.177297973785992005e-03,-1.471425669172403243e-02,5.536958717938023945e-03
-1.144249876790445243e-02,-1.096227011002096335e-03,1.253872577890653359e-02
1.738349497701449295e-02,-1.867995370086868862e-02,1.296458723854235565e-03
9.896181960553848689e-03,-1.295618787413371081e-02,3.060005913579866028e-03
1.865669332250167317e-02,-2.662300168167563638e-02,7.966308359173947598e-03
2.366734653985122245e-03,-1.853389116846147072e-02,1.616715651447641483e-02
8.524464241782088100e-03,-5.833197092194841206e-03,-2.691267149587226511e-03
-6.386458512541165131e-03,-1.265891657086752088e-02,1.904537508340867560e-02
1.578413850380197547e-02,-2.417940476042786113e-02,8.395266256625903006e-03
-5.747849528701446525e-03,-1.196757661508497314e-02,1.771542614378639538e-02
-1.215805796674646923e-02,8.294391202055056631e-03,3.863666764691393949e-03
-1.484630253433357437e-02,-5.309721217743755203e-03,2.015602375207727406e-02
-1.107335202706382677e-06,3.347187847347019105e-03,-3.346080512144316513e-03
-1.459728819018456074e-02,1.677390531679085958e-02,-2.176617126606279762e-03
-3.987382212973020548e-03,1.071982840207601900e-02,-6.732446189102992383e-03
-2.319589461946687178e-02,1.645253697945653001e-02,6.743357640010386872e-03
-3.369247725487087980e-02,3.841521388483688793e-02,-4.722736629966061035e-03
-4.425730325754147730e-03,6.538872634411875724e-03,-2.113142308657754449e-03
-3.980842398221821204e-02,2.542814397239083479e-02,1.438028000982729225e-02
-4.208932491602842413e-02,1.289738589903919805e-02,2.919193901698924690e-02
-4.474603499714872173e-02,1.940308298977455950e-02,2.534295200737412754e-02
-2.744492273405835583e-02,2.255344111487433620e-02,4.891481619183984941e-03
-1.038668935530062329e-02,2.029621919890617354e-02,-9.909529843605567601e-03
-1.065953248870380593e-03,1.320626681208680528e-02,-1.214031356321645418e-02
-9.951301656489391564e-03,4.728623807892395718e-03,5.222677848597001050e-03
-1.900336392789970380e-02,1.765146882079724616e-02,1.351895107102432702e-03
5.170895063522300272e-03,-2.191956343190204493e-02,1.674866836837974465e-02
3.394783246221463879e-02,-2.293993678747032958e-02,-1.100789567474429707e-02
2.577698409110876568e-02,-3.303871415911041609e-02,7.261730068001736281e-03
-1.615379035323299614e-02,1.618748275377047486e-03,1.453504207785598183e-02
-2.150952562621725322e-02,1.013135010358018860e-02,1.137817552263705942e-02
-5.115788100369248956e-03,1.384257529970627301e-02,-8.726787199336994566e-03
5.795488764765484128e-03,-1.701726365347074673e-04,-5.625316128230780158e-03
-1.922992508553423782e-02,1.958295700470292101e-03,1.727162938506398779e-02
1.945916984544749859e-02,-5.159107135870777752e-03,-1.430006270957673124e-02
6.186301633000556655e-04,-1.275650396103042254e-02,1.213787379773036655e-02
8.761733192016930849e-03,-1.895247455512825280e-02,1.019074136311133756e-02
1.022326787042270729e-02,-3.087372650816284925e-02,2.065045863774020440e-02
-1.220178213412029429e-02,-9.786757521267666279e-03,2.198853965538801608e-02
2.219264299110281554e-03,-1.925984278338687978e-03,-2.932800207715826257e-04
-8.039615866990342322e-03,2.132693545190800927e-02,-1.328731958491764092e-02
-2.550307166077584592e-02,1.481469352652134940e-02,1.068837813425449652e-02
-1.474433761241327606e-02,-1.608225488556196819e-03,1.635256310096949717e-02
1.308461561813788025e-02,-1.519239103402596734e-03,-1.156537651473527051e-02
-1.498799439349165000e-03,5.359638620334452978e-03,-3.860839180985288846e-03
2.310554149935172604e-03,1.601503147291703788e-02,-1.832558562285217449e-02
2.008842784011894214e-02,-9.812375893149764133e-04,-1.910719025080400563e-02
2.200082380556317788e-02,-1.489797364077864207e-02,-7.102850164784537540e-03
3.344588523892859551e-03,-6.110667673354081876e-03,2.766079149461221891e-03
-3.593989768984508920e-02,2.034686085931761146e-02,1.559303683052752805e-02
1.321111893600333473e-02,-5.211782907977982604e-03,-7.999336028025345185e-03
3.800294999226450999e-04,7.496578589271863345e-03,-7.876608089194518311e-03
2.877601457062728060e-02,1.015876884515470391e-03,-2.979189145514272649e-02
2.283769706539643188e-02,-1.464431995735273814e-02,-8.193377108043718021e-03
-2.460133815879503999e-02,1.654427913451468612e-02,8.057059024280385090e-03
-2.476190377670310899e-03,-1.802270991962316368e-02,2.049890029729353400e-02
1.088267898010132281e-02,-1.444298474378232985e-02,3.560305763680974948e-03
1.849443355313561133e-02,-1.765662123138069667e-02,-8.378123217549291856e-04
2.732129739649341582e-03,2.378978968692090426e-03,-5.111108708341432008e-03
-1.051414240203727432e-03,-4.000700133502507923e-03,5.052114373706228199e-03
-3.570972540112736515e-02,1.662956994122515020e-02,1.908015545990217332e-02
-3.864315667541564497e-02,1.604742914951966595e-02,2.259572752589594086e-02
-2.169994979701394405e-02,5.693760324545923089e-03,1.600618947246796112e-02
-4.683448239493598342e-02,2.941251656734635705e-02,1.742196582758985188e-02
3.145263340597694284e-03,-6.773350937211528033e-03,3.628087596613833316e-03
-1.994116367449215096e-02,-7.268319523539777151e-03,2.720948319803196888e-02
-7.239156879509884256e-03,3.520579933502777925e-03,3.718576946007121943e-03
1.203866237637693168e-02,-1.781176835700223893e-02,5.773105980625295973e-03
-1.652074334705981237e-02,-5.860354306819359760e-03,2.238109765387917213e-02
-1.526339622945203922e-02,1.267657899586242679e-03,1.399573832986583319e-02
3.188225892646323004e-03,-1.922311408266295452e-03,-1.265914484380043599e-03
1.182410255826305510e-02,-3.241515456182031407e-02,2.059105200355722254e-02
-1.511892488418837069e-02,-6.534774343596242742e-03,2.165369922778459522e-02
-1.657034569762275145e-02,-1.085422024524885370e-02,2.742456594287159127e-02
-1.714956144929430035e-02,4.266156023762510303e-03,1.288340542553179091e-02
-1.037313597994480793e-02,-1.067985066556545112e-02,2.105298664551037702e-02
-1.651773158297148436e-02,6.440916343312436294e-03,1.007681523965899342e-02
-2.123366776060311295e-02,2.824490832227059822e-02,-7.011240561667534711e-03
6.039293886042414183e-03,1.468542405535127118e-02,-2.072471794139373741e-02
2.537181772842931910e-03,3.657455148193511276e-03,-6.194636921036463136e-03
-2.301301314161468756e-02,2.380162413080090522e-02,-7.886109891862410834e-04
-6.907503883364841078e-03,1.243648031541560138e-02,-5.528976432050720403e-03
-1.019286551064167365e-02,-1.072041507677270501e-02,2.091328058741448795e-02
8.661694071929198655e-04,-2.222131184310315380e-02,2.135514243591019393e-02
-1.358482003070225937e-02,4.630323537082384200e-03,8.954496493619928943e-03
-3.183646348438475687e-02,3.425400421314692134e-02,-2.417540728761971049e-03
-3.149993459614336411e-02,3.135284976352082503e-02,1.470848326225705706e-04
8.367544229771256906e-03,-1.607316344984630052e-02,7.705619220074981165e-03
1.538315635868414341e-02,-1.926929152462476119e-02,3.886135165940645970e-03
-1.395146953317997693e-02,1.868842745133793542e-03,1.208262678804616734e-02
-3.309487488614381440e-02,2.634710743849245917e-02,6.747767447651438488e-03
5.156424722702957104e-03,-4.887528903994668543e-03,-2.688958187082804842e-04
1.731833491687179497e-02,-3.093446958113118053e-02,1.361613466425944975e-02
-4.468192669155669522e-04,-1.760915334846009650e-02,1.805597261537568096e-02
-2.737063609941628797e-02,1.233728340203391234e-02,1.503335269738242247e-02
1.112951733598972065e-02,8.359255182953400157e-03,-1.948877251894311560e-02
1.820952455537214534e-02,-3.967318743082060353e-03,-1.424220581229003815e-02
-1.925270507392895167e-02,1.175163739150469205e-02,7.501067682424217981e-03
2.046349085965050441e-02,-5.638985456444140301e-03,-1.482450540320636931e-02
4.959243079451995662e-03,-1.763982206381990020e-02,1.268057898436791668e-02
2.247953105693538400e-02,-3.268003433019928128e-02,1.020050327326386605e-02
6.538100008523142076e-03,-2.732010590100950737e-02,2.078200589248639998e-02
-1.474859287675578260e-03,-1.136405473430272470e-02,1.283891402197833570e-02
-6.319129458781010296e-03,1.060625868475821359e-03,5.258503590305209537e-03
-1.341723820442628813e-02,1.808728819181084843e-02,-4.670049987384518667e-03
-3.796255626812322648e-02,1.060690732472355062e-02,2.735564894339971923e-02
-1.467037116974095542e-02,-1.761532307524622419e-03,1.643190347726555811e-02
1.352374843300859809e-02,-7.036853600551873020e-03,-6.486894832456750228e-03
1.131453986526554517e-02,-5.711408048720756879e-03,-5.603131816544845538e-03
2.629628595741766162e-02,3.658900895052575545e-03,-2.995518685247024887e-02
2.654867030483822055e-02,-5.285858535429831598e-03,-2.126281176940839068e-02
2.195675937542300102e-02,-1.075342700191501445e-02,-1.120333237350794667e-02
-8.189439935397288886e-03,3.211349318272107515e-03,4.978090617125174866e-03
-2.594905749402483600e-02,2.257440160592899883e-02,3.374655888095870124e-03
2.284636759507271270e-02,-1.161056163389656559e-02,-1.123580596117613149e-02
2.820554574570210277e-02,1.342267776025130293e-03,-2.954781352172730635e-02
1.911016539477167209e-02,-6.016199727585228897e-03,-1.309396566718645273e-02
-9.793435820509906187e-03,1.243393136873031588e-02,-2.640495548220388872e-03
-6.944932731248010943e-03,-4.435080775544541012e-03,1.138001350679254328e-02
3.992150474892903513e-03,-1.437854766330962965e-02,1.038639718841669578e-02
1.787145161029857904e-02,-2.749197600097712940e-03,-1.512225401020085916e-02
7.517679447682751315e-03,1.273757175384472237e-02,-2.025525120152750838e-02
-1.052106681217611188e-02,1.367436961931217491e-02,-3.153302807136097296e-03
-2.463929589233559633e-02,2.086902555940932727e-02,3.770270332926269063e-03
-9.978948676022034864e-03,-9.741584197373235124e-03,1.972053287339529601e-02
-3.431097481883343958e-02,1.797253630812149436e-02,1.633843851071192094e-02
-2.739490007508463276e-02,1.456980562606189147e-02,1.282509444902269619e-02
-3.181658993387445622e-02,3.045401774845611642e-02,1.362572185418435425e-03
-7.418171473198327407e-04,-1.102545939352934587e-02,1.176727654084919368e-02
8.754563304543973301e-03,-2.669307447448763387e-02,1.793851116994377506e-02
1.590795313283945370e-02,-1.251729011151920395e-02,-3.390663021320286172e-03
1.429150493462245063e-02,-2.244665277968495732e-03,-1.204683965665396053e-02
1.259929505974869898e-02,-1.842409278290423058e-02,5.824797723155549813e-03
-1.353799785012758244e-02,1.367416554474024278e-02,-1.361676946126101054e-04
-1.085439824410261520e-03,4.511508947271232819e-03,-3.426069122860989948e-03
5.759012861362581073e-03,-1.383739556116563019e-02,8.078382699803064726e-03
6.859500215276682911e-03,-9.681538570080834918e-03,2.822038354804141599e-03
-2.145520268297186617e-02,6.764288199689238480e-03,1.469091448328268407e-02
-1.707834355003846200e-02,1.517203405526192789e-02,1.906309494776592221e-03
4.658020172147795714e-03,-1.319432235023109030e-02,8.536302178083295458e-03
-1.993481963803469745e-02,-2.295252791034871082e-03,2.223007242906956810e-02
-2.528149024272696721e-02,2.694790635132982351e-02,-1.666416108602861070e-03
-2.055619656129354256e-03,1.658817661496042248e-02,-1.453255695883104957e-02
4.627949277436034341e-03,8.617512806360555500e-03,-1.324546208379662193e-02
5.536511396397723710e-03,7.037676183617497597e-03,-1.257418758001523605e-02
-2.679064424580062179e-02,3.273773644058815269e-02,-5.947092194787481460e-03
-3.069469168769258308e-02,2.721831802585243654e-02,3.476373661840169958e-03
-1.220436532925930212e-02,1.240584829254408328e-02,-2.014829632847442138e-04
4.884459541050787355e-03,3.754758216332830089e-03,-8.639217757383590990e-03
-2.244142615409491781e-02,3.077823117793418786e-02,-8.336805023839339440e-03
-1.928252123697177592e-02,2.120744139889380736e-02,-1.924920161921938200e-03
4.879376049197702708e-03,5.719798007570727795e-03,-1.059917405676844351e-02
2.913800479789065492e-02,-3.134234628008535084e-02,2.204341482194689845e-03
3.405521378807692401e-02,-2.576270481214685409e-02,-8.292508975929976239e-03
-1.171816580833225921e-03,-6.347664144045256016e-03,7.519480724878474347e-03
-2.469894393959403897e-02,2.099814460584656026e-02,3.700799333747416698e-03
5.871833716445948488e-03,-2.336413423394237063e-02,1.749230051749639872e-02
1.162360286956471735e-02,-3.837889969678597024e-02,2.675529682722125810e-02
-2.163249514975565044e-02,1.529026717855144421e-02,6.342227971204213166e-03
3.397088826361865585e-03,1.802103709879731425e-02,-2.141812592515925789e-02
1.119883532108244262e-02,-2.045437904796174391e-03,-9.153397416286247409e-03
-1.387838812695991846e-02,1.010596583965780483e-02,3.772422287302098880e-03
1.708028156614824211e-02,-4.928241691105865116e-03,-1.215203987504237873e-02
4.848936947036289538e-03,-1.968914903710813555e-02,1.484021209007189632e-02
2.406315344712033760e-02,-3.155743302871727440e-02,7.494279581596878688e-03
6.793751630328357868e-04,-2.284576645620020954e-02,2.216639129316730350e-02
-1.269563442937275688e-02,-9.544712310345588105e-03,2.224034673971830856e-02
-9.134005679598633173e-03,-2.817750927154210553e-03,1.195175660675285717e-02
-1.114172050589350670e-02,2.330004900978508570e-02,-1.215832850389159982e-02
-3.728046353180852757e-02,1.767680353519582651e-02,1.960365999661268718e-02
-1.042444236527173031e-02,-1.002683096616210044e-02,2.045127333143381340e-02
1.203096059849470371e-02,-1.019984845483321544e-02,-1.831112143661474618e-03
1.318598995802776862e-02,-2.991398607379043475e-03,-1.019459135064876461e-02
3.537122724301750010e-02,-3.747013857305846098e-03,-3.162421338571168999e-02
1.809117173053578775e-02,-5.945504254063296336e-03,-1.214566747647245065e-02
2.238499323773021979e-02,-1.774133538244428501e-02,-4.643657855285975543e-03
-9.231606494927961301e-03,-4.585765766041138294e-04,9.690183071532096001e-03
-2.015545879154327646e-02,3.225254909534201048e-02,-1.209709030379868197e-02
3.973785661776261385e-02,-9.294442199607259522e-03,-3.044341441815531096e-02
3.355967326384944049e-02,-6.661635544545524944e-03,-2.689803771930390774e-02
-1.256781642993584462e-02,1.013631129605235912e-03,1.155418530033061782e-02
-2.215207404900678204e-02,3.643699133123405771e-03,1.850837491588333550e-02
2.479396244798989443e-02,-1.918913331707993233e-02,-5.604829130910015875e-03
-2.066185051353257481e-03,1.333048450605118021e-02,-1.126429945469792533e-02
9.134766610164888126e-03,2.160789723301057355e-02,-3.074266384317538361e-02
-1.558006364789969213e-02,2.431465326402736105e-02,-8.734589616127613407e-03
1.140474432726589849e-03,-2.385802200730073857e-03,1.245327768003496151e-03
-3.449997277309705800e-03,1.682950096503634408e-03,1.767047180806073777e-03
-3.064434693192206322e-02,-6.920739483384709834e-04,3.133642088026043770e-02
-5.406131525280453293e-02,2.085494020970433265e-02,3.320637504310021415e-02
-1.677107965460090944e-02,2.876688650730007714e-03,1.389439100387095637e-02
5.755022942656722040e-03,-7.920006811332098995e-03,2.164983868675376087e-03
-2.271367409267267129e-02,6.279380598142728261e-03,1.643429349452995084e-02
2.070203116624558595e-02,-2.160009710696931401e-02,8.980659407237531018e-04
4.129309645338168078e-02,-2.273219130532484408e-02,-1.856090514805684363e-02
2.259473024450085743e-02,-1.137227781637438657e-02,-1.122245242812636677e-02
1.741840440169570986e-02,-1.793933527320640958e-02,5.209308715106272976e-04
-1.257107800858599245e-02,1.191853826217219824e-02,6.525397464138026678e-04
4.378652354640430108e-03,8.289802137386000774e-03,-1.266845449202638925e-02
-1.492562764923851485e-03,6.897953282906430124e-03,-5.405390517982561725e-03
-6.006801400694612020e-03,2.969212655042874696e-03,3.037588745651747298e-03
2.491318338764758611e-03,-7.646994374720002263e-04,-1.726618901292758601e-03
-1.113927096341908729e-02,2.578303713757082796e-02,-1.464376617415180139e-02
-5.839219410310673118e-03,8.843787199069695279e-03,-3.004567788759039508e-03
-2.641926665823731910e-02,1.088725407466529377e-02,1.553201258357193339e-02
-2.670218695212248083e-02,2.897191860496033458e-02,-2.269731652837901886e-03
-9.745040394648577659e-03,5.137175583457113948e-02,-4.162671543992269019e-02
-9.474711650011289829e-03,3.053778425324284868e-02,-2.106307260323141833e-02
1.089532774076573153e-02,2.373245877780679608e-02,-3.462778651857246343e-02
-2.058027125268529003e-02,3.460071933300118419e-02,-1.402044808031589415e-02
-1.688537180038051505e-02,2.447979731234474488e-02,-7.594425511964241100e-03
-1.323623237601313091e-02,1.169211460930964092e-02,1.544117766703454863e-03
-7.187389447796066477e-03,1.226490796590247456e-02,-5.077518518106429769e-03
-2.219088207010484412e-02,2.775271359341327862e-02,-5.561831523308412815e-03
-3.121498573334913554e-02,3.526911378392504764e-02,-4.054128050575880014e-03
-2.105956984299134360e-02,3.205670044314781753e-02,-1.099713060015655719e-02
1.529875098006791556e-02,-4.185336658595492816e-03,-1.111341432147240280e-02
1.864698466363531176e-02,-3.142554736493880646e-02,1.277856270130347735e-02
9.633637952586338385e-03,-1.548739195998773306e-02,5.853754007401385136e-03
1.172068073259675824e-02,-1.662897932459212955e-02,4.908298591995370434e-03
-1.786986193443574830e-02,3.394636482464402985e-03,1.447522545197138522e-02
1.184075368983387652e-02,-2.769452026995740737e-02,1.585376658012354473e-02
-2.928557204842496473e-02,6.443262236038805636e-03,2.284230981238609751e-02
2.404551285297072856e-03,1.092737884569738513e-02,-1.333193013099446926e-02
1.051416173102606363e-02,2.408001846603272621e-03,-1.292216357762937355e-02
-9.054982466296221735e-03,8.224763270551766273e-03,8.302191957444708583e-04
2.031587554470383125e-02,-2.766410158576957518e-03,-1.754946538612692231e-02
5.676912065679712641e-03,-2.376322867188581864e-02,1.808631660620609732e-02
9.837011349357986656e-03,-2.126279640736968013e-02,1.142578505801167266e-02
-8.704574878818219013e-04,-2.138414498005302561e-02,2.225460246793475871e-02
-2.006516624564342460e-02,1.067066420972128445e-03,1.899809982467130440e-02
-1.679515856052132827e-02,1.702076830916218059e-03,1.509308172960515705e-02
8.999185287377288456e-03,4.877132414860011096e-03,-1.387631770223727093e-02
-2.659198264389349160e-03,-1.178031754214464710e-02,1.443951580653398022e-02
-7.734744862308915239e-03,-1.400006765477283463e-02,2.173481251708173079e-02
1.683572610562237767e-02,-1.758962479661701703e-02,7.538986909946562669e-04
2.152809553372847171e-02,-1.782428536853761236e-02,-3.703810165190872354e-03
3.496018584483583103e-02,-4.277116588674165047e-03,-3.068306925616180389e-02
2.856418699643589743e-02,-1.989651289879582757e-02,-8.667674097640088934e-03
1.600825937831876558e-02,-9.266904803415371844e-03,-6.741354574903380727e-03
-1.055049850421284005e-02,6.495426360887146013e-03,4.055072143325704447e-03
1.741890788753417893e-02,1.225124090804544834e-04,-1.754142029661465499e-02
3.627571917043637129e-02,-3.024542432661950567e-02,-6.030294843816851741e-03
-8.624885999429406092e-03,1.607273042527966253e-02,-7.447844425850278990e-03
-3.079534978968440431e-02,2.495981115887025911e-02,5.835538630814119179e-03
-1.992964170680235417e-02,3.851229350573208768e-03,1.607841235622913326e-02
3.186379036070247084e-03,-4.904163942815428605e-03,1.717784906745180870e-03
-3.247982459575188274e-02,4.148781481532558268e-02,-9.007990219573746779e-03
1.192335420855533158e-02,-1.034473190939050975e-03,-1.088888101761628299e-02
4.243841858684220536e-02,-3.049841968919667426e-02,-1.193999889764560743e-02
6.227820484450952675e-03,9.615723007024380709e-03,-1.584354349147535160e-02
-8.498017458417429087e-03,1.663545798841245104e-03,6.834471659576172274e-03
-1.289129379504228359e-02,1.823618188800391060e-03,1.106767560624188733e-02
-3.576921524742581598e-02,1.495097974947137351e-02,2.081823549795447717e-02
-1.712871710461654623e-02,2.143448089511792998e-03,1.498526901510470813e-02
1.097168614236649666e-02,-2.375483329018415746e-02,1.278314714781768856e-02
-1.263751434018512386e-02,4.249142426867564648e-04,1.221260009749837970e-02
1.665480584586083099e-02,-2.177362739584896498e-02,5.118821549988136592e-03
2.634145383144545147e-02,-7.353952952508908958e-03,-1.898750087893657026e-02
3.939406865229838628e-02,-1.228091720282683576e-02,-2.711315144947158348e-02
1.151225987477274074e-02,-1.209834316530377339e-02,5.860832905310518455e-04
-2.149594082610866222e-02,1.685907723618079723e-02,4.636863589927857181e-03
-1.656061461607472030e-02,9.612385888040690662e-03,6.948228728034030501e-03
-1.645163815746842825e-02,8.153404003589161467e-03,8.298234153879292807e-03
-6.801595647378574049e-03,1.538751235978191943e-03,5.262844411400378203e-03
-1.375653628861661128e-02,-5.280377687008278552e-03,1.903691397562487855e-02
-1.535199904663238878e-02,3.019093636191230029e-02,-1.483893731527988723e-02
-1.397270664185826065e-02,2.605302810458515542e-02,-1.208032146272682017e-02
-3.227660324230990224e-02,2.563525852444551237e-02,6.641344717864366455e-03
-2.264005915137295641e-02,2.505375865230312360e-02,-2.413699500930185839e-03
-9.319983054454215876e-03,3.136482944386718291e-02,-2.204484638941301214e-02
-1.327848055222335955e-02,2.067702332484617350e-02,-7.398542772622837375e-03
-5.360313802643814490e-03,2.780937217837021330e-02,-2.244905837572642310e-02
2.771289984660176703e-02,9.256140529682838763e-03,-3.696904037628457457e-02
-1.968554664345364968e-02,3.315402503083732244e-02,-1.346847838738360337e-02
-1.494579138501740852e-02,9.689388610964187395e-03,5.256402774053195968e-03
1.533267310527688249e-02,-1.059069497315937199e-02,-4.741978132117520908e-03
-1.331204562262232501e-02,1.449067598267177355e-02,-1.178630360049463073e-03
-2.784175315809886420e-02,3.478563032420668028e-02,-6.943877166107808273e-03
3.738876581224883028e-04,2.625788207271338368e-02,-2.663176973083588792e-02
-1.461195488064513312e-02,1.899842604802989485e-02,-4.386471167384730502e-03
1.001148947929083200e-03,-7.357846303503459695e-03,6.356697355574363051e-03
6.983168412438207386e-03,5.541791494585099342e-03,-1.252495990702327984e-02
2.696310832163861630e-03,-5.160397895051984513e-03,2.464087062888109005e-03
2.269013464954924147e-02,-1.456507990132507001e-02,-8.125054748224124629e-03
2.587382169335425506e-03,-4.731406069881667793e-03,2.144023900546233614e-03
-1.368738333444960258e-02,-6.059469056415649549e-03,1.974685239086523825e-02
2.015294414878834840e-04,1.956814027897075745e-02,-1.976966972045861651e-02
1.144122027536147862e-02,1.193900631799256484e-03,-1.263512090716070561e-02
2.263620080079837334e-03,-7.407861351957614922e-03,5.144241271877784960e-03
2.303558171576260485e-02,-2.939074193354017546e-03,-2.009650752240863675e-02
4.784718995745908775e-03,-2.074954152430919657e-02,1.596482252856324877e-02
7.556762537007268368e-03,-2.119085303809743401e-02,1.363409050109003900e-02
-3.936365753674900964e-03,-1.527028540468357634e-02,1.920665115835848771e-02
-1.500386193133331977e-02,-7.334821910619565913e-03,2.233868384195287354e-02
-2.540281981252138360e-02,9.639843964166658341e-03,1.576297584835472526e-02
6.610532416375049236e-02,-5.607509636820930815e-02,-1.003022779554123278e-02
-1.094666522655425057e-02,-1.034220803309968053e-04,1.105008730688524822e-02
5.004897578415982116e-03,-2.066103670041159399e-02,1.565613912199557978e-02
3.553479934251452255e-02,-2.845716224008025194e-02,-7.077637102434330453e-03
2.628127448462613119e-02,-2.623323950007604155e-02,-4.803498455012375501e-05
3.186139254291830980e-02,-7.440989260478618125e-03,-2.442040328243961361e-02
1.635280391295144270e-02,-3.639016055023263415e-03,-1.271378785792815110e-02
3.352722469871378605e-03,3.950250356556652895e-03,-7.302972826428008948e-03
-1.727561149778538210e-02,1.943783376999156862e-02,-2.162222272206161360e-03
2.994727402232249050e-02,-2.161344291134249460e-02,-8.333831110980014986e-03
-1.222201695440387759e-02,1.027397423513089735e-02,1.948042719273018189e-03
-2.239895569020649430e-02,2.905694404633430913e-02,-6.657988356127845196e-03
-2.693442130686352770e-02,2.107449611352557248e-02,5.859925193337852008e-03
-1.167831510362923181e-02,-5.923904058697830252e-03,1.760221916232703951e-02
-1.180282198867315009e-02,6.842998045039847162e-03,4.959823943633295991e-03
-8.172853122553419558e-03,1.101338691368327141e-02,-2.840533791129851420e-03
2.600682561963949327e-02,-1.699319991966997262e-02,-9.013625699969553609e-03
3.250882323506496668e-02,-7.177032539285334127e-03,-2.533179069577973924e-02
2.477764558100135558e-02,-1.932140662411680268e-02,-5.456238956884585864e-03
3.318937598089551771e-02,-4.017603058955025730e-02,6.986654608654765605e-03
-1.032121878125321669e-02,-1.069586994891394763e-02,2.101708873016716952e-02
-2.906526729157713276e-02,1.320200489027687808e-03,2.774506680254942501e-02
-3.044360517495688090e-02,5.140161763291037009e-03,2.530344341166588726e-02
-5.985800397491325767e-03,-7.169510496451495830e-03,1.315531089394286063e-02
-5.879199289578473930e-03,-9.656100602102355530e-04,6.844809349788700051e-03
-2.158486068205108313e-02,1.077412631841339827e-02,1.081073436363774558e-02
2.096218161347920828e-02,-1.255875235286544114e-02,-8.403429260613834786e-03
2.617527200042316093e-02,-9.713370193841582359e-03,-1.646190180658150398e-02
-1.927809496226914887e-02,1.300003041383734383e-02,6.278064548431818055e-03
-1.572230282778757163e-02,3.063209136897684925e-03,1.265909369088987803e-02
-1.571310295878730959e-02,-6.828599859637103989e-03,2.254170281842441878e-02
-1.981241590407389896e-02,4.137904568038513987e-04,1.939862544727006394e-02
-1.285116673798353780e-02,3.141602160084713997e-03,9.709564577898812526e-03
6.926707617127761049e-03,7.047481176914469590e-03,-1.397418879404221242e-02
-1.271186501627321989e-02,2.767499011129070235e-02,-1.496312509501753971e-02
1.080762099564720052e-02,2.339504778477552796e-02,-3.420266878042268338e-02
-2.528219565168550106e-02,1.956589437969131345e-02,5.716301271994173733e-03
-3.794992249352331648e-02,2.594776285482474493e-02,1.200215963869864615e-02
-3.097782269148560089e-03,3.564887147088419833e-02,-3.255108920173564041e-02
2.805500716330136101e-03,2.178913924506012748e-02,-2.459463996139031952e-02
-6.956318297814016900e-03,1.728009895497775034e-02,-1.032378065716369961e-02
1.429495025006675968e-02,1.889751705242017840e-02,-3.319246730248683747e-02
-2.983905053445078115e-02,3.931580833715109247e-02,-9.476757802700358155e-03
-1.840035208453058568e-02,3.879397713059853231e-02,-2.039362504606797438e-02
-5.955811570951729996e-04,1.030168682511540743e-02,-9.706105668020225535e-03
-5.872650955870611054e-03,1.406956911472637302e-02,-8.196918158855750688e-03
-1.544747056538375331e-02,1.908327803582912652e-02,-3.635807470445299484e-03
-1.143552713051761323e-02,1.445023870260162512e-02,-3.014711572083988034e-03
-2.295346821098477944e-02,3.494545304854752149e-02,-1.199198483756266399e-02
5.760137773467580375e-04,1.139581271977026591e-02,-1.197182649711703989e-02
-5.294083053290468167e-03,-1.011646171589570924e-02,1.541054476918615919e-02
-2.418957873839092804e-02,1.935145079261493817e-02,4.838127945776028033e-03
2.145849605504700913e-02,-7.050729158436529892e-03,-1.440776689661044628e-02
2.333298475556202026e-02,-1.557047714338446499e-02,-7.762507612177609040e-03
-1.158934974152766792e-02,-2.893162290563829845e-03,1.448251203209150947e-02
1.352900233859434878e-02,6.697295989047788358e-04,-1.419873193749914518e-02
1.316644876474114267e-02,2.909391245791965227e-03,-1.607584001053313089e-02
5.730744290346920407e-03,-1.028025198335672658e-02,4.549507693009813974e-03
2.362223718576438036e-02,-4.467602909616744979e-03,-1.915463427614754952e-02
8.808558961363276499e-03,-1.873487598913471316e-02,9.926317027771454013e-03
6.357034358258310293e-03,-1.916188379888161819e-02,1.280484944062326887e-02
-4.722017208971150508e-03,-1.332864910785575008e-02,1.805066631682691880e-02
-1.010544675667325934e-02,-3.844613323106516132e-03,1.395006007977982188e-02
-2.411366453212648864e-02,1.445824676516137795e-02,9.655417766965070786e-03
7.411879685006318719e-02,-6.281126857550366205e-02,-1.130752827455982525e-02
6.997924361421978268e-02,-6.795033646962642115e-02,-2.028907144593501601e-03
2.053824154539780553e-02,-3.286157192886127176e-02,1.232333038346350614e-02
3.211379379130506473e-02,-2.262093731090659282e-02,-9.492856480398562113e-03
2.819207458311874873e-02,-2.134329549130442941e-02,-6.848779091814194420e-03
2.872463231033819259e-02,-4.697301404820073377e-03,-2.402733090551801426e-02
2.161251130008890950e-02,-6.946259150910504346e-03,-1.466625214917843464e-02
-2.453253420961970868e-03,8.118491350874598722e-03,-5.665237929912612241e-03
9.951277118763323520e-03,-1.127691378418561700e-02,1.325636665422279172e-03
2.041383333844671438e-02,-1.829966958560022214e-02,-2.114163752846500485e-03
-5.135421638329649985e-02,5.027277603254093341e-02,1.081440350755725165e-03
-8.674960262253094898e-03,1.221415596903282184e-02,-3.539195706779736921e-03
-4.776651334123036344e-03,9.156175556979777308e-03,-4.379524222856741832e-03
-1.839226450697686518e-02,9.006179635566284938e-03,9.386084871410616676e-03
7.954782458051269309e-03,-1.441691771733690994e-02,6.462135259285637159e-03
-1.236756971395830407e-02,1.652320948536960959e-02,-4.155639771411361906e-03
-1.226090467691164651e-03,7.665310526653598168e-03,-6.439220058962429397e-03
-9.766804827490841931e-03,1.803659536717790515e-02,-8.269790539687111794e-03
2.704538818063828912e-02,-1.895104060489785289e-02,-8.094347575740420617e-03
1.392858472917563387e-02,2.800211164997148039e-04,-1.420860584567534141e-02
-1.247495718762490526e-02,1.174372523774043671e-02,7.312319498844487052e-04
-2.943379232363356815e-02,2.253218922470887065e-02,6.901603098924740005e-03
-2.399830702048512138e-03,1.607770394501662576e-03,7.920603075468556336e-04
1.288996751593426537e-03,-2.460540755948903945e-03,1.171544004355478058e-03
3.469649475837523027e-04,1.488844001760082983e-02,-1.523540496518460859e-02
-1.879314351299924248e-03,1.131946547121274148e-02,-9.440151119912790559e-03
3.731430038828573159e-02,-2.210937794221815370e-02,-1.520492244606757096e-02
2.351108768984665545e-02,2.677190302837223045e-03,-2.618827799268383383e-02
6.591476544854523237e-03,7.117004642801941575e-03,-1.370848118765645961e-02
-9.682831615298662098e-03,7.926279394840782732e-04,8.890203675814554660e-03
-2.548021427466323416e-02,4.059894289145120697e-03,2.142031998551824704e-02
7.984404913457379465e-04,-7.278553077818035975e-03,6.480112586472286211e-03
-2.218602682668035370e-02,1.240114038229763599e-03,2.094591278845058663e-02
-1.472139848200023152e-02,2.033756142672838926e-02,-5.616162944728156879e-03
-2.785991395111172414e-02,2.126016441669081186e-02,6.599749534420995545e-03
4.221919859255991204e-03,1.605317241661287711e-02,-2.027509227586883969e-02
-2.977309002873879985e-03,1.657467459938361193e-03,1.319841542935514022e-03
-3.834856853069012333e-02,1.476135179139503005e-02,2.358721673929508114e-02
-2.293732883749488236e-02,3.545253269525003303e-02,-1.251520385775515935e-02
4.996084524298487033e-03,1.198310386385861154e-02,-1.697918838815709250e-02
-1.056681510114579163e-02,2.561493818191525051e-02,-1.504812308076956817e-02
-8.176728763715042023e-03,2.221486828719406934e-02,-1.403813952347908976e-02
-1.541613954063630887e-02,1.934401891839000395e-02,-3.927879377753687277e-03
-7.367376186504900198e-03,9.998527349651927312e-03,-2.631151163147016706e-03
1.057654413497290113e-02,6.625159120015382437e-03,-1.720170325498831740e-02
6.288304981593477276e-03,-4.692599153533423458e-05,-6.241378990058142791e-03
-9.474344188797402186e-03,2.126528625464434857e-02,-1.179094206584692037e-02
-1.098698058192868789e-02,2.057908069457437678e-02,-9.592100112645687154e-03
-2.549993602362086303e-02,2.484006111180600204e-02,6.598749118148024458e-04
-7.048731879799922072e-03,1.133695470812331844e-02,-4.288222828323385097e-03
-2.215807197210790946e-02,7.240936629331462711e-03,1.491713534277646497e-02
-3.034452291896338680e-02,3.605817313531246848e-02,-5.713650216349081684e-03
1.740411414877937255e-02,-7.737906219175644772e-03,-9.666207929603685273e-03
2.343357111132172987e-02,-1.257135123257761833e-02,-1.086221987874407338e-02
-2.386027255563541016e-03,2.674851346688798988e-03,-2.888240911252581348e-04
1.034208668996807259e-02,2.514686302383941589e-04,-1.059355532020649082e-02
1.217314281642487180e-02,2.565516510629449638e-03,-1.473865932705432577e-02
1.064215163929365521e-02,-8.312858591436768710e-03,-2.329293047856849635e-03
2.570708821301179170e-02,-7.715613513981743875e-06,-2.569937259949783490e-02
1.231945332256518047e-02,-1.440906794567755125e-02,2.089614623112323946e-03
1.071159868280353172e-02,-9.000437899754959795e-03,-1.711160783048579735e-03
-6.100913063256815927e-03,-7.684460410661740452e-03,1.378537347391862317e-02
-2.097073027139920512e-02,9.857171040935837694e-03,1.111355923046335702e-02
-1.383796288262899993e-02,1.114962718966747840e-02,2.688335692961506349e-03
3.539579705858664216e-02,-1.917033479710691241e-02,-1.622546226147977139e-02
-1.041391216160082386e-02,-3.057579812579094662e-03,1.347149197417994888e-02
2.376448230775182746e-02,-3.180206096763017742e-02,8.037578659878275369e-03
2.256738619704580853e-02,-1.122522563673349245e-02,-1.134216056031234036e-02
4.043003209164507637e-03,3.632956176356404426e-03,-7.675959385520899486e-03
3.825390342823637574e-02,-1.312160357361334163e-02,-2.513229985462293870e-02
1.679792580606888006e-02,-1.027037793330098578e-02,-6.527547872767929839e-03
6.380889542829754285e-04,1.172388560562361882e-02,-1.236197455990656162e-02
-8.245428649185307032e-03,-1.751278421374077550e-03,9.996707070559395641e-03
2.116926782446052965e-02,-1.698684016073149713e-02,-4.182427663728960528e-03
5.431746670563078689e-04,-7.985006061566314009e-05,-4.633246064406456774e-04
-5.446077766653231039e-03,1.175028567590124737e-02,-6.304207909247990307e-03
-2.421706731680368235e-03,7.701653979167108650e-03,-5.279947247486730874e-03
-4.687750021617951538e-04,9.293612279708872090e-03,-8.824837277547082845e-03
-1.586113012985744530e-02,1.489796406926807704e-02,9.631660605893772658e-04
-1.205254689486489478e-02,9.876351228066713311e-03,2.176195666798146338e-03
6.003793914306665425e-03,6.214672576730821164e-03,-1.221846649103748225e-02
-2.925807230279743598e-02,3.342552877260510091e-02,-4.167456469807744729e-03
1.825993500904221981e-02,-8.346187390845518847e-03,-9.913747618196714836e-03
-1.920739768160986509e-03,2.056150417649866766e-02,-1.864076440833770110e-02
-1.795705190038114282e-02,1.978850123604646710e-02,-1.831449335665314955e-03
-3.039527833191260978e-02,1.734990752206133635e-02,1.304537080985132026e-02
-1.799329485749580348e-02,4.825635587821352351e-03,1.316765926967442858e-02
5.478152930063031820e-03,-7.526033216156892414e-03,2.047880286093852354e-03
-2.888421782850756833e-03,3.015594508157161662e-03,-1.271727253064047476e-04
-7.311140551970661712e-03,7.926699074786738158e-03,-6.155585228160740611e-04
2.545859037732177768e-02,-5.258654759261483305e-03,-2.019993561806030652e-02
1.091033680320613666e-02,-1.021610394946498735e-03,-9.888726408259641831e-03
2.789803429613254681e-03,3.740359830654922408e-03,-6.530163260268175354e-03
1.497505039775900819e-02,-4.449474347684011927e-03,-1.052557605007497024e-02
2.478809977154412618e-04,7.309994962314086270e-03,-7.557875960029521514e-03
-7.106199096901274007e-03,1.017327095676744120e-02,-3.067071859866149410e-03
-3.527400487185359396e-02,3.554500970118250336e-02,-2.710048293289595467e-04
-1.777510660009286314e-02,3.309515624072304624e-02,-1.532004964063012932e-02
-1.000178670113310853e-02,5.201613623825144216e-03,4.800173077307957371e-03
-4.286206970395070592e-03,5.823244520476329560e-03,-1.537037550081264388e-03
-1.914891633881654620e-02,1.898922110534204718e-04,1.895902412776311746e-02
-3.912189394706545864e-02,2.082982868706320309e-02,1.829206526000225902e-02
-1.108176390242840079e-02,1.214497999578733646e-02,-1.063216093358927217e-03
-1.096496872117937085e-03,1.053729037851936640e-02,-9.440793506401454899e-03
1.179317942952652284e-02,1.108164777485863908e-02,-2.287482720438518274e-02
8.156953203045450018e-03,8.042584998478170127e-03,-1.619953820152364790e-02
1.210853341330091898e-02,5.799900994802535681e-03,-1.790843440810342344e-02
6.774513124577801436e-03,4.727965301047210370e-03,-1.150247842562496410e-02
2.734482680682751021e-02,-3.546134796151816093e-02,8.116521154690595208e-03
8.929599254966733360e-03,-7.021712498869273414e-03,-1.907886756097481413e-03
-1.922437784658283938e-02,1.826797354485832151e-02,9.564043017245814089e-04
-1.727532229725643742e-02,3.476365715296527575e-02,-1.748833485570877241e-02
-3.998852508212620560e-02,4.595039492073142717e-02,-5.961869838605263205e-03
-2.005706835101699059e-02,1.670786366300180265e-02,3.349204688015139375e-03
-9.257987553795379854e-03,-9.074623399872159451e-04,1.016544989378260523e-02
-1.603524642038469186e-02,1.885836843528207810e-02,-2.823122014897366718e-03
2.000757759639722536e-02,1.301620261224552917e-03,-2.130919785762178803e-02
1.087991342294199887e-02,-1.105259121291369412e-02,1.726777899716893684e-04
4.743679110665715952e-03,-2.979648423730106230e-03,-1.764030686935612541e-03
1.756797685533839984e-02,-8.832609958316620449e-03,-8.735366897021800206e-03
4.327269436105753847e-03,8.588530533054613073e-03,-1.291579996916037559e-02
1.784335177840340111e-02,-1.312393076882212815e-02,-4.719421009581228725e-03
3.554034466140507803e-02,-9.819775182181116752e-03,-2.572056947922390924e-02
8.536096830658906204e-03,-5.335437774475602739e-03,-3.200659056183301297e-03
1.542096953765285765e-02,-1.092063455880942259e-02,-4.500334978843465415e-03
2.850257629984270617e-03,-7.672277143518296989e-03,4.822019513534028107e-03
-2.052517639298243046e-02,1.550500402478985698e-02,5.020172368192547460e-03
-5.496908384846176630e-03,5.193007769080071681e-03,3.039006157661157913e-04
1.024069167701139281e-02,-2.907473280751091908e-03,-7.333218396260288326e-03
-6.829284740976069266e-03,-1.322817965913120238e-02,2.005746440010723955e-02
1.803106573892091294e-02,-2.931369613612453892e-02,1.128263039720358782e-02
1.434921246528889083e-02,-9.952723961651283036e-03,-4.396488503637629476e-03
1.306937766592243706e-02,-1.030520902210404002e-02,-2.764168643818382728e-03
3.038964193202798800e-02,-1.097286820240410410e-02,-1.941677372962387349e-02
2.887889289273689111e-02,-1.124273794670764895e-02,-1.763615494602922829e-02
-1.090333522727987732e-02,1.066419260466005842e-03,9.836915966813873646e-03
-1.254347294723623212e-02,-1.180314400435514624e-03,1.372378734767180052e-02
2.588698218679166482e-02,-1.536341233458074843e-02,-1.052356985221091640e-02
4.618236745477231550e-03,-2.480056555168007500e-03,-2.138180190309224918e-03
2.209776164315639668e-02,-2.921452179595622825e-02,7.116760152799824629e-03
1.807040076378661764e-02,-1.246894693099546286e-02,-5.601453832791137427e-03
-1.633402597509538492e-02,1.686524897367036244e-02,-5.312229985749553941e-04
5.917945017278315040e-03,-8.117675640274810145e-03,2.199730622996475156e-03
-1.658069238094422859e-02,1.578958720686767653e-02,7.911051740765966253e-04
-3.205051031126856620e-04,4.784883083008595848e-03,-4.464377979895895604e-03
1.256267284659591619e-03,5.172136761880778005e-03,-6.428404046540379599e-03
-8.199333575328095550e-03,1.798804675368135099e-03,6.400528899959958933e-03
-1.196035387553613313e-02,-3.012056162763586831e-03,1.497241003829967790e-02
-1.113800715269595842e-02,7.465227264167677811e-03,3.672779888528273241e-03
9.483854034565954378e-04,-5.984183199429894164e-03,5.035797795973294931e-03
-1.479538685501539247e-02,5.313675984822998667e-03,9.481710870192439772e-03
2.187113868323837043e-02,-4.650166220921283719e-03,-1.722097246231709192e-02
-1.235308167464181477e-02,1.498053210726264101e-02,-2.627450432620854863e-03
-1.113743767659582974e-02,7.196702304491080053e-03,3.940735372104743617e-03
-1.297976678200365303e-02,2.596448835713249109e-02,-1.298472157512880337e-02
-1.533025814294348976e-02,1.085891458593966213e-02,4.471343557003763444e-03
-3.148128606856017558e-02,2.540065190051997782e-02,6.080634168040164808e-03
-1.607289769991154457e-02,1.855154377819848155e-02,-2.478646078286973406e-03
-1.018795013059718702e-02,7.187865351195803221e-03,3.000084779401373386e-03
1.369845801475370406e-03,1.513998238276715322e-03,-2.883844039752081392e-03
-1.814786520426296332e-02,1.695392188429231325e-02,1.193943319970662640e-03
1.338510470433216040e-02,2.683834008676608870e-03,-1.606893871300874715e-02
1.486707505595162571e-02,-9.781312791080586794e-03,-5.085762264871054525e-03
2.244596846165499392e-03,6.516811488016581097e-03,-8.761408334182065744e-03
-1.285415493947738436e-02,9.748628989910974874e-03,3.105525949566451550e-03
-3.471272762124735789e-02,1.857897774310057065e-02,1.613374987814662764e-02
-2.893223290193948360e-02,3.067786272026160749e-02,-1.745629818322134074e-03
-1.518540397286050059e-02,1.469465810137974074e-02,4.907458714808140589e-04
-1.204004456634248264e-03,1.647140614450200852e-02,-1.526740168786777999e-02
-9.381335070367521900e-03,1.818515932222699097e-02,-8.803824251859481212e-03
-2.965250690213337009e-02,3.490651439777675558e-02,-5.254007495643392422e-03
8.822442380098915451e-04,1.390922827388243847e-02,-1.479147251189228199e-02
4.094607627542941330e-03,-2.855921094838699374e-03,-1.238686532704248895e-03
5.574146576348094559e-03,-2.549639202550858103e-02,1.992224544916044310e-02
-1.826282515640474322e-02,1.296558348119319568e-02,5.297241675211496366e-03
-1.082458376127361233e-02,1.634316626916091503e-02,-5.518582507887287089e-03
-3.140007321652751870e-02,4.759469659654953083e-02,-1.619462338002201560e-02
-1.701789576610997917e-02,1.342591707726247495e-02,3.591978688847498151e-03
-3.025624579385095131e-02,1.772646184587701318e-02,1.252978394797393639e-02
5.679807350911884878e-04,1.298847992624501714e-02,-1.355646066133617787e-02
1.684019508048225505e-02,4.307482770081738459e-03,-2.114767785056397009e-02
6.766945156731232064e-03,-1.662397859301891628e-02,9.857033436287658199e-03
2.919988379182710675e-02,-3.307978976482670030e-02,3.879905972999543248e-03
4.870649548164928712e-03,1.180231994223123609e-02,-1.667296949039617088e-02
2.161233644129722901e-03,9.339869429003718609e-03,-1.150110307313343024e-02
1.267673806961046486e-02,-4.351378456315646223e-03,-8.325359613294811695e-03
3.942872370050728298e-02,-1.524612791388594256e-02,-2.418259578662129011e-02
1.168739409712034674e-02,-6.538731726772817159e-03,-5.148662370347524379e-03
1.297214584065048588e-02,-1.364546787468950972e-02,6.733220340389913135e-04
6.487012662654128084e-03,-3.043459351856868389e-03,-3.443553310797267935e-03
-1.948264723347191418e-02,1.551962822395059304e-02,3.963019009521319413e-03
-5.548327117849373089e-03,2.545244630517411611e-03,3.003082487331965381e-03
1.433682335802532321e-02,-1.934376646175610436e-03,-1.240244671184968783e-02
-6.579768014859931589e-03,-1.801889529768395393e-02,2.459866331254392802e-02
3.638817426688677192e-02,-4.193211443272088640e-02,5.543940165833946207e-03
4.933052206606432233e-02,-3.983530092701512149e-02,-9.495221139049261558e-03
1.999205173323718651e-02,-1.060832520383454824e-02,-9.383726529402674696e-03
2.717078497944696094e-02,-5.682397942228166639e-03,-2.148838703721880558e-02
2.222684071359091323e-02,-1.543602639757305287e-02,-6.790814316017862971e-03
-9.474204534718559320e-03,2.767984260344490675e-04,9.197406108684127654e-03
1.059612561936701391e-02,-1.299731735815014798e-02,2.401191738783099803e-03
3.262912096261499223e-02,-2.921280972961681766e-02,-3.416311232998207967e-03
1.062682167172260446e-02,-5.648635482099352567e-03,-4.978186189623295260e-03
-1.069196189548507871e-03,-1.954479995949736596e-03,3.023676185498247720e-03
9.162907006726728198e-03,-5.549957042750546486e-03,-3.612949963976178243e-03
-5.214338073181399094e-03,1.690205986974981306e-03,3.524132086206422775e-03
-3.426840128875959651e-02,4.201293482938583956e-02,-7.744533540626220500e-03
3.336070148936063490e-02,-1.251660844660858717e-02,-2.084409304275203559e-02
4.276050508008134160e-02,-1.425536764612612625e-02,-2.850513743395538882e-02
2.703545860308062890e-02,-3.139314030861669463e-02,4.357681705536061399e-03
1.281286546600010796e-02,-1.906473351120540130e-02,6.251868045205366195e-03
3.509050546273722454e-02,-4.086108019244670542e-02,5.770574729709520775e-03
-2.542729142748897941e-02,1.430573220099062501e-02,1.112155922649838563e-02
-2.374458197876857038e-02,5.722903367239382671e-03,1.802167861152928138e-02
-9.720270003400161701e-03,7.133203188520497243e-03,2.587066814879657086e-03
1.942681002464017107e-02,7.876244256700335594e-03,-2.730305428134047543e-02
-1.041450643406279658e-02,1.000143231533852199e-02,4.130741187242652646e-04
-1.235153529821585681e-02,4.028252795534256053e-03,8.323282502681609435e-03
1.019697805938280313e-02,-4.779555372090515085e-03,-5.417422687292280242e-03
-2.673577623923516916e-02,2.604337962099243300e-02,6.923966182427428780e-04
-2.223953311622838686e-02,2.226285664402233300e-02,-2.332352779394142873e-05
-2.585354275437168683e-02,2.324923759758857483e-02,2.604305156783139324e-03
8.861063863480660857e-03,5.923563207459427854e-03,-1.478462707094010259e-02
5.984916825868912167e-03,-2.572732730785944473e-05,-5.959189498561056307e-03
6.408320635227103025e-03,-3.101526003041949354e-03,-3.306794632185129385e-03
4.191473038304847215e-02,-2.829257026760026786e-02,-1.362216011544810888e-02
1.701949720411322087e-02,-6.603187635468148534e-03,-1.041630956864511050e-02
2.160035552430506975e-03,1.307147051637467909e-02,-1.523150606880518086e-02
-3.307559239960659869e-02,2.974839252314200044e-02,3.327199876464599984e-03
-2.326388554536350586e-02,2.908715041318137712e-02,-5.823264867817890336e-03
-7.717862469648084124e-03,2.248117829860117947e-02,-1.476331582895315693e-02
-1.969842073947727229e-02,1.531490813153273296e-02,4.383512607944593971e-03
-6.032578979318323729e-03,1.184750638241296138e-02,-5.814927403094638514e-03
-2.266794859150721500e-02,2.506268226770885788e-02,-2.394733676201685375e-03
-1.518752945880825524e-02,1.568653816790785763e-02,-4.990087090996292787e-04
-6.934114895297682248e-03,1.855414342646170833e-02,-1.162002853116403910e-02
1.308186001329054472e-02,-6.559928418686388971e-03,-6.521931594604168762e-03
1.800663798896179769e-03,-1.112020054519598927e-02,9.319536746299766569e-03
-1.842149365667403865e-02,1.489988867779371180e-02,3.521604978880330753e-03
-4.388073103496114430e-02,3.683359042448531434e-02,7.047140610475855112e-03
-5.985393854286408417e-03,1.835402435608786062e-02,-1.236863050180142531e-02
-1.573700020928580148e-02,1.525692930071907184e-02,4.800709085667332720e-04
-8.057315294868963237e-03,-1.209843204849198224e-02,2.015574734336095589e-02
-1.041684309066607562e-02,1.902362715432572016e-02,-8.606784063659648001e-03
1.753716918133300245e-02,-9.813060581318694756e-03,-7.724108600014233973e-03
1.957360362535291373e-02,-8.728267606138501861e-03,-1.084533601921451422e-02
1.193901213175781011e-02,-1.808211520249497842e-02,6.143103070737216884e-03
1.506952383717796544e-02,8.779362006026024054e-04,-1.594746003778057739e-02
3.618332016192076905e-03,1.541947938202954671e-02,-1.903781139822158242e-02
3.363168073990017819e-03,-1.960271428479134527e-03,-1.402896645510883942e-03
4.029049713050048692e-02,-1.538903972793174632e-02,-2.490145740256874407e-02
1.086900967960162216e-02,-7.093900695930648384e-03,-3.775108983670988957e-03
1.403835823686659483e-02,-9.929126458890604259e-03,-4.109231777975993170e-03
1.321333913312267537e-02,-8.317992078552076049e-03,-4.895347054570611464e-03
-1.603996999509768248e-02,1.496110845051142231e-02,1.078861544586265158e-03
-3.394585101897077024e-03,4.014540039235620431e-03,-6.199549373385450325e-04
1.606299776043948468e-02,1.113732010362766724e-03,-1.717672977080226052e-02
-8.499149052555188613e-03,-1.544158213192201555e-02,2.394073118447716253e-02
1.743902689117532434e-02,-3.073529324816950958e-02,1.329626635699414881e-02
4.310841998386256285e-02,-2.934391474426579008e-02,-1.376450523959673981e-02
2.458611782075202645e-02,-3.061507269301386516e-03,-2.152461055145058963e-02
2.904687901656914650e-02,-9.913950732994130169e-03,-1.913292828357497297e-02
2.358997073940915026e-02,-2.245892377883322230e-02,-1.131046960575951815e-03
5.777222214459694187e-03,-2.074130435807266387e-02,1.496408214361300525e-02
3.250354668070691566e-02,-2.324638150100885939e-02,-9.257165179698011170e-03
8.414111231595185897e-03,3.987062543621572655e-03,-1.240117377521673774e-02
-2.412699656844516025e-02,2.179367454456921510e-02,2.333322023875888766e-03
-3.686285503502790975e-04,-8.572644871766371688e-03,8.941273422116664121e-03
1.134650890897577653e-02,-1.152153289229584932e-02,1.750239833200689058e-04
-2.196313300241042876e-02,2.163662864061624905e-02,3.265043617941835096e-04
5.183702292641357429e-03,1.685598988195346343e-02,-2.203969217459481392e-02
1.439641004064163687e-03,2.576169265308661180e-02,-2.720133365715071000e-02
5.067294864489430006e-02,-3.320464752666179437e-02,-1.746830111823249876e-02
4.275067102963898275e-02,-4.961198922788047361e-02,6.861318198241349482e-03
2.322823936764155037e-02,-3.523078429250420945e-02,1.200254492486257929e-02
-1.398279995843447303e-02,1.740395407875543936e-03,1.224240455055889548e-02
-1.107794205633579054e-02,1.697954491976056204e-02,-5.901602863424743745e-03
-2.891919431365902460e-02,1.905209546306830051e-02,9.867098850590760514e-03
1.349461012237261972e-04,-1.734020918336447213e-03,1.599074817112719959e-03
3.606731244759032312e-02,-1.653582377560988692e-02,-1.953148867198041885e-02
2.985036231352911160e-03,1.896831600456216948e-03,-4.881867831809134396e-03
5.422282570894066019e-03,-6.252245064057182326e-03,8.299624931631143562e-04
8.675229152358073653e-03,-1.083864902657773752e-03,-7.591364249700270628e-03
-2.181786804151680803e-02,2.344115756126538552e-02,-1.623289519748621727e-03
5.215742472146237896e-04,6.080932322260650287e-03,-6.602506569475287412e-03
-1.119287042923185552e-02,8.289656516205553410e-03,2.903213913026342439e-03
-6.847001507294405397e-03,1.552342228142855086e-02,-8.676420774134165417e-03
2.865953244515691972e-02,3.088373258398634030e-04,-2.896836977099677760e-02
2.005684712102543538e-02,7.388332827079991908e-06,-2.006423545385251084e-02
3.168778186640128225e-02,-1.110469571691875476e-02,-2.058308614948252055e-02
6.511567597807893688e-03,1.061658211927118088e-02,-1.712814971707909625e-02
1.888253313092174909e-02,1.797825819364132227e-04,-1.906231571285815080e-02
-1.295504012455631244e-02,1.358482978326927375e-02,-6.297896587129421129e-04
-1.976763011455818370e-02,5.298611499146808901e-04,1.923776896464350974e-02
8.887986501113583418e-03,1.541923499062296775e-02,-2.430722149173659974e-02
2.629055851745706017e-03,1.351184047850752419e-02,-1.614089633025325363e-02
-1.390832694223701101e-02,1.697491203611404750e-02,-3.066585093877060783e-03
-8.270603958923894786e-03,1.485049506306222733e-02,-6.579891104138386321e-03
-5.165824375204859653e-03,1.317718888949075129e-02,-8.011364514285869085e-03
-6.512981343049862974e-03,2.401762590268368552e-02,-1.750464455963388413e-02
1.502529010653105845e-02,-7.806744842228403349e-03,-7.218545264302669850e-03
2.078104266751283624e-02,-1.740984789231252161e-02,-3.371194775200301186e-03
-1.925336607527020419e-02,1.064817270873288750e-02,8.605193366537306279e-03
-1.696656716919829264e-02,1.739229002290873863e-02,-4.257228537104475099e-04
-8.329842837257118299e-03,3.189187997073407443e-02,-2.356203713347697348e-02
4.426628449764388219e-03,1.724408792083660311e-02,-2.167071637060100434e-02
-1.535979426166047060e-02,1.676806997896846882e-02,-1.408275717307974368e-03
-1.018910855582806987e-02,-1.031561196615314591e-03,1.122066975244333936e-02
4.514659125145906865e-02,-2.804703593017989632e-02,-1.709955532127914457e-02
9.616616706323129898e-03,3.220945704548998367e-03,-1.283756241087215255e-02
2.006070537879655474e-02,-1.782622842065181845e-02,-2.234476958144668204e-03
9.941654656671725099e-03,6.752213350240884870e-03,-1.669386800691260303e-02
7.585177902395101590e-03,1.212507210993528720e-02,-1.971025001233029511e-02
1.692879865976352691e-02,-1.404469096038867167e-02,-2.884107699374847001e-03
2.806678501074553675e-02,-1.219928398642467805e-02,-1.586750102432082574e-02
1.100784500436132254e-03,1.491846721744491877e-03,-2.592631222180615674e-03
1.697061652137314691e-02,-7.872530065604097654e-03,-9.098086455769007624e-03
2.159145553880892354e-02,-1.469059578032759321e-02,-6.900859758481295639e-03
-6.490384519185820288e-03,1.187260393270809546e-02,-5.382219413522274301e-03
-4.557973351019202306e-03,-1.908482680467373936e-04,4.748821619065952439e-03
1.872119797981977238e-02,-5.950925545712370396e-03,-1.277027243410736382e-02
-8.602160763733251309e-03,-1.444732491864598317e-02,2.304948568237921366e-02
1.370086215316309967e-02,-2.922639569877828400e-02,1.552553354561523810e-02
2.744391358525561167e-02,-1.570602866381944074e-02,-1.173788492143611716e-02
1.563036674979679033e-02,3.588614229266856755e-03,-1.921898097906372949e-02
2.383318264903636421e-02,-1.351807644424744825e-02,-1.031510620478891943e-02
8.480801794163765617e-03,-1.737828736918236444e-02,8.897485575018574538e-03
8.070558448719757777e-03,-1.627154912063548398e-02,8.200990671915738342e-03
2.970423592559499545e-02,-1.080513103828660386e-02,-1.889910488730834823e-02
-9.271039350544730412e-03,1.378214771778594853e-02,-4.511108367241197306e-03
-4.079375583032546215e-02,2.531756598088687540e-02,1.547618984943859716e-02
-2.108918786780654420e-02,1.051617218082574745e-02,1.057301568698082103e-02
-2.721829013040802034e-02,1.971766555810962329e-02,7.500624572298406588e-03
-1.070937179821027790e-02,1.368388339954935626e-02,-2.974511601339075318e-03
-1.125651773986472912e-02,2.970797198334466233e-02,-1.845145424347991586e-02
6.376153088381852040e-03,4.579078832755992950e-03,-1.095523192113785106e-02
1.977688771777756996e-02,-3.319689842728786727e-02,1.342001070951026435e-02
2.066438619255438897e-02,-3.286205460771390863e-02,1.219766841515952487e-02
2.318497211097057809e-02,-3.292773062389768579e-02,9.742758512927109441e-03
-8.177128997793230505e-03,-6.330751068538069230e-03,1.450788006633128326e-02
-5.123909486839187122e-02,4.124285470601454090e-02,9.996240162377257460e-03
-1.522367548869261837e-02,-7.436113414132776737e-04,1.596728683010591524e-02
-2.402793265841740925e-02,2.072223443815365135e-02,3.305698220263805168e-03
1.197084471070971289e-02,5.972763851232743872e-03,-1.794360856194242640e-02
2.457350656334867170e-03,1.357366573700709983e-02,-1.603101639334200690e-02
2.792912459084960193e-04,-1.129270246314518188e-02,1.101341121723667035e-02
9.994905680547252341e-03,-2.321845222914492753e-03,-7.673060457632762191e-03
-3.142122426806314914e-03,2.854023148449721502e-03,2.880992783565888577e-04
-9.072777577643903815e-03,1.396732177122748421e-02,-4.894544193583524883e-03
-7.899787091689244867e-03,1.436258423660372908e-02,-6.462797144914515443e-03
-1.313687772429772069e-03,-3.397068098598733394e-03,4.710755871028498958e-03
3.159209039113706347e-02,-2.518770500930683776e-02,-6.404385381830133769e-03
-7.938567997133052015e-03,-1.471390053157221834e-03,9.409958050290273199e-03
1.043747452131996156e-02,-1.138091736330043222e-02,9.434428419804765081e-04
-1.480700541460180757e-02,1.307502465871614823e-03,1.349950294873023156e-02
-7.617982387585043626e-03,8.674700033825541792e-03,-1.056717646240500552e-03
-1.396319604637061285e-02,1.690770200945096793e-02,-2.944505963080403660e-03
-9.981037626395322659e-03,-2.237337237243838817e-02,3.235440999883370389e-02
-9.075542170539130371e-03,5.744736931541437157e-03,3.330805238997699719e-03
-2.383428409820880639e-02,9.018389445765048057e-03,1.481589465244375660e-02
4.153392652034671589e-03,-1.267202964084135700e-03,-2.886189687950532854e-03
-3.236760902400829393e-03,1.259245762951818675e-03,1.977515139449010501e-03
-9.692433502588471139e-03,1.196061778107450346e-02,-2.268184278486044900e-03
-1.311627795226402542e-02,7.886723709190919529e-03,5.229554243073075530e-03
2.331443482854959892e-03,-4.021415493254518365e-03,1.689972010399553703e-03
1.345066213990125069e-02,-1.888956017783353925e-02,5.438898037932325853e-03
-4.933947555833631017e-03,-2.964498985704894750e-03,7.898446541538504950e-03
5.434900336700195607e-04,1.595936258008469897e-03,-2.139426291678481109e-03
6.140452203729792171e-04,1.074721550284985297e-02,-1.136126072322286851e-02
-1.020720238753772269e-02,2.543853977961739801e-02,-1.523133739207972390e-02
-1.601263504189643500e-02,1.281717029607296228e-02,3.195464745823477053e-03
-1.905614077453812380e-02,1.387080646603861770e-03,1.766906012793424685e-02
1.018892837687902266e-02,-9.951476900930660702e-03,-2.374514759483505695e-04
3.678796226468342145e-02,-3.249472377974625681e-02,-4.293238484937112603e-03
1.274417357427522907e-02,-1.634570688062119900e-02,3.601533306345926135e-03
1.734417324081901496e-02,-5.064003173819913405e-03,-1.228017006699910763e-02
1.682929095814979931e-02,4.591002163049138704e-03,-2.142029312119892240e-02
1.482064385247386547e-02,-1.163914076080121117e-02,-3.181503091672639554e-03
1.926506622586914019e-02,5.699259065413084810e-04,-1.983499213241046027e-02
-2.711217674066718816e-04,1.862664558557499935e-03,-1.591542791150830872e-03
1.029427592202869501e-02,-7.343636824398023545e-03,-2.950639097630646749e-03
2.033079167180999042e-02,-1.331813780446410370e-02,-7.012653867345999478e-03
2.054256615762263191e-03,7.847879620385087365e-03,-9.902136236147367904e-03
-1.525755272106576153e-03,-1.444739555121018603e-03,2.970494827227589552e-03
2.265397203020224140e-02,-3.521579949459697437e-03,-1.913239208074255307e-02
-1.312275506892157315e-02,-8.953580961969369659e-03,2.207633603089087168e-02
7.699071798944421077e-03,-2.443064912852636536e-02,1.673157732958191826e-02
3.265624797052749106e-02,-2.245391935740184697e-02,-1.020232861312566491e-02
9.536995393947396774e-03,7.732760561330755296e-03,-1.726975595527818763e-02
8.948390883819998601e-03,-9.502720568165451409e-03,5.543296843454709145e-04
-2.085980847797596315e-03,-1.303356143751763577e-02,1.511954228531522428e-02
5.003688585483685898e-03,-4.821692376190581976e-03,-1.819962092930966580e-04
3.210596420028453274e-02,-2.471105719059803890e-02,-7.394907009686405366e-03
-1.757383464247403923e-02,2.858634963239942497e-02,-1.101251498992541003e-02
-1.049120560744856191e-02,-2.211146807368405409e-02,3.260267368113259345e-02
1.210412516274109954e-03,-2.556913889632136255e-02,2.435872638004731375e-02
-2.457847092420334389e-02,1.785574153841231609e-02,6.722729385791043413e-03
-2.653788788836015586e-02,2.763786208296266714e-02,-1.099974194602509545e-03
-1.240454211281719239e-02,4.778311575446217950e-03,7.626230537370947554e-03
8.726311683098940744e-03,-1.099151934271405499e-02,2.265207659615062208e-03
3.472210521021667357e-02,-3.655777483534927708e-02,1.835669625132658371e-03
2.030823428382753579e-02,-3.143943687198199471e-02,1.113120258815439648e-02
-2.710456973991623875e-03,-1.472959672305997406e-02,1.744005369705151423e-02
-2.745975786804885632e-02,2.584896606525073984e-02,1.610791802798100438e-03
-2.928028026021339131e-02,3.267707068649969293e-02,-3.396790426286354532e-03
-1.345473641461695721e-02,2.012185199748658601e-02,-6.667115582869588032e-03
-2.600231363439918508e-02,2.399168892108838325e-02,2.010624713310805740e-03
-2.954394248978858828e-02,2.013295069488328995e-02,9.410991794905260166e-03
-1.525803536355963691e-02,2.330181924211221015e-02,-8.043783878552552419e-03
6.590692447540054920e-03,4.390039180201346126e-03,-1.098073162774138370e-02
1.850236360582366638e-02,1.637851950018957446e-03,-2.014021555584262838e-02
-1.586900394276049078e-02,1.734743630158262079e-02,-1.478432358822169904e-03
1.563478353350887182e-02,-7.825088755210379485e-03,-7.809694778298514016e-03
-9.028140932818885106e-03,8.535876910101197063e-03,4.922640227176723225e-04
-1.955857742195849999e-02,5.561403594938196283e-03,1.399717382702029764e-02
-1.123310496759862172e-02,1.725285520643191420e-02,-6.019750238833300286e-03
-1.751383931419332740e-02,1.509767368927910323e-02,2.416165624914166921e-03
-3.159687316531027690e-02,3.958468573256580803e-02,-7.987812567255402757e-03
-1.092006101595966415e-02,6.825959149979183085e-03,4.094101865980474125e-03
-1.596531493111584890e-02,1.568399514815366907e-02,2.813197829621694721e-04
-1.070543855321785115e-02,5.813397008577485606e-03,4.892041544640309166e-03
-2.126438064614838679e-03,-2.401802733499940057e-02,2.614446539961428131e-02
-9.064730391290833078e-03,-1.422477371545158471e-02,2.328950410674246810e-02
1.112951959532006325e-02,-1.417298911784916661e-02,3.043469522529101620e-03
1.400057830040536168e-02,3.150476767931223530e-03,-1.715105506833651886e-02
2.440854294207716116e-02,-2.078079099406268671e-02,-3.627751948014451035e-03
1.857133747133796198e-02,-1.067449448053351194e-02,-7.896842990804479531e-03
4.062003811368806137e-03,-1.814581462416108709e-02,1.408381081279225754e-02
-6.572668658156730764e-03,8.179142221597266935e-03,-1.606473563440547446e-03
-1.159760626958940277e-02,5.404244787976311692e-03,6.193361481613092814e-03
8.482061370743254614e-03,-1.297773878350444096e-02,4.495677412761195889e-03
-1.912055592868115023e-02,-7.179491681969390766e-04,1.983850509687807781e-02
-1.499031263934255155e-02,1.351638569056910766e-02,1.473926948773441074e-03
-3.303824970475174524e-03,1.108963322161645761e-02,-7.785808251141282214e-03
-6.544084123968377589e-03,6.464688600100755231e-03,7.939552386761926850e-05
3.933573570566641087e-02,-2.039199581281738935e-02,-1.894373989284900070e-02
2.831560285385125927e-02,-1.329453373101907587e-02,-1.502106912283220422e-02
-7.104641313981918671e-03,2.039902107822921286e-03,5.064739206158989579e-03
1.049289230413041375e-02,-2.034052041701721672e-02,9.847628112886818580e-03
-5.622724233892721114e-03,2.769789255729961010e-03,2.852934978162750563e-03
9.445389453975898755e-03,7.163099181340394986e-03,-1.660848863531631803e-02
2.960034725007818380e-03,-5.929099181080104211e-03,2.969064456072266749e-03
2.302549088078010425e-02,4.845872084341604213e-04,-2.351007808921434794e-02
-1.231563329901686800e-02,1.333399456957701235e-02,-1.018361270560113772e-03
-4.275079010313501994e-03,-6.323217667531064179e-03,1.059829667784460520e-02
2.082749670521605659e-02,-1.437060462591099354e-02,-6.456892079305095143e-03
9.915411340711412919e-03,1.897878449452233005e-03,-1.181328979016366132e-02
-3.814491879633266549e-03,-1.056133228473076077e-03,4.870625108106345878e-03
2.431404982051890012e-02,-4.778386349068477167e-03,-1.953566347145041515e-02
-1.064214417787985069e-02,-6.822128484676444164e-03,1.746427266255624888e-02
5.891563101870614209e-03,-1.661349093616183367e-02,1.072192783429122206e-02
3.322953718119880245e-02,-1.810753259129417592e-02,-1.512200458990462133e-02
1.257787385219326717e-02,6.228507264322721143e-03,-1.880638111651600913e-02
1.816786516287514225e-02,-1.221575550688037276e-02,-5.952109655994730457e-03
1.428950254921779444e-03,-1.328073295315753549e-02,1.185178269823575561e-02
-9.032920609097929918e-03,-5.292629986737302193e-03,1.432555059583523471e-02
-1.350282599626653898e-04,-4.395130892030862935e-03,4.530159151993509541e-03
9.506255900887813914e-03,-6.752716638618734904e-03,-2.753539262269075975e-03
1.831033792291366855e-02,-2.669440495176835307e-02,8.384067028854660236e-03
-4.243465180932723749e-03,-1.638861208857783983e-02,2.063207726951052368e-02
-2.766084518835025888e-02,1.914952321593540313e-02,8.511321972414763806e-03
-7.689412795304910106e-03,-7.385738357321771329e-03,1.507515115262669445e-02
7.603899130231995390e-05,-1.197174654187012702e-02,1.189570755056780331e-02
7.725840901220343889e-04,-1.695817083590714716e-02,1.618558674578516460e-02
1.243911851422823539e-02,-1.291260813329349853e-02,4.734896190652926329e-04
-1.225790706357829732e-02,2.199367709179522040e-02,-9.735770028216950839e-03
-1.211613181796126516e-02,1.431359773512089900e-02,-2.197465917159643380e-03
2.533792703181469291e-02,5.599798389989868105e-03,-3.093772542180456969e-02
9.254349955001850425e-03,1.337696196698468648e-02,-2.263131192198648833e-02
2.166743870019579004e-03,1.692096486419085791e-02,-1.908770873421028469e-02
2.898897303398435821e-03,-2.204225278750026457e-04,-2.678474775523448544e-03
-8.980271776261237321e-03,2.081624086690903735e-02,-1.183596909064778269e-02
-1.566926873207986903e-02,2.340001738954350721e-02,-7.730748657463685017e-03
3.226248686561887513e-02,-9.701946991260973832e-03,-2.256053987435787875e-02
3.932570719703602780e-02,-9.248112914931931605e-03,-3.007759428210413089e-02
1.934957519016059987e-02,4.954611621349159882e-03,-2.430418681150976062e-02
2.592313003662000126e-02,-1.289445863154293007e-02,-1.302867140507706252e-02
2.416266858232997763e-02,-1.237791231468023806e-02,-1.178475626764969968e-02
9.219775088760749984e-03,-1.248767637215585612e-02,3.267901283395059295e-03
1.207984398139895325e-02,-5.048167171198256198e-03,-7.031676810200654555e-03
-3.735185189859175497e-03,6.051224136738296913e-03,-2.316038946879124451e-03
1.972469945928913282e-02,3.199697037447724653e-03,-2.292439649673682495e-02
2.176226073145853118e-02,-1.486653166655188671e-03,-2.027560756480335791e-02
2.103929496212266978e-02,-5.877801393842480536e-03,-1.516149356828019532e-02
1.045325728297035253e-02,1.432730525156428007e-02,-2.478056253453457189e-02
-9.757533693533319841e-03,3.779632030543093445e-03,5.977901662990212951e-03
-2.288542942027260371e-02,1.888575790639424046e-02,3.999671513878331162e-03
9.657960220769648161e-04,-6.817152372466800392e-03,5.851356350389838937e-03
9.149279141016595715e-03,-4.024247135687586928e-03,-5.125032005329008787e-03
4.052247909038853013e-02,-1.175579274761605342e-02,-2.876668634277250100e-02
2.002358015985702608e-02,-9.718359261529167445e-03,-1.030522089832786557e-02
1.057276654190281162e-02,-2.022255104121491870e-02,9.649784499312060240e-03
-7.693486952953678890e-03,-1.596639469502347764e-03,9.290126422456027738e-03
8.834365180665857548e-03,4.366244996756770682e-04,-9.270989680341510872e-03
8.139101253721641935e-03,7.719431489845038352e-03,-1.585853274356665080e-02
-9.012511412799224450e-03,-4.209971502646884904e-03,1.322248291544611196e-02
1.013272097630892477e-03,3.120315446346575393e-03,-4.133587543977448354e-03
-2.322455912239122094e-02,3.574802244946168051e-02,-1.252346332707046477e-02
8.528603535804422583e-03,-7.392723015946020028e-03,-1.135880519858399737e-03
1.473121607558535405e-02,-9.256109454888307789e-03,-5.475106620697054935e-03
2.257077880074791383e-03,2.697891372714036201e-02,-2.923599160721522539e-02
-1.113423160900037755e-02,2.390212678901413104e-02,-1.276789518001373788e-02
2.215468144295654369e-03,-1.616785096892776191e-02,1.395238282463208586e-02
-5.689664200432851399e-03,-9.790552195708844205e-03,1.548021639614168866e-02
-1.452594350320597118e-02,2.238318643299120128e-02,-7.857242929785207552e-03
-1.618917452279035069e-03,-2.366665050542195430e-03,3.985582502821231367e-03
2.322783569352246738e-02,-1.405254131813439816e-03,-2.182258156170911040e-02
-8.753045059172334663e-03,6.156826350813696461e-03,2.596218708358642539e-03
-1.225209230257429463e-02,-2.011611999830929050e-04,1.245325350255738553e-02
1.628799319618041280e-02,-1.215629682904814136e-02,-4.131696367132313072e-03
1.394410130733128410e-02,1.999034070484731614e-04,-1.414400471437972373e-02
-1.078525942650782835e-03,4.297236913913088613e-04,6.488022512594784734e-04
1.787837092070554412e-02,-7.929636742772670083e-03,-9.948734177932893122e-03
-1.548107432674165028e-02,-4.925085231306784543e-03,2.040615955804841314e-02
2.924642349901885544e-03,-1.711891817572776600e-02,1.419427582582586528e-02
2.906319970835864394e-02,-1.986150757377526041e-02,-9.201692134583284652e-03
1.301047610849137386e-02,6.121140281265172352e-03,-1.913161638975650197e-02
1.700082064024392367e-02,-1.277347169584056724e-02,-4.227348944403389389e-03
-9.641564506131442350e-03,-8.573025456933237518e-03,1.821458996306467987e-02
-2.141238299726846983e-02,3.002351403017362429e-03,1.841003159425115554e-02
1.843845618598474387e-02,-3.099800084561567248e-02,1.255954465963102576e-02
6.215039192645709608e-03,-3.891582236577755850e-03,-2.323456956067961997e-03
6.361195251165181579e-03,-1.646984763960137113e-02,1.010865238843620430e-02
1.702498789608597810e-02,-2.862813217106656080e-02,1.160314427498059658e-02
3.184549712010620662e-03,-1.989885989632885627e-02,1.671431018431825816e-02
-1.849321155802619715e-02,-5.245059794383213556e-03,2.373827135240940550e-02
-1.028848146781631036e-02,-7.239813422691908709e-03,1.752829489050820172e-02
1.208559181591975680e-02,-2.516623955190126424e-02,1.308064773598150397e-02
2.906061768833096293e-03,8.818300901936981101e-03,-1.172436267077005267e-02
1.982429201927675064e-02,-1.122759091436892863e-02,-8.596701104907789048e-03
4.250302706479072712e-02,-2.388294794088865677e-02,-1.862007912390215361e-02
1.370566113943529063e-02,1.015298200616827212e-02,-2.385864314560363908e-02
-2.528277755042076733e-02,3.356094805167739170e-02,-8.278170501256693764e-03
-2.335738844255432975e-02,1.864333152683575814e-02,4.714056915718540380e-03
-3.751469699771987215e-02,2.950091500109045667e-02,8.013781996629503954e-03
-9.741644709585902881e-03,1.315095631986986854e-02,-3.409311610284028113e-03
-2.297438789832200248e-02,3.345715664429345371e-02,-1.048276874597136622e-02
2.738285874464493203e-02,2.677229484143218291e-03,-3.006008822878812950e-02
2.838140254623592804e-02,8.015444468549641835e-03,-3.639684701478555079e-02
5.000653337750177521e-03,1.097007615513038471e-02,-1.597072949288058652e-02
2.399012898526517445e-02,-1.296132952897018943e-02,-1.102879945629490523e-02
2.580261285901650284e-02,-2.408267173073401837e-02,-1.719941128282485333e-03
-1.385398156280345273e-02,-3.109706550678942825e-03,1.696368811348236694e-02
2.086009004398503910e-02,-3.355140118352947787e-02,1.269131113954455499e-02
-2.368770757938435875e-02,-1.155677183798168792e-02,3.524447941736608136e-02
2.802756900129428283e-02,-3.561867035298769968e-02,7.591101351693492309e-03
2.990001267354476609e-03,-2.467686626316073148e-02,2.168686499580623969e-02
-3.050990633984093040e-03,-1.054870850124104385e-02,1.359969913522511217e-02
-3.239250269862411005e-03,-9.998282455208815783e-03,1.323753272507124240e-02
-3.222726265733252653e-03,9.719928323675372170e-03,-6.497202057942116915e-03
-1.303643420666248179e-02,2.460302292447738917e-02,-1.156658871781495249e-02
6.068831839243811824e-03,-1.370732113141393503e-02,7.638489292170085043e-03
1.461536991531217460e-02,-5.288613711303256047e-03,-9.326756204008935028e-03
4.975937086800875930e-02,-9.918823916860544307e-03,-3.984054695114831041e-02
3.277131456246121233e-02,-1.501690224618735907e-02,-1.775441231627394520e-02
1.035395193141881894e-02,-1.317909594652615611e-02,2.825144015107280797e-03
1.363642232664828355e-02,-1.759413164331581278e-02,3.957709316667563058e-03
2.357805032116884122e-02,-2.079596711290206124e-02,-2.782083208266803408e-03
1.370723998494669839e-02,9.032100829690111257e-03,-2.273934081463684087e-02
-5.564980291998163249e-03,2.216869411213920685e-02,-1.660371382014098549e-02
-1.583807696396759626e-02,2.444497264153078567e-02,-8.606895677563224101e-03
-1.813972836078191209e-02,2.067519285226837242e-02,-2.535464491486397014e-03
7.490484251681733124e-03,-2.044280305506682507e-02,1.295231880338511797e-02
3.977320741008327949e-03,-9.297122863953784927e-03,5.319802122945443100e-03
4.796292555120050256e-04,2.555918847039921962e-02,-2.603881772591123619e-02
-1.186285277857761916e-02,2.504495588115590587e-02,-1.318210310257825375e-02
9.151856406929007731e-03,-5.737314433678187414e-03,-3.414541973250835930e-03
1.245831679684137293e-02,-2.198501874796145866e-02,9.526701951120045836e-03
-3.813888262175613012e-04,-4.367795716585784797e-04,8.181683978761416240e-04
-8.355711774834399808e-03,9.149634319894997883e-03,-7.939225450605875587e-04
1.498074013294439788e-02,1.466617634342055583e-03,-1.644735776728645932e-02
-6.597734930238548581e-03,1.241600807124632749e-02,-5.818273141007771973e-03
-1.390166624129750110e-02,1.371852648470016627e-03,1.252981359282753261e-02
9.759213249044627891e-03,-1.316453051342750952e-02,3.405317264382884661e-03
1.709650493592270240e-02,-1.659621044652160671e-03,-1.543688389127057144e-02
-6.261685431398200490e-03,2.999630848501318777e-03,3.262054582896883013e-03
1.592294410371642571e-02,3.023168928428328264e-03,-1.894611303214476308e-02
-1.223156389162233237e-02,-9.486488279991012532e-03,2.171805217161326684e-02
2.799504396258328202e-03,-2.008426719203128957e-02,1.728476279577299476e-02
2.107270959803969612e-02,-1.294366064218114946e-02,-8.129048955858557066e-03
1.878167208264636817e-02,4.368209723942765720e-04,-1.921849305504066963e-02
1.162359516830900434e-02,-1.794257323125666471e-03,-9.829337845183354350e-03
-1.242643445047709669e-02,-6.481100121922531154e-03,1.890753457239964172e-02
-2.663609319119155522e-02,1.293582270060823075e-02,1.370027049058327243e-02
2.584340381972073317e-02,-2.765029175873944672e-02,1.806887939018821543e-03
1.470302400408329130e-02,-1.161234498680359210e-02,-3.090679017279660164e-03
1.451006164904763106e-02,-1.309482586160781031e-02,-1.415235787439787351e-03
2.424171564933107550e-02,-2.678030589435985778e-02,2.538590245028886794e-03
-9.421061375945184377e-03,-5.878920841754676531e-03,1.529998221769982535e-02
-7.455419848691862902e-03,-3.886951600777907925e-03,1.134237144946972919e-02
-7.117056036169183177e-03,-5.120715323289150300e-03,1.223777135945831353e-02
-1.035285394650972647e-03,-9.743690393290887000e-03,1.077897578794182604e-02
-1.818541898900162199e-02,1.755125909787492652e-02,6.341598911267437100e-04
1.200030401728306717e-02,-1.245933935221956411e-02,4.590353349365040945e-04
1.024290790434194409e-02,-1.071682638553842458e-02,4.739184811964910040e-04
1.465332986461914677e-02,2.138899403910674913e-04,-1.486721980501021223e-02
-2.158536435656244201e-02,1.951561510124464813e-02,2.069749255317806461e-03
-1.478690188314084504e-02,3.833523210546688730e-03,1.095337867259414850e-02
-1.922550544879032819e-02,1.190976471526217564e-02,7.315740733528148208e-03
-2.523496822946824647e-02,2.096698196852266396e-02,4.267986260945546943e-03
-2.413861202473840603e-02,3.750673172630616253e-02,-1.336811970156778773e-02
2.111413929302195444e-02,5.433611209948467982e-03,-2.654775050297037559e-02
2.969501674378668271e-02,5.448915848635034996e-03,-3.514393259242178102e-02
3.466899671095231752e-03,1.004408524864086431e-02,-1.351098491973609650e-02
4.128813860497752971e-04,8.986217549056659199e-04,-1.311503140955444686e-03
-7.103707182733724106e-04,-1.842995843781897528e-02,1.914032915609229987e-02
-8.064080548767916037e-03,-1.040068447510798279e-02,1.846476502387591270e-02
1.973874429108401704e-02,-3.337074876088443054e-02,1.363200446980037707e-02
-2.242999689997351997e-02,5.656860520173815146e-03,1.677313637979974820e-02
6.674155380184661559e-05,-1.778320574221813749e-02,1.771646418841632889e-02
1.071847140570006060e-03,-2.173535456030124824e-02,2.066350741973123697e-02
7.384074399607842495e-03,-1.499818199439088839e-02,7.614107594783084063e-03
-7.292654122444827691e-03,4.286057621220225669e-03,3.006596501224621538e-03
-7.316748775305722922e-03,4.190732203083639279e-03,3.126016572222098822e-03
-2.131749759144408590e-02,1.848514467896702346e-02,2.832352912477075456e-03
-1.293325137484990957e-02,-1.616658375443513762e-02,2.909983512928502811e-02
-9.705931069887624441e-03,-6.259854290629587696e-03,1.596578536051718525e-02
2.456782961957673303e-02,-4.763522240032474001e-03,-1.980430737954426076e-02
2.610925154546878471e-02,3.552361329504558594e-03,-2.966161287497331295e-02
2.946338137899301435e-02,-2.268996126365470725e-02,-6.773420115338436333e-03
1.405756336053579428e-02,-1.935313899673236568e-02,5.295575636196541910e-03
3.589111709982886061e-02,-2.104112779242303666e-02,-1.484998930740594539e-02
2.208774935315394733e-02,-5.463813993348480384e-03,-1.662393535980543138e-02
1.836490658106990081e-02,9.062273853831759665e-03,-2.742718043490165875e-02
1.242789993245429483e-03,1.928837325498906907e-02,-2.053116324823441724e-02
-4.788529349468666901e-02,5.351598246880473475e-02,-5.630688974118051859e-03
-2.857804968759452072e-02,1.272267702670042133e-02,1.585537266089406469e-02
4.937359185343942990e-03,-2.087930750281479647e-02,1.594194831747080404e-02
-4.586406895786989193e-03,1.609657029337649772e-02,-1.151016339758949292e-02
-8.601332732807215678e-03,1.401611918241666560e-02,-5.414786449609423902e-03
7.395759814663411397e-03,-1.980936583696948829e-03,-5.414823230966447389e-03
1.906035302115485774e-02,-2.326139579951205794e-02,4.201042778357139476e-03
4.666124404611867241e-03,3.785549989642801767e-03,-8.451674394254661202e-03
-1.497319918154408312e-02,1.811463623427907871e-02,-3.141437052734971733e-03
-1.557736751677771129e-03,8.368588834038988636e-03,-6.810852082361205581e-03
-1.564781245338170467e-03,-2.626508959035507747e-03,4.191290204373704885e-03
-1.445645644204087560e-02,4.943634834968034519e-03,9.512821607072818528e-03
4.022472639183752828e-03,-7.345818681708280590e-03,3.323346042524499572e-03
1.432518576107970863e-02,1.396668898439843787e-03,-1.572185465951957822e-02
-6.097290827827795898e-03,4.906973907124576213e-03,1.190316920703221419e-03
1.452422735854572503e-02,9.316536586673440342e-05,-1.461739272441247954e-02
-2.852724938491818171e-03,-1.837686344717708378e-02,2.122958838566892797e-02
1.159747034551495727e-02,-2.938085093099513517e-02,1.778338058548023862e-02
3.587109811734717768e-02,-1.376164633697965316e-02,-2.210945178036748462e-02
2.809111547693569216e-02,-3.406967566084914949e-03,-2.468414791085075943e-02
1.616873727241471825e-02,-1.202519950769788230e-02,-4.143537764716790847e-03
-1.256552293797021103e-02,-1.272017396207372579e-02,2.528569690004390733e-02
3.330270558359418355e-03,-1.530757130185564363e-02,1.197730074349629206e-02
1.346661020098221910e-02,-3.122895111520094039e-03,-1.034371508946212506e-02
1.808461361515482577e-02,-1.159854889590448447e-02,-6.486064719250364714e-03
1.049017894780856185e-02,-1.530944403060146772e-02,4.819265082792915413e-03
-4.007567018384644575e-03,-9.815015192283274223e-03,1.382258221066793615e-02
-1.443296972702861128e-02,-1.067114310091792258e-02,2.510411282794657722e-02
5.821971022376346006e-03,-1.425315606637405329e-02,8.431185043997703812e-03
-6.222843964646590509e-03,-2.118155638531009702e-02,2.740440034995657997e-02
1.325299645390207344e-02,-1.118030983462087874e-02,-2.072686619281152633e-03
3.994484223684619840e-03,-8.829370382866965142e-03,4.834886159182340097e-03
4.752738962782459935e-03,-1.694476351016906829e-02,1.219202454738658147e-02
6.030382545792223629e-04,-5.914361043866922171e-03,5.311322789287668475e-03
1.049201390145389039e-02,1.177440531565583084e-03,-1.166945443301948410e-02
-6.062120154459886556e-03,7.956994863242295574e-03,-1.894874708782401862e-03
-2.336136039422600369e-02,2.071548961938275701e-02,2.645870774843278334e-03
-8.834680186216537986e-03,1.028286931148346059e-02,-1.448189125266901136e-03
-7.080949424795241962e-03,5.373453968360884792e-03,1.707495456434354568e-03
-1.396293162169332316e-02,2.499313592417020877e-02,-1.103020430247684223e-02
-1.169128016465728701e-03,9.106999828633553437e-03,-7.937871812167807822e-03
3.518883974521832408e-02,-2.386312651241334973e-02,-1.132571323280501599e-02
-1.648599422875288503e-02,7.876217150644833007e-03,8.609777078108046822e-03
-1.592383207592186012e-03,-2.494573695206091842e-03,4.086956902798279806e-03
1.186011341584654322e-02,-3.306980501870348393e-02,2.120969160285687133e-02
8.948748291262910784e-03,-2.746433842338273298e-02,1.851559013211979618e-02
2.296992166422106088e-02,-4.007802453037805773e-02,1.710810286615695869e-02
2.368895576343426485e-02,-5.198187166517981295e-02,2.829291590174553075e-02
1.333084441619373540e-02,-2.961283511494337134e-02,1.628199069874968971e-02
2.639242814374819293e-02,-2.468749373841420958e-02,-1.704934405333843927e-03
2.047889020026993565e-02,-3.410802315507150025e-03,-1.706808788476274832e-02
-1.390343988695576412e-02,2.144885558248512542e-02,-7.545415695529329204e-03
-1.435480398965092476e-02,2.127494633001838359e-02,-6.920142340367511739e-03
-1.712809425251675746e-02,7.795354459665298011e-03,9.332739792851440369e-03
-4.935336218819985805e-03,-2.145304257942365692e-02,2.638837879824358287e-02
-9.998920384946244702e-03,-1.425505004978490711e-02,2.425397043473121253e-02
-2.546781291238422833e-03,-2.838020204932913647e-03,5.384801496171346021e-03
1.700924561741247454e-02,-4.841469706909436632e-04,-1.652509864672154286e-02
3.112106251613720384e-02,-2.265730415385743338e-02,-8.463758362279765260e-03
8.095814149301158030e-03,-2.242086409562911442e-02,1.432504994632795639e-02
3.283189912146634859e-02,-2.779734915726388839e-02,-5.034549964202409897e-03
3.604636371440286813e-02,-1.704825540769076136e-02,-1.899810830671207554e-02
3.204443826931989425e-02,3.590562838331085808e-03,-3.563500110765106810e-02
8.622275299421375272e-03,2.397952441886057329e-03,-1.102022774130746556e-02
-2.963186140353514519e-02,4.034916636842435927e-02,-1.071730496488915510e-02
-4.987224698143909174e-02,4.650747693650476161e-02,3.364770044934352680e-03
-1.652665513841729272e-02,-1.574068001652647805e-02,3.226733515494374649e-02
-3.280385121575424561e-04,-1.159234969818394648e-02,1.192038821034153637e-02
4.946436754750053707e-04,8.909750399066460893e-05,-5.837411794656752109e-04
-6.497885959647409400e-03,7.172646343202346286e-03,-6.747603835549441506e-04
6.327737344259937342e-03,-5.282338630282239732e-03,-1.045398713977722981e-03
-7.424717662374569205e-03,8.935287311757031739e-03,-1.510569649382439549e-03
-9.170492678206888792e-03,1.029258207607343552e-02,-1.122089397866523740e-03
-8.071446674948710986e-03,1.285895070456028258e-02,-4.787504029611568991e-03
-1.308290122194469968e-03,-1.013524627705895444e-02,1.144353639925343828e-02
-9.355454163548734478e-03,2.194486071119342453e-03,7.160968092429367306e-03
6.368118146268171922e-03,-1.287103947869398281e-02,6.502921332425776191e-03
9.980410746151037113e-03,9.982059438891294559e-03,-1.996247018504229351e-02
8.906813452778637469e-04,-2.771053083714947185e-03,1.880371738437076716e-03
1.379708622042058117e-02,-4.733116147673367344e-03,-9.063970072747234638e-03
-6.411480399248704193e-03,-1.613519946870808561e-02,2.254667986795677592e-02
1.296232589060435092e-02,-2.553655763200851983e-02,1.257423174140412381e-02
3.315433440104537111e-02,-1.263926103499472646e-02,-2.051507336605073312e-02
1.266770295818284153e-02,-7.304815468587755496e-03,-5.362887489595099914e-03
1.142149560625017879e-02,-1.616190100938060328e-02,4.740405403130389800e-03
2.839685427519080246e-03,-2.670655184435022020e-02,2.386686641683113605e-02
2.148964265968149583e-03,-1.282264590299938417e-02,1.067368163703126364e-02
1.618276741156999057e-02,-1.607095810679071840e-02,-1.118093047792404463e-04
8.152605524664449307e-03,4.255753951995790499e-03,-1.240835947666021552e-02
-1.214366481108050157e-02,1.393568829380337215e-02,-1.792023482722817241e-03
-1.202257614589808017e-02,-1.028894672316739423e-03,1.305147081821480398e-02
9.894284615846606068e-03,-3.014747544518683181e-02,2.025319082934028819e-02
-8.072336585498189263e-03,2.403997423124765425e-03,5.668339162373425139e-03
-1.448882300325899210e-03,-1.211558250117182600e-02,1.356446480149772066e-02
-1.120104574346724498e-03,-6.240151677064198314e-03,7.360256251410911103e-03
2.627740340361576013e-02,-2.958222795754585077e-02,3.304824553930191255e-03
2.048057359343975065e-02,-6.622676924042227367e-03,-1.385789666939758226e-02
3.556629809954658418e-03,1.685443438468755065e-02,-2.041106419464221514e-02
1.737874936821251839e-02,6.935169156067783405e-03,-2.431391852428038333e-02
2.624006077203802287e-03,-1.501776346052018226e-03,-1.122229731151781025e-03
-9.349430037441080338e-03,1.864836892720526246e-02,-9.298938889764157834e-03
-2.723525994298953840e-02,2.561420710666999570e-02,1.621052836319530552e-03
-1.543476812003645622e-02,1.317063531533738292e-02,2.264132804699108426e-03
5.237726347764246060e-03,5.640916169595195685e-03,-1.087864251735943567e-02
-1.025974124888220408e-02,9.002583132398291749e-03,1.257158116483900624e-03
2.618416400406656935e-02,-2.805503544377175446e-02,1.870871439705184235e-03
-1.518761327559161461e-02,1.166442377452247062e-02,3.523189501069137926e-03
-4.028009391359736215e-03,2.325443252745376665e-03,1.702566138614364536e-03
-4.286140903455209865e-03,-8.221918974828648294e-03,1.250805987828386596e-02
-2.977066916338091604e-02,-2.583780686465646410e-03,3.235444984984647138e-02
3.195248841088415420e-03,-2.490433775511822698e-02,2.170908891402979421e-02
-1.893762189852431915e-02,-1.727234579399506906e-02,3.620996769251947495e-02
3.086514289324519041e-03,-2.158304707484160964e-02,1.849653278551716823e-02
1.899173950034411043e-02,-1.848683854117164418e-02,-5.049009591723656321e-04
1.083480449257655936e-02,5.995902122916426172e-03,-1.683070661549299074e-02
-1.740228533205423478e-02,2.511257406573343121e-02,-7.710288733679142650e-03
-1.081075607494441475e-02,8.849564229357426148e-03,1.961191845587035871e-03
-3.637384870386564488e-03,1.113465327212536347e-02,-7.497268401738817201e-03
1.272410171084522625e-02,-3.048648810621365501e-02,1.776238639536834030e-02
1.574278538918088069e-02,-3.045262370974114591e-02,1.470983832056025134e-02
-3.763197324581279632e-03,-4.087880287563063104e-03,7.851077612144310644e-03
9.416257709987324934e-03,3.613203873497408680e-03,-1.302946158348476310e-02
3.897758217223420973e-02,-2.871974413510648347e-02,-1.025783803712779219e-02
3.480074814641835601e-02,-3.387878856799911298e-02,-9.219595784192863991e-04
-5.663416410966613281e-03,-1.046142019784965412e-02,1.612483660881628908e-02
7.680536213819105611e-03,-3.285431357843578669e-03,-4.395104855975501788e-03
2.449139242515765286e-02,-2.836515669366575579e-03,-2.165487675579113799e-02
1.663090167561451921e-02,-2.599356953795373560e-03,-1.403154472181911833e-02
-1.937725888840723110e-02,2.300564762005933087e-02,-3.628388731652101937e-03
-1.040450390754425747e-02,1.433041225223770365e-02,-3.925908344693478276e-03
-2.654913574718038502e-02,1.243684599994606885e-02,1.411228974723432138e-02
-1.358391678906648373e-02,4.514667335675176009e-03,9.069249453391338076e-03
-1.904848297281499028e-02,9.996656236040062093e-03,9.051826736774909107e-03
1.079122411421107970e-03,4.372777312338200009e-03,-5.451899723759319472e-03
-1.007497594672246942e-02,6.507310892383792603e-04,9.424244857484134069e-03
-1.603749784974695808e-02,9.540963294671458636e-03,6.496534555075541943e-03
-1.800452462695586661e-02,1.217597183545130954e-02,5.828552791504598707e-03
-4.721738852203435921e-03,1.269774928032900776e-02,-7.976010428125618681e-03
-3.712970223430961565e-03,-4.961613265422900806e-03,8.674583488853871913e-03
-1.143025876824401051e-02,3.771118822436381104e-03,7.659139945807625499e-03
1.139013410498620864e-02,-7.872233217600473412e-03,-3.517900887385714843e-03
1.020868594743331269e-02,1.044681612841492913e-02,-2.065550207584826437e-02
-5.623774753306796069e-03,-1.082337049517671920e-03,6.706111802824453461e-03
1.047204181727748491e-02,-7.956944889584079443e-04,-9.676347328319057778e-03
-1.140601189735561578e-02,-4.741439113620610386e-03,1.614745101097627214e-02
1.016898871445352619e-02,-9.022603499319423181e-03,-1.146385215134110161e-03
3.216372250286582413e-02,8.524772224028572291e-04,-3.301619972526868840e-02
1.279925727750974400e-02,-8.689969522265635765e-03,-4.109287755244063998e-03
7.925106541162156223e-03,-5.025993713192904340e-03,-2.899112827969265761e-03
-5.078533844139195919e-04,-1.256727060770977504e-02,1.307512399212373486e-02
6.328068732716597526e-03,-8.872005116584728499e-03,2.543936383868120998e-03
-1.637656888176759057e-03,1.266467340426568819e-02,-1.102701651608898464e-02
3.170668110783330610e-03,2.392965670072401581e-03,-5.563633780855736094e-03
-1.081422223071544508e-02,1.136964644977436420e-02,-5.554242190589039375e-04
1.003800946908499359e-02,-1.638373747327323202e-02,6.345728004188224552e-03
4.258311203997268597e-03,-4.248264684169146543e-03,-1.004651982811660065e-05
2.989606181071016808e-03,6.227779078380598146e-03,-9.217385259451604113e-03
5.751510185497725296e-03,-2.683367279595246999e-03,-3.068142905902475695e-03
4.549190265175221022e-03,-1.172871639003795000e-02,7.179526124862723770e-03
3.018792113321557696e-02,-2.098036625645925690e-02,-9.207554876756268020e-03
3.570052920597895779e-02,-1.884609313590925733e-02,-1.685443607006968311e-02
2.893568693398500952e-02,-5.904402988857088662e-03,-2.303128394512791305e-02
1.642325891503124483e-02,5.604589048948058318e-06,-1.642886350408014062e-02
1.799175728520009329e-02,-9.171753424803004776e-03,-8.820003860397114537e-03
-6.395362271408187513e-04,1.975970912453323125e-02,-1.912017289739238388e-02
-3.565199831844940385e-03,2.362275947518291744e-02,-2.005755964333797575e-02
-3.126693857513084679e-02,2.983781286475119948e-02,1.429125710379579219e-03
5.651466473746309498e-03,-8.051986042681088390e-03,2.400519568934760244e-03
3.530694257589183944e-03,-1.240357857192419134e-03,-2.290336400396770881e-03
-3.627292017388651559e-03,8.624707530728742758e-03,-4.997415513340092499e-03
-1.832553802774236629e-02,2.745099996640035928e-02,-9.125461938658039826e-03
-3.746614623466099168e-03,1.814460112439458730e-03,1.932154511026641739e-03
8.848051124921360588e-03,-1.927205030170848002e-02,1.042399917678718015e-02
4.760201313490097959e-03,-2.373764714840593051e-02,1.897744583491590628e-02
-1.613546343690675997e-02,8.650578993198331651e-03,7.484884443708434386e-03
-1.529292166601388218e-02,7.618638393954210025e-03,7.674283272059668690e-03
-1.827471072252910209e-02,1.428943005519722233e-02,3.985280667331921392e-03
-4.522040001108940804e-03,4.467350169758997798e-03,5.468983134993701616e-05
1.132142429912414913e-02,1.158238128532531296e-02,-2.290380558444945688e-02
-3.341878101011216268e-02,4.561087301870636601e-02,-1.219209200859422935e-02
-9.577147897883091926e-03,9.529106201931012571e-03,4.804169595202912950e-05
1.525229674236702922e-02,-6.099316107865920648e-04,-1.464236513158042284e-02
-2.644825924521441995e-03,-1.263903378944683346e-02,1.528385971396825291e-02
8.472218524900017658e-03,-1.569275683663755999e-02,7.220538311737555344e-03
1.190297811722310778e-02,-1.111467390130240623e-02,-7.883042159206508047e-04
1.846340512396009437e-02,-8.374170773570282708e-03,-1.008923435038976309e-02
2.310838340960691059e-02,-3.853845705971030607e-03,-1.925453770363590514e-02
3.319552954118509119e-02,-3.140725224108520397e-02,-1.788277300099894379e-03
-2.624268615961812719e-03,-1.163994051590006538e-02,1.426420913186189458e-02
8.576244294258929951e-03,-1.124146123547920938e-03,-7.452098170710977354e-03
1.865332409107305078e-02,4.081543433254483481e-03,-2.273486752432751085e-02
1.606315353831587467e-02,3.211633014415083472e-03,-1.927478655273095684e-02
-2.040967818578936274e-03,7.303854787939858574e-03,-5.262886969360890642e-03
1.500531636874048724e-02,-1.138838960515893908e-02,-3.616926763581537318e-03
1.667457029494612622e-02,-5.939472734508109177e-03,-1.073509756043804393e-02
-2.226683453683353867e-02,2.789119325948818950e-02,-5.624358722654635226e-03
2.077430521008055697e-02,-8.088362312657507505e-03,-1.268594289742305120e-02
5.968639974598064987e-03,-3.608408888086697512e-03,-2.360231086511360103e-03
-3.193590783604764900e-03,-5.422137092269841557e-04,3.735804492831739949e-03
-2.505281654873767194e-02,1.966853405395899840e-02,5.384282494778628442e-03
-1.910240307102719151e-02,1.475295513524230683e-02,4.349447935784845655e-03
9.659202970823257267e-03,3.979386226277434845e-03,-1.363858919710068777e-02
-4.675241898357870851e-03,-1.600940711424423844e-03,6.276182609782299249e-03
-1.303629361966347766e-02,8.645541350756437426e-03,4.390752268907034163e-03
2.907925976045878675e-03,5.904186837701411346e-03,-8.812112813747290455e-03
2.187138429766772793e-02,-1.683970876249839309e-03,-2.018741342141781511e-02
-6.724590098248948815e-03,-1.690405340648094227e-03,8.414995438897048680e-03
3.447457313642954182e-03,-4.854755303621590204e-03,1.407297989978651201e-03
-1.033277678982840765e-02,-4.691426186283781537e-04,1.080191940845677025e-02
-1.392612860685251037e-03,7.058290527088665299e-03,-5.665677666403411659e-03
2.761473206544794862e-02,5.221319618092246963e-03,-3.283605168354013226e-02
1.093698721173436660e-02,-1.172345621414314781e-02,7.864690024088269709e-04
-6.124398099798433054e-03,2.490272231044257916e-03,3.634125868754185980e-03
4.315994576127995543e-04,-2.416085915053046290e-02,2.372925969291770146e-02
-1.418126166285695522e-03,-1.468926668659334238e-02,1.610739285287901904e-02
-5.765372555344206763e-03,5.115921768079805323e-03,6.494507872644288702e-04
-1.094765595363335862e-02,1.114595578802803771e-02,-1.982998343946813932e-04
-1.961046700598919126e-02,3.767436370211581318e-03,1.584303063577760518e-02
6.014007698185061014e-03,-8.869997454433538667e-03,2.855989756248480688e-03
-1.558233894896007138e-02,1.456986641127092433e-02,1.012472537689158326e-03
-2.111621580045626445e-02,1.228308358571746084e-02,8.833132214738767182e-03
1.120456425672246292e-03,-1.264651701817126606e-02,1.152606059249901976e-02
2.033290465783595818e-02,-2.699377756285429447e-02,6.660872905018309399e-03
2.689581181856177949e-02,-2.428939977723240662e-02,-2.606412041329385886e-03
2.856535102149893035e-02,-2.269921142288195900e-02,-5.866139598616945325e-03
3.102291736335134956e-02,-2.395595787118491235e-02,-7.066959492166451084e-03
1.682553528874834161e-03,-1.685640028094227000e-03,3.086499219398898979e-06
-3.148478562340709715e-03,7.992218047515476514e-03,-4.843739485174776774e-03
4.143337132401241421e-03,1.009262192032773500e-03,-5.152599324434004729e-03
-1.490507819098594797e-02,3.054529851397906615e-02,-1.564022032299313553e-02
-3.893663179405498082e-02,2.718690921794278403e-02,1.174972257611217423e-02
-8.697168099165823035e-03,7.501174535757974653e-03,1.195993563407868332e-03
-1.066481255250226537e-02,1.956687053061999249e-02,-8.902057978117718443e-03
-2.179038028071675088e-03,1.929683368419720518e-02,-1.711779565612557216e-02
-8.869355310812459744e-03,1.696893829465482770e-02,-8.099582983842366218e-03
1.372766661876254762e-02,-8.057785513859093765e-03,-5.669881104903452991e-03
1.979506034377991053e-02,-1.749787810583238942e-02,-2.297182237947423527e-03
8.500956570866717230e-03,-2.030145810009180429e-02,1.180050152922508533e-02
-1.623525472487021004e-02,-3.211871470219164210e-03,1.944712619508938423e-02
1.066445543140338847e-02,-2.413352752646762828e-02,1.346907209506411490e-02
2.025840563153996632e-02,-2.715442156324008802e-02,6.896015931700171138e-03
1.462714773371827370e-02,-3.388612561964472053e-02,1.925897788592647458e-02
1.656029595393715761e-02,-1.023328370697575151e-02,-6.327012246961433856e-03
-1.779735370954356119e-02,3.559592137738474410e-02,-1.779856766784101638e-02
-1.493928858173437443e-02,2.668187654801450898e-02,-1.174258796628008944e-02
-2.364673374928903671e-02,4.540281467276612720e-02,-2.175608092347709743e-02
-1.953581238556121105e-02,1.309199515933811252e-02,6.443817226223130627e-03
9.650809732987940953e-03,-1.150429207409207726e-02,1.853482341104135001e-03
3.165868533137561509e-03,-7.161703584957664938e-03,3.995835051820130317e-03
1.013442164636182800e-02,2.745576798421391507e-03,-1.287999844478324857e-02
1.379206072237857024e-02,-1.077080529960357073e-02,-3.021255422774992132e-03
2.407862076851549973e-02,-2.873840979970698761e-02,4.659789031191451450e-03
5.702646981853280554e-03,-1.911034444608200253e-02,1.340769746422874713e-02
-1.756774809123894457e-02,7.913886529241961204e-03,9.653861561997000712e-03
-1.399027982404127922e-02,2.016488584857060659e-02,-6.174606024529306555e-03
6.055491879917314878e-03,-1.091575750937007032e-03,-4.963916128980284427e-03
-4.332431613406506773e-04,2.534238143659383723e-03,-2.100994982318729956e-03
1.578241485722490720e-02,1.010020304727047560e-03,-1.679243516195200875e-02
1.899634903325132448e-02,-2.566007093278977347e-03,-1.643034193997238226e-02
-5.898008507164095165e-03,1.857640718601635127e-02,-1.267839867885233070e-02
-2.700426443033157597e-03,1.891645593659637553e-02,-1.621602949356325610e-02
-7.691420266288471336e-03,5.736326300427887354e-03,1.955093965860600462e-03
-2.995859217293556781e-02,3.110235199353415109e-02,-1.143759820598645944e-03
-2.515021990604604865e-02,1.604168889488346780e-02,9.108531011162572175e-03
-8.879299505133379788e-03,4.903286644654557790e-03,3.976012860478854959e-03
3.479694312780758081e-03,8.894772187154443427e-03,-1.237446649993516855e-02
-6.949644038364208125e-03,3.279340929062647073e-03,3.670303109301563220e-03
-9.357664369667496179e-03,6.369523700423321971e-03,2.988140669244169437e-03
7.555986968832166181e-03,1.777125777143971196e-03,-9.333112745976144750e-03
2.168529356954849649e-02,-7.192517864946811924e-03,-1.449277570460163166e-02
-5.211630726813850506e-03,-8.289896735118295820e-03,1.350152746193216020e-02
2.316003372630467353e-03,-7.958003760468299395e-03,5.642000387837868905e-03
-1.062031736571615766e-02,6.574233690373252129e-03,4.046083675342925477e-03
5.295827783855841693e-03,6.720442595123365601e-03,-1.201627037897921857e-02
1.800260459404216806e-02,-4.266419672298756190e-03,-1.373618492174333468e-02
1.080884391776390160e-02,-6.946538178352563986e-03,-3.862305739411351063e-03
-3.219242207083931884e-02,2.027223210464491887e-02,1.192018996619437395e-02
-5.939495132833409567e-03,-2.293373019040548244e-02,2.887322532323894492e-02
2.651921110257543773e-03,-1.671264455261669071e-02,1.406072344235917947e-02
5.757513426776615260e-04,4.486051262073796489e-04,-1.024356468885039223e-03
-8.139458536564152941e-03,5.034453065104608702e-03,3.105005471459544239e-03
4.072628892370426697e-03,-9.132466568278383226e-03,5.059837675907961733e-03
-1.068591081877225991e-02,5.265013190780893282e-04,1.015940949969417612e-02
-2.389330972591952040e-02,1.091901496120167847e-02,1.297429476471779856e-02
-2.854766309436262972e-02,1.228503196718051110e-02,1.626263112718204923e-02
-1.523604066849253147e-03,-8.429525146749734105e-03,9.953129213598982047e-03
2.845318073020887753e-02,-2.723059747131040959e-02,-1.222583258898497435e-03
1.802959720579604130e-02,-2.095089853484789072e-02,2.921301329051861993e-03
3.415877755574723423e-02,-2.742690117059092686e-02,-6.731876385156385437e-03
3.784516501064351390e-02,-3.305267883476798590e-02,-4.792486175875484630e-03
1.111278800194452979e-02,-2.280496436133132993e-02,1.169217635938677238e-02
1.255748009965313577e-02,-2.378193081447871685e-02,1.122445071482558454e-02
4.181249537500638346e-03,-1.330167932545506249e-02,9.120429787954405926e-03
-1.729485369066566247e-02,9.992314098648471740e-03,7.302539592017201139e-03
-3.583701549307182627e-02,3.796884556573297542e-02,-2.131830072661045506e-03
-8.225341910240031515e-03,1.308972531029211836e-02,-4.864383400052123274e-03
-1.882607042951122550e-02,3.444074227571723712e-02,-1.561467184620590580e-02
-4.478525043281031447e-04,2.958702230694364860e-02,-2.913916980261552561e-02
8.801127976694063902e-04,8.248826298300721699e-03,-9.128939095970156278e-03
1.979888974225116685e-02,-9.105303268494673030e-03,-1.069358647375651811e-02
3.008788681462616979e-02,-1.457451032956125735e-02,-1.551337648506486908e-02
2.548489044614176639e-03,-7.736820438547632392e-03,5.188331393933445779e-03
-6.639194739949506353e-03,-7.851766809075923920e-03,1.449096154902540338e-02
2.190925651656541046e-02,-2.689494051818587181e-02,4.985684001620414516e-03
3.487389023771018254e-02,-3.481255061271339157e-02,-6.133962499673182136e-05
3.832658091834310887e-02,-5.068508478217088886e-02,1.235850386382783030e-02
3.149357703026785943e-02,-4.804355474658546232e-02,1.654997771631753350e-02
-9.078914359766692560e-03,1.468135679774725845e-02,-5.602442437980554614e-03
-3.762214062807332522e-03,2.867632618974817749e-03,8.945814438325261570e-04
-5.209835566656503304e-03,2.454703828934537771e-02,-1.933720272268884405e-02
-2.668970716181196315e-02,2.504125085899475828e-02,1.648456302817139386e-03
-1.288757288526344580e-02,2.210986565114661951e-03,1.067658632014882591e-02
-1.755210954157234576e-02,6.016261676875288636e-03,1.153584786469704498e-02
7.041280348912917243e-03,-2.760104317105068535e-03,-4.281176031807842203e-03
-6.980677506355617611e-04,-2.266182094133639951e-03,2.964249844769194665e-03
1.146815185820080144e-02,-1.825906672026280861e-02,6.790914862061988092e-03
1.526991207915933367e-02,-1.663417871872161988e-02,1.364266639562289243e-03
-1.939259718128923116e-02,-1.028213499592021615e-02,2.967473217720937792e-02
-3.978261887284546827e-02,2.429276879506232084e-02,1.548985007778308325e-02
-9.992848449159503349e-03,-2.402663588801195495e-03,1.239551203796068930e-02
-5.101294486357078883e-03,-1.051104945825842400e-02,1.561234394461549768e-02
1.751643792033355865e-02,-1.149000840004226615e-02,-6.026429520291230919e-03
2.169332244282988487e-02,-7.477413685431416948e-03,-1.421590875739845057e-02
2.086961613609484081e-02,-2.637457063664326151e-03,-1.823215907243052811e-02
2.924917695346107484e-03,1.290372378299053761e-02,-1.582864147833664206e-02
-9.638810495870864812e-04,8.396374699817835477e-03,-7.432493650230753007e-03
-2.748173460738650986e-02,2.886059175237445235e-02,-1.378857144987991707e-03
-1.607736581409486762e-02,1.202033641994972946e-03,1.487533217209987060e-02
-1.028107970846634661e-02,1.505008927594770306e-02,-4.769009567481327823e-03
7.525447906309397535e-03,1.386103694119098428e-03,-8.911551600428486639e-03
-2.401147295465288264e-03,-2.949766174261233415e-03,5.350913469726522112e-03
-2.163593113430080112e-03,6.906110696335210006e-03,-4.742517582905148542e-03
4.474970760992675982e-03,-4.925167678758159313e-03,4.501969177654827352e-04
1.671442261638283674e-02,-8.201793583243355279e-03,-8.512629033139443302e-03
-4.811948582749827480e-03,-8.652005709575263936e-03,1.346395429232503591e-02
-6.953254052114497472e-03,-7.011606743950912247e-03,1.396486079606539324e-02
-1.823490513576261907e-02,1.609303944216255305e-02,2.141865693600052568e-03
-2.436037251933924081e-03,1.210818831671175641e-02,-9.672151064777799803e-03
1.563446233921438402e-02,-6.399637444229934642e-03,-9.234824894984432903e-03
4.947188093554145266e-03,2.412191515396349024e-03,-7.359379608950486484e-03
-3.849364434106901378e-02,1.960577895222988601e-02,1.888786538883910696e-02
8.923728020706152633e-03,-3.485507519275153621e-02,2.593134717204528816e-02
-1.321280763774155447e-03,-5.632544596231434629e-03,6.953825360005590726e-03
1.792806422467267680e-02,-1.463243717985532322e-02,-3.295627044817337533e-03
2.883190124722393236e-02,-1.636206659924108534e-02,-1.246983464798282273e-02
-2.174987840052668847e-02,1.480433715254721692e-02,6.945541247979481955e-03
-2.227946107226830980e-02,1.809409436300027027e-02,4.185366709268035189e-03
-2.784336564274647943e-02,2.085896311691543686e-02,6.984402525830984455e-03
-4.100403947267831743e-03,-5.503286988107002065e-03,9.603690935374846818e-03
5.137187628883835289e-03,-6.345701894199173507e-03,1.208514265315353180e-03
2.627313996420638578e-02,-2.191407514974988424e-02,-4.359064814456502408e-03
3.248031180410908270e-02,-2.832619473503992374e-02,-4.154117069069263903e-03
3.616067561409092718e-02,-2.839794474441241154e-02,-7.762730869678429770e-03
8.742490961487511467e-03,-2.203359214287184745e-02,1.329110118138436894e-02
5.869823913998323782e-03,-1.541039736881207739e-02,9.540573454813768353e-03
6.307676768282702122e-03,-3.780019833248253729e-03,-2.527656935034447092e-03
1.508324340169993642e-03,9.674874822780057818e-04,-2.475811822447993461e-03
-1.946671648934964263e-02,1.966452391343314135e-02,-1.978074240835788942e-04
-1.408384210101730656e-02,1.883832715183504647e-02,-4.754485050817780674e-03
9.866715355851755909e-03,3.900059167099707760e-03,-1.376677452295144155e-02
5.451710758660165308e-03,1.672029508288693997e-02,-2.217200584154709400e-02
2.946424220594670573e-03,1.571839358640090764e-02,-1.866481780699559209e-02
9.306857794416709476e-03,8.350057617966484547e-03,-1.765691541238323045e-02
2.520352548204228202e-02,-1.201104274655781338e-02,-1.319248273548439231e-02
1.434559872107002941e-02,9.681908361630478521e-03,-2.402750708270048191e-02
1.764222540164879505e-02,-1.383321845678127902e-02,-3.809006944867506916e-03
1.536712227410911777e-02,-1.109516770992647478e-02,-4.271954564182615238e-03
2.864628559730875157e-02,-2.076858021359336351e-02,-7.877705383715280507e-03
5.672004961057787453e-02,-4.564792704745580104e-02,-1.107212256312215155e-02
5.569597680992802863e-02,-5.688447642368264778e-02,1.188499613754720853e-03
3.229152426606266696e-02,-2.566159609318673096e-02,-6.629928172875968091e-03
1.989569609568911900e-03,8.368683615087579852e-03,-1.035825322465650303e-02
1.616982447479708637e-02,-1.780413056282689407e-02,1.634306088029853889e-03
1.710797884418781972e-02,6.444923481218113072e-03,-2.355290232540595621e-02
1.690836824053262161e-02,-1.851577472255791501e-02,1.607406482025259360e-03
8.959924981295708940e-03,-1.864571528049658797e-02,9.685790299200922396e-03
-2.379123432706849520e-02,1.097281872822421060e-02,1.281841559884433317e-02
-1.634320730990370188e-02,1.806247430943751925e-02,-1.719266999533825609e-03
-2.676851063855764656e-02,1.738197746367797433e-02,9.386533174879667027e-03
-2.411585959738474227e-02,1.348004228264168937e-03,2.276785536912065075e-02
-7.417435773043309054e-03,-9.810994243673092086e-03,1.722843001671639507e-02
-1.147257711822626848e-02,-1.853953769350248290e-02,3.001211481172870801e-02
6.620011499543929090e-03,-3.049104878914351419e-02,2.387103728959965102e-02
-1.133694010016076921e-03,-1.103897429894536326e-02,1.217266830896144084e-02
-2.156995916167315716e-02,9.458081316974984581e-03,1.211187784469814829e-02
-1.808907839074477830e-02,9.097567633472030887e-03,8.991510757272747414e-03
1.481922068122252384e-02,-9.096435660496419648e-03,-5.722785020726122406e-03
2.108272565183227226e-02,-1.657899381305311115e-02,-4.503731838779194939e-03
2.930898290116978541e-02,-8.791288528722844553e-03,-2.051769437244696515e-02
-1.948488903982431228e-02,1.571838946784404056e-02,3.766499571980293400e-03
-2.737333745339650543e-02,2.383764001104551541e-02,3.535697442351034680e-03
-7.357185668195913774e-04,-8.088206311614352939e-03,8.823924878433973482e-03
-1.310026901608130588e-02,1.352786557623632258e-02,-4.275965601550213023e-04
6.108982215329341811e-03,1.472161324751721477e-02,-2.083059546284659128e-02
6.663655600241250032e-03,-2.416387781934788604e-04,-6.422016822047768407e-03
-3.997125569442528531e-03,3.629727296816080088e-03,3.673982726264464374e-04
4.149870738549816737e-03,-5.937594633967206020e-03,1.787723895417388633e-03
1.479556459430227816e-02,-3.712938504125348500e-03,-1.108262609017695091e-02
-7.701428602606595446e-03,-8.790903529421932594e-03,1.649233213202853585e-02
-1.841182583881501716e-02,-4.129251526198032644e-03,2.254107736501306802e-02
-2.598962830195640158e-02,1.823956523744742209e-02,7.750063064508910977e-03
-3.752070587006270126e-03,5.640586370006220492e-03,-1.888515782999947113e-03
-1.346306453226849410e-04,-6.767390879467496088e-03,6.902021524790171760e-03
-1.421420684518545988e-02,1.644239063535313239e-02,-2.228183790167654298e-03
-2.522234889672234776e-02,1.848501331431205708e-02,6.737335582410315833e-03
-1.067734160683705448e-02,-8.794333027084825366e-03,1.947167463392191974e-02
-1.557279447122875788e-03,-1.409825266498761741e-02,1.565553211211050122e-02
2.525207435575171910e-02,-1.913861927108246805e-02,-6.113455084669284015e-03
8.262668568514382195e-03,6.687433641973116599e-03,-1.495010221048750053e-02
-1.762316785945058570e-02,2.491265965125831136e-02,-7.289491791807727397e-03
-6.264420101645181566e-03,9.094852937275252694e-03,-2.830432835630022556e-03
-1.592534751796759185e-02,5.118652426136776484e-03,1.080669509183078240e-02
-8.497169854836649980e-03,3.176818744445656685e-03,5.320351110390988091e-03
2.493914082037067964e-02,-2.716553184337288512e-02,2.226391023002232804e-03
3.140631438180115087e-02,-2.076549818656195021e-02,-1.064081619523916770e-02
2.235111495433533477e-02,-2.499246771070396528e-02,2.641352756368669542e-03
2.758005349189841110e-02,-2.812372091938316471e-02,5.436674274848027214e-04
1.796902452478108675e-02,-1.799357451082446435e-02,2.454998604347893179e-05
2.213498027234872545e-02,-2.567021242511488208e-02,3.535232152766143617e-03
2.321231215465988790e-02,-1.671435331384532250e-02,-6.497958840814593157e-03
-1.168745663451470351e-02,1.088162607433205975e-02,8.058305601826116701e-04
-1.522635181722244331e-02,1.090097259665871211e-02,4.325379220563719922e-03
-5.842740613148649821e-03,6.807434149615623070e-03,-9.646935364669689122e-04
7.443357545498662138e-03,-1.808004115477342523e-03,-5.635353430021310291e-03
1.782834089959291213e-02,-6.251713264925398347e-03,-1.157662763466752419e-02
2.222937537498295354e-02,-5.823333337305714591e-03,-1.640604203767719385e-02
1.658759014531849567e-03,3.635663242558154901e-03,-5.294422257090009888e-03
3.712988254972721287e-03,-2.897865132119210874e-03,-8.151231228535171357e-04
2.418322581261238280e-02,-8.055734335292982773e-03,-1.612749147731939309e-02
8.950042116170640882e-03,4.221509231906361327e-03,-1.317155134807699787e-02
2.451590599507123477e-02,-1.241854196305466548e-02,-1.209736403201655541e-02
2.778971085137930952e-02,-2.056197814187149531e-02,-7.227732709507933041e-03
6.855541538953272007e-02,-5.561632461510800790e-02,-1.293909077442482146e-02
5.265793363204710614e-02,-4.647358354185678747e-02,-6.184350090190270099e-03
3.078810012091071774e-02,-1.186296571255222865e-02,-1.892513440835856889e-02
-1.829723537075420361e-02,1.883827905377738476e-02,-5.410436830231916657e-04
-5.532941000770944494e-03,1.014002575987842970e-02,-4.607084759107467863e-03
-1.811364699501302397e-02,3.205726964520552030e-02,-1.394362265019246337e-02
-2.054493225584441349e-02,1.528448195664415012e-02,5.260450299200305872e-03
-1.975983375685445159e-02,1.076615719962686901e-02,8.993676557227563498e-03
-2.581560361572417250e-02,2.426289758234190588e-02,1.552706033382244503e-03
-3.301127157829156916e-03,1.028212280833668349e-02,-6.980995650507497950e-03
-2.750918705311686252e-02,2.696955734839033558e-02,5.396297047266063011e-04
-1.303209953853355814e-02,2.532516565444535659e-03,1.049958297308901077e-02
1.185008400264211774e-02,1.552059048627070972e-05,-1.186560459312838677e-02
3.412304776575567425e-03,-4.833184016526052146e-03,1.420879239950479734e-03
-3.476037254729408277e-02,2.700578437397652826e-02,7.754588173317612625e-03
-6.280078193775232541e-03,6.701061086264684108e-03,-4.209828924894523259e-04
2.736027332582425392e-02,-2.760558021645261387e-02,2.453068906283806011e-04
-1.085248573397080973e-02,1.059120933072985916e-02,2.612764032409176638e-04
-1.366825836703273837e-02,2.056812828701460108e-02,-6.899869919981898268e-03
3.065247506412244888e-02,-6.877188030968171828e-03,-2.377528703315419725e-02
1.132074476654999079e-02,4.490709870121847684e-03,-1.581145463667182546e-02
-8.127063777539574735e-03,8.915781292467178307e-03,-7.887175149276267738e-04
-2.854066507286521712e-02,1.952845116279402701e-02,9.012213910071141532e-03
-2.683688999317754981e-02,8.968659365299905262e-03,1.786823062787768271e-02
-3.120572062267180837e-03,1.392900029736665081e-02,-1.080842823509948862e-02
7.219096709541090312e-03,1.659962026136753074e-02,-2.381871697090860024e-02
1.322328161585785769e-02,-2.326210954823861466e-03,-1.089707066103402441e-02
-2.191081731149719432e-03,-3.652992400972301674e-03,5.844074132122015902e-03
6.734146152779814506e-04,-1.080136006707479827e-03,4.067213914294923595e-04
1.043168751953683221e-02,7.201981328033828060e-03,-1.763366884757069583e-02
-1.195116691971820702e-02,-6.496413283487944418e-03,1.844758020320613756e-02
-1.453923516760237573e-02,-1.996339961137978680e-02,3.450263477898224407e-02
-2.778198925057237534e-02,1.443253518022771277e-02,1.334945407034477186e-02
-6.698154255937910188e-03,-5.448316523438899786e-03,1.214647077937681431e-02
-9.117790204829046702e-03,-6.001789399927112689e-03,1.511957960475616806e-02
-1.947048758851352770e-02,1.910435817422382818e-02,3.661294142897243025e-04
-2.507240597702419665e-02,1.390605396515071437e-02,1.116635201187343024e-02
-1.654231654477816491e-02,-1.030185834872223739e-02,2.684417489350042485e-02
5.656656532518984128e-03,-1.386855126548780168e-02,8.211894732968809743e-03
-6.380076472052008743e-03,1.701328321972727514e-02,-1.063320674767527681e-02
-1.140991554363566737e-02,2.051903257284324461e-02,-9.109117029207563360e-03
3.170388247250281125e-03,8.509013540976337678e-03,-1.167940178822663398e-02
2.998698273605981349e-03,-1.335345987881613079e-02,1.035476160521014988e-02
7.726145244510585625e-03,-1.004598072181572647e-02,2.319835477305170774e-03
5.464581997497064587e-03,-2.104557703841387906e-02,1.558099504091679799e-02
-3.445651710504051522e-03,-5.009052930795901241e-03,8.454704641299956233e-03
5.536622737190066527e-03,-1.184214457591641068e-02,6.305521838726361496e-03
2.183287178946084414e-02,-2.088300914707831926e-02,-9.498626423824737056e-04
2.500343104405021444e-02,-1.492126783386623495e-02,-1.008216321018402979e-02
3.684098816084329514e-02,-2.394204011608394578e-02,-1.289894804475937538e-02
2.769546408953466390e-02,-1.684345516592885422e-02,-1.085200892360589295e-02
1.262554448004177959e-02,-2.317956937643947217e-03,-1.030758754239778641e-02
-2.282780032921829204e-03,1.857999282635303768e-03,4.247807502865258151e-04
2.331989295099636157e-03,-1.021810004969245754e-02,7.886110754592829189e-03
-1.676695268393487565e-02,1.221968391993291138e-02,4.547268764001968604e-03
2.050835725653708114e-03,2.381816137930782389e-03,-4.432651863584495706e-03
1.668341310592397209e-02,-3.771700855336803347e-03,-1.291171225058714706e-02
-3.243062398951301363e-03,5.457601749253462517e-03,-2.214539350302152480e-03
-1.859220346991634701e-02,3.741214735371123021e-03,1.485098873454524307e-02
-5.509157002121020143e-03,-9.974829250960241464e-04,6.506639927217052095e-03
1.935278897781333995e-02,-1.678822740650245254e-02,-2.564561571310821925e-03
1.845605225274386460e-02,-2.280188009284997430e-02,4.345827840106072405e-03
8.935732130281365607e-03,-1.376706669245601061e-02,4.831334562174651077e-03
1.188690299990115794e-02,-9.691700761955907364e-03,-2.195202237945277895e-03
3.178040306400575082e-02,-2.543234605504000531e-02,-6.348057008965813167e-03
2.375082285482722766e-02,-2.116260860218700454e-02,-2.588214252640135948e-03
1.453733036356605855e-02,-4.533978681593998613e-04,-1.408393249540668135e-02
-2.002683751443273472e-02,1.818013877037389855e-02,1.846698744058757231e-03
-1.218733959300818091e-03,2.734722104879517158e-03,-1.515988145578697115e-03
1.069333567246694150e-02,-8.357615406113291096e-03,-2.335720266353653440e-03
6.564632963407190328e-04,5.670521243115491912e-04,-1.223515420652261394e-03
-2.307656583661810493e-02,1.665465088425385418e-02,6.421914952364216923e-03
-1.337514391855677831e-02,2.208398771878659558e-02,-8.708843800229749618e-03
3.944645631509086439e-03,6.401577029221556907e-03,-1.034622266073064421e-02
-3.706935002024176751e-02,3.300574358887847087e-02,4.063606431363280154e-03
-2.084201632673587934e-02,1.013581221818997923e-02,1.070620410854591746e-02
9.708903561941319930e-04,-8.163322520862196022e-03,7.192432164668094603e-03
-5.017810620575406319e-03,5.499197709431614088e-03,-4.813870888562173100e-04
-3.039262145217835540e-02,2.749678963103141180e-02,2.895831821146872473e-03
-9.444834643293696999e-03,2.036304295268636516e-02,-1.091820830939265602e-02
-3.194608077421375557e-03,1.752524527672645474e-03,1.442083549748727263e-03
1.802752927052825652e-02,-4.812298122693543269e-03,-1.321523114783475401e-02
-8.273817240866981892e-03,7.577334339635938103e-03,6.964829012310295867e-04
8.523659660475559063e-03,-9.255202816792466479e-04,-7.598139378796323583e-03
2.977085958675342384e-02,-1.822279290204261576e-02,-1.154806668471077338e-02
7.934936181123222396e-03,-6.799005447769190975e-03,-1.135930733354040528e-03
-1.576987020015160196e-02,9.034944355748635025e-03,6.734925844402974739e-03
-2.299219958757269672e-02,1.133233408130794595e-02,1.165986550626466577e-02
1.741215265798720657e-02,-1.092695274547492677e-02,-6.485199912512279799e-03
3.349864770667170845e-03,2.334791740418992040e-02,-2.669778217485706609e-02
9.017504455236352925e-03,-2.795004353522239065e-03,-6.222500101714124703e-03
5.762859400032781590e-03,-1.698516009245004676e-02,1.122230069241733109e-02
9.331165976506254969e-04,4.223448243277517361e-03,-5.156564840928122041e-03
1.778249447660918553e-02,4.871814792052564513e-03,-2.265430926866168065e-02
-1.885835529762803706e-02,4.680549414823012740e-03,1.417780588280504427e-02
-1.949744772644738250e-02,-1.810169775942562648e-02,3.759914548587305061e-02
-3.130961993990385300e-02,7.373784613117664692e-03,2.393583532678618744e-02
-1.053848498735183818e-02,-5.844050596718270221e-03,1.638253558407013963e-02
1.141822659275615326e-02,-1.159764048717185428e-02,1.794138944157367169e-04
-1.638655481820529627e-02,1.310699890686259014e-02,3.279555911342756005e-03
-3.012765280737449147e-02,1.507891852311601943e-02,1.504873428425842347e-02
-1.419321236814144981e-02,-2.850904902002908154e-03,1.704411727014448069e-02
-1.965057629236266912e-03,-2.787126355768535305e-03,4.752183985004797447e-03
-2.695151218271488788e-03,1.677423017814505188e-02,-1.407907895987354184e-02
-3.433513522525583799e-04,1.398475710126148921e-02,-1.364140574900891273e-02
9.023648830938172868e-03,5.138401201511427242e-03,-1.416205003244959924e-02
7.176809433415259551e-03,-2.340831980102764040e-02,1.623151036761237911e-02
1.476434975833745616e-03,-6.675329834624029422e-03,5.198894858790280987e-03
-1.231474137841578539e-02,2.337819682001325301e-03,9.976921696414398077e-03
7.367206335120765615e-03,-1.276517518816017681e-02,5.397968853039366958e-03
-3.015393113562160111e-04,-8.637553804740029026e-03,8.939093116096254524e-03
1.966750317886353447e-02,-6.229578027605544091e-03,-1.343792515125800599e-02
3.513112505691144694e-02,-9.025629242475442793e-03,-2.610549581443605272e-02
4.066348589784099521e-02,-2.310714436406791431e-02,-1.755634153377316070e-02
4.092219653624610404e-02,-2.346018814294658153e-02,-1.746200839329940108e-02
3.033062399572630796e-02,-1.926870688493829281e-02,-1.106191711078792321e-02
2.640259220337414642e-02,-2.422079654994742023e-02,-2.181795653426807716e-03
2.742100305312459782e-02,-2.143657478163261618e-02,-5.984428271492006797e-03
7.278845029008686011e-03,-4.293620276938444127e-03,-2.985224752070249257e-03
-5.147085534932129870e-03,1.560289357311277214e-03,3.586796177620873473e-03
6.819441389627960842e-03,-1.800241773588492564e-02,1.118297634625694745e-02
-2.491616776819710610e-02,-5.429469596497995230e-03,3.034563736469509179e-02
-1.724630303954278673e-02,-7.332048844212108937e-03,2.457835188375493210e-02
-6.164038029140390777e-03,-6.312789033053078577e-03,1.247682706219347022e-02
1.258144589944770395e-02,-7.338159792471129865e-03,-5.243286106976592295e-03
1.278601333454652128e-02,-4.723421795538606562e-03,-8.062591539007889566e-03
-3.409036854685377647e-04,4.633277723420794504e-03,-4.292374037952262703e-03
2.184481507835116937e-02,-1.748136404688266636e-04,-2.167000143788236355e-02
2.657965405473813880e-02,-1.011390023473939838e-02,-1.646575381999875604e-02
1.557674194143416138e-02,-1.190637076022322757e-02,-3.670371181210965034e-03
1.386476415218132995e-02,-7.456867248824469979e-04,-1.311907742729887666e-02
-2.331096608762335542e-02,2.010599695079499233e-02,3.204969136828327101e-03
-1.858012217453279546e-02,2.089389553723845425e-02,-2.313773362705596765e-03
-8.451222294641350802e-03,-3.841638293799862669e-04,8.835386124021330292e-03
-5.444404275354854279e-03,-6.532765017340617930e-04,6.097680777088914338e-03
-2.587582918646860741e-02,2.648421621316572605e-03,2.322740756515204869e-02
-7.484158322894403359e-03,-4.763731408711001022e-03,1.224788973160540438e-02
-1.721167143393285319e-03,-2.427938169802979548e-03,4.149105313196265084e-03
-2.275285776056993128e-02,1.241261692829989834e-02,1.034024083227003468e-02
-8.999018613873593572e-03,-6.483304321479619464e-03,1.548232293535322171e-02
8.554031686785975447e-03,-2.020061568139961197e-02,1.164658399461367642e-02
2.954739273837733802e-03,-1.037053232859948965e-02,7.415793054761777095e-03
-9.797779572460774480e-03,1.169994556530875272e-02,-1.902165992847945283e-03
-3.492469686295540145e-03,1.231735798152793805e-02,-8.824888295232405713e-03
9.630078068848968442e-03,-1.263522164839450332e-02,3.005143579545509289e-03
3.811758051480698684e-02,-3.342246696731237393e-02,-4.695113547494640660e-03
9.340303679012776014e-03,2.220913157723311548e-03,-1.156121683673609624e-02
2.686263858923394407e-02,-2.465929435648144680e-02,-2.203344232752512451e-03
2.398314583201392389e-02,-2.438504326977935024e-02,4.018974377654374163e-04
1.231001404218668924e-02,-9.572807282217436070e-03,-2.737206759969253601e-03
1.981365264238689645e-03,-1.021216783937519898e-02,8.230802575136515406e-03
-2.385325345485831989e-03,8.202173891901752426e-04,1.565107956295655554e-03
1.235395615321937222e-02,-1.877796609997224586e-02,6.424009946752851086e-03
-1.462942688479000001e-03,2.093123878724092307e-02,-1.946829609876189401e-02
-4.165876609344901574e-03,8.089315114517543585e-04,3.356945097893149384e-03
1.404091998259952845e-02,-1.707154230882763565e-02,3.030622326228116746e-03
1.078175960073078643e-02,-7.216761972842406815e-03,-3.564997627888354462e-03
1.145500407399035851e-02,1.143863301369694822e-02,-2.289363708768731714e-02
-1.494088131001271823e-02,-3.140001274686964917e-03,1.808088258469966667e-02
-1.767893017645662257e-02,-6.834461434175825509e-03,2.451339161063234226e-02
-3.145636994127689462e-02,1.191706383260467648e-02,1.953930610867227538e-02
-2.844633513490260786e-03,-6.908609981314775550e-03,9.753243494805028529e-03
6.945125051401194842e-03,-9.810090588506809733e-03,2.864965537105627034e-03
-2.149226813150444115e-02,2.236160843474005802e-02,-8.693403032355316497e-04
-2.131675822936710679e-02,8.754173877676617657e-03,1.256258435169047005e-02
-3.569659969103037428e-02,3.011210833519977620e-02,5.584491355830522620e-03
-8.978503227710206902e-04,-2.909016837476189471e-04,1.188752006518631072e-03
-1.713344361295487603e-02,3.153523307713170659e-02,-1.440178946417687740e-02
-1.530797049149658015e-02,2.587148915012845232e-02,-1.056351865863192595e-02
1.017236794388794163e-02,3.209695464346911655e-04,-1.049333749032265242e-02
1.596788408053276265e-02,-2.382245486666971848e-02,7.854570786136973182e-03
-4.953429181948141094e-03,6.549228534629089951e-03,-1.595799352680947122e-03
1.312044874239040072e-02,-1.184301831256357428e-02,-1.277430429826803028e-03
1.524722062741343601e-02,-5.826219246270957289e-03,-9.421001381142483921e-03
3.722210180455029493e-03,-5.287858178994057738e-03,1.565647998539013283e-03
3.232479655930387691e-02,-1.765807225953373166e-02,-1.466672429977002555e-02
4.574378981988483361e-02,-2.351597167027833293e-02,-2.222781814960650762e-02
5.213657333710045721e-02,-3.381169146918645840e-02,-1.832488186791396412e-02
4.314327544594308977e-02,-3.567034996078343595e-02,-7.472925485159623467e-03
3.001000995183535081e-02,-3.180807872600409369e-02,1.798068774168690631e-03
3.483478439753270872e-02,-3.608471845781950627e-02,1.249934060286731624e-03
2.847840917783416026e-02,-3.187712877697346237e-02,3.398719599139344606e-03
7.531971857724261560e-03,-1.624226368748026006e-02,8.710291829755972479e-03
-3.255671089265734907e-03,-1.619137111174913379e-02,1.944704220101478240e-02
-3.511466378455879462e-03,-1.356469499923020766e-02,1.707616137768612485e-02
-7.336493825341626127e-03,-1.813224370363078486e-02,2.546873752897241619e-02
-1.266098213000411803e-02,-5.585098085396213684e-03,1.824608021540034125e-02
7.213470049068909998e-03,-1.068464776123537012e-02,3.471177712166462724e-03
3.229561979834928709e-02,-1.311225316450031347e-02,-1.918336663384897015e-02
4.385098460769425166e-02,-1.382768839080108711e-02,-3.002329621689324088e-02
2.384581945323190066e-02,1.261496496527707593e-03,-2.510731594975961628e-02
3.608755272035064909e-02,-4.245973508872093877e-03,-3.184157921147862808e-02
7.215858236726685471e-02,-3.915801134957441060e-02,-3.300057101769272166e-02
3.569278190312606680e-02,-2.785359480288969111e-02,-7.839187100236318442e-03
2.369680641486257219e-02,-1.517280580413817026e-02,-8.524000610724441832e-03
-1.055010749644633844e-02,5.806738160212275394e-03,4.743369336234080393e-03
9.518803610599463729e-04,-9.254445180889251527e-04,-2.643584297102970072e-05
1.572633426263529005e-02,-1.438189802243673709e-02,-1.344436240198581579e-03
4.346062246398465362e-02,-2.863785181057141097e-02,-1.482277065341318888e-02
3.076696238195488625e-02,-2.585314348248350311e-02,-4.913818899471336307e-03
1.672836303010893921e-02,-9.974171115588698761e-03,-6.754191914520243922e-03
2.549476681822761964e-02,-8.957455815292888340e-03,-1.653731100293472436e-02
7.017336716395665766e-03,6.939397820622661005e-05,-7.086730694601881507e-03
4.939823266489937843e-04,-9.205309912721674342e-03,8.711327586072650092e-03
1.049423421781422484e-02,-2.218140062874069188e-02,1.168716641092648091e-02
-4.811977898707361402e-03,-1.104564100239558040e-02,1.585761890110296349e-02
8.662543899183196413e-04,-1.029290171884752851e-02,9.426647328929199654e-03
2.091435293261184949e-02,-2.198359992773360819e-02,1.069246995121651790e-03
1.066898751179004221e-02,-3.289135733958913933e-03,-7.379851777831111792e-03
4.774741595170183678e-02,-3.959275423412081385e-02,-8.154661717581218952e-03
2.157092071985453052e-02,-1.240737781607688210e-02,-9.163542903777605053e-03
2.785165440224286054e-02,-2.771043938957989256e-02,-1.412150126628561244e-04
4.682193280941393705e-03,4.662067153307908676e-03,-9.344260434249299779e-03
-3.612425440923483760e-03,-1.362559783655446083e-02,1.723802327747797278e-02
2.676640902047954657e-03,-9.973527090839364936e-03,7.296886188791426760e-03
-2.313908692776263029e-02,1.652635882840841619e-02,6.612728099354159457e-03
1.157015166036497004e-02,-2.012142953728949732e-02,8.551277876924532478e-03
-2.305090552938417192e-02,3.874411977903798043e-02,-1.569321424965385708e-02
-1.956029941443507975e-02,1.875091878626712269e-02,8.093806281678690186e-04
7.017513014430188344e-03,-9.754903200859161433e-03,2.737390186428987834e-03
-4.727993334925362397e-03,-5.257659824086899879e-03,9.985653159012255337e-03
6.878922649168820250e-03,1.728586309771145552e-02,-2.416478574688030526e-02
-1.751471205150727586e-02,-1.396859124143408522e-03,1.891157117565062107e-02
-1.804823701317784593e-02,-6.485499260300424916e-03,2.453373627347831334e-02
-2.291862169214841857e-02,8.244136872890430942e-03,1.467448481925800845e-02
1.553313567536444666e-03,-6.861266287487037194e-03,5.307952719950599467e-03
-4.552159093317284522e-03,1.383345725010879258e-03,3.168813368306418708e-03
-7.999241812490436726e-03,1.229883213278514659e-02,-4.299590320294761903e-03
-1.704622647298622076e-02,1.407917970141013379e-02,2.967046771576059647e-03
-2.472577351820891625e-02,2.748456691286969844e-02,-2.758793394660760939e-03
-1.866941847204354674e-02,1.946973643528097236e-02,-8.003179632374318080e-04
1.658890456754064449e-02,4.530089454567206089e-03,-2.111899402210785232e-02
-4.758209978318258225e-03,2.109464341958208408e-02,-1.633643344126384928e-02
7.033390481351394115e-03,1.608894862167636582e-03,-8.642285343519037419e-03
4.480167592803059205e-04,-1.198478425057902721e-03,7.504616657775868256e-04
-7.141181639863513654e-03,1.815712276199207831e-02,-1.101594112212854991e-02
-1.103658022797815268e-02,1.872864426506070171e-02,-7.692064037082533418e-03
-2.858676977754951755e-03,1.702532957378454642e-02,-1.416665259602958686e-02
8.599812271514019682e-03,4.414498548343484541e-03,-1.301431081985749035e-02
8.633309922456491869e-03,1.669406774453752445e-03,-1.030271669691027424e-02
7.740233865863224878e-03,-4.854472888677739283e-05,-7.691689136976492466e-03
1.066954805009160019e-02,-6.451647377523224945e-03,-4.217900672568383920e-03
7.702554048270366565e-04,-9.617915511495587523e-04,1.915361463225234782e-04
7.188409604268417193e-03,-2.574190647737488284e-03,-4.614218956530940184e-03
-7.812763564883988890e-03,2.840951292366126948e-03,4.971812272517859774e-03
-9.195044068760675413e-03,-7.684584090979373720e-03,1.687962815974001357e-02
-2.786474117144709800e-02,1.141140600184816466e-02,1.645333516959893508e-02
-2.376867938233893918e-02,-8.286083266001852566e-04,2.459728770893911468e-02
-1.872842153312703067e-02,-5.857151164289804528e-03,2.458557269741689158e-02
-2.988261232896243305e-02,7.725508632916792615e-03,2.215710369604558666e-02
-4.738698774386995716e-02,2.743810262953931545e-02,1.994888511433064171e-02
-3.380889390818533208e-02,2.074741697190860684e-02,1.306147693627675820e-02
-2.800985803727083084e-02,3.395838214725044324e-02,-5.948524109979657498e-03
-1.063373336509271412e-02,2.733625888219267178e-02,-1.670252551709995592e-02
-1.278166207354905839e-02,2.330288189218540293e-02,-1.052121981863637576e-02
-1.617870664822541535e-02,3.558581053011106859e-02,-1.940710388188567059e-02
1.122458724886270937e-02,2.492636819788705133e-04,-1.147385093084160937e-02
-2.506569429268781790e-02,1.293305887732980330e-02,1.213263541535801113e-02
-1.156223998003159947e-02,-1.640137247449644170e-04,1.172625370477655554e-02
-2.621202867035870437e-02,1.363148026258779490e-02,1.258054840777091642e-02
-2.579983988771370612e-02,1.068700186284553787e-02,1.511283802486819948e-02
-5.454983335704067897e-03,-8.324317134897021853e-03,1.377930047060109929e-02
4.491352466417128549e-03,-1.689381712702333563e-03,-2.801970753714785010e-03
1.209166210179703563e-02,-8.858233860957229200e-03,-3.233428240839803392e-03
1.054418363802769702e-02,-7.638146648033503766e-03,-2.906036989994223614e-03
5.503066055374481076e-03,1.701006814182428120e-02,-2.251313419719870243e-02
-1.797794480779623880e-02,3.128273841792295062e-02,-1.330479361012671530e-02
-4.758310542057972263e-03,8.261566089526184778e-03,-3.503255547468210780e-03
-1.585374767005610919e-02,1.154189512876022464e-02,4.311852541295855927e-03
-4.999423959152423519e-03,-4.221983486847264225e-03,9.221407445999692948e-03
5.006470453876522148e-03,-5.898173275306962601e-03,8.917028214304430558e-04
-1.712217405329553854e-02,1.446280163709360612e-02,2.659372416201916806e-03
3.334187062041564335e-03,-4.040027309630598792e-03,7.058402475890175436e-04
-2.108136532950921659e-04,8.073001077356541100e-03,-7.862187424061467880e-03
2.721176730672331297e-03,5.101226523607816331e-03,-7.822403254280121607e-03
2.602456597757858703e-02,-1.441098717360518762e-02,-1.161357880397341329e-02
1.296081684221167985e-04,1.487388866548378444e-02,-1.500349683390587996e-02
-1.871929874146936040e-02,-4.677505687716750071e-03,2.339680442918615905e-02
2.528754858547188275e-02,-2.830827881896815640e-02,3.020730233496349976e-03
-1.732003743066335907e-02,1.144308113108493535e-02,5.876956299578445404e-03
-1.801806211671111392e-03,2.834640923081866836e-04,1.518342119362924491e-03
-2.453939016644973714e-02,3.704069648338201987e-02,-1.250130631693238334e-02
-3.182877304807125302e-02,2.414016836615467607e-02,7.688604681916622052e-03
3.000871447172250624e-03,-2.195489150487781645e-03,-8.053822966844600886e-04
-1.711214116353410161e-03,-8.341596300644004217e-03,1.005281041699744235e-02
5.412504123744830628e-03,1.125744009918544335e-02,-1.666994422293028785e-02
-2.221202093264620578e-02,3.933008971879334813e-03,1.827901196076692908e-02
-1.473309103681748160e-02,-7.436491946135121572e-03,2.216958298295260144e-02
-1.867220426644323333e-02,1.147515340870605173e-02,7.197050857737186808e-03
-1.200423538298473793e-02,-8.873037852566650159e-04,1.289153916824141606e-02
2.930657838099887808e-03,-8.761041180633312789e-03,5.830383342533422379e-03
-1.131867136701667637e-02,1.179871019514892004e-02,-4.800388281322610765e-04
-1.327501215937505405e-02,1.186106424563956700e-02,1.413947913735534535e-03
-2.781833007679140879e-02,2.411886661397424914e-02,3.699463462817108046e-03
-2.057347425668970206e-02,1.944116951157947096e-02,1.132304745110316105e-03
2.016214972430166452e-02,-5.223167479733563118e-04,-1.963983297632818786e-02
-1.079264849067185575e-02,2.990638959265618305e-02,-1.911374110198438281e-02
5.976126334942427967e-03,1.134390402568831793e-02,-1.732003036063071641e-02
-3.029911410601158258e-03,1.336666223888788134e-02,-1.033675082828672959e-02
-2.238500987538628514e-02,4.040760606982725378e-02,-1.802259619444091313e-02
1.371975840453613753e-02,1.008250365960277131e-02,-2.380226206413894874e-02
2.115304504977037064e-02,-1.390809439291864616e-03,-1.976223561047852142e-02
1.071327730656909324e-02,2.513350099623374353e-03,-1.322662740619245242e-02
6.330188858768811752e-03,3.023104213538656791e-03,-9.353293072307495432e-03
2.283956441613169477e-02,-1.196618175073932248e-02,-1.087338266539230117e-02
3.904347786779066663e-03,5.061018525708324556e-03,-8.965366312487375172e-03
9.688996126092780381e-03,-1.015028692702999585e-02,4.612908009371727010e-04
-5.814127057930570594e-03,4.744884987846197631e-03,1.069242070084402887e-03
-1.894320199065724526e-03,1.354641582248151998e-03,5.396786168175731792e-04
-5.253619163826120592e-04,-8.853575197119925230e-03,9.378937113502485573e-03
-3.075849324395751004e-03,-1.501942485521362558e-02,1.809527417960944684e-02
-1.454104232554343130e-02,-6.940927208042065727e-03,2.148196953358552999e-02
-2.260343116330755173e-02,-1.575286305434131723e-03,2.417871746874166242e-02
-8.605850937320301194e-03,-2.181949265263775570e-02,3.042534358995804822e-02
-1.473525520194828888e-02,1.438978165454260581e-03,1.329627703649402352e-02
-9.237940338891951000e-03,9.495759955593154403e-03,-2.578196167011979271e-04
-2.959037153464281946e-03,1.437640921128376624e-02,-1.141737205781950468e-02
-1.731192178828091545e-03,1.725502586911250788e-02,-1.552383369028441373e-02
7.708541034508351215e-03,5.738988035503871966e-03,-1.344752907001220757e-02
1.866137096443275592e-03,1.488046439749112458e-02,-1.674660149393438630e-02
2.189948379658989558e-02,-8.489134102174666907e-03,-1.341034969441524255e-02
3.787292742454768501e-03,-1.901606709396209656e-03,-1.885686033058531089e-03
-9.322823876927935696e-03,8.533942691477532441e-03,7.888811854503957740e-04
-1.338019933723518136e-02,1.796194836135462519e-02,-4.581749024119442966e-03
-3.139983832587612406e-02,1.537619602635402656e-02,1.602364229952209923e-02
-4.214947557589810399e-03,-9.985463316500734019e-04,5.213493889239880982e-03
1.270439958395882390e-02,-5.393113886155743997e-03,-7.311285697803061694e-03
3.355729251642913108e-02,-1.828727539092893026e-02,-1.527001712550012102e-02
3.355351216866834380e-02,-3.117805279411330760e-02,-2.375459374555098212e-03
3.260871794316798356e-02,-1.900348802359924302e-02,-1.360522991956865900e-02
-2.626448584551513074e-03,1.418043666147719185e-02,-1.155398807692566837e-02
4.468691321770438749e-03,5.804655101469268462e-03,-1.027334642323971502e-02
-1.178407313955896936e-02,1.239064139597968912e-02,-6.065682564206971049e-04
-3.076821999244832087e-02,1.725021092047525004e-02,1.351800907197305175e-02
-2.205445577876568967e-03,5.919900005891420673e-03,-3.714454428014870354e-03
1.762987366500883002e-02,-1.570534413862012188e-02,-1.924529526388720716e-03
1.247715169561881485e-02,-3.269949536879057563e-03,-9.207202158739756850e-03
-6.391586687574299028e-03,1.253039109313405612e-02,-6.138804405559758828e-03
5.623375394261516565e-03,5.919120514860204754e-03,-1.154249590912170137e-02
1.786740214118253886e-02,-5.398774810554137979e-03,-1.246862733062842690e-02
-1.732946861284077877e-02,2.540730651023245454e-02,-8.077837897391620253e-03
-2.406452754488304716e-02,4.543512105707631652e-04,2.361017633431225851e-02
5.702168414458650206e-03,-1.830521859143195706e-02,1.260305017697326523e-02
-7.051299340935483643e-04,7.333195560865504031e-03,-6.628065626771951872e-03
1.960918118927191145e-04,-7.970471141444334350e-04,6.009553022517100107e-04
-1.086200498197817388e-02,2.580464028023891562e-02,-1.494263529826076603e-02
-2.289446296081353027e-02,1.036574912189354263e-02,1.252871383891999632e-02
8.755283218773795076e-03,-1.358915156916025782e-03,-7.396368061857792713e-03
3.834798127557586395e-03,-1.133304063091692369e-02,7.498242503359350310e-03
1.111216967729228115e-02,6.972269034925606367e-03,-1.808443871221787971e-02
-1.065325757355003664e-02,-5.072116293104644499e-03,1.572537386665469328e-02
-1.829505876704375696e-03,-7.572177915962615899e-03,9.401683792667009376e-03
-1.928384670616487689e-02,1.993005493574317305e-02,-6.462082295783084076e-04
-9.782338456629222079e-03,2.521802200358193215e-03,7.260536256271039705e-03
5.038700915440733324e-04,-1.651380460417087997e-02,1.600993451262682291e-02
-6.706990106683960624e-03,1.997142187977194241e-02,-1.326443177308801735e-02
-4.157566560677209561e-02,3.364001190652168155e-02,7.935653700250400178e-03
-2.899210051181848324e-02,2.466657866991917372e-02,4.325521841899339880e-03
-1.183613480821913387e-02,2.028477503264729254e-02,-8.448640224428143053e-03
1.156100344992009969e-02,1.036752426332662215e-02,-2.192852771324670103e-02
-1.658986469948353637e-02,4.013943548616266677e-02,-2.354957078667898815e-02
-1.464831867799914339e-02,2.203126746806794573e-02,-7.382948790068756366e-03
-1.745112437264955546e-02,2.671512116102565601e-02,-9.263996788376154326e-03
4.722579687129333653e-03,2.343069969777001119e-02,-2.815327938489937953e-02
1.103674202986727401e-02,1.572723174927151413e-02,-2.676397377913872569e-02
7.267975505798560457e-03,6.132789412135276896e-03,-1.340076491793383909e-02
1.255128128584017235e-03,8.225166813676932157e-03,-9.480294942260918817e-03
9.691386604370131816e-03,-1.305464449057261314e-03,-8.385922155312875922e-03
1.435377738908769074e-02,-7.446956264317853430e-03,-6.906821124769763585e-03
8.717470440543920521e-03,-2.976790059526178683e-03,-5.740680381017723190e-03
5.590463772619849551e-03,-1.122274643028274045e-02,5.632282657662910849e-03
-5.468958700469016450e-03,-7.904208364568851911e-03,1.337316706503786229e-02
7.484832659865652861e-03,-1.214294201262487022e-02,4.658109352759217357e-03
-4.944922523063420734e-03,-8.194201725798740468e-03,1.313912424886217074e-02
-1.320654656785506635e-02,-5.316386724615498882e-03,1.852293329247052187e-02
-8.473937600157164379e-03,-1.267616928457600614e-02,2.115010688473311154e-02
-1.773302148298411957e-02,-4.999944810611504226e-03,2.273296629359564461e-02
-2.319198653103782552e-04,-1.481417055142663156e-02,1.504609041673700583e-02
-8.358790523718585483e-03,-1.051505568285074008e-02,1.887384620656939321e-02
7.142582994773952199e-03,-1.155749056807976911e-02,4.414907573305807374e-03
1.028391476799073688e-02,-2.613337354348197351e-03,-7.670577413642507003e-03
9.811427857580217241e-05,1.777309049890293206e-03,-1.875423328466083520e-03
1.187381319789618120e-03,7.909898081419515503e-03,-9.097279401209149019e-03
7.562341710518557386e-03,6.863910028910201466e-03,-1.442625173942876926e-02
3.021805030006241219e-02,-1.252489072699461588e-02,-1.769315957306787437e-02
1.866913256899747908e-02,-7.484984282964345613e-03,-1.118414828603303719e-02
1.632146770080750153e-02,4.448084561037146147e-03,-2.076955226184466416e-02
1.306675515195622255e-03,2.636550454272934899e-03,-3.943225969468547830e-03
-2.718091258811000319e-02,1.647626599667414635e-02,1.070464659143588460e-02
6.307819394769947517e-04,-1.339012978042065406e-02,1.275934784094368869e-02
4.159705187761255848e-03,-2.606849389279888504e-02,2.190878870503763787e-02
-1.314156761441669791e-02,1.816254857459338561e-03,1.132531275695739491e-02
-5.068519309375424213e-03,-7.686019066983104490e-04,5.837121216073724687e-03
1.217328545460256116e-02,-1.047058640408900058e-02,-1.702699050513539107e-03
-1.102207548457437682e-03,-7.540217184688531062e-03,8.642424733145989343e-03
-5.050814562330603781e-03,2.906873903252146178e-03,2.143940659078468879e-03
-1.344601423609992743e-03,-6.860517385725071679e-03,8.205118809335075480e-03
-7.413495497959179947e-03,-9.857234255857187308e-03,1.727072975381636552e-02
-9.958825460063543827e-03,-1.338215398031683372e-03,1.129704085809524715e-02
6.623205693320360389e-03,2.234883152559499764e-03,-8.858088845879848877e-03
2.569087074113911989e-02,-7.868887074892595354e-03,-1.782198366624654362e-02
5.953633279892400548e-04,1.439743231617547636e-02,-1.499279564416471436e-02
1.314321646939194121e-02,3.221459241648858777e-03,-1.636467571104080476e-02
1.070649948084482529e-02,5.662543768134990427e-03,-1.636904324897983307e-02
-1.702504978648850323e-02,2.237142703929848736e-02,-5.346377252809966785e-03
-2.824633034946652174e-02,8.527554229583730189e-03,1.971877611988269788e-02
-1.963461009526250647e-02,8.444818967546306298e-04,1.879012819850786609e-02
-9.370234257161285177e-03,6.188043295420411066e-03,3.182190961740854595e-03
7.320250543483786121e-03,-1.514677984432547149e-02,7.826529300841661083e-03
7.426365685625488551e-03,1.698943309402829597e-03,-9.125308995028296247e-03
-2.533111041295606908e-02,9.843308070152921932e-03,1.548780234280311072e-02
5.055343026012226564e-03,-4.212588311369683258e-03,-8.427547146425477505e-04
-2.066126132279942369e-03,-4.083070617291452604e-03,6.149196749571389335e-03
1.468576250754537182e-02,1.376480993952988296e-03,-1.606224350149833627e-02
-1.233498808863154293e-02,-6.906331666440798309e-03,1.924131975507232736e-02
-5.554913240627317415e-03,-1.432982048649949700e-02,1.988473372712687426e-02
-2.456521116501686128e-02,2.342668927889795388e-02,1.138521886118867930e-03
-3.314554215132265239e-03,4.603195579222708889e-03,-1.288641364090444301e-03
-5.042998245867193717e-03,-9.655476938012197072e-03,1.469847518387936564e-02
-8.239390792358211243e-03,2.606661276314917175e-02,-1.782722197079097265e-02
-3.392223783359234190e-02,3.148541955688628768e-02,2.436818276706089782e-03
-1.898505545323441596e-02,1.968749003521717139e-02,-7.024345819828256912e-04
-1.545549674207661282e-03,7.358277151062065508e-03,-5.812727476854408562e-03
-5.004964389325601906e-03,2.164597402721437844e-02,-1.664100963788881296e-02
-1.578526043043942256e-02,2.460557216150316071e-02,-8.820311731063757224e-03
-6.053252433155439103e-04,1.833487874350422236e-02,-1.772955350018862869e-02
-6.159208156719188192e-03,2.079841140969227592e-02,-1.463920325297308686e-02
-4.405459928835803000e-03,2.753476137116127320e-02,-2.312930144232533403e-02
1.282284669164749681e-02,8.310650832936423982e-03,-2.113349752458387396e-02
3.690108010255791545e-03,1.024550821054364021e-02,-1.393561622079942004e-02
9.804519074121820915e-03,-2.019485619842357246e-03,-7.785033454279447623e-03
2.289487525752229372e-02,-1.246914005960542485e-02,-1.042573519791686193e-02
3.075670135210647332e-02,-1.381964212498511431e-02,-1.693705922712122891e-02
1.731901932447609330e-02,1.236609858616918292e-03,-1.855562918309297538e-02
1.254068488917547269e-02,-6.880721442576460956e-03,-5.659963446599050770e-03
7.253963812543838194e-03,-4.755946680403212549e-03,-2.498017132140609598e-03
2.578428340769667055e-03,2.051890515203524598e-03,-4.630318855973182546e-03
-7.070900381424949756e-04,-3.435839889506013978e-03,4.142929927648543106e-03
-6.753423495742660182e-03,-7.172585371150429386e-03,1.392600886689307482e-02
-3.569407505914415531e-03,-1.062036220844368023e-02,1.418976971435803938e-02
-1.181911972277690029e-02,-6.511474883728184983e-03,1.833059460650509828e-02
-9.593517247093213051e-04,-1.556786898003589131e-02,1.652722070474523311e-02
-3.488126517889342335e-03,-7.471929727765304168e-03,1.096005624565465734e-02
6.720148160065156882e-03,-1.269156298189416665e-02,5.971414821829040126e-03
1.612328323749668071e-02,-1.470328550493722221e-02,-1.419997732559464144e-03
1.570103995628884322e-02,-6.479722918880209161e-03,-9.221317037408596762e-03
5.654443129577397739e-03,1.542507147366773985e-03,-7.196950276944163484e-03
1.336592913736149406e-02,-3.974058799734132147e-03,-9.391870337627380994e-03
2.322768743394646243e-02,-7.569105098598294910e-03,-1.565858233534806604e-02
8.993052198207798775e-03,-2.119334809975482472e-04,-8.781118717210250474e-03
2.052779526615975195e-02,-5.317925831628439221e-05,-2.047461600784358446e-02
1.076060920626229454e-02,-3.234100076889685570e-05,-1.072826820549337840e-02
-1.069710792602102979e-02,5.496790672696188346e-03,5.200317253324852722e-03
1.040726578365148633e-02,-1.782519188697283957e-02,7.417926103321335028e-03
-1.055436527273520509e-03,-9.734178328195683752e-03,1.078961485546921402e-02
-7.419487270297922717e-03,-2.456357775529432064e-03,9.875845045827351745e-03
6.937040172547615305e-03,-1.120809894846121896e-02,4.271058775913605388e-03
-2.452266474715401792e-03,2.576343610628728607e-03,-1.240771359133194425e-04
-5.952282686024464378e-03,-1.851098782237689956e-04,6.137392564248222125e-03
7.098086000668682970e-03,-3.145873521278320407e-03,-3.952212479390355623e-03
5.550128025477467884e-03,-1.254536807852810361e-02,6.995240053050633990e-03
-7.843933651444281313e-03,-1.071067063564705435e-02,1.855460428709131138e-02
4.912272841577751577e-03,-1.493490522130268977e-02,1.002263237972494947e-02
1.847039741564839022e-02,-1.393581944718422228e-02,-4.534577968464201768e-03
2.223536344494883923e-02,-1.328409063817806305e-03,-2.090695438113112509e-02
3.032917825812018325e-02,-1.289393479742968057e-02,-1.743524346069054778e-02
1.923328821757870621e-02,1.330939935482539256e-02,-3.254268757240412480e-02
3.495950696725680460e-03,9.110999352780261434e-03,-1.260695004950591891e-02
1.123714655534928906e-02,-9.834312398800683017e-03,-1.402834156548585232e-03
-2.395261835884399462e-02,6.128412068921887910e-03,1.782420628992210931e-02
-2.728577961303162158e-02,1.157152655523274558e-02,1.571425305779890549e-02
-7.179667468317399437e-03,9.594166971748327097e-03,-2.414499503430948477e-03
2.076929866196522770e-02,-2.536678533415659409e-02,4.597486672191343840e-03
2.018285751569656034e-02,-1.311547690880401559e-02,-7.067380606892516987e-03
-1.149615587743380886e-02,1.332066385171726784e-02,-1.824507974283459634e-03
1.179179979078428739e-02,-8.067456810519867128e-03,-3.724342980264408118e-03
4.346499684195165129e-03,-2.507495651528058277e-03,-1.839004032667113141e-03
1.758330146879344066e-02,5.716904074911897081e-03,-2.330020554370530045e-02
1.832624536766021804e-04,-2.119110352027571420e-02,2.100784106659913178e-02
-1.753396722894255341e-02,-1.528981517002747127e-02,3.282378239896999866e-02
-3.850887032232643697e-02,1.859077728924169587e-02,1.991809303308478621e-02
-2.446475844381163986e-02,8.746589439333289293e-03,1.571816900447829679e-02
-1.602534156153397060e-02,-1.156834937595807881e-03,1.718217649912976916e-02
-2.319209042672025489e-02,2.427640612725654942e-02,-1.084315700536343753e-03
-4.813074030681383647e-02,2.415706840276233072e-02,2.397367190405154391e-02
-2.161026831810270235e-02,8.522105005542674264e-03,1.308816331256007319e-02
-1.832226660083041345e-02,1.145616354786338021e-03,1.717665024604405136e-02
-2.484651579117478845e-02,1.752373879565574319e-02,7.322776995519019241e-03
-1.790993882794345016e-02,7.634081896424458995e-03,1.027585693151898162e-02
-1.111111561875254006e-02,1.983022812315730389e-03,9.128092806436793188e-03
-1.367754971216129413e-02,3.683378322852386925e-03,9.994171389308890291e-03
-4.446211367083264393e-02,3.610530563044822561e-02,8.356808040384553632e-03
-3.312146532897034673e-02,1.574827288381768289e-02,1.737319244515274710e-02
4.561037263401536250e-03,-1.208528570625861699e-02,7.524248442857050384e-03
1.758255613023045408e-02,-3.132453119772458244e-02,1.374197506749412663e-02
1.885758614068022698e-02,-2.929176882962443787e-02,1.043418268894414150e-02
8.559875681573514417e-03,-1.467893081774109508e-02,6.119055136167566786e-03
-5.595249077918440853e-03,7.865820510571169474e-03,-2.270571432652724719e-03
-6.497873800029929821e-03,4.806636834377825927e-03,1.691236965652104761e-03
-5.422409923105648774e-03,7.366210972653590254e-03,-1.943801049547924783e-03
-1.215526035656836618e-02,1.044262473131378662e-02,1.712635625254589969e-03
-1.197402393861331932e-02,-9.969128450157665328e-04,1.297093678362908585e-02
-2.077779008779174694e-02,4.441000305325226434e-04,2.033369005725928907e-02
-1.869096489648736786e-02,-4.218489557814104549e-03,2.290945445430147068e-02
-1.773359636286785460e-02,-2.684375417634614629e-04,1.800203390463132186e-02
-3.192184286337596683e-02,-6.949425633057017791e-03,3.887126849643303406e-02
-1.956442014303502036e-02,-7.198910711162453784e-03,2.676333085419747848e-02
-2.360298766490778744e-02,2.352340071621295339e-03,2.125064759328644179e-02
-1.082481513735454072e-03,-1.255863680951495136e-02,1.364111832325044099e-02
3.778775843051413678e-03,-7.526887615253623556e-03,3.748111772202223756e-03
-1.754043407069802440e-02,1.385362541479854062e-02,3.686808655899490722e-03
-8.716949373617659258e-03,1.294808486220768752e-02,-4.231135488590034334e-03
6.669479107684009138e-03,-4.027843733743595098e-03,-2.641635373940407101e-03
-4.465972137470027893e-03,-9.818799114432053693e-04,5.447852048913239334e-03
9.133720692024747956e-03,1.043597807218066970e-03,-1.017731849924279758e-02
8.189943390581462881e-03,-4.671005223708869780e-03,-3.518938166872572285e-03
-1.528896732948440383e-02,3.227716807962460223e-03,1.206125052152196182e-02
-1.052131632589718875e-02,3.147948132657711444e-03,7.373368193239447817e-03
-1.911351854025280725e-02,6.982494432143141264e-03,1.213102410810969027e-02
-1.841237027609892232e-02,5.030070045855102902e-03,1.338230023024387927e-02
-1.914351015706636239e-02,3.060447680113310715e-03,1.608306247695300353e-02
-2.812399710387563159e-02,1.742601701074937559e-02,1.069798009312626988e-02
-2.193909336659599640e-02,5.471965598500377372e-03,1.646712776809560602e-02
-2.226524954282654151e-02,1.386959957891388366e-02,8.395649963912609273e-03
-9.257264330458833115e-04,5.667842636320355974e-03,-4.742116203274472988e-03
-1.483120351626017810e-02,1.650852640652960071e-02,-1.677322890269389213e-03
-2.337538511068733282e-02,6.099138832743837904e-03,1.727624627794348625e-02
1.869961951023019209e-02,-2.031473164025584741e-02,1.615112130025632116e-03
2.273077024445211911e-02,-1.107540054203255860e-02,-1.165536970241954490e-02
2.428029090693020059e-02,2.005190457717448698e-04,-2.448080995270197208e-02
1.444458079674153066e-02,1.225549117180387178e-03,-1.567012991392200197e-02
5.403069046987276844e-03,2.226917851316562950e-03,-7.629986898303830686e-03
-9.076291416920864372e-03,4.470486218325749050e-03,4.605805198595102311e-03
-3.760790106402510467e-03,-1.158915896567909963e-02,1.534994907208156976e-02
-2.340601487803673289e-02,6.935549901472788832e-03,1.647046497656391023e-02
-1.232551855332326279e-02,-2.201496348012157121e-03,1.452701490133537568e-02
-9.944611585575760526e-03,-1.138138984461084004e-02,2.132600143018660230e-02
-1.124497390720027509e-02,-2.531565064538312572e-03,1.377653897173856078e-02
-2.502906667949308245e-02,6.972387970236181357e-03,1.805667870925692711e-02
4.376880780553035928e-03,-7.729780592118309576e-03,3.352899811565285357e-03
-1.724066459945662946e-02,-7.629179048276965580e-03,2.486984364773357076e-02
-4.155065621717404442e-03,8.107926739101470673e-03,-3.952861117384057557e-03
2.842530376981789765e-03,-2.184642670117131757e-02,1.900389632418954949e-02
-1.341617037895734971e-02,-1.576373580218376827e-02,2.917990618114109022e-02
-1.744514569021746869e-02,1.187595775535224552e-02,5.569187934865187616e-03
-5.321268802017713184e-03,-4.552806166033192790e-03,9.874074968050946741e-03
5.003255782792161675e-03,2.293202945040997542e-03,-7.296458727833177865e-03
-6.678599304169400078e-03,1.710355548718495503e-02,-1.042495618301552372e-02
-2.267151612891776455e-02,1.879881812317829928e-02,3.872698005739503863e-03
-2.081876083774900727e-05,8.122640066725879794e-04,-7.914452458348427127e-04
1.234081555421254021e-02,-7.697543871468119289e-03,-4.643271682744410517e-03
3.306280963258773076e-03,-6.742061128325591620e-04,-2.632074850426214564e-03
-2.722679386713266429e-03,4.286249941913723889e-03,-1.563570555200438595e-03
5.097042958021072608e-03,-8.873775343205256294e-03,3.776732385184168074e-03
-1.082717033564436354e-02,6.917887114073194635e-03,3.909283221571188856e-03
-2.748227424441119018e-02,2.425652507273382344e-02,3.225749171677331616e-03
-1.970662254754976250e-02,1.276166573757846721e-02,6.944956809971355137e-03
2.323731702943587427e-02,-2.360243685151812432e-02,3.651198220822193135e-04
2.956102870336375921e-02,-2.967046690463812086e-02,1.094382012743719165e-04
1.367027706593224902e-02,-1.329603359091540045e-02,-3.742434750168821263e-04
1.024992283819855382e-02,-8.994483398368037508e-03,-1.255439439830542117e-03
1.222021518384503770e-02,5.469588361273147736e-03,-1.768980354511820799e-02
1.913277935288423479e-02,2.591927843416065667e-03,-2.172470719630027053e-02
2.148098080586537464e-02,-3.037864220617910588e-03,-1.844311658524745365e-02
1.252618051125275848e-02,5.276098576119769845e-03,-1.780227908737255782e-02
4.130335616414619604e-03,3.502350274513807080e-03,-7.632685890928424081e-03
5.885985235472989893e-03,-1.132708733449851917e-03,-4.753276502023134724e-03
6.331761416708601639e-03,-8.669277838846313131e-03,2.337516422137716696e-03
7.637752847625037256e-03,-1.053576816474243068e-02,2.898015317117405565e-03
-1.501224119133923868e-02,-6.989837083114528761e-03,2.200207827445379780e-02
-1.650856209448515197e-03,-1.476926590380571273e-02,1.642012211325422077e-02
4.861511713314536562e-03,-4.951773720800348687e-03,9.026200748580258393e-05
2.153433373748626228e-02,-7.096308179715151571e-03,-1.443802555777105520e-02
2.581616810356493139e-02,-5.275833995292062914e-03,-2.054033410827289449e-02
1.785652577829397250e-02,2.896340314419060952e-03,-2.075286609271304039e-02
2.171948099113690453e-02,-1.649616426919411731e-03,-2.006986456421743642e-02
2.714548396901871746e-02,-1.463448105184558465e-02,-1.251100291717321261e-02
7.469620665788123150e-03,-8.275633009733598597e-03,8.060123439454411863e-04
2.530658359176796504e-02,-8.904968918240807260e-03,-1.640161467352710747e-02
5.225391908171647497e-03,-1.682556991152786129e-03,-3.542834917018863536e-03
-3.856079733786218090e-03,1.175691533041701520e-04,3.738510580482041785e-03
-8.710204213982374391e-03,5.583992456972530424e-03,3.126211757009883865e-03
-1.786562710340468263e-02,9.521001029418437595e-03,8.344626073986271056e-03
-7.921701607287234131e-03,3.067607331526014947e-03,4.854094275761238267e-03
-1.352212643997967832e-02,3.636321050135952766e-03,9.885805389843741603e-03
-1.600579808531995413e-02,-1.401885212153440065e-03,1.740768329747336210e-02
-1.377735721548596290e-02,-4.655923528661529663e-03,1.843328074414742057e-02
-7.620514463086406134e-03,2.057990647274399437e-03,5.562523815812018407e-03
-6.275189970972878083e-03,1.033384175154968346e-02,-4.058651780576822722e-03
-3.319379115322543955e-03,1.527860631278912112e-02,-1.195922719746658064e-02
-9.995958361614494525e-03,5.089094410822920557e-03,4.906863950791562692e-03
-1.103301310366033849e-02,8.791402071633622889e-03,2.241611032026673105e-03
3.850692203289171698e-03,-1.264547350745666215e-03,-2.586144852543503098e-03
1.908153730898014960e-02,-7.042637423368874709e-03,-1.203889988561127056e-02
-2.588765242585987138e-03,1.217009968356138304e-02,-9.581334440975386793e-03
1.340721229772656557e-02,-6.148158993700057057e-03,-7.259053304026469484e-03
-1.687299571422448685e-02,1.320613009505795278e-02,3.666865619166520193e-03
5.183153772386236806e-03,-1.444076385224660371e-02,9.257610079860372973e-03
2.787373303792617038e-02,-1.753865840862938938e-02,-1.033507462929682437e-02
-1.100374814154840911e-02,9.564954623532089320e-03,1.438793518016337784e-03
-1.828349593143306553e-03,-1.732649403854097728e-02,1.915484363168435192e-02
6.098458337849946330e-05,-7.926597650838553694e-03,7.865613067460039756e-03
-9.486051718332990865e-03,-5.441896788280414787e-03,1.492794850661341086e-02
3.702284320279225580e-03,-3.695751052773465876e-03,-6.533267505774267687e-06
-1.075434952970999100e-02,-7.776651894538610596e-03,1.853100142424864843e-02
-8.021058899445300538e-03,5.479975141771189183e-03,2.541083757674139111e-03
6.319636671661235964e-04,-1.583408801033892380e-02,1.520212434317280530e-02
-1.524870667000757275e-02,-1.643908967932790691e-02,3.168779634933553691e-02
-2.845469836486261284e-02,2.840685639435750268e-02,4.784197050507087758e-05
-1.269875681354077149e-02,4.999702085241595866e-03,7.699054728299191235e-03
-5.995532426035247477e-03,1.444634956851780817e-02,-8.450817142482535543e-03
-1.884886559085145741e-02,2.387264127286524776e-02,-5.023775682013812902e-03
-1.355464651950575965e-02,2.293540401923220909e-02,-9.380757499726511892e-03
2.038346707993175279e-03,7.958770604057011436e-03,-9.997117312050203194e-03
-5.102857477441554747e-03,8.999754607273568671e-03,-3.896897129832022164e-03
-1.101466524481074100e-02,9.475101357289688817e-03,1.539563887521024641e-03
1.329878725132430106e-02,-1.368460868421499978e-02,3.858214328906951914e-04
4.717657321394693945e-03,-6.883483381427454428e-04,-4.029308983251972572e-03
-1.325833693806365704e-02,4.092620885835964416e-03,9.165716052227655328e-03
-2.956869722098331987e-02,1.883928219847987029e-02,1.072941502250344264e-02
-1.489627976114354241e-02,5.763846587302490915e-03,9.132433173841074045e-03
-1.328208146412609113e-02,-1.922817274348152762e-03,1.520489873847423457e-02
2.594435637990948236e-03,-7.498041622477808442e-03,4.903605984486856736e-03
-2.389948050491990175e-03,-1.822119323272755002e-03,4.212067373764749947e-03
2.183602512914977183e-03,-1.149544165678524632e-02,9.311839143870277377e-03
2.134155809938163839e-03,-1.163376600302640099e-03,-9.707792096355274264e-04
1.563663884401088030e-03,4.875438635322633212e-03,-6.439102519723697605e-03
6.243377239169946476e-03,-2.398764696880372697e-03,-3.844612542289577682e-03
2.087574197499819997e-02,-1.786667918841039135e-02,-3.009062786587853294e-03
1.921049524475927986e-02,-1.625396313958937800e-02,-2.956532105169878879e-03
6.782123074192827374e-03,-1.053745543554471253e-02,3.755332361351901207e-03
1.866534689199386005e-02,-1.565501169285463470e-02,-3.010335199139237920e-03
1.283276212373526265e-02,-1.112047347799059727e-02,-1.712288645744643265e-03
-4.163862779436271547e-03,-7.734755678914087551e-03,1.189861845835036777e-02
-1.274142362380356434e-02,-5.632560526906265144e-03,1.837398415070986418e-02
3.328870601750064540e-03,-1.178282587550169742e-02,8.453955273751650665e-03
9.902578366126004936e-03,-3.107106916021265455e-03,-6.795471450104771140e-03
2.506010093438313865e-02,-6.047048239530661111e-03,-1.901305269485240035e-02
2.820513810024478235e-02,-6.596623692489990073e-03,-2.160851440775476973e-02
2.023121195698555225e-02,5.897219696071540751e-05,-2.029018415394635150e-02
4.314281157321567944e-02,-3.283026057897425742e-02,-1.031255099424156947e-02
2.227079300093927003e-02,-1.745470422017002254e-02,-4.816088780769188504e-03
2.452005071544900022e-02,-3.342061592168616996e-03,-2.117798912328031080e-02
1.517570314301073045e-02,-6.012756116832844791e-03,-9.162947026177903007e-03
-5.609308161546764163e-03,1.513830341149704052e-03,4.095477820397062062e-03
-1.192911440831702884e-02,5.753735278878651348e-03,6.175379129438367080e-03
1.571004463350346349e-03,-3.024438042934596803e-03,1.453433579584258476e-03
3.206618825171281186e-03,-2.646615639103109142e-03,-5.600031860681718276e-04
8.356953085617737156e-03,-4.869447941379705797e-03,-3.487505144238017048e-03
7.286032677478853845e-03,3.242862472433886501e-05,-7.318461302203180079e-03
-2.283285188125087906e-03,-4.669614901411742874e-03,6.952900089536842056e-03
6.489759833392438719e-03,-7.913868781019808840e-03,1.424108947627381397e-03
1.865183906141606313e-02,-9.119540475598170853e-03,-9.532298585817916559e-03
1.028994318219696516e-02,1.395243505285427869e-03,-1.168518668748239758e-02
4.282913797745016918e-04,5.087611680859756291e-03,-5.515903060634262320e-03
-5.941241217835986112e-03,7.585378762122218024e-03,-1.644137544286228443e-03
1.005738538065625636e-03,5.582656889216340394e-03,-6.588395427281953237e-03
2.449661726659058472e-02,-1.046684937742311042e-02,-1.402976788916752114e-02
1.336523488595671091e-02,8.529912394587649618e-03,-2.189514728054431716e-02
1.472880076290480206e-02,-2.079647548171171222e-03,-1.264915321473363517e-02
3.635329547226050576e-03,2.230652797387495077e-03,-5.865982344613536979e-03
-7.390118968162524317e-03,-1.915915401147901161e-03,9.306034369310435886e-03
2.984348953621943079e-02,-1.843102616950983638e-02,-1.141246336670962737e-02
1.397178193001080357e-02,-9.541604385317047771e-03,-4.430177544693734114e-03
-6.541599070178889981e-03,-7.300692628275082252e-03,1.384229169845400086e-02
1.599997140696895678e-02,-1.963358006229795616e-02,3.633608655328962947e-03
8.344657773364695316e-03,-9.691600582903699135e-03,1.346942809538990158e-03
1.918881376880697195e-02,-1.403275182112273534e-02,-5.156061947684223608e-03
-1.272959830067216074e-02,6.200448649219595515e-03,6.529149651452566955e-03
-6.570737617936625368e-04,-3.408485033481423957e-04,9.979222651418043905e-04
6.874890037581105583e-03,-2.456399091051079606e-02,1.768910087292967226e-02
-2.073102001837351382e-02,-1.216996003766994926e-02,3.290098005604349257e-02
-2.397389823027725256e-02,2.690112814248268175e-02,-2.927229912205475161e-03
-7.091334654987175960e-03,1.309702322343494693e-02,-6.005688568447755359e-03
1.656250000166163911e-03,1.768957010601354338e-02,-1.934582010617971054e-02
-3.555028185407079454e-03,1.606690434974262366e-02,-1.251187616433551558e-02
-1.812750474551031582e-02,3.105636434310289976e-02,-1.292885959759257700e-02
-4.102655014965072774e-03,1.198756319122213851e-02,-7.884908176257017162e-03
1.310437860642499341e-03,-2.155718652675494857e-03,8.452807920329977924e-04
-8.646376203117830603e-03,1.669676812361377272e-02,-8.050391920495957726e-03
7.165416522054083963e-03,-4.762801329609762761e-03,-2.402615192444321202e-03
4.759616983775105041e-05,9.552680494831346930e-03,-9.600276664669065915e-03
-5.491571220873291657e-03,9.986961311156925675e-03,-4.495390090283616670e-03
-1.891852774328424414e-02,1.282542373618142384e-02,6.093104007102813358e-03
-1.528851334908237249e-02,9.120305541794307760e-03,6.168207807288022225e-03
-2.649247605503609812e-02,1.151158635833186838e-02,1.498088969670425055e-02
-4.781381870534653390e-03,3.280663252463219669e-03,1.500718618071428517e-03
-6.075339338879084646e-04,-3.448062953572626679e-03,4.055596887460537203e-03
1.033110051265193584e-02,-1.579894797346111796e-02,5.467847460809194260e-03
1.783610222741725815e-02,-6.924248886245068686e-03,-1.091185334117219900e-02
1.685758660535202624e-02,-6.695241112768076340e-03,-1.016234549258391261e-02
1.362458974047675922e-02,-6.697232931189579450e-03,-6.927356809287133800e-03
1.862085666606923609e-02,-1.572277482439776025e-02,-2.898081841671430302e-03
1.477773047051664755e-02,-1.502691521284570467e-02,2.491847423290113081e-04
7.971591999406774445e-03,-1.199650631290527861e-02,4.024914313498499825e-03
8.703841972163199256e-03,-1.093002409343201732e-02,2.226182121268798983e-03
3.309046230332028573e-03,-1.736066718708432002e-02,1.405162095675232918e-02
-1.135389131116626774e-02,-1.233849052295366532e-02,2.369238183411983417e-02
-1.090224707440918747e-02,-1.746124736929554125e-02,2.836349444370472872e-02
-1.998665164407713464e-04,-1.093445790078435668e-02,1.113432441722514606e-02
1.423962808392011288e-02,-1.292223179414452722e-02,-1.317396289775576773e-03
6.692566216597970949e-03,-6.295458815402574758e-03,-3.971074011954079546e-04
1.047721867723761056e-03,-2.385821101303380824e-03,1.338099233579612612e-03
-1.051004356446469910e-03,2.047625181090627269e-03,-9.966208246441697182e-04
7.870042804799590522e-03,-1.891800901481734479e-02,1.104796621001785141e-02
-1.760728768304051272e-03,-1.435201389245301280e-02,1.611274266075705605e-02
4.319092960460173269e-03,-5.076862534061000846e-03,7.577695736008275770e-04
-8.355397605377772735e-03,-1.486141217313355703e-02,2.321680977851138181e-02
-1.363157117973315922e-02,-5.957144522571998849e-03,1.958871570230520318e-02
-1.073352503959072030e-03,-4.296731123032360156e-03,5.370083626991417440e-03
1.692466994316298157e-02,-1.899575558266399303e-02,2.071085639500980669e-03
1.628981765254263608e-02,-1.832539439875029499e-02,2.035576746207625517e-03
2.213018693894236097e-02,-2.030388726510000755e-02,-1.826299673842264083e-03
8.270286008702960184e-03,-6.359618515913730181e-03,-1.910667492789218510e-03
-4.776638959538765869e-03,-4.322161695319071454e-04,5.208855129070689115e-03
5.167961966100198534e-03,-9.561927851515905977e-03,4.393965885415711779e-03
7.972295142820339658e-03,-9.253952805587366964e-03,1.281657662767033594e-03
6.004520017204644997e-03,-9.871142362105780541e-03,3.866622344901154192e-03
-4.760449592190007899e-03,-6.640440051346259767e-03,1.140088964353628068e-02
-6.275065627100778233e-03,3.208781074826456622e-03,3.066284552274314672e-03
-8.072511333417332902e-03,1.502427574286570094e-03,6.570083759130766927e-03
2.863301063735306483e-03,3.819346469245430212e-03,-6.682647532980743633e-03
-6.644743175957676861e-04,7.953367843023726597e-03,-7.288893525427979185e-03
-3.421376443420736171e-03,9.093232003406401601e-03,-5.671855559985675838e-03
2.519431434897882391e-03,-8.800402424848951730e-03,6.280970989951082349e-03
-1.290940030203651832e-03,-1.371359661129914302e-02,1.500453664150282543e-02
1.910436822473878665e-02,-2.172714559022645084e-02,2.622777365487699748e-03
-2.110288728589930236e-04,-5.640340357220362429e-03,5.851369230079356103e-03
-1.263633674276493785e-02,6.315078441205789796e-03,6.321258301559130703e-03
1.185124494376831907e-02,-2.125171444859750777e-02,9.400469504829287587e-03
4.707979332131495206e-03,-1.235560774445513925e-02,7.647628412323625828e-03
2.502892613811208075e-03,-2.535555233716946071e-03,3.266261990570916917e-05
-6.599913050151862484e-03,-1.700370789473279161e-03,8.300283839625164847e-03
1.024453312592247915e-03,1.505244029455950249e-03,-2.529697342048198381e-03
1.211622775337325292e-02,-1.685404678464313619e-02,4.737819031269937912e-03
-1.196706030061182174e-02,-1.067838602143169301e-02,2.264544632204360669e-02
-4.903208476822019414e-03,1.701668610502203582e-02,-1.211347762820002075e-02
-7.341868749495570300e-03,1.554258889660994555e-02,-8.200720147114383060e-03
1.822310262165907852e-03,1.703640773670169264e-02,-1.885871799886761763e-02
-4.971320727563736247e-03,2.356431660832832703e-02,-1.859299588076447282e-02
-1.765587342182068156e-02,3.108062208137664720e-02,-1.342474865955595523e-02
-6.056379523120406123e-03,1.246943006902717990e-02,-6.413050545906764238e-03
1.944433042114132029e-03,-1.405708623546435710e-03,-5.387244185676859105e-04
-1.774541873482802026e-02,3.084060225372052544e-02,-1.309518351889251558e-02
-1.056882354096855443e-02,2.134635692025256201e-02,-1.077753337928406829e-02
-8.165551971216027799e-03,1.581445457535650065e-02,-7.648902604140445094e-03
-4.714215187003020606e-03,1.111872090751577120e-02,-6.404505720512767945e-03
-1.561554626063463985e-02,1.341662969749971533e-02,2.198916563134888959e-03
-4.142759973621364111e-02,2.266773607125002407e-02,1.875986366496355112e-02
-2.133000738083624601e-02,1.840733159417632520e-02,2.922675786659941193e-03
-2.262874763361323593e-03,-9.428889601363252791e-04,3.205763723497647572e-03
-5.996573733679942154e-03,-8.035265392846779181e-03,1.403183912652673435e-02
3.064647520782802937e-03,-1.574546658615913128e-02,1.268081906537633745e-02
1.389290260714861648e-02,1.740250987507993823e-03,-1.563315359465659860e-02
1.623732503147194348e-02,1.216908294552637325e-03,-1.745423332602457842e-02
2.354916193945678221e-02,-6.724461420938693777e-03,-1.682470051851808410e-02
1.594731930865607786e-02,-4.776729040906061048e-03,-1.117059026775005237e-02
9.039982248329339956e-03,-6.459646290294526576e-03,-2.580335958034818151e-03
5.845621655492746517e-03,-7.779589993690878662e-03,1.933968338198118050e-03
1.050843793551374528e-02,-3.011939543008106731e-03,-7.496498392505638979e-03
-8.935554711600323871e-03,-7.634465436176420938e-04,9.699001255217949702e-03
-1.209701528287679233e-02,-3.740540570021615510e-03,1.583755585289842865e-02
-1.153258577575653684e-02,-9.947705032417823029e-03,2.148029080817441538e-02
-3.862739871988552995e-03,-1.076539550520467896e-02,1.462813537719325103e-02
1.086995914401304476e-02,-6.263817358498374732e-03,-4.606141785514645745e-03
-1.801783828830468394e-03,-6.674693466759476761e-04,2.469253175506429948e-03
-9.796948567959970489e-03,3.076290267740223409e-03,6.720658300219737105e-03
5.758177167167916402e-03,-6.340324702790764433e-03,5.821475356228354540e-04
1.208090906949537031e-02,-1.494843965221118003e-02,2.867530582715817084e-03
-1.524576362278751737e-04,1.372310670795263586e-03,-1.219853034567388358e-03
2.878820230031978091e-03,1.940071986859235632e-03,-4.818892216891220229e-03
-2.540842466737866859e-03,-1.203420378187241950e-02,1.457504624861026728e-02
-9.548186328977996060e-03,-3.829060008878511223e-03,1.337724633785655759e-02
-3.775562955637752627e-03,-6.537222525578552552e-03,1.031278548121633380e-02
2.610905412027485564e-02,-2.753000276833484153e-02,1.420948648059948589e-03
1.788917644489763578e-02,-1.584688162878765058e-02,-2.042294816109974792e-03
2.068719370947169969e-02,-2.627633174010584466e-02,5.589138030634151037e-03
-1.074640303326233459e-03,1.325524456117560838e-03,-2.508841527913201154e-04
-1.211806218609379725e-02,9.995622423859781489e-03,2.122439762234025733e-03
-5.587449327818617278e-03,5.693149657639257717e-04,5.018134362054696603e-03
2.746563962002202767e-03,4.435282558684069953e-03,-7.181846520686287032e-03
-4.037218451444742236e-03,5.050788137366554395e-03,-1.013569685921820399e-03
7.284796328968255047e-03,-1.723230777165499217e-02,9.947511442686754468e-03
-7.043185117215536306e-03,2.853542230057939857e-03,4.189642887157605557e-03
-9.226233210252031414e-03,3.587676789637764935e-04,8.867465531288240554e-03
-1.176546447151316944e-03,3.518724699883336599e-03,-2.342178252732012717e-03
7.761640467572896405e-03,-8.159283386980231310e-04,-6.945712128874851482e-03
-3.277063555307064852e-03,8.993716648526880325e-03,-5.716653093219790753e-03
-2.233654320270997071e-02,2.685496396580518141e-02,-4.518420763095239330e-03
6.446862239710252768e-03,-1.427852830448126872e-02,7.831666064771024630e-03
-2.008980037098106325e-03,-1.805282172221382296e-04,2.189508254320239513e-03
6.106618206688509479e-03,-9.450877988168647492e-03,3.344259781480119365e-03
-1.002824811286569424e-02,1.484222287946538113e-02,-4.813974766599683416e-03
2.418583274117011572e-02,-2.748673751040531243e-02,3.300904769235163752e-03
8.884809083542404354e-03,-1.264621476714523733e-02,3.761405683602859432e-03
1.175029966627583883e-02,-1.694261456241854397e-02,5.192314896142726822e-03
8.559725470792907062e-03,-7.227344355739424159e-03,-1.332381115053489625e-03
7.225592631211958435e-05,5.073614488993309982e-03,-5.145870415305420567e-03
2.165205885211442249e-02,-2.487633985798021197e-02,3.224281005865833275e-03
-1.120946324728512057e-02,-2.799358612753973484e-03,1.400882186003909145e-02
-4.595226739809813235e-03,1.176384578349327047e-02,-7.168619043683455497e-03
-4.243082391936044834e-03,2.140511810815760863e-02,-1.716203571622158114e-02
1.369377135740631850e-02,1.262772182550830555e-02,-2.632149318291464660e-02
-1.215844117466809062e-03,1.445822143958999141e-02,-1.324237732212319232e-02
-8.759377890040468892e-03,3.419031185724594191e-02,-2.543093396720543312e-02
1.310575567273086946e-02,3.151995953448673195e-03,-1.625775162617954656e-02
1.577886144488774289e-02,4.316999403303374821e-04,-1.621056138521807105e-02
3.765303874358638669e-03,2.217151969218340152e-02,-2.593682356654211651e-02
-7.791159335593290762e-03,3.698150408975954540e-02,-2.919034475416629887e-02
4.992935446750266550e-03,1.928730256385153066e-02,-2.428023801060178941e-02
-5.015277489845728736e-05,1.884316929980903860e-02,-1.879301652491053090e-02
-2.002744406774057545e-02,3.120628757620489205e-02,-1.117884350846436343e-02
-3.982158282638067343e-02,3.988941858035809085e-02,-6.783575397753318910e-05
-9.263650687982204202e-03,2.630408669868300117e-02,-1.704043601070080044e-02
4.496039551360582476e-03,1.101533794126505726e-02,-1.551137749262562239e-02
8.636806026014142573e-03,-1.422896262985580895e-03,-7.213909763028561462e-03
8.300258341779526150e-03,4.527637228869890208e-03,-1.282789557064941723e-02
3.068119093395947627e-02,-5.956057012477841521e-03,-2.472513392148158184e-02
1.830287492846839614e-02,4.937481676355340299e-03,-2.324035660482376420e-02
1.573155675920807559e-02,2.255830959794731061e-04,-1.595713985518749933e-02
1.591095422015824379e-02,-1.203281626891379791e-03,-1.470767259326683646e-02
1.589625803397616555e-02,-7.226417558235278919e-03,-8.669840475740922189e-03
7.540718781943243736e-03,-5.173072946454411285e-03,-2.367645835488796889e-03
8.591756444045505967e-03,-1.814923909817977871e-03,-6.776832534227519855e-03
-5.569770212019928453e-03,-6.030185506278647883e-04,6.172788762647815793e-03
-2.962254039037633471e-03,-7.783124863465071784e-03,1.074537890250274949e-02
2.037734426947145853e-03,-1.621636326925982724e-02,1.417862884231267315e-02
-2.299544034522968405e-03,-7.589778457431276167e-03,9.889322491954222888e-03
7.544735302513533651e-03,-1.479870709097187362e-02,7.253971788458349508e-03
1.055228167303725109e-02,-1.482574221620659889e-02,4.273460543169348667e-03
5.050896868729825955e-03,-3.442827487112699869e-03,-1.608069381617120664e-03
4.219324022558743059e-03,1.285241502780262420e-03,-5.504565525338995721e-03
7.711518777253751483e-03,-9.633666268113894732e-03,1.922147490860167968e-03
8.153321940697517978e-03,-1.870855499300700525e-02,1.055523305230947687e-02
4.612391210863426953e-03,-3.839866741104549629e-03,-7.725244697588867565e-04
-8.289594112936487375e-03,-1.425334864692751231e-02,2.254294275986395632e-02
-9.868085798063428241e-03,-1.556596851100356185e-02,2.543405430906698489e-02
-7.677615924598897926e-03,-1.334891809099135115e-02,2.102653401559040000e-02
-7.198379056174895874e-03,-1.093905080445305503e-02,1.813742986062796131e-02
1.894057192840719293e-03,-9.631183525492144348e-03,7.737126332651466688e-03
1.717991229977020723e-02,-2.751532317944322195e-02,1.033541087967300778e-02
-1.917236130325453668e-03,-1.404727248581135943e-02,1.596450861613684519e-02
-9.641762899561156369e-03,-7.452229216182121134e-04,1.038698582117941749e-02
-9.144019416624956514e-03,1.584620465772512482e-03,7.559398950852440346e-03
7.964687324347310970e-03,-1.138204522304392570e-02,3.417357898696625138e-03
-9.559089039294726975e-03,1.233105301153527428e-02,-2.771963972240531256e-03
6.425032256696581318e-03,-4.906070270153166553e-03,-1.518961986543410862e-03
1.483203868476798241e-02,-1.434152179013214318e-02,-4.905168946358795697e-04
8.168169915521399441e-03,3.327518609861767219e-03,-1.149568852538315582e-02
1.802409476089035859e-02,-2.990031873576601447e-03,-1.503406288731371811e-02
1.207672099363053288e-02,-2.107780155801652574e-04,-1.186594297805035857e-02
-1.940070724516960434e-03,1.768391794492143315e-02,-1.574384722040446383e-02
-1.373806632947856092e-02,2.980796645818052648e-02,-1.606990012870200893e-02
6.318879613998158208e-03,4.752635834584156838e-03,-1.107151544858230897e-02
1.814324464185441792e-03,1.000431886026868951e-02,-1.181864332445410094e-02
2.789040521519654467e-02,-2.194720513380984603e-02,-5.943200081386691702e-03
-2.561126002713683385e-03,1.642310444549173812e-02,-1.386197844277800746e-02
5.038228497339052731e-02,-4.558259389762130132e-02,-4.799691075769127110e-03
2.255873994065435428e-02,-1.734621768292319427e-02,-5.212522257731185167e-03
1.737116887913614169e-02,-2.697894418109940060e-02,9.607775301963173906e-03
6.255665984613364462e-03,-1.248165204049435546e-02,6.225986055880932887e-03
-6.700381180983625701e-03,7.949348570223243801e-03,-1.248967389239640001e-03
1.263432641349403543e-02,-2.164568563716351771e-02,9.011359223669386867e-03
-4.094963097157813120e-02,-1.561407776028062369e-02,5.656370873185857101e-02
-4.395718967893071788e-02,1.177014765317538347e-02,3.218704202575532747e-02
-1.207451947264340415e-02,1.231563071187324020e-02,-2.411112392298661307e-04
1.169775666860030719e-02,9.610187486069596968e-03,-2.130794415466993885e-02
1.701355508917001087e-03,8.483092177803845668e-03,-1.018444768672085998e-02
8.197638099983265954e-04,2.128567612034591369e-02,-2.210543993034426100e-02
2.810314149919966586e-02,-1.078086914909100712e-02,-1.732227235010870905e-02
2.511594398862163069e-02,-5.063696564628066867e-03,-2.005224742399350918e-02
2.392972933021006530e-03,1.143537284044964485e-02,-1.382834577347059023e-02
-1.893423230607760993e-02,3.141800443602790760e-02,-1.248377212995028379e-02
3.528467926109750928e-03,9.599680842138530110e-03,-1.312814876824822986e-02
-9.252482710983419081e-03,1.578095734536968248e-02,-6.528474634386317171e-03
-3.316505208295764812e-02,3.005519946622387320e-02,3.109852616733626163e-03
-3.610475960190804440e-02,2.946009185959351864e-02,6.644667742314378303e-03
-1.644145523406034121e-02,1.604982434632935828e-02,3.916308877310059632e-04
7.702649525482914775e-03,-6.214270149179413651e-04,-7.081222510564990323e-03
7.890192498124478163e-03,-2.511242557989216799e-03,-5.378949940135257894e-03
1.500425039373933693e-03,2.792415098300708118e-05,-1.528349190356933151e-03
9.106847222594407695e-03,-8.179223479057644254e-04,-8.288924874688635355e-03
2.143651171246100523e-03,7.802569292793087819e-04,-2.923908100525396837e-03
2.031701238098574183e-03,1.415306473988485036e-03,-3.447007712087051413e-03
7.185294921482814588e-03,-5.014776553360493147e-03,-2.170518368122316237e-03
4.037809513737090038e-03,-1.005727045876974451e-02,6.019460945032671824e-03
-3.991080258250885235e-03,-1.200086870821435829e-02,1.599194896646527822e-02
-9.745935903220467877e-03,-9.109507619275066317e-03,1.885544352249553246e-02
-1.597697316168332493e-02,-1.624307958931046512e-03,1.760128112061434824e-02
-2.535436776528112238e-02,1.322138516156818721e-03,2.403222924912417832e-02
-2.358240204043116767e-03,-7.224304237963948862e-03,9.582544442007047414e-03
1.226959694967023288e-03,-2.018164655221319978e-02,1.895468685724615784e-02
9.029582434681054579e-03,-1.678205608502627774e-02,7.752473650345228368e-03
-1.945308154820580377e-03,-1.380537155787370587e-02,1.575067971269433070e-02
-1.486587903932562633e-02,3.707800664280533494e-04,1.449509897289754171e-02
-3.602032703416890944e-03,1.136011518685667689e-03,2.466021184731233881e-03
5.947623009460412460e-03,-7.543099617843332209e-03,1.595476608382898065e-03
9.904334576473796531e-03,-9.019224342056833543e-03,-8.851102344169650476e-04
-1.736213097791575177e-02,2.192300083594445059e-03,1.516983089432133100e-02
1.201275604376110295e-04,-1.506787394341201070e-02,1.494774638297441914e-02
-2.385172914346367010e-02,-2.089552711356136572e-02,4.474725625702507398e-02
-2.732745022352721723e-02,-1.724640809765459748e-02,4.457385832118191532e-02
-2.169248598484824209e-02,-2.167300393981565557e-02,4.336548992466389418e-02
-2.206271118101413298e-02,-1.364535059728127185e-02,3.570806177829537881e-02
-1.315808556530053894e-02,-2.400959616926821166e-02,3.716768173456866386e-02
-1.539285697113740130e-02,-2.114551363587356680e-02,3.653837060701099759e-02
-1.917509270490044132e-02,-1.380258465995810695e-02,3.297767736485850837e-02
-1.896016769684579981e-02,-1.428575766953097716e-02,3.324592536637681339e-02
-1.971174389317366035e-02,-8.217002802930282318e-03,2.792874669610388022e-02
-1.140026061598092139e-02,-5.155866457060342967e-03,1.655612707304125047e-02
1.578905829005335321e-03,-1.325716034484795275e-02,1.167825451584262458e-02
9.412937587103369086e-03,-1.111269847132852033e-02,1.699760884225137367e-03
3.099237209941814713e-03,3.160688995476043216e-03,-6.259926205417861399e-03
-5.262196675237375797e-03,1.064699636102729892e-02,-5.384799685789914449e-03
-2.276471992940702627e-02,1.990922757852011879e-02,2.855492350886915717e-03
-3.579991178156545495e-02,4.170257019262150339e-02,-5.902658411055881037e-03
-2.370851273290213931e-02,2.858884162211595276e-02,-4.880328889213811708e-03
-1.622033542588861149e-02,1.411806892992224088e-02,2.102266495966407470e-03
-2.025287512119201480e-02,1.843669206104376485e-02,1.816183060148174712e-03
1.240594362294597346e-02,-1.247896250160316668e-02,7.301887865719986653e-05
8.046160441254172208e-03,4.942207968503758639e-03,-1.298836840975792911e-02
4.800384301572444695e-02,-3.862235694172379968e-02,-9.381486074000815537e-03
3.669658562487487091e-02,-2.147083208445169436e-02,-1.522575354042323900e-02
5.504360583206998996e-03,1.894965964598085409e-03,-7.399326547805110642e-03
2.039325920845035459e-02,-9.949326086825843046e-03,-1.044393312162449246e-02
-2.908359863057883741e-04,8.619760608569872196e-03,-8.328924622264099326e-03
1.500278387736688791e-02,-2.625421091582161304e-02,1.125142703845473900e-02
-5.342873475841124209e-02,9.166091524437151167e-03,4.426264323397407358e-02
-3.101404384293233660e-02,4.667113088181561523e-03,2.634693075475070395e-02
-1.074227648935892690e-02,1.022407222426438729e-02,5.182042650944717384e-04
1.773642691900180783e-03,8.345029471108513647e-03,-1.011867216300870419e-02
-1.102116848456591996e-02,1.275491059156877265e-02,-1.733742107002879786e-03
-7.206592623181462542e-03,1.396995519975906090e-02,-6.763362576577581879e-03
-1.458939135512567903e-02,2.968489243272331470e-03,1.162090211185334843e-02
-1.349540055899508574e-02,1.707808313018994301e-02,-3.582682571194842520e-03
-1.422545588066250789e-02,2.404702791833759207e-02,-9.821572037675070296e-03
-3.412802596322631749e-02,4.195563877273011943e-02,-7.827612809503619803e-03
-6.050478823482373196e-03,2.642873107109319081e-02,-2.037825224761083756e-02
-2.670832957322475526e-02,4.155006615937067993e-02,-1.484173658614604263e-02
-3.556196601881134872e-02,4.627927264576831706e-02,-1.071730662695691977e-02
-2.666172704833310106e-02,3.743261519360348982e-02,-1.077088814527039223e-02
-2.465297959483318466e-02,4.044177926561278585e-02,-1.578879967077957691e-02
-7.803625493963878279e-03,2.685982336223047273e-02,-1.905619786826654588e-02
-1.863824754921206747e-03,2.334335964220388832e-02,-2.147953488728262736e-02
-2.487068650905062753e-03,2.390788341926897501e-02,-2.142081476836385848e-02
-3.715156047747131271e-06,2.487087959871678647e-02,-2.486716444266908951e-02
-2.574318794451708331e-03,2.918466824928301132e-02,-2.661034945483127176e-02
5.403448876569521761e-03,2.223985801900105197e-02,-2.764330689557058240e-02
-1.445804502655645071e-02,4.354587302809665578e-02,-2.908782800154013221e-02
5.250147241067734498e-03,1.689031939082795766e-02,-2.214046663189578323e-02
4.017387375011628389e-03,1.428823314794474240e-02,-1.830562052295634651e-02
6.397461181327764122e-04,1.918188908889843086e-02,-1.982163520703119144e-02
-1.081743314037203647e-02,3.246987162994368487e-02,-2.165243848957162584e-02
-2.236067239898687289e-03,2.315258953181887139e-02,-2.091652229192019624e-02
-2.325298981428482268e-03,2.024607800317576242e-02,-1.792077902174723375e-02
3.308678976397289636e-03,1.993407918174145560e-02,-2.324275815813883414e-02
7.153699412585144343e-03,1.371547242279284526e-02,-2.086917183537803991e-02
3.782305976102357491e-03,2.873684515921030164e-02,-3.251915113531256285e-02
8.468799387882640015e-03,2.619035389156000940e-02,-3.465915327944268237e-02
-7.664305549999672271e-03,3.664131579956631662e-02,-2.897701024956660446e-02
-2.574171753478891357e-03,2.435259060189802136e-02,-2.177841884841914127e-02
2.875307137443228363e-03,1.926003603768248681e-02,-2.213534317512574554e-02
-6.864664155893689806e-03,3.432528638801079363e-02,-2.746062223211698933e-02
1.035716345170959590e-02,1.474557643038025036e-02,-2.510273988208978208e-02
3.442652289890793266e-03,1.671076781635047470e-02,-2.015342010624132651e-02
-6.650188712128268266e-03,2.277166662446469120e-02,-1.612147791233640645e-02
-5.539864346360061538e-03,2.541604316026074839e-02,-1.987617881390071894e-02
5.071689881539759477e-03,1.650050669686312782e-02,-2.157219657840287602e-02
3.689761787118616115e-03,1.209024980529556023e-02,-1.578001159241412474e-02
1.329443652645074039e-02,4.629985233787804744e-03,-1.792442176023860412e-02
1.287724049447763405e-02,1.683352516829050415e-03,-1.456059301130667796e-02
1.672105466093822337e-02,-3.181589951382003716e-05,-1.668923876142441864e-02
1.691088977329044396e-02,-3.867637587844204895e-03,-1.304325218544624514e-02
2.649960543749889028e-02,2.995691910221670584e-03,-2.949529734772053657e-02
2.914285651855322290e-02,7.352296804517303823e-03,-3.649515332307050330e-02
2.858191300553203709e-02,9.420952535871177091e-03,-3.800286554140332868e-02
3.852620404247560082e-02,-7.679692410336768152e-04,-3.775823480144189365e-02
2.559681450520625429e-02,4.556643882925477500e-03,-3.015345838813165980e-02
7.454933435995522197e-03,1.174264730361073913e-02,-1.919758073960630904e-02
-1.740285456402246994e-03,1.662114106156253879e-02,-1.488085560516026230e-02
-1.298889758626384054e-03,9.966240546136579878e-03,-8.667350787510208834e-03
2.360079581022108634e-03,-6.300293443581082668e-03,3.940213862558967529e-03
-1.203972113318427760e-02,6.628316397067278778e-03,5.411404736117000555e-03
5.834484763419075376e-03,-3.292747211935490720e-02,2.709298735593580407e-02
3.102701641965438951e-03,-2.196209316614498169e-02,1.885939152417952583e-02
3.680506314846907628e-02,-4.714265011548486595e-02,1.033758696701567170e-02
3.198551659010355486e-02,-4.293052834559082931e-02,1.094501175548719986e-02
2.754026313450631813e-02,-4.743069651870145120e-02,1.989043338419508797e-02
8.935811550350244645e-03,-4.342042104329818519e-02,3.448460949294798045e-02
8.202690981639981435e-03,-4.715437130691439716e-02,3.895168032527427521e-02
5.701188079256843538e-03,-6.491713855139098766e-02,5.921595047213396024e-02
