4.500063280117864127e-03,4.126282100805647897e-03,4.932650731033487446e-03,1.480346980505174888e-02,-4.713720948255925407e-03,-3.153279164481371816e-03,-2.049546580427142814e-02
3.830824256182558275e-03,3.205358403222322451e-03,4.223296866102126297e-03,1.619713665778092435e-02,-5.413381249243592007e-03,3.828793803370890252e-03,-2.587202873741520706e-02
3.888826604786357020e-03,2.683545197029781667e-03,3.911619602097920860e-03,1.255100982843172265e-02,-9.216699719511339470e-03,2.273819034736687672e-02,-3.655649186020131641e-02
3.386195684603018636e-03,1.951799343477227501e-03,2.361386994478176498e-03,1.984113452510938031e-03,-7.761532821048309008e-03,4.169569770495508421e-02,-4.361766035897621935e-02
2.247013232752314779e-03,1.354976030113431203e-03,8.425311815641351332e-04,3.240264523620263459e-02,-1.023044338182991543e-02,1.096681964410195498e-02,-3.758354194290455114e-02
1.240530178743061256e-03,1.782110514039283305e-03,2.881272966150690094e-03,-2.800639685585059376e-03,-9.276862859302540884e-03,3.907263803852575879e-02,-3.289904915257121226e-02
2.081621072699271161e-04,1.498451391255916157e-03,3.830194702849398780e-03,1.003160825071973579e-02,-8.975204199935625862e-03,2.523781719103384072e-02,-3.183102944319311095e-02
-2.797315428171654253e-03,-8.231633516790704333e-04,3.699671967155349593e-03,2.606761248777773182e-02,-1.146033238754350266e-02,2.006483668881658966e-02,-3.475130997635540731e-02
-7.861893891164466880e-03,-3.577325314674828418e-03,-2.779499733333613398e-03,2.891018348520425427e-02,-1.160461343380986103e-02,3.414869852924349442e-02,-3.723554964146487400e-02
1.153718220908524043e-02,-8.478268260475103901e-03,-8.272792423116332935e-03,3.347476213621526642e-02,-9.896801612083970523e-03,1.963017510375944866e-02,-3.799425715338460713e-02
-2.431539315626331851e-03,-2.065545796241810127e-03,5.692688630673304814e-03,1.427347352927622014e-02,-7.177477714902741855e-03,1.855983562235667683e-02,-2.685143495553539428e-02
1.176149167751180599e-02,5.968356329665665608e-03,-6.635682072243432109e-03,1.065079167821296469e-02,-6.200147127407665618e-03,7.257470754616478920e-03,-2.280228124035579146e-02
3.545771609459104357e-03,3.573359954082578477e-03,1.239382022301802055e-02,-1.080372372042868491e-02,-7.067510527948283987e-03,2.094515142164266042e-02,-2.258686895982541312e-02
1.272416604144004440e-02,5.368704950257032101e-03,1.334259410794031570e-03,-9.717025710588172299e-03,-4.602244781562138919e-03,1.333969095305745194e-02,-1.844755086339820022e-02
5.122985942808899566e-03,2.232991991320191875e-03,1.532325894471493755e-02,-8.509854362043961507e-03,-9.383583855470965795e-03,1.758114064352992584e-02,-2.236693930485910559e-02
1.469828225624465919e-02,6.971660342430756677e-03,4.404386474447977260e-04,2.541451265296684487e-03,-6.743365792293358821e-03,8.165110615203590924e-03,-2.607357733432718455e-02
1.046602353321779942e-02,2.577897761086801656e-03,1.637548852366173258e-02,-1.147840473923204124e-02,-5.290857939832112680e-03,8.497836865358168734e-03,-2.114798400426040267e-02
6.768691204941727074e-03,9.369731594563168731e-03,6.785126900405546828e-03,-7.781265056788567655e-03,-7.498564222419301824e-03,5.229712847723761923e-03,-1.287343326842627783e-02
4.061421165194997393e-03,6.369271108628437976e-03,1.584096441571924280e-02,-2.932237906839521568e-02,-6.916967952739539599e-03,1.600571141982161383e-02,-6.038021088229465587e-03
5.432152898107022766e-03,4.216722466448805801e-03,1.260705713122529763e-02,-1.777245936816796226e-02,-2.736898788565701648e-03,4.524140925673152992e-03,-6.270715264720629588e-03
1.987180516449002510e-02,5.522526843005489024e-03,-1.096599466242962478e-02,-2.100776015515784349e-03,2.159725366270959235e-03,-1.915656497584159379e-03,-1.257163019823689942e-02
9.819570744440364943e-03,6.204522705935786031e-03,-1.091786945643456221e-02,-1.046055106656526871e-03,-3.422834055088297238e-04,-6.184826958732415544e-03,2.466941476956212645e-03
-6.764944147335673341e-03,2.930912642282670118e-03,-2.617876271730610552e-03,1.347890345749129526e-02,-2.730606150516045379e-03,-5.596878762128269140e-05,-4.240420742570394884e-03
-9.410126124397033900e-03,1.023053238281809198e-02,6.375440217227705889e-03,9.192912178653124544e-03,-3.652961474646331062e-03,1.021267262925589035e-03,-1.375706444258112220e-02
1.411047223024743634e-02,9.899494744793993842e-03,2.298425106914933277e-03,-7.774867621551226696e-03,-8.266194509421283948e-03,-5.714685169036428682e-03,-4.552644781947383368e-03
1.092919069004579836e-02,3.454566801303954673e-03,1.315353408765671320e-02,-1.334879814619477530e-02,-6.422833790751938943e-03,-1.147808134130548496e-02,3.712421699245762458e-03
2.297495871924766508e-02,-2.915015121328994128e-03,7.271594547877475306e-03,-1.236758833738932882e-02,-6.919760385354340945e-03,-1.745230747915653066e-02,9.408118056103979138e-03
1.741302956919533323e-02,-3.429086336571180674e-03,1.266514488953632278e-02,-1.757433272879682651e-02,-4.654326486432248076e-03,-1.221876941119953187e-02,7.798340504268095122e-03
6.348067585311220271e-03,4.656901170333866660e-04,1.932631951811577403e-02,-1.966038877012033295e-02,-5.418821466718892581e-03,-7.726414521306066915e-03,6.665547537684824581e-03
7.371982514392168631e-03,4.972284268357761786e-03,-4.005571841355424871e-03,1.148770372381523099e-03,-8.019555246824489059e-03,2.234160870448077558e-03,-3.702070937399635359e-03
1.231292450707748530e-02,2.172740308712835071e-03,-1.764601467649055955e-02,1.509589918220968600e-02,-8.672184122360477102e-03,4.883651581540420124e-03,-8.147016780689391585e-03
8.476606973014274432e-03,-1.791370477546858422e-03,-1.258915431211948301e-02,1.426716520815388134e-02,-5.106789323120944531e-03,2.103465121516146646e-03,-5.359923189897045949e-03
-9.756581637847955291e-03,-3.176827762190556018e-03,7.718165147313449555e-03,2.367586005519538989e-02,-7.473337337060509747e-03,-7.508807621492764525e-03,-3.478470843917057763e-03
-3.402556799185884467e-02,-7.563758143158237288e-03,3.106570075490496657e-02,3.115134319957161418e-02,-1.054489662178947386e-02,-3.087158958922099714e-03,-6.995662238747896167e-03
-2.280747353488829510e-02,-5.564480923300530769e-03,1.089510478416194812e-02,3.433062133900142282e-02,-1.068940500748701873e-02,2.288398587511090206e-03,-8.452765244998694180e-03
-1.542678193719048893e-02,-3.817309863937101179e-03,1.372460708093367447e-02,2.102478795493646288e-02,-8.058613410978212460e-03,-7.698774819271157234e-03,2.520849955068288481e-04
-1.321741541977385255e-02,-6.863558383279952553e-03,1.475358888028000491e-02,2.448348071618224042e-02,-1.279783277884109435e-02,-5.403060717215577187e-03,-9.552022973516692680e-04
-1.279431672619855357e-03,-1.478323949574736470e-03,2.932894939847174604e-03,2.985636614306259526e-02,-1.214877860031880405e-02,-1.747537233146811628e-02,-4.073545289281274421e-04
1.935795465413454495e-04,1.559847805625359882e-03,6.719376428171523405e-03,2.030334601280458715e-02,-1.021079207874421579e-02,-9.736071697200338049e-03,-8.829286017198295297e-03
3.221383892099242106e-03,3.616436205470362295e-03,9.119192714323823973e-03,7.652310792264023324e-03,-7.506680093377251194e-03,-1.216553220840020655e-02,-3.937111302380063779e-03
-6.805195730195237385e-04,3.204332392625042995e-03,7.072069845120983883e-03,1.872319747366657863e-02,-4.712184001777725874e-03,-1.728644578524111269e-02,-6.320450351374275189e-03
8.443400032340292113e-03,2.759609005193002385e-03,4.660303181259349732e-03,8.123825465777520169e-03,-6.030145647363906181e-03,-2.205129030298532897e-02,4.094298265779074651e-03
8.535177981700278055e-03,2.901998483409319336e-03,4.004883805021773081e-03,3.057368524446947653e-03,-4.407570460442702606e-03,-2.014751382278541850e-02,6.055655488649837673e-03
4.154397117162057611e-03,5.059690496754954379e-03,1.624699021383611526e-03,9.836640621030448214e-03,-8.746188365261239883e-03,-6.251907107556718864e-03,-5.677331783513133584e-03
3.149496363295423151e-03,2.352297515198534163e-03,2.543715083919912898e-03,-2.862751702198701714e-03,-6.539421535788613252e-03,1.017799234989949335e-02,-8.821328074326045127e-03
3.861182392249634578e-03,-1.171033743730538182e-04,3.701714901728653815e-04,2.268034416871735418e-03,-1.019996315327754283e-02,1.308011062397925611e-02,-9.262432395622906961e-03
-1.194760276743396651e-03,1.823723716443960549e-03,2.355313654295939415e-03,2.015478569645715728e-02,-1.233261019216921363e-02,2.353132690086340469e-03,-1.315958528837071068e-02
-2.831070324889738577e-03,1.416499998879581579e-03,6.982899032692225973e-04,5.462470168348678573e-02,-1.355617272998719224e-02,-2.075952396335856501e-02,-1.959272456740009452e-02
-2.081678884826685554e-04,4.157888825025941003e-03,-4.707304680891273422e-04,1.752577671284302405e-02,-1.589774274169778942e-02,8.473064999133500530e-03,-1.358008943873290249e-02
3.229756931647263969e-03,2.526344850853336817e-03,3.580927625723664097e-03,1.964053672584649413e-02,-1.611167610208094625e-02,7.622806517257602456e-05,-1.294211809716246282e-02
4.523959768699099306e-03,1.718644115447589714e-03,3.985124240261601891e-03,2.130893365396024225e-02,-1.611650943273284717e-02,-3.227356894913733197e-03,-1.219279545072192092e-02
1.741333664420242422e-03,-8.937455941020790986e-04,4.651696619294868294e-03,8.988374793918200642e-03,-1.901580674759425355e-02,2.596319280466491061e-02,-2.143504554060195536e-02
1.385669147873587253e-03,-1.032894071244737670e-03,4.823948668554719175e-03,1.313900130449217364e-02,-2.056996378737729197e-02,3.201995985080276913e-02,-2.976572111310122476e-02
2.193092342268321109e-03,2.732708712764251192e-03,4.974357939710553726e-03,7.259186267504256530e-03,-1.716146914885783789e-02,3.036559101511407052e-02,-3.036346712850356705e-02
2.325246784667582643e-03,3.201677745902142998e-03,4.605290076974534116e-03,1.121172867036261331e-02,-1.919299256870818371e-02,2.656589409517869788e-02,-2.871684480437751430e-02
2.190601077435067393e-03,3.086225993672152106e-03,5.251738585961375494e-03,9.835606481624140085e-03,-1.875441204272149803e-02,2.623470208389477518e-02,-2.784446217986599054e-02
2.753666806297130291e-03,3.356675270848436931e-03,5.761416398841172869e-03,1.030375192072263864e-02,-2.239306673780191992e-02,3.039884855526128402e-02,-3.018129221416880267e-02
3.002001001040480004e-03,3.381310908563674167e-03,6.796487629500076559e-03,9.205388250575720008e-03,-2.578422294355857750e-02,3.897241909797181936e-02,-3.557338394409322729e-02
3.345667836138680948e-03,3.137825619445322196e-03,6.602653240380307667e-03,1.906631626471819163e-02,-2.688168259206651436e-02,3.155541000190546091e-02,-3.682619037052145550e-02
2.940945891289749401e-03,3.320193631616803059e-03,6.084953519516659443e-03,1.057333169815683448e-02,-2.145560347807491317e-02,2.969801947764522804e-02,-3.116184074015030531e-02
4.789537897190420009e-03,2.706455100806899692e-03,6.044070486615479160e-03,7.866930305326032963e-03,-2.826502810541682564e-02,4.480599468176424405e-02,-3.794796036628627495e-02
4.040857241196654792e-03,2.579107917209761021e-03,5.845156132132009116e-03,1.205503266082274226e-02,-2.091840864038795045e-02,2.888089911954151712e-02,-3.248264443051465666e-02
3.729866625112525196e-03,2.575492267626617020e-03,5.991915460002539967e-03,1.177523300672929027e-02,-1.311050763009001356e-02,1.120924327616588771e-02,-2.217124300554682362e-02
5.279997443697495227e-03,3.962558328060873311e-03,4.426327443382177301e-04,2.702419266420116872e-02,-5.783136944477526055e-03,-1.438597096945457704e-02,-1.654027326636558007e-02
1.839030258878148480e-03,4.099228643730672833e-03,3.064466614963900180e-03,1.208888413867864955e-02,-4.680995139016612752e-03,-2.263692286886260022e-02,6.226308351627921067e-03
-7.635085045404421331e-03,3.355900011625155034e-03,-1.226688940718401047e-03,4.613048333125694539e-02,-1.509506001362488810e-02,-2.134738519860062203e-02,-4.182164144533571243e-03
1.363191072544404979e-04,2.068435759555639717e-03,-1.001186469808088963e-03,2.179159543205107935e-02,-2.663480145850521605e-02,-2.438112095397852470e-03,6.077749724850007619e-03
-3.197109571434800473e-04,8.677189000086414682e-04,-1.047659955126800180e-03,2.670886800891569129e-02,-3.128623008676510980e-03,-2.630955189799166413e-02,3.228958910014085009e-03
-3.526017173003627696e-03,8.672002437938934301e-04,-2.113831143465476087e-03,2.410214588024700219e-02,5.409538631861087951e-03,-2.716631318978425871e-02,2.427276750351470540e-03
-6.105388160070860000e-03,-6.738620705010733023e-04,-3.070031845994236879e-03,1.207342527910323059e-02,4.996778907105616646e-03,-3.060715873901769836e-03,-4.160206235740937682e-03
-7.036681698003846921e-03,-3.722274120658081642e-04,4.051124944962177649e-03,7.555790603418398310e-03,3.910984122529776418e-03,4.021017344483799119e-03,-1.213000790532451148e-02
-1.392233824976395890e-02,-4.012784245285424059e-03,-3.149858030685247917e-03,3.022280957071479118e-02,-5.838357352553415077e-06,7.343394180277798382e-03,-1.647538486790539256e-02
-5.862328053902161364e-03,-3.938930629179127410e-03,-2.565468750536330569e-03,2.448155061347248238e-02,7.210618159973956193e-03,-6.629037640524352258e-03,-1.269640369930446523e-02
6.310179257267065252e-03,-8.881007623785725988e-03,-7.222346320889797520e-03,2.206732462544569798e-02,-4.459381954616755978e-04,-8.583710088255381773e-03,-3.244501654320152209e-03
5.382887853195878793e-03,8.820108278757340242e-04,2.298776475069184717e-03,5.952377126172136122e-03,2.852358231212576254e-04,-9.895003224058928834e-03,-4.906284881375271717e-03
7.758740986245109099e-03,1.052907819929321809e-02,-5.700732567071187772e-03,3.051279328091308085e-03,-2.486561003114093923e-04,-1.117817898479143111e-02,-4.211530861455587207e-03
1.069377310181672883e-02,-8.749478213188858914e-04,8.761603386668394972e-03,5.012374980027729104e-03,-6.186394892797739825e-03,-9.151107790570815748e-03,-8.255300963825432797e-03
1.233423521241625714e-02,7.244381925905327493e-03,7.738540651030054868e-03,-1.939868652446332178e-03,-4.985447747689152401e-03,-7.775358082285192124e-03,-1.261648330693095413e-02
1.804958584365869492e-02,5.120247085582146918e-03,1.032975342816895570e-02,-4.734850151431055712e-03,-2.568000008068187581e-03,-1.538370386121650814e-02,-1.081303233669394376e-02
1.800734996491347439e-02,7.877489927664045946e-03,7.811929125175496279e-03,-1.249380872493018220e-02,-3.292469567771140124e-03,-1.846971786108616079e-02,5.592271360345428197e-04
1.071225630653993392e-02,6.796167891391241729e-03,1.307571903725218004e-02,-2.317397483823002008e-02,-6.847595565024988326e-03,-9.800327444760481219e-03,9.237754612832228471e-03
7.623418704125217195e-03,1.014898924764564420e-02,7.159565764012441533e-03,-1.243784490775636485e-02,-3.822967208141853177e-03,-1.148495151907141971e-02,2.813789919186292753e-03
1.340999507515356140e-02,-4.665879390913875760e-04,-5.563737483970469626e-03,-2.196037007306405990e-03,2.723561385299045484e-03,-6.846102522977377293e-03,-1.061091507107018170e-03
1.172265091848208839e-02,-2.228526743189785091e-03,-8.335795719859335345e-03,-1.162098013067557056e-02,3.626823065013823474e-04,6.414778249961018350e-03,3.685191118780262957e-03
4.095247845755029675e-02,-6.187066150122526136e-03,-2.675094483788320598e-02,-2.287179699679125697e-03,-1.176953246432773390e-03,1.769698429802281977e-03,-6.320032953235106901e-03
2.141408455700679822e-02,2.705984414497748878e-03,-7.722019228247302240e-03,-1.544986935123116890e-03,-3.098773292768552869e-03,-6.019152522482678486e-03,-5.735136992882942583e-03
3.054966497559206181e-03,-3.872856724450731650e-03,2.984387834034980119e-02,-1.780141457438656066e-02,-5.825627568694250434e-03,-1.913657571418310444e-02,1.373762974380562940e-02
1.426491820684608509e-02,3.703061641357743503e-03,2.941897645033934167e-02,-3.245807408380690928e-02,-7.264441016751556693e-03,-1.453469119958067726e-02,6.870250001595990322e-03
2.037283574618132045e-02,6.750310980322377780e-03,3.971821483451204449e-02,-5.596247413818926375e-02,-9.234259299230966264e-03,-1.056685845860237324e-02,8.922230335007032276e-03
-1.322709476767023034e-03,1.792768771208911802e-02,4.167655918347810268e-02,-4.016708729399029454e-02,-1.027675319378599898e-02,-1.096165089321239454e-02,3.123953962188492136e-03
-4.747241559638671476e-03,1.458067888535066921e-02,3.385348564258783277e-02,-2.325911704483130116e-02,-5.023287654252354094e-03,-2.576576072604506995e-02,1.036124245682881057e-02
1.258070203172779187e-03,1.668952198503157250e-02,3.014078689389149482e-02,-3.156536200906376322e-02,-4.830837991728603579e-04,-3.458994310618063867e-02,1.855000983232139161e-02
-7.565784573159521458e-03,8.820488250718487230e-03,2.547381579156760001e-02,-2.648308207974244856e-03,-3.901776841486933548e-03,-3.597483636747181301e-02,1.579640194780649112e-02
3.564677826021241461e-03,4.050973396659376708e-04,1.595730141027616733e-02,-2.417164399842726061e-03,-2.310492943020352706e-03,-2.647808069226573538e-02,1.127866145916536431e-02
4.996141502163791402e-03,-7.197869418168532755e-03,1.403746675019830643e-02,4.145923778858151727e-03,-2.477576690290562121e-03,-2.060473053813641209e-02,7.100644615375189747e-03
1.624188124861102034e-02,-5.252620242880002947e-03,-7.965248749090813110e-03,1.989150576056911493e-02,-8.402011501340794428e-03,-1.366492339072977735e-02,-8.485831251387863537e-04
1.122122571711105764e-02,-4.060087390519872066e-03,-1.360259868129443279e-02,2.759324971948495450e-02,-1.448225661352381226e-02,-3.936602574888752037e-03,-2.732930176369166402e-03
4.928658897255555268e-03,-5.846873056632025285e-03,6.175217829992510690e-03,7.155747885083882549e-03,-1.102449076652334964e-02,-8.435764236067346119e-04,-5.446843655698126261e-04
-6.894222828084818795e-03,-5.889477856050415183e-03,9.651737033259397483e-03,1.257387353888337472e-02,-1.166721851476661478e-02,3.013104001603197999e-03,-7.877953748440989995e-04
-2.015549383955148738e-02,-4.093181019336744435e-03,9.464093430020921460e-03,3.509215032946428475e-02,-1.590265690206430285e-02,-1.035259076106453263e-02,5.947678762531894044e-03
-5.386549211517982841e-03,-4.265757729206610255e-03,2.397536101782684302e-03,1.329757008920113767e-02,-9.074146041538652674e-03,-5.113703242117971330e-03,8.145050033397382983e-03
4.749556601705793094e-03,-4.707319947416130530e-03,-1.058270845167540337e-02,3.007712062927184529e-02,-2.047703728808290824e-02,-3.783516356609310013e-03,4.723904812806122878e-03
1.479077050572308490e-02,-2.411381631585021029e-03,-1.354191260851207723e-02,2.030465117398034397e-02,-1.985075381903213601e-02,-1.385442775312080129e-03,2.094069154737809857e-03
2.258387577928400169e-02,-6.839810923298363316e-04,-8.830165275781893044e-03,1.011653558153850253e-02,-1.496165377365625722e-02,-1.695162259669902652e-02,8.727011377644557782e-03
2.931440856954504320e-03,-3.618133253985459990e-04,1.985105544418201522e-03,2.537646017413535890e-02,-1.399079792013266377e-02,-2.672089722447982749e-02,1.078050189450295224e-02
6.712251695148381591e-04,6.343893825217204220e-04,3.478963618029935669e-03,1.879211636326597393e-02,-1.103429183467394270e-02,-2.543759145528347657e-02,1.289518875662502839e-02
4.639122288051418519e-03,3.154245767219780727e-03,3.960723347079812134e-03,1.769598498239243617e-02,-5.945001464662921092e-03,-2.975259165498290309e-02,6.247516734902362756e-03
4.768112512065524229e-03,5.077980104021093989e-03,4.623513563677141523e-03,1.011255362858122682e-02,-1.540511684306803113e-03,-2.114828980618108437e-02,-1.893358317857111442e-03
7.460311068081133465e-03,4.308963746094066592e-03,2.460476110123280789e-03,-4.616025044536747717e-03,2.506118388680903756e-03,-1.430200917394738522e-02,2.182164905504734888e-03
9.389167729752695467e-04,9.896912090168316287e-04,-1.267985580409990046e-04,1.623783986895396087e-03,8.332356541787219219e-04,-5.830616055576348482e-03,1.571786990551122393e-03
1.298121084257998752e-03,1.039237725075439290e-03,-5.854836267431338774e-04,-8.588105063532332564e-03,1.481105806434979046e-03,-3.287970638282837043e-03,8.643094712789897022e-03
-1.003046504435875161e-02,1.753625667017399406e-03,-3.077291480662666581e-03,4.865865386033459139e-03,1.639280929229973253e-03,-6.111901766056707097e-03,1.096088630879733100e-02
-5.039502015769568334e-03,2.244296200037207943e-03,-4.766483433752908769e-03,2.772620888015804239e-02,1.429722503696990933e-04,-1.976385828045300677e-02,-5.436336005894881534e-04
-1.846716956632130373e-04,7.022946942776370173e-04,-5.334404026599694724e-03,1.850003113244681405e-02,9.458140286430294710e-04,-7.652231811533734968e-03,-6.976832321570826043e-03
4.300637440837482353e-03,1.221644518299927094e-03,1.719675948539600534e-03,8.782938946036935104e-03,7.012888454284440468e-04,-4.361642478824305502e-03,-1.236454322031808536e-02
5.803175948618534679e-04,9.203997459107108236e-04,2.168286499571508031e-03,2.076737082060552131e-02,-8.817843061056735094e-04,-1.015620244969325445e-02,-1.339838790515066047e-02
-1.126541360175048424e-03,-1.386240783879421181e-03,1.568694864522473609e-03,1.015189426453466832e-02,-1.764159409117338701e-03,2.061564403997958022e-03,-9.505211979883246981e-03
-1.908960230341465647e-03,-1.006982151473928035e-03,1.167528474739874507e-03,8.265785808473062254e-03,1.738357057466105061e-03,7.416225405419293003e-03,-1.567195436428295632e-02
-1.276630069007606439e-03,2.085849569669381409e-03,-5.422436686501000430e-05,1.321601152255418021e-02,3.194333128711157339e-03,1.988999323187993866e-04,-1.736423971738094638e-02
-2.745220150692360972e-03,1.808132373294451178e-03,8.601700271745198222e-05,1.036059392639897270e-02,5.229302765608318838e-03,-1.090811841527277674e-03,-1.364801407579952636e-02
-2.528437868788071998e-03,1.646789700756618379e-03,-5.625443398287069765e-05,5.477394240726308691e-03,-2.994577999128802698e-03,6.082921671370595217e-03,-7.627835310953768287e-03
-3.531217528627944493e-03,8.703992098220059061e-04,-8.447615770831983645e-04,4.616918828966245711e-03,-2.880235799213370917e-03,1.026579867968459465e-02,-8.496901813548304525e-03
-3.913454691737807030e-03,6.862851491544134496e-04,-2.365969245707735889e-04,5.651558907581751392e-04,-1.344783189609137855e-03,1.081512956566876328e-02,-6.571735799663619600e-03
-2.862444064114028335e-03,1.485436195937495964e-03,-4.964028847724102390e-04,2.112961221670411893e-02,-3.284171306994437909e-03,-1.607778647424314492e-02,1.057563174824393811e-04
-2.781792168351633577e-04,6.340848031784132458e-04,2.875765053538752820e-04,2.732548350371901899e-02,-1.192605516425753256e-02,-2.145340735766110285e-02,5.410496926502555114e-03
6.028340556200449283e-04,2.471769237025924892e-03,9.827849566973331178e-04,2.822325618143645305e-03,-2.932670290166902033e-02,1.329100894062964361e-02,9.155980093552373508e-03
-2.716400754446991316e-03,1.783040447246041910e-03,1.497703638838443268e-03,1.970350534296680736e-02,-2.347409600496475068e-02,1.786019496784343823e-04,3.027645380682015674e-03
2.467747722439146869e-03,3.889065041625559913e-03,1.879117953139870225e-03,1.515564617543859946e-02,-6.388965318715934642e-03,-2.677749243058978948e-02,9.774880856662535727e-03
1.279126147347225571e-03,2.794409572172066106e-03,5.277315275813693586e-04,-1.479662791568705192e-02,-4.880593814010082340e-03,5.890222916139710614e-03,9.185731566456769442e-03
6.498156594658640629e-04,2.692443243821277497e-03,7.687714881340903476e-04,-6.070874366304869658e-03,-9.632643335646645655e-03,4.381228764159922871e-03,7.211258546370335164e-03
-7.984951692892886194e-04,2.545034762797852498e-03,-2.519879987648653659e-04,-3.404027044092987082e-03,-2.319791884355253131e-02,9.352281150043668945e-03,1.575511314285818823e-02
-7.837154596303956338e-04,2.691669901992235076e-03,6.640021353104400611e-04,5.012116783427265389e-03,-1.714239982846638144e-02,-3.408392414333744937e-03,1.296671888170058615e-02
-8.803470447889040831e-03,-1.290526670720776184e-03,-4.224319986962345869e-03,3.521032451499932214e-02,3.121436163950279136e-03,-3.123190186709640451e-02,7.218458293718966329e-03
-7.951542178510469239e-03,-2.367512505536567850e-04,5.070445360578094756e-04,2.948650592998743394e-02,6.575598989668391715e-03,-3.219962942783451826e-02,3.818773401185018932e-03
-9.028072126031422978e-03,-1.239720198824166911e-03,-6.300232406958754338e-06,3.216162643404266858e-02,2.105607374642114431e-03,-2.689911037415355227e-02,2.905969122731393191e-03
-1.549643690357218641e-02,-4.174446223286376427e-03,-5.446731591363248096e-03,4.595130860843723436e-02,3.494990362298577868e-04,-2.370553885568968053e-02,2.522345929244313497e-03
6.837437330868158638e-04,-7.967018901045315807e-03,-7.712027717233698419e-03,3.303383616044683335e-02,-6.118883280890259277e-03,-1.482085834611460845e-02,2.901208351750172564e-03
3.984649664403765341e-03,-7.363507098007733044e-03,-2.682408271430027601e-03,3.279069654262919964e-02,-2.404805054344291530e-03,-2.846473148525705335e-02,4.140105702006144014e-03
6.986325399514693724e-03,6.342849082481921696e-03,-3.899083454153812016e-03,1.746167588904425430e-02,-5.126090844283641185e-05,-3.246997371769897583e-02,5.629467709254740854e-03
6.695338780410965349e-03,6.938431795789901102e-03,-7.692282388173899647e-04,1.492364789405098598e-02,-3.760116818832378183e-03,-2.589439623372037647e-02,1.866322821118280044e-03
1.452354560307356733e-02,3.602242922959260959e-03,2.569781172032819996e-03,5.913116124573349411e-03,-5.731886554790652927e-03,-1.801265119725502586e-02,-2.864148070593299390e-03
1.457841236627028560e-02,5.779042235324082996e-03,5.297250911890280176e-03,-6.758478418636469295e-03,-6.329483603121187872e-03,-1.352162904780661312e-02,9.548855560795913803e-04
3.955798673325888748e-02,3.344017428265063079e-03,-2.530801972449754893e-03,-2.211173610714958077e-02,-9.262167393498122944e-03,-2.110119164429297492e-02,1.210389295586635806e-02
9.202547198788966348e-03,6.976347910807835333e-03,1.399648916745131234e-02,-5.282791182602056095e-03,-1.112085932976818702e-02,-2.820733930396701269e-02,1.443560553928920076e-02
1.789578861135854250e-03,3.923885843751526332e-03,1.143781135570840803e-02,1.313698695367813800e-02,-1.476667137214945566e-02,-2.898475067908204764e-02,1.346315903695760770e-02
2.747676387764175047e-03,4.384933977852388184e-03,3.768397302119537440e-03,-1.147193740046327341e-02,-1.011120070744701317e-02,7.539130669624419072e-03,3.142999770549808475e-03
3.692196218543961073e-02,-2.431061221583475946e-03,-1.253932465878052245e-02,-1.251519231148944325e-02,-3.671604443930669322e-03,-4.719296324399295181e-03,-1.045483225256188097e-03
4.939670020285327756e-02,-7.449228800323820033e-04,-4.196513223840943850e-03,-1.497781155262584152e-02,-3.808968763324677154e-03,-2.338637876270591165e-02,-2.282105020323544915e-03
2.616615866906062127e-02,1.369809875140570385e-02,9.963810282871504026e-03,-2.102222511773469207e-02,-7.696600023550080778e-03,-2.643937089715934011e-02,5.330128335106476371e-03
2.007964202531878004e-02,1.925593217243649555e-02,3.253622809524359810e-02,-5.718771595897968046e-02,-8.937099652131214045e-03,-5.411021651011476731e-03,-3.359650308764331643e-04
1.654281891489011933e-02,1.539939290938665759e-02,5.512094786891101605e-02,-5.933231768320323257e-02,-8.896981358333572870e-03,-1.919397410631204157e-02,3.601134546612890452e-04
3.579438920398862745e-02,1.554235297041774329e-02,4.367318881266026714e-02,-5.242068407656900325e-02,-7.390491713882970867e-03,-2.599181306950965401e-02,-9.206942127105089552e-03
3.254889784041770789e-02,2.397042609814647313e-02,4.665914392762647578e-02,-5.749385949597039108e-02,-5.712584589991781710e-03,-2.857829109064589576e-02,-1.139373268958244340e-02
4.258733067740165523e-02,4.472416910680950680e-02,1.719941172511197866e-02,-6.747623602757672756e-02,-2.546648987750929649e-04,-1.625440690889797327e-02,-2.052560367407320688e-02
3.546451415174145527e-02,3.503731594256252746e-02,6.479700439748437013e-03,-3.238340883494190275e-02,-1.413825267625857737e-03,-1.913259845783464239e-02,-2.405169797364984513e-02
3.318029076110341757e-02,2.065214633443370959e-02,1.764626151224752380e-03,-1.201448285599120321e-02,3.147533914994985263e-03,-2.516701131342169093e-02,-2.156310299234395420e-02
3.325831591886119210e-02,1.317389485378180417e-02,3.015258091767907336e-03,-1.667888502010362282e-03,4.003744138847131762e-03,-3.732041628660941884e-02,-1.446290821463849796e-02
4.039009800449962911e-03,2.476941374802610341e-02,2.555239120946588283e-02,-2.111698843323908496e-03,4.254486985785769127e-04,-4.375840523576032121e-02,-8.916159377436271363e-03
8.472423358954343439e-03,1.420789600085639766e-02,1.519920855892488432e-02,4.302197260729676356e-03,-1.629380864174138650e-03,-3.710783681910889004e-02,-3.444507496182280023e-03
3.183288116638532256e-02,-2.414417471625847616e-03,3.807916223331659321e-03,-3.539304660288297624e-03,-3.903613409246501492e-03,-2.259473801289801215e-02,-3.188723835658370271e-03
1.877508537250150225e-02,-1.068586052776816613e-02,1.566609943173644104e-02,-1.411499663616554373e-03,-6.186611555942289446e-03,-1.232742021548278305e-02,-3.829792841428173930e-03
-1.516473203499249175e-02,-1.468978652962590545e-02,3.277035785859603451e-02,3.177916125543919692e-03,-8.423198306737668048e-03,-5.800631469538336700e-04,2.909506034170058347e-03
-6.005790837217681900e-03,-1.522192076297148970e-02,2.382566909764358143e-02,3.744887935004286798e-03,-3.293025137256398727e-03,-5.947399570366651393e-03,2.897579275164346123e-03
1.108234173712775543e-02,-1.098442009202464133e-02,1.649411378056140146e-02,-1.422369496026995020e-03,-2.882437970698891339e-03,-7.618421697790299721e-03,-4.668806261148223009e-03
4.066112157043470440e-03,-1.110704239704260812e-02,2.136974857124248825e-02,1.336379773885823215e-04,-1.248477374214729957e-03,-2.078066352813527900e-03,-1.113591258160364847e-02
1.467590783939047225e-02,-9.623192617117005965e-03,1.833242560771588744e-02,-5.438782802132773042e-03,-5.875710448699674772e-03,-4.381540053453933511e-04,-1.163249357381151636e-02
3.683255099339002164e-02,-8.558434468964638137e-03,6.384728322773807027e-05,-5.725376257092099248e-03,-9.550359986412846822e-03,-2.144726424023340322e-03,-1.091750114012490780e-02
3.718976387390413030e-02,-4.665844200621376871e-03,-8.818504350723442922e-03,1.544160812286274158e-02,-2.752623254481917706e-02,-1.076112056214969387e-02,-8.596703384531398503e-04
2.337870401924398850e-02,-2.661265862146809571e-03,-1.419353628040145171e-02,1.274882710056017424e-03,-2.336574957677384212e-02,1.382623969697000139e-02,1.740725293052053368e-03
1.157402872005353599e-02,-1.212754457536580803e-03,-7.755123937277292288e-03,-8.829887731934409913e-05,-1.822070734809270662e-02,8.368453269014634877e-03,7.334402631157760019e-03
1.289968297704278608e-03,-1.959512973123329806e-03,-5.919313194160953639e-03,1.159067099113120572e-02,-1.669833584049961947e-02,-1.683094447437435840e-03,1.337961716638587546e-02
2.661930263586930346e-03,1.156551295966385968e-03,-1.452731357314354177e-03,1.720604178045394761e-03,-1.378690046132200787e-02,-1.292348101683311531e-02,2.262402709787078234e-02
5.759392067185016562e-03,3.242323482002826187e-03,-9.734847148494653671e-04,8.369121707875229119e-03,-1.050933815613583518e-02,-2.412309746703457727e-02,1.823508308095678210e-02
5.546106554248562276e-03,2.041108587634542400e-03,-3.144961052101052684e-04,9.428122800407792714e-03,-1.102843646173313000e-02,-1.710491482994008772e-02,1.143250945459244224e-02
1.466802063493786524e-03,5.225173582479134427e-04,-6.416708366181257976e-04,1.423354145697062340e-02,-8.635535794941645235e-03,-1.165382508233494575e-02,4.708170835182402640e-03
-5.371124998442404833e-03,6.528531414477863233e-04,-1.793483257605326840e-03,1.207810379489556579e-02,-6.605713078349150988e-03,-4.022826562502084154e-03,5.062190960555609277e-03
-8.757540537599951824e-03,3.131277488911919215e-03,-4.659910417085488289e-03,2.703252451846117118e-03,-4.160055420435059340e-03,3.489071262119236311e-03,8.253905172243190813e-03
-5.129332055200113913e-03,1.511994823180033698e-03,-8.741251075328904802e-03,2.974964936643676935e-02,-3.269792985541153559e-03,-1.707492450115374524e-02,2.953656427607030330e-03
3.654567161922060888e-03,1.008477313343668965e-03,-1.464965392064685051e-05,1.079899099244833148e-02,-8.488000928339058506e-04,-1.180358008103658818e-02,-2.795005639922890431e-03
2.831461091392940485e-03,1.494777231444185516e-03,2.046663968643253062e-03,3.058595633993715490e-04,1.794160483439937760e-03,-1.129160104345021919e-02,2.818678705130531030e-03
-1.522867084751186768e-03,-1.861926229636963167e-03,1.281552060747130671e-03,8.244232436629923833e-03,2.129118486477391079e-03,-1.417400568686369607e-02,5.903896017397367892e-03
-3.553113971742084907e-03,-1.898713887205281036e-03,3.644404807698439124e-04,-2.820310653518423322e-03,7.268260204130097719e-03,-7.656200909555094594e-03,8.295638737120926073e-03
-3.112890679683427697e-03,3.380450856727923534e-04,-3.844410633889758862e-04,3.103069824869528204e-02,7.092255609985555556e-03,-2.755898412624617141e-02,-7.404683075035014238e-03
-3.425300604037532278e-03,7.438137865094610361e-04,-1.507913308665333792e-03,3.184308650211219172e-02,6.936224586520273704e-03,-1.045192017230055920e-02,-2.413799079013844232e-02
-4.192087663112262740e-03,1.035438097988684294e-03,-5.246078070907571420e-04,2.794428652741389255e-02,8.974059390968826266e-03,-1.853452494331363914e-02,-1.470256360285483906e-02
-4.415866941753250098e-03,7.297222152752612986e-04,-2.136555591625063661e-03,2.639856330857064462e-02,1.393554714454833636e-02,-2.710134652293123489e-02,-7.410063612084706423e-03
-4.662815627250614138e-03,2.907466806544633858e-04,-2.751632040122479073e-03,2.422565214321787536e-02,1.416780527841256417e-02,-2.605861150198877235e-02,-5.211144932922994952e-03
-6.557201058808231203e-03,-1.304095566008331474e-03,-5.193887080225671922e-03,1.837135374667424326e-02,1.547883172040910756e-02,-2.129167968073485823e-02,4.966779186937498192e-04
-4.577243959215159495e-03,-1.691967735213075049e-03,-3.856677188473823115e-03,1.366260655780045588e-02,-1.290750548937623886e-02,4.913530952293236609e-03,4.457256862184575189e-03
-2.091389146238519791e-05,7.512418521039492892e-04,-2.820037395213379448e-03,-4.180995754944506933e-03,-1.248138730923058042e-02,4.915696182264820205e-03,1.383639631648204797e-02
-4.492133298208983265e-03,-1.779049267539145563e-03,-3.086033316754860801e-03,-1.633546659840453760e-02,-2.248281818146249944e-03,1.837247420545929169e-02,9.568490093594523432e-03
1.605029773137161230e-04,1.347681750493191343e-03,-2.341189192053000703e-03,-1.104779117457629564e-02,7.899473255111181050e-03,-8.472248061362616309e-03,1.245357044507384124e-02
-1.667015350161208450e-04,2.163215841816895288e-03,-5.598859026976699604e-04,-5.268109017774766888e-03,-1.120731592510931405e-03,5.489601516342919511e-06,4.946722604666244777e-03
-7.456458986341434102e-04,7.048710805867442353e-04,-2.505061591971544099e-03,1.220672045398226747e-02,-6.289164827834819657e-03,-1.272260811038290577e-02,9.350888894254422157e-03
-2.238016669083434714e-03,6.642928659082800039e-04,-1.941905398397501250e-03,1.832066013217801062e-02,-2.416654576368956406e-02,-4.367686127109300480e-03,1.372920096019350673e-02
-6.704300134765232670e-03,-6.682681664009471317e-04,-3.972984857558778914e-03,2.102367153422759691e-03,-4.443526622673645704e-02,1.298393597833292015e-02,4.069451625370577863e-02
-1.232521638082807909e-02,-1.211789351464219282e-03,-3.171721443198571334e-03,1.870996903261020611e-02,2.280202907073465655e-03,-3.434440623069624082e-02,3.006296146650336287e-02
-1.009304726300329531e-02,2.571503551826159401e-05,4.800785142413210686e-03,6.287992644243794657e-03,6.689897504355661606e-03,-3.121169676494989914e-02,2.350035370142221011e-02
-1.642916299436326596e-02,-3.991894923197219364e-03,-3.793769952975497347e-03,2.770079143855067039e-02,-3.047280132882301817e-03,-2.250503332690219002e-02,2.206634989176974038e-02
-5.563429688908042535e-03,-7.056527363510692839e-03,-8.479926875932040919e-03,2.970888195060745682e-02,-3.640940824394936059e-03,-2.762738324955075347e-02,2.265932605168908404e-02
1.076730809525344029e-03,-1.121891281246549521e-02,-7.102529739562107522e-03,3.253449412788116807e-02,-1.864216895397131923e-02,-2.037961950738058012e-02,2.373200607597289458e-02
8.162322791272890593e-03,-3.989594999393181879e-03,-9.391740954058064306e-03,6.958277236667381564e-03,-3.254876789010314325e-02,2.290115768588038385e-03,2.851938804702605981e-02
9.183523047237827225e-03,8.636914149955501885e-03,-4.882761414354703546e-03,-1.748132496062928740e-02,-1.932560816166202511e-02,2.510576188166197507e-03,2.135868115128642525e-02
1.045044771027768202e-02,4.917434774748710540e-03,-1.005505339234949447e-03,-1.154211755482609583e-02,-1.819768097038573784e-02,5.614106977686635427e-03,9.763314401733681411e-03
7.849941749856275200e-03,4.176466775764585589e-03,1.994095864295855353e-03,-7.287953910450811756e-03,-2.166535897099777785e-02,3.301294628605328137e-03,1.163151386292654403e-02
5.925962472882364239e-03,3.545033345474362177e-03,1.017967485177670266e-02,-1.125892480264945733e-02,-1.965607311081965167e-02,-3.220376292125128395e-03,1.448470353546080051e-02
-2.339258552481613069e-04,6.470585606990876017e-03,1.431502791531501922e-02,3.742191635071968284e-03,-2.433082153012326720e-02,-1.514809886549293994e-02,1.518504109348644236e-02
-5.363434239849983014e-03,1.285270819181000106e-02,1.429867250126223843e-02,-3.057961610786994258e-02,-2.088991744978941842e-02,4.061986005845232353e-03,2.561960109859192161e-02
2.473575608100635898e-02,3.547940378515778478e-03,1.273541926417653958e-03,-3.055100332781416142e-02,-5.569587099782453976e-03,-1.051309961023384060e-02,1.707645165189064507e-02
4.334922245399955992e-02,-4.896286578741467638e-03,-8.750022495206446690e-03,-7.738773869510722110e-03,-6.337170385442679986e-03,-2.281849560806648025e-02,7.191526482968254967e-03
3.382082400071109718e-02,4.248724332825870760e-03,-1.513920977029235707e-03,-1.082882379894478837e-02,-6.128647553853963648e-03,-2.102637357475877281e-02,1.428217571049865452e-03
2.314364047971657207e-02,2.285233873579187516e-02,2.289714928059805032e-02,-4.459151959990870218e-02,-8.057165522089704615e-03,-1.622360175054567838e-02,-2.084162356241415950e-05
2.370408296520363015e-02,1.478741867640103944e-02,4.225189278881688604e-02,-5.216223168486042172e-02,-8.837320923312018059e-03,-2.194279230644382087e-02,2.198950484194834264e-03
1.660351919777409285e-02,2.398747706554794912e-02,2.627420775066221723e-02,-4.441471568698281830e-02,-2.317476630775217820e-03,-2.386461731714085641e-02,3.731605620914635931e-03
1.208428394159975078e-02,1.976911229913217924e-02,1.581471029136844245e-02,-1.473243445494204669e-02,2.058336121027646258e-03,-2.439830997037934282e-02,-1.059569822780674977e-02
2.002330886019988015e-02,1.544992391918193798e-02,9.738688654970384037e-03,-7.062867732381657507e-03,5.689550555382439289e-04,-2.358472967267397080e-02,-1.513327908483491809e-02
1.071746080814111636e-02,1.202638384685598971e-02,-5.330394009657777633e-03,1.723083619339352626e-02,3.803004429352905245e-03,-2.864431735530055187e-02,-9.802973912785171648e-03
1.984244056686286853e-02,1.082410285247145144e-02,-2.498956569198411415e-02,3.670632289570288642e-02,-5.749049857458550560e-04,-3.407077032063104277e-02,-7.737625316676132944e-03
1.393665703173004901e-02,2.334963991228940910e-02,-4.154383179093314171e-02,3.080287135946316313e-02,6.581356190326448190e-03,-2.692721418869061661e-02,-6.199478514185426462e-03
3.194972205135820920e-02,-7.706771135991536889e-03,-3.770955836363774211e-02,4.364527369742971646e-02,1.360500437925557960e-03,-3.350326016350688163e-02,1.964093476422581596e-03
2.874697947313397534e-02,1.045412293557072998e-02,-3.292518379159819347e-02,1.345060558385132755e-02,-3.783809790985808927e-03,-1.243384069814338667e-02,-3.508873711828550557e-03
9.731385261141272183e-03,2.963680570244653020e-02,-2.428266033066378213e-02,2.007515755260117114e-03,-4.067008977946357136e-03,-1.108836508949077176e-02,-1.937672320746966622e-03
2.545758643742859068e-02,3.646740334275127421e-02,-2.269476355570364604e-02,-2.635234249305469165e-02,-5.587161691043291377e-03,-1.337872537250203546e-02,6.088003332123882033e-03
2.693154454486386060e-02,2.919130091303451940e-02,-1.264616475751502433e-02,-2.954617430534090677e-02,-1.439425406094068695e-02,-2.132127448549519036e-02,2.178502215139335035e-02
1.349291206996201288e-02,2.335335549088039808e-02,-4.263415735369812352e-03,-2.172427589572567194e-02,-1.790470836848324226e-02,-1.386609135077034038e-02,2.091222378950662736e-02
5.668486303496222435e-03,2.155049110560448844e-02,-6.765850411889072664e-03,-1.441356063713354271e-02,-8.061370810104927578e-03,-1.195875647174212200e-02,1.398056092176890898e-02
-4.649589054601009457e-03,1.005235363927153153e-02,1.406222182587350475e-02,-1.504501832622280079e-02,-1.712636683145978694e-02,-2.402588669770138428e-03,1.510898741690880343e-02
-8.912949483748065782e-03,7.690241281141735330e-03,3.100303378330999948e-02,-2.447782626503817484e-03,-1.596399340704787728e-02,-2.850168815427794530e-02,1.713313860712583833e-02
-1.429386461990936330e-02,-4.495592077768681763e-04,4.591276464597773138e-02,-1.212875930752702579e-02,-7.475531281328528718e-03,-3.450531891582285515e-02,2.294026868638684644e-02
1.071525503459666920e-02,-1.155021310039107234e-02,2.703377424940297397e-02,-9.118228126212575904e-03,-9.348913217886168888e-04,-3.433137629973666977e-02,1.818567956412923264e-02
3.921471480342356153e-02,-1.317044159624179700e-02,1.858325700616632672e-02,-1.001736306108217539e-02,-8.054080816922432398e-03,-3.752194566773035117e-02,1.096585933238701863e-02
4.697910732729888850e-02,-1.403829317913873019e-02,7.499554412102127886e-03,-2.614546077717557968e-02,-2.976704254538411337e-03,-2.328894634883373060e-02,1.197074282028546405e-02
2.795793265906472772e-02,-7.551750360181151700e-03,-7.272889478573020886e-03,-4.897761524615938840e-03,-1.298198945335604301e-02,2.929196653372883371e-03,1.817261504288569373e-03
2.375768983640007617e-02,-5.007574639729185303e-03,-1.266501858858409477e-02,-4.499706092884171726e-03,-1.635768651723600031e-02,1.500173257448513160e-02,-2.294365724518792650e-04
1.405519715685286247e-02,-4.131527844909391872e-03,-1.596042172080703106e-02,9.409307033531426334e-03,-2.163916003206584060e-02,6.237217904328453896e-03,1.202938750306955552e-02
1.232822859804523974e-03,-3.277223726405762046e-03,-1.102816774066443795e-02,2.539917435881967195e-02,-2.032698663272234155e-02,-1.146477989100262544e-03,9.146858870268649577e-03
-5.302117508282870074e-03,-2.602385537651558285e-03,-7.903577749289070198e-03,2.328914276744959919e-02,-1.646917678059104176e-02,-4.709865838741759785e-03,1.369798064710665668e-02
-7.386040429160124505e-04,-6.002811804695524231e-04,-5.004351556742238881e-03,7.513384629490821136e-03,-1.119908780474648986e-02,-1.577811342508339196e-02,2.580705338046690792e-02
3.601181219830633037e-03,-2.145360080375532420e-04,-4.982407626854616287e-03,7.291979772898078953e-04,-1.221427784113727176e-02,-2.269189415141885033e-02,3.577273643032782141e-02
-1.209996971725536049e-03,1.426242781416984596e-03,-3.703887301404475921e-03,-2.544330907365947598e-04,-1.661079724856969961e-02,-1.133023226326941232e-02,3.168310409428874708e-02
-7.365357384541626300e-03,2.282867172232112742e-03,-3.084504674577636437e-03,5.818040375918845548e-03,-1.613086279861595737e-02,-2.616237462983218593e-03,2.109605477256739844e-02
-9.537093672092867430e-03,1.909290388658464472e-03,-6.377532068899191900e-03,4.760114920099514993e-03,-1.536738359069602863e-02,1.199568751921505430e-02,1.261691650371508239e-02
-2.656846296330150122e-03,4.133475477729216924e-04,-6.830133842855776877e-03,-1.360473103082441735e-03,-1.705793812327238354e-02,2.217577499424881748e-02,5.316268823518943004e-03
2.117505229325868620e-03,1.936804145243903403e-05,1.124543701857386646e-03,-1.455320680686853115e-02,-1.393132742525402500e-02,2.227851565508135248e-02,2.944601604405536286e-03
-8.195368448488580225e-04,-1.466603052054272485e-03,1.969760820147199373e-03,-2.361173690379393328e-02,-1.635582449550008685e-02,2.730006386482461411e-02,1.298387661122538117e-02
-2.700368592155730132e-03,-1.666961192576434624e-03,8.386500905021158133e-04,-1.485666378491386913e-02,-1.720245561115531924e-02,1.128225786967540674e-02,2.430554122062381778e-02
-5.355988305874307548e-03,-1.033676245164492848e-04,-1.096262761638480774e-03,-1.793989553071353993e-02,-3.407176776761333681e-02,2.288225592800777544e-02,3.568502606234821850e-02
-4.356478880133526389e-03,7.872642729099008172e-04,-1.408419690567778255e-03,-4.312297963434842847e-03,-1.076387907143242645e-02,-1.223040496185254754e-02,3.228421629451107278e-02
-5.068965768968806095e-03,-6.373642698641534220e-05,-2.791844550928352774e-03,1.717932594001162633e-02,3.661415040808438989e-03,-2.385078430116672685e-02,1.093459006723026573e-02
-6.100544399124258228e-03,1.039339699072637930e-04,-1.950802184660606429e-03,3.183274584962089010e-02,1.136271832122288071e-02,-2.772666811461116029e-02,-7.521383442354983781e-03
-7.000898840070209767e-03,-5.738390479958635829e-05,-2.387675085891462472e-03,2.292853360146548600e-02,1.562073479343518458e-02,-2.543316135396635203e-02,-3.670149210173126019e-03
-9.073578409957700278e-03,-5.432250295369877007e-04,-2.858326495021762739e-03,9.066813173119820518e-03,1.188720013829490212e-02,-1.780573830148321143e-02,9.326854924584923254e-03
-6.283443283880935787e-03,-1.540457167587468059e-03,-4.317390124086295869e-03,-1.156460471145619347e-02,-3.632858026579922212e-02,3.113888427698780978e-02,2.889559127582239095e-02
-1.560630360995038900e-03,-8.521221938005095736e-04,-4.452787189009407669e-03,9.524995819470310696e-03,-1.377227872852139490e-02,2.345999004502604974e-03,8.766823648353447296e-03
-1.612398141017653847e-03,-7.868196160977006508e-04,-2.555227856838454981e-03,-7.642687003414296194e-03,9.448434840179816691e-03,-8.146097692262052950e-03,1.129479546945030312e-02
-1.741137551910247236e-04,1.365942301169653867e-03,-2.895768817972798389e-03,-1.162252431763982109e-02,1.148264020590858935e-02,-1.933056847425516965e-03,3.776881231150918013e-03
-9.464039165002073898e-04,1.905774074819038171e-03,-1.469924108321453210e-03,-2.249310388299133670e-02,3.254221891218067456e-05,2.768622047864869803e-02,-4.715104864566903656e-03
-2.093719093702862705e-03,9.036596351266807563e-04,-2.396317793893946481e-03,-1.423881869253439646e-02,8.218034387762735262e-04,1.014166033453269694e-02,6.861732171695566346e-03
-4.779722074428257098e-03,2.263850568918805652e-04,-2.732808907938136765e-03,1.004973762459720858e-02,-1.717812338215408963e-02,-6.859469873357042918e-03,2.127400155638845686e-02
-5.835520099669572365e-03,-4.280977641888455087e-04,-3.414095903845049389e-03,-3.154565953749889629e-03,-4.625704169611261074e-02,1.595682842378145019e-02,4.313249299378445201e-02
-9.394702592915329248e-03,-7.003091612431956410e-04,2.021762444743231257e-03,1.820682067915448121e-02,-2.660782494227337605e-02,-1.085460918257090575e-02,2.732886275510502255e-02
-1.093067665532135475e-02,-1.920296895793798453e-03,2.065529131267099163e-03,6.357195264194225146e-06,1.485520150191343286e-02,-2.934600646311743763e-02,2.526989218578787680e-02
-1.176262333289588430e-02,-3.441346403221878271e-03,-2.820677635759731919e-03,1.390067025603712939e-02,1.501937455938598355e-03,-2.399532323396837141e-02,2.661736289387011539e-02
1.646652884931149594e-03,-8.115541717902899008e-03,-6.988428943527300215e-03,2.248532675612286563e-02,-1.120891816878035428e-03,-3.191337505606933744e-02,2.400625789332377913e-02
3.850117953179049701e-03,-7.777258740126703415e-03,-4.329833449573036730e-03,8.404748714798479167e-03,-1.984694924687335424e-02,-1.686188001575130574e-02,3.656105478434686779e-02
4.368291387009225722e-03,5.507308547473344258e-03,-7.896673008542744523e-03,-1.279781904471766207e-02,-3.530894664052494636e-02,2.845014189355157819e-02,1.767769686575132795e-02
6.290955436621062206e-03,6.004822212197035922e-03,-3.244404741498639177e-03,-4.269930860806302013e-03,-2.684211111235128983e-02,1.688708790659029790e-02,5.173581159247768631e-03
1.787998074813673677e-02,4.893512461110297333e-04,-5.441925771820719550e-03,-8.447581936679524756e-03,-1.849506599095520482e-02,3.383059993357662946e-03,1.063218171184997056e-02
3.985475986695013063e-04,1.481969115988974583e-03,3.997587808063185304e-03,5.259698788097745201e-03,-1.738620930613004809e-02,-9.501990894142936864e-03,1.575039688945355926e-02
-8.097234387497981647e-03,2.767838594698043310e-03,2.206874449053301129e-02,-3.082623563860531230e-03,-1.847068026483155920e-02,-2.183840356493458451e-02,2.665235869589367007e-02
-1.043219150444966124e-02,1.383440448895128724e-02,2.528605268853096125e-02,-3.840213639698725895e-02,-8.766931721746036577e-03,-7.925484144327607158e-03,2.640628659002824258e-02
2.520855617185256345e-02,8.528682662561690511e-03,7.175653948637803446e-03,-3.440762725668682076e-02,-3.165842300725092381e-04,-1.731608830697598314e-02,1.112740701068321708e-02
3.076847058340837979e-02,2.377532465915655358e-03,5.171553608168232528e-03,-1.138878022130971994e-02,-8.489331994935318945e-04,-1.536597583611488266e-02,-1.071386740057419379e-02
1.339056085837553832e-02,1.194407912087944168e-02,1.830005126642754443e-02,-1.629651386804460700e-02,-5.910219090750588877e-03,-2.327069699517166079e-02,1.842738708284372574e-03
2.244321206714329150e-02,1.085831399797581275e-02,3.854892592514424371e-02,-5.230122556594379163e-02,-4.525509436899500561e-03,-1.316426619383648244e-02,-1.859450793583569423e-03
2.570766268056358037e-02,1.142159088973466324e-02,3.139505341917578352e-02,-4.719920882871492945e-02,-6.298228715278578888e-03,-1.591864904450322402e-02,8.917795990226227250e-04
1.107654433975740517e-02,1.282160768341271406e-02,1.827663383508941475e-02,-7.517578109273955790e-03,-5.625444456707210305e-04,-2.046292769131534059e-02,-1.363173561199945878e-02
3.635661142041023142e-03,-5.481033493471221089e-03,1.598902015079062960e-02,4.706698092576387139e-03,9.079847004342580380e-03,-7.295610736130314807e-03,-2.063458216014914248e-02
1.445152043423231399e-02,-5.421567094487391401e-03,-5.706082486473406171e-03,1.159372250085660173e-02,-3.522231455498030369e-04,-4.364697160934459183e-03,-1.020067304764390483e-02
-3.742590924215470714e-03,3.169615489230147472e-03,-2.359524147087291648e-02,2.400672150495052407e-02,7.911057995853674682e-03,-1.193620356359261295e-02,4.186640968646675176e-03
-1.515429317032012009e-02,-2.803993811593257727e-03,-2.801814187595964151e-02,3.861793750146771953e-02,-1.169303439263571272e-03,-6.689235584168983992e-03,1.521703037983790710e-02
-3.097549873337031995e-02,1.861901950482345669e-04,-2.677118633932159750e-02,4.818565465539591947e-02,-6.117526001175217776e-03,1.133953706922444758e-02,4.152829154198380002e-03
-2.511865124511525500e-03,2.209398361149429810e-03,-3.799519310052932447e-02,1.421210385541677411e-02,-5.698711392044726078e-03,2.151537707061791649e-02,8.268890329901443931e-03
-1.093126964924506436e-02,-1.082736666070535474e-02,-3.384487428681143273e-02,3.004538400017776542e-02,7.557220464794837077e-03,1.745958118910369977e-02,5.413249426853691468e-04
-1.832759058513305089e-02,-3.641823508286293892e-03,-3.048629794811016230e-02,4.839437254168806046e-02,5.113123534996252828e-03,9.249663243628584303e-03,-1.030144727878320836e-02
-1.914093349021384061e-02,9.396191262837798319e-03,-3.192947696448752287e-02,4.871477947260576674e-02,1.108924835527420535e-02,-4.807117020053736957e-03,-1.332269161596261360e-02
2.829009193142887832e-02,1.736360318561778679e-02,-3.730336462575079004e-02,-7.614067522152644226e-04,1.232752537060954195e-02,9.235964429327971764e-03,-2.915241353901802668e-02
-1.163903726941402134e-04,3.199004075607435327e-02,-2.894549462861074549e-02,-5.207708525526974497e-03,1.523342703618264272e-02,-1.100977407407811642e-03,-1.185289685801724918e-02
2.353500281614917880e-02,2.329502478258850540e-02,-2.702771508284459653e-02,-2.531205479414085774e-02,1.037970241898510983e-02,4.780441248811877534e-04,-5.348004265618451665e-03
4.418153347380674584e-02,1.511707773271995549e-02,-2.054646465675551148e-02,-2.935301169936887361e-02,6.959763649939623709e-03,-6.901457537998822956e-04,-1.566875274654212780e-02
2.238214177992733922e-02,2.865426963826640111e-02,7.524480256156851864e-03,-3.893580895271282066e-02,3.114317667648413245e-03,-1.479132217641280361e-02,-7.948078212873473103e-03
-9.817445760758313281e-03,1.078105724972055861e-02,4.084815671978637291e-02,-2.677216223129536346e-02,-2.471568786956732360e-03,-5.950220006322531029e-03,-6.617817184173833099e-03
-7.956442516160632666e-03,-8.940210617603139287e-03,5.878655335555647149e-02,-3.955892308306412086e-02,3.572621599842683987e-03,-8.132217393149003548e-03,2.228618654577873594e-03
-3.646496820910515718e-03,-1.488566927349735391e-02,6.800200832373727577e-02,-4.392441523408070064e-02,-8.001563962156399423e-03,2.257499820779210273e-03,1.986371461284643797e-04
4.202116395170730871e-03,-1.471650810244151675e-02,5.771043126021117853e-02,-3.696743810855376150e-02,-1.214228238033130541e-02,9.559010512249272893e-04,9.577798847198478035e-04
2.968327186021017111e-02,-1.431794927317379951e-02,3.661797191235200560e-02,-3.620303811026156365e-02,-1.054671453810522228e-02,-1.430376465372492668e-02,9.070222802703259077e-03
4.629856989155735347e-02,-1.685993378356711453e-02,1.490395635155509352e-02,-2.530226967159475426e-02,-2.883224878235845362e-03,-3.259533247104935694e-02,1.643823456133431879e-02
2.634949117028351911e-02,-5.371122980590421238e-03,-5.283681687160155308e-04,-5.223105643795496536e-03,-1.094278686360412867e-02,-1.636207146951566826e-02,1.207796395593814000e-02
2.159833549055165461e-02,-4.643106199474996559e-03,-1.468237149791446969e-02,5.653111580151245347e-03,-1.094071098480781622e-02,-3.209144214523084338e-03,6.223885826017474220e-03
1.610254488943514348e-02,-4.156893567132852879e-03,-1.924403721006509929e-02,4.821240570581008730e-03,-2.126450225063209951e-02,1.570672354579536259e-02,8.034924022018519532e-03
5.964418546162475248e-04,-4.398013464354721437e-03,-1.201915768280058597e-02,9.139404840656954049e-03,-1.945117610187568208e-02,9.868995387579647394e-03,1.626350516617816946e-02
-1.347328114203865702e-02,-3.881741960080407287e-03,-6.538309056884095485e-03,1.287380724445581770e-02,-1.735762939710002589e-02,1.658842168031742989e-02,1.178873263132993073e-02
-6.855885656584116868e-03,-2.602420804116668471e-03,-7.075426028708351779e-03,1.713407711093918248e-02,-1.355526805876597178e-02,5.510257604972495019e-03,7.444665832263381092e-03
-4.130165073966208036e-03,-3.459367463899996192e-03,-6.336104829968262041e-03,9.945266356755029513e-03,-2.095774281439405969e-03,-2.011259595366811457e-03,8.087404887885653315e-03
-7.862327109081197751e-03,-1.401967342904829805e-03,-5.880211064767904353e-03,7.329196167801427762e-03,-4.837728464712902181e-03,-8.745286625482346157e-03,2.139832443914775617e-02
-9.472672453410472052e-03,7.454220083620674737e-04,-5.843521618600887486e-03,-1.057429379687213448e-03,-3.938694223811340517e-03,-1.144892362754783462e-02,3.101581929469571230e-02
-6.683693172624524149e-03,6.276308486642458726e-04,-7.518211571730446310e-03,4.889006935272352181e-03,-6.548053917722137726e-03,2.057106990188110765e-04,1.502761017912166916e-02
-2.761865493151095981e-03,-1.992332355661544790e-03,-4.995356628220590407e-03,-1.299722283759921493e-02,-1.287080865600116579e-02,2.176021717518807769e-02,1.385736879544554115e-02
-8.852515253499140552e-04,-1.516081914797691443e-03,6.921176488787684393e-04,-1.901608248468127441e-02,-1.707655822355327868e-02,2.889691860316846023e-02,8.904937896334905525e-03
-1.876251617035396306e-03,-1.151000096555246767e-03,2.074370992823576683e-03,-3.012642854873645581e-02,-2.309234635483423115e-02,5.316372197517510445e-02,1.007933649162713087e-03
-3.431633284136630362e-03,-2.352053745080468839e-04,1.083615903264374116e-03,-2.467563588412255079e-02,-3.842358698676314605e-02,3.977107944071701928e-02,2.591136618554892163e-02
-5.070907804563084056e-03,9.393138844598254711e-04,-8.793611650668752607e-04,-1.290872184182312137e-02,-1.464926722847769390e-02,-8.831783785499048786e-03,4.140072794096998077e-02
-5.131775562454383294e-03,3.913727444870342153e-04,-1.369539621712722666e-03,-7.329926245676718181e-03,2.885528227922710704e-03,-2.780317202905609880e-02,3.835751248649020562e-02
-4.986262860533051053e-03,-2.004508843889677870e-04,-2.493191680945925585e-03,1.549420177443418386e-03,7.063223814765602626e-03,-2.041862341125965860e-02,1.948588484491852596e-02
-6.097157681818878884e-03,-5.587766342504759016e-04,-2.751194787701915622e-03,1.594627901265402437e-02,1.433717154181978794e-02,-3.144127144403674468e-02,1.056494999333424355e-02
-7.126121929254688840e-03,-6.384487006843344572e-04,-2.150468240444701040e-03,2.261335502890568505e-02,-1.883220309526898242e-02,-5.331462919383220082e-04,6.667033228685332984e-03
-4.219618505427591773e-03,-5.476749920230246545e-04,-2.947494156586356016e-03,-1.361369034479293630e-03,-2.959712504099568792e-02,2.430109750750313741e-02,1.437218422200874091e-02
-2.258126413287740025e-03,-9.032196368778622154e-04,-4.256211869646390686e-03,1.495096816896773761e-02,-9.395086774472193383e-03,-4.013889091031467606e-03,5.875565616347911205e-03
-2.931338375930991544e-03,-1.193037971961942011e-03,-5.111411949646899044e-03,-1.078408389256681893e-02,7.174313568748617517e-03,1.043596263978511726e-02,2.409595981572962287e-03
-5.194154936156135122e-04,1.598459713610689194e-03,-4.109540970808823156e-03,-1.794328798281257312e-02,1.465663600102671410e-02,1.158873623600898545e-02,-5.271587503409407363e-03
-1.907606370898224735e-03,7.327376019336698069e-04,-3.471670477021154833e-03,4.104573437758350651e-03,-8.102289367878856216e-05,1.747212446721790879e-02,-1.684913576531177348e-02
-3.873207579109150863e-03,5.274161098794231126e-04,-3.640936935761484358e-03,-1.394931927124458404e-02,9.145705136183424414e-03,-2.801730678970849159e-04,1.207051560794947763e-02
-3.280281782640553836e-03,1.202545012828254477e-03,-1.803678583906586459e-03,1.023145940613328156e-02,1.152196902026449057e-03,-3.387227294057695154e-02,2.637003198613614707e-02
-3.676630222962330198e-03,7.694492397575018955e-04,-1.415229022659244976e-03,8.398339517713106217e-03,-3.200562144278260024e-02,5.372730106061616995e-03,2.255696182487189339e-02
-5.675681747475799267e-03,-5.056640318485962045e-04,2.089526477346565023e-03,2.220949611428996509e-02,-2.997038378317672808e-02,-9.501293464371573377e-03,2.135400043523612637e-02
-1.525090458910942533e-02,-3.060366162798716910e-03,-4.044250495637363718e-03,2.196438732292028614e-02,5.771296199296767002e-03,-2.558433161680648618e-02,2.020416934213487004e-02
-2.790831199384120886e-03,-7.549558772172699529e-03,-7.610146706399117077e-03,2.863917566904760834e-02,7.044160746499735122e-03,-3.879751410520271282e-02,2.106471436761141874e-02
2.078942781218963507e-03,-7.928327104750026999e-03,-5.734014586714150305e-03,1.589413948802445575e-02,-1.345449639547207916e-04,-2.211043444239059463e-02,1.793423882856599177e-02
5.786808521809109866e-03,9.465825925688726712e-05,-3.273166858225639089e-03,3.212620876818561566e-03,-1.439614065955248552e-02,1.084253954030159339e-02,-2.267319680408024039e-03
3.939302613061380735e-03,6.368853504372765616e-03,-2.117358678947730243e-03,-1.760162427801273757e-02,-3.186716915573539755e-02,3.117716656132376099e-02,1.010082943393789297e-02
1.801165031358092960e-03,1.472332128674384432e-04,-3.218371478602254760e-04,-9.769391859455240149e-03,-1.380694997733164162e-02,8.445697472267867448e-03,1.350408326815379263e-02
3.162211452078087914e-03,4.192327907944081063e-04,-3.553247785357681494e-03,-4.139878782225906058e-03,-1.280388354969993342e-02,3.408578226876911570e-03,1.350698764753408693e-02
-3.649524631830344465e-03,1.339010191681754062e-05,1.701609254285382095e-02,-1.218146285409248131e-02,-1.078626403929225722e-02,-7.424421112945777355e-03,1.701218999339020738e-02
-9.183325643836358354e-03,-1.619632892818763880e-04,4.032102607190162641e-02,-3.501830920324666002e-02,2.924066170028094807e-03,-6.885402352646331076e-03,8.003908247081598787e-03
1.528950036952070324e-02,8.085174928672379108e-03,1.788945826273384207e-02,-4.617137473349146315e-02,7.261824896366311094e-03,1.992304064185239885e-03,-4.346887787987093778e-03
1.271837952110715410e-02,6.212039224239735216e-03,1.226438539944073314e-02,-1.390869903250633102e-02,3.861239322887991769e-03,-8.971529258434073409e-03,-1.217581517673520415e-02
1.228566294179028089e-03,1.968130292543208981e-02,1.709185282666475167e-02,-2.017043809343706598e-02,-2.771105542379308402e-03,-9.979682289996195596e-03,-5.080496120463353152e-03
1.306280702703957811e-02,2.279780705981026417e-02,1.441416564355249910e-02,-2.204470942344231507e-02,-9.652000887597917897e-03,-1.145827606822214309e-02,-7.119793351139986140e-03
1.347608382953719743e-02,2.450745221193072892e-02,1.345953265136389139e-02,-1.729997120770370225e-02,-6.941710136808831866e-03,-1.397557701238620088e-02,-1.322581033593317641e-02
2.065197281418954325e-02,3.500061788460942860e-03,-3.052556311018062214e-04,-2.485335041163684849e-03,8.057539539383682748e-04,3.078323245104980579e-03,-2.524552112942830828e-02
-1.211281644647736744e-02,-1.314525668242596916e-02,-3.137190961958429784e-03,3.409589790618929028e-02,5.987200349445528751e-03,-5.476130923843898143e-03,-6.211703240929132390e-03
-2.060002518138611891e-02,-2.544141592864125959e-02,-2.447567535143848477e-02,6.874503001609383324e-02,1.196266235259104728e-02,-2.042448706252411247e-02,1.023391115530521318e-02
-1.509463794067587329e-02,-3.011796320772609781e-02,-2.466174165620198602e-02,4.809005910336135170e-02,6.141242799168274190e-04,-6.906879071077494034e-03,2.807703849240329730e-02
-2.408021059154311777e-02,-8.905680035297559166e-03,-1.756956208604975103e-02,4.878617485209641585e-02,-2.939734459894208490e-03,-6.546381614234774576e-03,1.125539393492300255e-02
-3.164268108424237586e-02,-5.276057419723290641e-03,-1.667647060344463333e-02,2.807567536713374140e-02,9.619892610631234492e-03,8.692048280512728459e-03,7.207592849132594612e-03
-3.548538698496564447e-02,-1.003640973116942670e-02,-1.072491871524732833e-02,5.363039645888385831e-02,6.453227927561586315e-03,-1.653543165489588032e-02,1.269852269983281524e-02
-1.952011000925043746e-02,-1.557518507493402433e-02,-2.143641233966611312e-02,6.661184606858128188e-02,-9.610665120564189715e-03,-3.148011496895895128e-02,3.101064144479252424e-02
-3.011930896455788237e-02,-1.493724372300420968e-02,-1.865220752105400254e-02,7.241958013936031224e-02,-2.660175950764603892e-02,-1.807612814799408607e-02,3.596706772489572518e-02
-3.440375426086157012e-02,-1.314475245337807857e-03,-2.802900674062700978e-02,6.953770676710893661e-02,-2.143139216369595659e-02,-9.642423689919885771e-03,2.528334533333355741e-02
-3.109765722888689979e-02,1.275039097199238622e-02,-3.158205576348981775e-02,5.457013535347684380e-02,-9.834531380318332905e-03,-1.472503993672122195e-02,1.991875798394703370e-02
1.320253017218001078e-03,1.921375796512547404e-02,-1.174560116308442578e-02,-9.326590151987741023e-03,-1.687343648839093047e-02,-1.791335431428315791e-02,3.532497113540269268e-02
2.952499117636894505e-03,1.958338614824293306e-02,-1.533580918303523166e-02,-6.586743596517306842e-03,-1.664525947956669097e-02,-2.968796464767543136e-02,4.571989164091481289e-02
9.105341499227160781e-03,3.522420901674748472e-02,-1.676830875946110772e-02,-1.194326131171620986e-03,-2.620045876473427876e-02,-3.660608022547810064e-02,3.643962336487040210e-02
1.890510689887829610e-02,2.637609493906577576e-02,-7.710422886684687241e-03,-1.815514178118496705e-02,-1.670643477857227527e-02,-2.598217719823640859e-02,2.327297480673433047e-02
2.232593706008403553e-02,1.615152407279531188e-02,2.144299287289579397e-03,3.402104762300716453e-03,-1.968699128659032183e-02,-3.185592108467117517e-02,7.519047188791899705e-03
2.849549656417559029e-02,5.520275046276634269e-03,1.524580505484923154e-05,8.200156501498504294e-03,-1.276193501636536595e-02,-3.622653330858236626e-02,6.757294407942200480e-03
2.994004480187931541e-02,2.821258704161867369e-03,1.340160087013488044e-02,9.266152651369943816e-03,-1.438467704100218972e-02,-5.405381125017676841e-02,1.300943126363288474e-02
1.578002475259471932e-02,-9.859762742491175527e-03,2.944288800692426711e-02,8.928974523381103326e-03,-8.573961605109597581e-03,-3.979272677850340806e-02,4.074563843204157335e-03
-2.964008699220661261e-04,-2.442947610451180057e-02,5.352254691582750135e-02,-4.273314444491542810e-03,-4.888449771849577748e-03,-3.255080980245083494e-02,1.291590407739825856e-02
-6.763755172133401050e-03,-1.886235261086307083e-02,6.074293963114379968e-02,-3.111633461032306883e-02,-1.647404869283922851e-02,5.026853878750910110e-03,7.446697576264140958e-03
9.900000959897299613e-03,-1.465751935793050027e-02,4.301469316484028693e-02,-2.428002676272793953e-02,-2.496255795255651611e-02,-1.896859412571049027e-04,1.117509588973437419e-02
3.240201158150278482e-02,-2.199529400553616384e-02,3.732250453384187289e-02,-3.558576592267885530e-02,-1.961362069862268923e-02,-5.681293204424465657e-03,1.315145771591729948e-02
2.026847201599177306e-02,-5.997497119710492458e-03,8.853787593092757313e-03,-8.711898414294486775e-03,-6.108746459376846426e-03,-2.324909953159304613e-02,1.494498191589038218e-02
2.102965113940231424e-03,-1.521207603729337688e-03,-1.071728340000319482e-02,2.038285602320180634e-02,-1.543362649748171271e-02,-7.424371939401703049e-03,1.261066830347382095e-02
6.349245467230327233e-03,-3.011575125432502335e-03,-2.143728803235882621e-02,1.940809800215339068e-02,-2.416477367351519204e-02,2.877401081763627383e-02,-5.917717455713714450e-03
-7.322413822121356074e-03,-4.499993660649288622e-03,-1.144591830507710011e-02,1.777355180341977717e-02,-3.010161323966239338e-02,1.904917988110274574e-02,1.654720734298766385e-02
-1.114633352775424094e-02,-4.361089794768696452e-03,-5.166067443896743029e-03,8.484262646957152140e-03,-2.228130477012718949e-02,2.435769210082519565e-02,1.011284078876449090e-02
-8.897751665132212079e-03,-3.954563713005549049e-03,-7.241894717966327472e-03,4.721751017020665853e-03,-1.210521382674724193e-02,1.842467271877465743e-02,9.053000187056015058e-03
-6.386138537689995363e-03,-2.837099377221691861e-03,-5.875941914810539797e-03,1.730796860661176426e-02,-5.816820538867173429e-03,1.979943373176644168e-03,1.628088388800981836e-03
-1.160670885969707078e-02,-1.543988186599186790e-05,-5.986490055492450606e-03,-7.089701159032077774e-03,8.431038556431575586e-04,1.149453002136365323e-02,1.236070607908083992e-02
-9.046304200413397487e-03,-4.490648235686078371e-04,-7.196745985329088338e-03,5.565536369824483371e-04,-1.349706469480551870e-03,6.399432569052830935e-04,1.684532458490396040e-02
-4.815137744722297435e-03,-7.982235311542275119e-04,-6.574632471640196908e-03,-9.281595782409916492e-03,4.552429536600540458e-04,2.774528121439843488e-03,1.823981845482675404e-02
-1.136587306958274438e-03,-2.758037841758840657e-03,-2.550858780875383917e-03,-8.855865964594512862e-03,-2.491558067180840372e-03,1.352766877206898824e-02,4.265239189298916482e-03
-2.358398531588508720e-03,-1.279234513782733776e-03,-1.444893555791500139e-06,-8.840284530348884937e-03,-1.194461155101747725e-02,1.044495778626836589e-02,1.397901623402501847e-02
-2.560365772841682354e-03,-7.234691260364487691e-04,1.555097231635804364e-03,-3.042309896127451396e-02,-2.942908806667445670e-02,4.811755603679761933e-02,1.346336865839371615e-02
-2.393962508971758749e-03,1.275011530677275615e-05,4.280968332165672910e-04,-1.348037523638113619e-02,-1.341825169909632333e-02,1.580677954016049963e-02,1.304496295576536638e-02
-3.328782290705328481e-03,9.375296179800385495e-04,-5.161944902249415712e-04,-3.957933660556442755e-05,3.783990435150382838e-03,-1.283107435784867738e-02,1.199411042225408293e-02
-4.387985411504548815e-03,-5.715123481074359290e-04,-2.578986232901574888e-03,5.609037187906804577e-03,1.667105747781907205e-02,-4.439515402913735836e-02,2.965354335592504040e-02
-6.271068042950274715e-03,-1.497733040151914786e-03,-3.243965411565138002e-03,1.223827257370507099e-02,1.726937019734922293e-02,-3.490441033246444863e-02,1.640953405607749327e-02
-2.867150081128817807e-03,-1.785947971255946514e-03,-2.917889922215582011e-03,4.280702626299323632e-02,-2.878772104226544684e-02,-1.195065446089527139e-02,5.502337214767651086e-03
-3.865022787638306648e-03,-7.441628829889072871e-04,-3.316412188765770729e-03,6.703420922750616233e-03,-2.144757060075344265e-02,9.983997188440207546e-03,1.268575034895558229e-02
-2.854383538629838048e-03,3.596027934956346812e-05,-2.880314873597127068e-03,2.048987234713754713e-02,7.406034035956124938e-03,-1.918759935665519112e-02,-3.009568893561159319e-03
-2.600282455971861164e-03,-4.085235648816256250e-04,-4.108291914768939443e-03,-5.596503315407142312e-03,1.104541696642735715e-02,6.702905053499074416e-03,-5.034720768896873595e-03
3.117806997867160414e-04,6.668577571625827153e-04,-4.860480267132557750e-03,5.026388419573491091e-03,1.057411858514360585e-02,4.684337284510808365e-03,-1.640300247904466144e-02
-1.897207132277249630e-03,8.092381221583946124e-04,-3.713503942777785470e-03,-1.401593137258005765e-02,7.960358307403518283e-03,2.211917901829370606e-02,-1.126213300022047871e-02
-3.545889066513327383e-03,3.602211174259118141e-05,-4.941648668452716664e-03,-1.709820169064964895e-02,6.624877723570830358e-03,1.194792051035347379e-02,6.976919079948783534e-03
-4.509697746365515410e-03,1.294289307798842737e-03,-2.411541613314606251e-03,-6.119026497090418806e-03,4.165867602301176996e-03,-2.147291771778751454e-02,2.905302666445800860e-02
-4.633744455743722679e-03,2.030573262194814831e-03,6.202982576861654045e-04,-1.367405996122443915e-02,-1.595216629853958568e-02,-7.988377212428154125e-04,3.240793691686957162e-02
-9.439567103763200559e-03,-2.029240801716237531e-03,-3.056789163305997491e-03,1.656289674023594255e-02,-2.929109541364097180e-02,-3.041908908920181159e-04,2.755798663308253738e-02
-1.094066152510568719e-02,-5.482936432373995868e-03,-9.624163501448530084e-03,2.152587084619458219e-02,1.667380379968795784e-03,-1.536664476181091865e-02,1.822115499457570634e-02
4.894103469764786007e-04,-7.769061845552243523e-03,-2.713920711012294488e-03,6.221811488880092493e-03,8.075458788844669042e-03,-1.253361465736869268e-02,8.229916589232022864e-03
2.778106273305806610e-03,-4.478803697957688991e-03,-2.938027599679752318e-04,-3.794107409597301077e-03,1.183216219329504600e-03,2.820816805778704472e-03,1.784574569108943925e-03
5.123939132619209982e-03,4.860053838552269752e-03,-8.030509531748550485e-04,-2.121239621394140420e-02,-1.490818415721368445e-02,9.861249313796985674e-03,1.707838903936151689e-02
-7.644696990125158381e-03,2.517103476395802716e-03,-3.737371921426036782e-03,1.784666403733702143e-03,-2.297335816756283441e-02,2.074617747305974869e-02,9.307479725924844988e-03
1.887436927679504370e-02,-4.249525285628422480e-03,-1.132402015229292021e-02,-7.436203024074072333e-03,-3.076428081308143353e-03,4.891306887999682896e-04,6.722676577708600922e-03
-4.745656933563014226e-03,-8.822749931748358329e-04,1.322135260780570899e-02,-1.517870997228761183e-02,-1.948717145518672833e-03,6.541700780821588929e-03,2.992305655916847537e-03
-3.810270928496221465e-03,-5.955191722654906705e-03,4.479374980497360936e-02,-4.616784862993625338e-02,7.172400900608904943e-03,5.715700780957565100e-04,3.395590497409148138e-03
7.852468860418775759e-03,-7.726848343709714038e-03,3.387785166067246168e-02,-3.262671766919993110e-02,7.413921329802495609e-03,-2.270928885691790924e-03,-6.519746952292209373e-03
-2.635216049348778830e-02,3.172476530773462450e-02,6.766282053569599476e-03,-6.078843733964971489e-04,5.148723465968530269e-03,-9.818246455747248191e-03,-6.861479504641230902e-03
-1.197465873130634838e-03,1.997111547376550014e-02,1.186010019140130642e-02,-1.913310860467049013e-02,-7.279914768761280505e-03,8.759632436890841048e-03,-1.298035885549516169e-02
6.770096133637064709e-03,1.808904262452181930e-02,3.226298355245577152e-03,8.090355368359301424e-04,-8.002943142688779404e-03,5.342112330711243969e-04,-2.142574074062269032e-02
9.052545776959838864e-03,1.847170954194459619e-02,1.141295669377108066e-02,6.409933108304929298e-05,-5.615866359430445216e-03,-1.129212182445040423e-02,-2.209332315987765083e-02
1.554257382911779228e-02,-1.254682520670910920e-02,-7.975404638376619101e-03,2.088581965679437574e-02,3.070132244130727292e-04,-7.004821826500026889e-03,-9.208355038739490447e-03
-2.722663989245056870e-02,-2.034858039566201510e-02,-7.328396229613358751e-03,4.695771794878841887e-02,4.968836357126124592e-03,-1.063144433311839776e-02,1.360850654492990613e-02
-2.105496603209514039e-02,-8.420928539802551016e-03,-2.684622570317343401e-02,2.076858731565379285e-02,1.437696159044381944e-02,5.284689786687578328e-03,1.589188158228604583e-02
-1.145427154162003379e-02,1.046183160979852894e-02,-1.664049744608128364e-02,2.348321139674854410e-02,-1.353387125189808686e-02,1.077946994125105092e-02,-3.095872708198785152e-03
-2.268057521861405190e-02,7.374229796399207372e-03,-9.620936897354413070e-03,-5.042880257095976038e-03,-1.294768895847195518e-02,5.279773159642126013e-02,-9.879880061284148501e-03
-2.001135529641569211e-02,8.695424844622521438e-03,-5.940684101231349587e-03,2.154636984649975495e-02,-6.120530673820066478e-03,-3.554008211495438777e-03,5.384783591840307422e-03
-1.570070822834830973e-02,1.379677208213628790e-02,-1.228736351399055274e-03,2.178068807138564336e-02,-1.044091162533206628e-02,-1.877157236488774528e-02,1.056446841644526242e-02
-7.091513533305651186e-03,-7.957686727568820785e-04,1.044335382283514448e-02,5.152042625295308494e-03,-9.481227039710514448e-03,-1.537224191108745486e-04,1.926835216753428797e-03
-1.875956755873986904e-03,-6.687688286392670656e-03,1.739825865352611842e-02,-1.532658496768552446e-02,9.992840604247599234e-03,-6.741729834147126496e-03,3.240860586325589997e-03
-1.495193260871694255e-02,-1.058412939421948286e-02,9.828714128407040757e-03,1.323267516208209878e-02,9.002693648433986173e-03,2.679455514424600648e-04,-6.795966487429097591e-03
-2.208332857439049973e-02,-1.006094530079561407e-02,4.370581350509892063e-03,2.926478865064487123e-02,9.492666017819817101e-03,-6.383663113187598541e-03,-4.600099030600979071e-03
-2.034896857089292868e-02,-6.161303824127562119e-03,-4.860144660177032234e-03,3.135304153092998564e-02,1.634222564037965744e-02,-3.877486838939317448e-02,2.245001827328120883e-02
-2.073017262578871756e-02,-2.957906329250731010e-03,-3.469766564580500402e-03,1.725651153663677190e-02,9.438061551282685493e-03,-3.106871399592089217e-02,3.153198642762144316e-02
-2.340205610449162116e-02,1.535465057007126544e-02,-1.602683803944478583e-02,2.326298401530821347e-02,-1.141798218309340168e-02,-8.532023389404133629e-03,2.076126513105455360e-02
-2.668923240291735943e-02,2.769721213347672850e-02,-1.279754860089069718e-02,1.424252407175204994e-02,-7.011697740418280402e-03,-1.295755332378003763e-02,1.751629586277744094e-02
2.066776979757298932e-03,2.274102958726361215e-02,-1.106507658886193672e-02,-1.686115066199151552e-02,5.140103628741564054e-03,-3.695652675683291227e-02,3.493484381192396571e-02
8.199286526314160731e-03,1.793408057772837710e-02,-6.001898071493649844e-03,1.143228124098361401e-02,1.515733540497836776e-02,-5.476514878847317525e-02,8.044063109962184058e-03
1.723661964630852656e-03,1.079328239286681673e-02,3.797094436593631030e-03,1.535131021963133044e-02,1.934136170691724832e-02,-4.859404915918202894e-02,-2.412661561458067511e-03
1.559686758643848842e-02,7.956222107018490197e-03,-1.537353575853261760e-03,3.177250532289761092e-02,1.165918051149315328e-02,-5.361567567531544398e-02,-1.183174627667893559e-02
2.941180912775186521e-02,-5.150768527547869118e-03,3.367754082686818043e-03,1.415790262405240175e-02,9.747444153372364362e-03,-4.390212806130354417e-02,-7.632013399012150569e-03
1.417587165119525185e-02,3.733144647137283303e-03,2.469793190845341949e-02,6.888228716902326278e-03,-6.009861482287190242e-03,-4.485004339173315896e-02,1.364727950332103416e-03
5.239305125719958406e-03,-1.450587386531203803e-02,3.499636791157672427e-02,2.146077594298294311e-02,-8.633082212426724036e-03,-4.482727119870293792e-02,6.269778296161864287e-03
-5.203138252336436849e-03,-2.075508120814322649e-02,4.967499676177535017e-02,-6.381682995187799856e-03,2.508379966953230410e-03,-3.583841786266388219e-02,1.599494358960279819e-02
-6.927011896615858227e-03,-1.932956688959060199e-02,4.435568487113095842e-02,-2.491622723954339466e-02,-1.186430019381492368e-02,3.685599337976027713e-03,1.499582201045794420e-02
2.799428913596136922e-02,-2.831124521376075093e-02,3.116057823225361692e-02,-5.179757125030409748e-02,-1.015267787314450866e-02,1.638922967740098768e-02,1.471739729159326701e-02
2.265236802330984969e-02,-8.041081665441370679e-03,5.691135700330932946e-03,-4.053729623252110004e-02,-1.260663249982163633e-03,4.686007201111997561e-03,1.680953022319177370e-02
-6.936573242010558860e-03,-1.664759330626453763e-03,-1.505519356189312721e-02,3.895040803173774324e-02,-1.319576009830302453e-02,-1.731428055946149583e-02,1.521615876055700846e-02
-2.266763405082193681e-03,-3.858347422423452373e-03,-2.258256810242238732e-02,3.222475122664940350e-02,-2.108068407071132105e-02,1.130446302490843366e-02,6.259148749081489514e-03
-1.322426771255992041e-02,-2.182958666560499104e-03,-1.247512373457661944e-02,2.347375326075359578e-02,-3.674121871598772654e-02,3.353113571588810932e-02,7.618679853043020499e-03
-9.045813182058739382e-03,-2.795467675872404315e-03,-4.906772650858609412e-03,1.989785899114144066e-02,-2.695539298105074921e-02,1.975042710046821456e-02,4.055160398230781178e-03
-1.146538281287930346e-02,-4.520627227381623231e-03,-5.199770324824693445e-03,2.670546764232978321e-03,-1.859873250296057920e-02,3.648387581647628136e-02,6.300902873369790052e-04
-1.244925850114784495e-02,-3.306933178227113371e-03,-6.899432394663763957e-03,1.906796331030642666e-02,-1.608528841366793638e-02,8.584902704882210051e-03,1.108804647251802541e-02
-1.221831894442884821e-02,-4.944450881912765879e-04,-5.875208032462804833e-03,-1.567088227944305259e-02,-2.706047418075361709e-03,2.545483219647037137e-02,1.151006956613095239e-02
-6.904711713378234965e-03,-3.639706722273383963e-05,-7.355514065606630000e-03,-9.350398046747162781e-03,2.207842954468262463e-03,3.511394516156531292e-03,1.792778342232992719e-02
-2.812906961728328051e-03,-2.211619145671667609e-03,-5.971940992325756523e-03,-4.564514664713545909e-03,3.029596739296199197e-03,9.707081250295814673e-03,2.824303774847290293e-03
-9.790817113608622779e-04,-1.473649471052793395e-03,-1.638929366699139059e-03,3.642407072545120802e-03,-1.214295631173941022e-03,6.898001236832924108e-04,9.737489840583198313e-04
-2.510027014448009373e-03,-8.682363169867177849e-04,9.917618413136221420e-04,-7.347238299426246677e-03,-1.845532064526395413e-02,2.570989196626564249e-02,2.479168468545679162e-03
-1.403126891544316220e-03,9.470112378049337209e-04,1.667330009754324372e-03,-1.921177757955357460e-02,-1.222698915506935900e-02,7.239246375792872043e-03,2.298830600281516132e-02
-1.725113082937549747e-03,5.522223328999068589e-04,9.454903035833853208e-04,-1.711487838857434635e-02,7.303430336170120898e-03,7.838726911357405194e-03,2.200121587501091807e-03
-4.643798262245550992e-03,1.499841675851213123e-03,-2.796943613974745913e-04,-1.818719852396123715e-02,1.620601385310189296e-02,-1.460324315084159975e-03,6.865159933735288759e-03
-5.237149463505586314e-03,8.544503794008901330e-04,-1.626705415673786181e-03,-1.129392148908992324e-02,9.262265809050030524e-03,-1.363758580744090475e-02,2.167864598725930195e-02
-3.956675885318343584e-03,-1.673525390642836418e-04,-1.794110072824169674e-03,5.052334299412301714e-03,-2.988521342401961184e-02,9.452851198629748028e-03,2.129816642318432818e-02
-2.913692056222999191e-03,3.466642256235500622e-04,-2.096800539194247637e-03,-3.135165028892513469e-03,-8.447702112915017256e-03,1.214195289548857491e-03,1.503250022205236680e-02
-3.828511619394332852e-03,1.280838548444028979e-03,-2.291025554164133338e-03,-1.111744053572282127e-02,1.568553663084228111e-02,-1.752182829810276440e-02,1.779243082809771684e-02
-2.770525044445238533e-03,-3.149627070782855275e-04,-5.153688075955322780e-03,-1.587341951678218621e-02,2.012665180307440099e-02,1.638899561672273880e-02,-1.240305207553611157e-02
-9.645226146774253792e-04,1.017092784827308650e-03,-4.718089245403741562e-03,-2.889789331957781822e-03,2.019427173218508662e-02,1.294665553281973934e-02,-2.558561885779314302e-02
-1.083216853593632536e-03,1.464108177410857478e-03,-5.030914800013400190e-03,-7.554440022377507773e-03,1.311646683162726902e-02,1.065633153883381416e-02,-1.156833487188736048e-02
-3.096817262520115861e-03,2.185227075226591322e-04,-7.757835204046661763e-03,-7.015504300909774843e-04,1.724377792244090671e-02,5.490392620354046099e-03,-1.139649035365987786e-02
-3.601965406122965927e-03,2.361104313133267300e-03,-1.247178081608291567e-03,-7.987185915080838305e-03,1.313575515596777585e-02,-2.486515387785578554e-02,2.220462381156688286e-02
-4.127879318705193409e-03,2.561813959500120440e-03,3.489076345032107295e-03,-9.429659806479688544e-03,-4.495995762263523161e-03,-1.377145821855092420e-02,2.577410280146708033e-02
-1.106539170696020299e-02,-2.729894681107879369e-03,-6.133967337521904241e-03,3.544511214898732332e-02,-3.092658150338183087e-02,2.602100548705580524e-02,-1.061028240707139261e-02
-1.177825178150904368e-03,-8.648310456712453645e-03,-7.576625694111528697e-03,1.903975629528021837e-02,-2.203290299745717593e-02,6.896364418308340537e-03,1.349954361284348356e-02
1.732631671752798237e-03,-6.915010280642950799e-03,-1.234762237233445054e-04,-2.688423402233894310e-03,1.284633942683053275e-02,-7.026289657161118724e-03,2.174228465177938541e-03
3.171638213980780639e-03,1.831598486132701405e-03,-2.546002985758080098e-03,-9.378321933015193110e-03,2.746107615137171470e-03,-3.447878872406273665e-03,7.622859475928884902e-03
-9.044630856576439670e-03,1.271569774672022665e-03,-5.424039476715221408e-03,7.297939329968543623e-03,-7.670268087084243513e-03,8.625132689380499498e-03,4.944296626354783078e-03
-3.168623994767149482e-03,-8.117659184150737191e-05,-7.068025217039307015e-03,-1.821101291930428499e-03,-1.150637627387236621e-02,1.437995744907209252e-02,9.265345920378673800e-03
3.116098907190632383e-03,-1.803185159629820331e-03,-6.603061506025394677e-03,-9.852434345346813838e-03,4.312065561184349333e-03,-3.553819745488781545e-03,1.438433628811581697e-02
-4.431652738252521082e-03,-1.345780726130737983e-03,3.524358208019932187e-02,-4.427366792060597606e-02,1.455469571094574789e-02,-2.979762279189761970e-03,3.232585873033864445e-03
9.074134831778423891e-04,-6.911098470141862141e-03,3.870092515040978592e-02,-2.689515688208140090e-02,8.033910537697089987e-03,-1.385383729860875136e-02,1.784347954731216039e-05
-2.071614774548763416e-02,9.145777741792263799e-03,1.606160282404263048e-02,6.241199610735780751e-03,4.011852282308337944e-03,-1.496568309724219219e-02,2.213983838508422081e-04
-1.434560974928806611e-02,3.982740724933569315e-02,-3.692483961751568452e-03,5.475629923592034536e-03,-9.758712239935423208e-03,8.127028426803859298e-03,-2.563325964875634924e-02
8.591541418323449079e-04,2.077211242227038415e-02,2.426552073731355879e-03,4.827357579401349817e-03,-9.807294421443813262e-03,3.809894971461520469e-03,-2.288777676725312765e-02
4.116730948097298455e-03,-1.926051187774910226e-03,1.517187115387654515e-02,6.930400269103779813e-03,2.473204377980752280e-03,-1.493172693058727671e-02,-1.183442863069626531e-02
-2.311644264039987209e-03,-2.069966437792073594e-02,-6.482448605362239533e-03,2.291934765923189787e-02,4.164959360171881231e-03,-9.302275418243495866e-03,1.171172564616273018e-02
1.613730200211617449e-02,-4.770734919386941143e-03,-9.217353960563331528e-04,-4.615518275320093511e-02,1.186771259730342969e-02,-2.383113923850455410e-03,2.622575239307508091e-02
3.577006851798286702e-02,8.716791524284322329e-03,-7.580626101382635824e-03,-4.408694586427158724e-02,9.011626984472593735e-03,-1.776717830752864991e-02,1.593626324644309422e-02
1.170178779716751771e-02,8.973611686941513482e-03,9.575225021953966131e-03,-4.181429533113698721e-02,2.305088648983254945e-04,8.942778620975092713e-03,2.390383339200584985e-03
4.677140493227528034e-03,6.252563382755098494e-04,1.097076315791020718e-02,1.313636217924805602e-02,-5.208154509300709674e-03,-2.526263079012278784e-02,1.061263130762149596e-03
-6.012872227360069842e-03,-3.285668414541803497e-03,1.242030951324797974e-02,2.249261097785464764e-02,-9.094064880510696267e-03,-1.447767137873996919e-02,-2.042643589950134987e-03
-6.620284418897171008e-03,-8.068414902023792129e-04,1.401193874917945094e-02,-1.152395452713382042e-02,-7.032570858355221242e-03,-3.887184509786729015e-03,1.585889705519587939e-02
-7.497851969832694009e-03,6.412522359627369044e-03,9.482597412010953077e-04,-1.879121915022949341e-02,6.107057413655686030e-03,-2.871028256929816693e-03,1.569225986250789504e-02
-6.640088331931091707e-03,6.025839033181730649e-03,3.654224673098020217e-03,-4.878031775956616356e-03,1.184523755762749084e-02,6.584628578958206385e-04,-1.066564401391537770e-02
-4.224122998289820893e-03,1.022126594862537464e-02,1.681669547416774976e-02,-3.522530274996313326e-02,9.768230310878651956e-03,5.667231888832223105e-03,-3.023997874251086945e-03
-7.551754275692800118e-03,1.283615576363275612e-02,2.725881808034602213e-02,-6.432198486679256699e-02,1.647238785813356921e-02,-7.121870191484090716e-04,1.601856445952139912e-02
-5.054182568257832228e-03,5.688055125229818723e-04,8.036375752326577887e-03,-4.945799946158619537e-02,4.676561472329348462e-03,1.955151779180552135e-02,2.167892150085959715e-02
-1.434385476491328642e-03,1.250362531412152478e-02,1.413133550811241333e-02,-3.263594966140232617e-02,-3.464977578820884613e-03,-7.548396306002061115e-03,1.844874820048258979e-02
3.608372340185366303e-03,-1.647809000843452774e-03,1.688381545137125628e-02,-4.626456457327053108e-03,2.826243012272665073e-03,-1.233297760736404118e-02,-4.711187738294778105e-03
1.278195090657449629e-02,-1.946150961039982280e-02,-7.360653470337779995e-03,6.961633420672045866e-03,-4.410382136101133853e-03,5.058710730319176778e-03,6.430250159273055016e-03
1.364216895612894304e-04,-1.094690423605135417e-02,-7.856073856997585619e-03,-1.100960309539296932e-02,8.188253757641974703e-03,2.087533293467613155e-02,6.125728065625267579e-04
-1.726584258952871057e-02,3.936193017198546563e-03,-4.151055432471495964e-03,-1.414908721358185476e-02,6.279662673886366939e-03,1.462432129366694755e-02,1.072580825083018462e-02
-6.645688564194210737e-03,5.937822957180323435e-03,7.299745294553715682e-04,-1.827998748090121917e-02,3.117541163385339695e-03,-1.109865466976347375e-03,1.625020286205069303e-02
-5.608620966496782488e-04,1.791706439048079908e-03,-1.085015910161466965e-02,2.510004119102914738e-03,-1.125910686679880771e-02,1.762995643316515870e-02,7.384610737469449009e-04
1.294114194373320245e-02,1.102457266066965164e-03,-1.223602185631208691e-02,-1.862295227602716761e-03,3.597986665939744387e-03,-6.500991362350145783e-03,2.957722570525035503e-03
1.194717162617100342e-02,3.453180946767391620e-03,-4.845378257022664448e-03,8.942701765023269508e-03,-1.143758524216129634e-02,-7.081877653772238913e-03,-9.782131850054292914e-04
8.122820826127261432e-03,4.626853048727366108e-03,7.222818817421005656e-03,2.391929765236906064e-02,-4.316599064184939438e-03,-3.171815783430420588e-02,-7.857033446155582343e-03
8.889279730528502205e-03,4.830697323872205646e-04,8.186047357170697647e-03,1.216522857849115964e-02,3.163511311609127317e-03,-2.800547435878122937e-02,-4.881662351405547176e-03
3.618905832306049120e-03,6.529691088302353938e-03,3.291172784918864475e-02,-1.397231614414064238e-02,6.078612470918315358e-03,-2.216442024606289640e-02,-1.300220085051190071e-02
3.609096066716748017e-03,-8.872320891116723326e-03,3.773648547454372393e-02,6.329200855305024825e-03,-1.223033805188060257e-02,-2.155017377027822548e-02,-5.021949683289845222e-03
-5.805355263019586903e-03,-2.009334589259914594e-02,2.223330779467294627e-02,4.052064686920417436e-02,-7.378374253366160561e-03,-3.035733786545008819e-02,8.804586105579729734e-04
1.073569711041479253e-02,-3.253872403675652641e-02,3.194199543047537837e-02,-2.436021075438418379e-02,1.773654614324206985e-02,-5.189315425142350044e-03,1.674011532150778293e-03
1.849400638393080415e-02,-7.143709183314039986e-03,6.425175306658618621e-03,-5.078645801408208926e-02,1.599528704882031277e-02,-3.051686783191638781e-03,2.006738524117797351e-02
-8.060318817421512766e-03,-7.904492627343820280e-04,-9.245848360029014501e-03,1.473887969613855119e-02,-3.338140029486396688e-03,-2.976455927383501315e-02,3.646043604736775440e-02
-7.553225444101225629e-03,-3.608308809374720198e-03,-2.287236328292959614e-02,3.528440959994850329e-02,-1.730908834418005277e-02,-1.408362695294037084e-02,3.014220323357739983e-02
-5.861770682567305282e-03,-1.757269935207592029e-03,-1.290964652613316513e-02,5.455202478441805412e-03,-1.094684243627646290e-02,2.162083111533371835e-02,4.399495986409057528e-03
-8.660120613565337744e-03,-3.786137364919465922e-03,-6.865745844421369121e-03,2.176786885447890701e-02,-1.519520660328464376e-02,1.893519139326681547e-02,-6.195849821554858666e-03
-1.469255631397948722e-02,-5.397895536229505020e-03,-4.499486659582629423e-03,1.383644156127874537e-02,-1.059651684545979272e-02,4.199354994576946776e-02,-2.064353615179701298e-02
-1.450518653367753770e-02,-3.854864694106645805e-03,-6.743472474342706961e-03,1.985227962843596691e-02,-1.473559619087612058e-02,9.122761520716907158e-03,1.086407874385011789e-02
-8.943168809858072568e-03,8.290994676897701834e-04,-5.860781257838992148e-03,-1.020970884745705208e-02,-7.326908113711871548e-03,1.155752145108081795e-02,1.995394611009528377e-02
-5.986921027501108244e-03,1.541976816192522663e-04,-6.696377272259454450e-03,-1.704186147747364585e-02,5.201213487995633156e-03,1.138948805052548627e-02,1.298026055709385583e-02
-8.333281150560061055e-04,-1.312971343335254124e-03,-2.875995977996202366e-03,-1.794377814401182727e-02,1.005142304702114769e-02,3.730168942188315934e-03,9.184481591189839686e-03
-1.495862771295881910e-03,-1.649884245441191576e-03,-1.008256308267181222e-03,1.181294461493444768e-02,-6.851685683957747797e-03,-2.499922905695797348e-03,1.692667299723343280e-03
-1.303100208764419125e-03,8.925610585571143115e-05,3.369646990357123118e-05,4.696653116092612372e-03,-3.101113446277285919e-03,4.014011250485975332e-03,-4.429403287296186133e-03
-1.206020461415730199e-03,4.458483534975902400e-04,1.918917365089495275e-04,-1.594887784707021972e-02,1.133881415130302134e-02,-7.298809336922128937e-03,1.247715340409854927e-02
-2.371736592338133127e-03,-7.735644904938148575e-04,-1.202129942236705674e-03,-1.203052698189651347e-02,2.362741339522717379e-02,-7.179103321932775623e-03,-7.035206632924186976e-05
-3.104737197137847488e-03,4.713589759566178309e-04,-2.351938846367355139e-03,5.603145887336250181e-04,-2.009179619229289893e-02,2.206310507273111232e-02,2.453693598376715645e-03
-2.318135754186041991e-03,6.660238879395077990e-04,-2.381956542146012289e-03,-6.595501402464802945e-03,-1.748306292594008562e-02,2.328292383320233749e-02,4.829708903595081836e-03
-1.875405913791347839e-03,1.115078991750576443e-03,-1.057936376039404248e-03,-9.843799021371252289e-03,1.155662283135628450e-03,-8.138227903106273406e-03,1.864462793942213426e-02
-2.073686777311007159e-03,1.523510359815124365e-03,-1.641129580315849263e-03,-3.480903673514067903e-03,2.154855847169462671e-02,-1.895636830229827791e-02,3.080019501929511221e-03
-1.331117750776207630e-03,6.162571131006829451e-04,-4.060466517266266701e-03,-1.281356275562689495e-02,2.987292093633682477e-02,6.635962828182027755e-03,-1.891999385395023991e-02
-3.866549941957691150e-04,1.600185520327093757e-03,-4.860913083349043505e-03,-1.110500399816541882e-02,2.799547329208629254e-02,5.699642371402036285e-03,-1.894272910810521071e-02
-1.639677878542292275e-03,9.426109673799704840e-04,-4.415904599495790693e-03,-8.543208475158181950e-03,1.916389895672555160e-02,8.824237968309040989e-03,-1.433195693921826899e-02
-2.202409909560258498e-03,1.127355309947950792e-03,-2.516543331621990710e-03,-4.015624811297919226e-03,2.174207953952353792e-02,8.819732783956190161e-03,-2.295458958094752019e-02
-3.773298975330057186e-03,3.479075935136007134e-03,2.609519702227146038e-03,-1.336120814130109004e-02,1.000839715118307695e-02,-1.678450594170165927e-02,1.782202026978653431e-02
-4.163056458007207729e-03,2.338543161539914910e-03,4.520079390530087199e-03,-6.388936604426635052e-03,-8.002737312543873379e-04,-4.048441316542788354e-03,8.542085558160994463e-03
-3.024736633783642846e-03,-5.539699108087285141e-03,-4.920080864648576115e-03,1.610217597544573789e-02,-3.134117697275642239e-02,1.870143823281738421e-02,1.002207937101287465e-02
3.581453660181393127e-03,-7.120527230879543541e-03,-1.352982255731792916e-03,2.111234683291767378e-03,-2.467498657339381105e-02,6.280006523459722920e-03,2.117580119307224673e-02
1.554031367978673129e-03,-3.371534894253261101e-03,-3.757533597610595091e-03,-5.558933665570603248e-03,1.462735666098102967e-02,-1.315803756935165006e-02,9.664651697826412771e-03
-9.165409241893001518e-03,3.898858827216330428e-03,-5.151854931336423762e-03,6.106905822179775796e-03,1.104397784914270923e-02,-3.096718115501530689e-03,-3.635760209807871197e-03
-6.110332266828381008e-03,1.287767475673023965e-03,-8.745854706202246809e-03,6.586048227089694000e-03,-9.215174000583702812e-03,-2.372507116539376935e-03,1.857005238739092845e-02
-5.553573475639790591e-03,-3.674778729646570232e-03,-1.170814470906152149e-02,6.823072245865926047e-03,-3.327486858298334908e-03,-8.396094538648932529e-03,2.583700606542926881e-02
4.870742410626121600e-03,-3.658833864844775012e-03,1.487792052490760283e-02,-2.947968010235806069e-02,2.500936595424292641e-02,-7.535847084655237713e-03,-4.083667837918558349e-03
3.420248287282207436e-03,-3.410987220426598722e-03,3.977375324089891390e-02,-2.876211348545316612e-02,6.622544104795301083e-03,-1.847253222070590131e-02,8.290872936093189854e-04
-2.148498336396068020e-02,4.261219118522342232e-03,1.870015837946709808e-02,6.964845531069920569e-03,-1.526484525120944385e-03,-6.723861644343158937e-03,-1.908934956346384235e-04
-2.281699188078260138e-02,2.847184659099261453e-02,7.492001319518525222e-03,1.052828369525217640e-02,-8.966803851978996653e-03,1.589792585439523190e-02,-3.060626172739698211e-02
-3.381050571719837299e-03,3.253982025992936677e-02,-7.937681177706674279e-03,1.331647253973812506e-02,-1.370525856538072455e-02,-8.684654333648132328e-04,-1.996383705149558721e-02
-2.264778140415565140e-04,-1.302829105294697233e-02,3.157968119268145940e-02,-1.266896581880116134e-04,5.144649205783651674e-03,-1.824405909020608216e-02,-5.098812783082524482e-03
1.625504777051112182e-02,-2.440729321457056622e-02,1.676830841520545986e-03,-1.109696721424356658e-02,4.215376164542990189e-03,-6.058788694563960013e-03,1.941579434680339514e-02
6.950924903341709413e-03,5.378244937948600639e-03,1.444000301862166311e-02,-7.680927509216914362e-02,2.126484608527422909e-02,9.780724497002431586e-03,1.899453164998052973e-02
2.384691785958873572e-02,1.580235192095363894e-02,2.252160262407603851e-04,-4.891622085139992610e-02,1.738844167531770901e-02,-1.794674845992589446e-02,9.600041829224786188e-03
1.427788460147753034e-02,1.750237757865125013e-03,-3.602835443021456928e-05,6.395043412586269398e-03,3.503289973336806695e-03,7.016978014054910985e-03,-3.290740540489039273e-02
-8.310403361192309629e-03,-1.935141152243076467e-03,1.316305181388613757e-02,1.667900752174607260e-03,-1.572903729181014676e-02,1.651433477893547372e-02,-5.370705539750600041e-03
-7.733137252548621943e-03,-3.131443973240426431e-03,9.736851936240473529e-03,2.470890887776762412e-02,-2.009693385808197091e-02,-2.846017038801395074e-02,2.497592465787690924e-02
-6.068000399287045744e-03,-6.146200466249992708e-03,-8.815821675401654470e-04,-1.535776422456362408e-02,6.001165623443978012e-03,-7.134438083907194451e-03,2.958681971810401407e-02
-9.806231112769665456e-03,-6.067622518250670623e-03,1.225790259779600821e-02,-3.280908036774089764e-02,3.193372039635319903e-02,-1.291973430090725787e-02,1.741104530551943960e-02
-7.948725507359189618e-03,-2.882665900313846011e-03,3.294429771122787780e-03,3.883428405875718418e-03,1.472090948936751256e-02,-2.215466354437171242e-02,1.108728728567883251e-02
-1.037693636502035922e-02,5.820449110051023958e-03,-2.329771289502637586e-03,-3.436913636471046647e-03,1.660901575920994272e-02,-1.927297912792681756e-02,1.298713554965990474e-02
6.194981794428700787e-04,7.679776977588011547e-03,4.727922927671754372e-03,-1.580836845122369702e-02,-2.757063225334794795e-02,2.079295424200390194e-02,9.558848377865145421e-03
-9.114645386459955395e-03,4.157106803408400393e-03,1.521893378609448511e-02,-5.484536871558998508e-03,-2.417569886850860425e-02,2.183455905032389774e-02,-2.435718513299188221e-03
-9.908328125052601187e-03,-7.146339356618273790e-03,7.815952820350626981e-03,-9.801432524734750990e-03,5.950197477139096414e-03,-5.197049481435555944e-03,1.828699919035147239e-02
-1.510924455242708755e-02,1.186317030694992655e-02,1.262665852987190397e-02,-1.845178740027379749e-02,1.073107914264002406e-02,-3.170284448905614713e-03,1.510408422144659916e-03
-1.355392092947609560e-02,1.906096998013519185e-03,1.525476446719197139e-02,-7.253328885849232802e-04,-1.716961136754644205e-03,2.020079399773668308e-03,-3.184725910163478668e-03
-1.477988577713080370e-02,-4.399463231985980063e-03,1.007311371163867146e-02,-3.011895425519283201e-02,5.967719761750948579e-03,2.703191635382998226e-02,6.225553437089954498e-03
4.302587721409519006e-03,-8.165177536789943250e-03,-7.002694851076703315e-03,-3.038668824821870451e-02,2.935817704628686849e-03,3.566681964583623410e-02,2.649335564210827422e-03
-9.956851674784295350e-03,-7.715475648516338138e-03,7.096705512254801104e-03,-1.598838659489114702e-02,3.947937287594163215e-03,2.667226557777790594e-02,-4.056194459435101020e-03
-2.029493594918275329e-02,-1.447281859579715481e-03,5.803013677490271444e-03,2.708938074701136220e-02,-1.851914623138350979e-02,2.691569536082535127e-03,4.677400079561741704e-03
-1.029345784939073721e-02,7.211359817768950515e-04,1.294581247897638775e-03,3.404934735696103776e-02,-3.592682056537931101e-02,-6.216940777017336550e-03,1.637215460515178619e-02
6.734115578733932891e-03,2.543830380518965258e-03,-1.120889961993006695e-02,3.279385635922760223e-02,-5.323189560417691119e-02,2.005447992398185983e-02,2.314512981644658695e-03
8.314747140525678704e-03,6.990318286113557031e-03,-1.733275105777835196e-02,5.751354281155145881e-02,-4.833358272962984259e-02,-1.512440642594131690e-02,7.972131975158787409e-03
1.741467102943437210e-03,1.084629493275532201e-02,-7.656961162233722439e-03,2.109324889005272791e-02,-7.783114109301021190e-03,-1.431139777367028063e-02,-3.929537880546566525e-03
1.500796717162511743e-02,8.886273206352808193e-03,5.321920960101713359e-03,4.293785145866789617e-03,-6.182119069012862941e-03,-2.152717614913176800e-02,-5.800651265801910414e-03
3.299286617969010398e-03,-7.779219810125237867e-05,1.162038491442980714e-02,1.037285500578616002e-02,5.133321145804261611e-03,-2.157487344069167895e-02,-8.773182045196314602e-03
1.765264159068164569e-03,-2.871618838216202438e-03,2.158467524731217183e-02,-9.270004907221650325e-03,-7.912610603235462059e-03,-6.758655477632998822e-03,3.462950419925952747e-03
4.456378438243918140e-03,-3.259379338756054640e-03,4.001478933146093014e-02,-3.612068130063779154e-03,-1.816968865913282799e-02,-9.988589030573107388e-03,-9.441442611179030539e-03
-3.833571441739832132e-04,-9.397232475110949002e-03,1.745560161787567885e-02,2.346978051104827226e-02,-2.217385533025477418e-02,-3.561223728330128492e-03,-5.409713451054195751e-03
-7.160492125838341772e-04,-3.055978720489616399e-02,2.412724578297522487e-02,3.153453842885118458e-02,-2.335052958942406606e-03,5.998874624782228084e-03,-2.804976946018635994e-02
1.000494664689562975e-02,-7.802504126722090323e-03,1.569438135808123858e-02,-2.264227056010930869e-02,1.535015482031926691e-02,-2.207946415966902543e-03,-8.396761722497814162e-03
-1.729326104764935049e-02,-8.539579562222419549e-05,-4.044866777179028858e-03,1.325332639083607982e-02,3.840427783707836031e-03,-2.267266563713424971e-02,2.700243508304106185e-02
-1.226449912430938038e-02,-2.534237672744848058e-03,-1.912000369123639104e-02,8.254878249384665695e-04,-9.628660809072769541e-03,1.345598837306090714e-02,2.926592509936402214e-02
-9.531901835212129234e-03,-2.023818928471404939e-03,-1.629380400739766088e-02,8.021232749563918197e-04,3.066075245220910555e-03,1.063015409367521272e-02,1.335117215722863605e-02
-1.251843877784112984e-02,-4.361089575581560129e-03,-8.341859570228867676e-03,2.646658376952891814e-02,-7.522509170448521756e-03,2.590798528638001141e-02,-1.963067196180890567e-02
-1.571786357664621547e-02,-6.714249575426139288e-03,-5.365689173239462581e-03,1.850899705379350710e-02,-6.345798508918009881e-03,4.581787531773582473e-02,-3.018327153729961562e-02
-1.493681436854486788e-02,-2.109948806052021949e-03,-6.527300703144334193e-03,2.292356318352310046e-02,-7.717414573821032922e-03,3.374670579355438810e-03,4.993244688683763643e-03
-6.200299016602596296e-03,1.046982622808627058e-03,-5.013941743694978054e-03,-1.476380239669425809e-03,-1.258790716898108668e-03,-9.992955799967907001e-04,1.390172467405329307e-02
-2.891801618643819165e-03,4.944296839844761595e-04,-5.528902378150036059e-03,-3.468668881116810515e-02,9.848714889505207071e-03,1.116965146939697361e-02,2.159459676507535786e-02
-1.292440966950927916e-03,-1.864609614830604542e-03,-1.941931701603728062e-03,-1.223367774183729134e-02,-3.853597760601959726e-03,5.078351211117756135e-03,1.610790657470672488e-02
-1.798902035837793463e-03,-1.462609972423499710e-03,-8.681825999097023214e-04,5.424261347528057213e-03,-3.095021897310915558e-03,-1.061959158684207434e-02,1.242004674479596678e-02
-7.659191747852674191e-04,7.277434744715313882e-04,8.513410609234635731e-04,8.301057236706382066e-04,1.643298295408783874e-02,-1.314265091754378972e-02,-4.933603120824427667e-03
-1.490740821071983354e-03,6.081998481791542127e-04,5.982111315061405810e-04,-2.039040196164930430e-02,2.156757657553488861e-02,-1.426421643326922749e-02,1.337137166077021107e-02
-1.148366173394053729e-03,2.400349076554123093e-04,-3.605109639007382413e-05,-1.382056055403753370e-02,-2.293497681619919085e-02,2.724990079644730445e-02,1.045001893591814522e-02
-1.872261955519730244e-03,1.225777484141439772e-03,-7.631990532362132847e-04,-1.160203718378006836e-02,-1.727721344786677798e-02,2.882162497451578806e-02,1.467309181745634142e-03
-1.215856747145678844e-03,1.295875474979051251e-03,-6.914991595645160471e-04,-1.544738103501281344e-02,6.656116375064847351e-03,-3.185992784337200994e-03,1.258873787601633674e-02
-1.716526939354383026e-03,1.671672615428413874e-03,-9.711918972008660566e-04,-7.253734825035528140e-03,2.332031457512054318e-02,-2.646328457308198129e-02,1.141275104412381620e-02
-1.996727699189183337e-03,2.045559052149959877e-04,-4.548012493735740375e-03,-6.782319750295059783e-03,3.824872479674591708e-02,1.819008838682693169e-03,-2.694522959742351453e-02
-3.237779527506137278e-04,1.945041004358774410e-03,-4.041687053746236165e-03,-1.451798939499379312e-02,3.569105809038953386e-02,5.340599278173389398e-04,-1.928670462107500913e-02
-3.071871353424037864e-04,1.809590903611579251e-03,-1.477380360321588681e-03,-4.534348832609893035e-03,9.860416391296835531e-03,8.585506821220610305e-03,-1.393659778785513725e-02
-2.227766205040115910e-03,1.100045004413762720e-04,-2.573962941120762002e-03,2.295613294850054956e-02,1.418200787337811977e-02,-5.847739353568164565e-03,-2.659867682259091370e-02
-3.741138114552017800e-03,3.138698772881583915e-03,2.389944994436769225e-03,-8.418950875103397430e-03,3.864927998896227658e-03,-1.079272338205922860e-02,1.355924060550004785e-02
-5.394785301717521658e-03,1.468777787841323967e-03,1.200846454111356015e-02,8.109141015476854439e-03,1.452717838055368987e-04,-3.161957165944468545e-02,1.528270183292492097e-02
3.941136183128982062e-03,-7.827393493536614552e-03,-3.319822913850272415e-03,1.301068482586333758e-02,-2.112790458868099921e-02,1.285677405503880951e-03,1.403762258157165328e-02
5.157399211419789672e-03,-6.235115230213456212e-03,-1.480618801428112627e-03,-3.196997964285893355e-03,-2.215392298156527301e-02,1.926596616083774485e-02,8.643289605235181597e-03
-7.170926981624875345e-03,1.780379506780132084e-03,-6.510503834731342157e-03,1.069808428090730616e-02,1.298044613175764785e-02,-1.873330655526746474e-04,-1.159014603753620934e-02
-9.001249452456427588e-03,1.142132295676024159e-03,-7.846637240033671815e-03,9.643792053087036492e-03,1.359292981006087440e-02,-1.047663546822534195e-02,2.945668001891537519e-03
-1.420248812637290615e-03,-3.420336838321005445e-03,-1.367293401997440698e-02,8.629489389826983797e-03,2.156426660069842016e-04,-6.297368262515426300e-03,1.596575587761407677e-02
1.027847577990467602e-02,-7.493356300862888918e-03,7.204919594625930042e-04,-1.795773832013353513e-02,6.705505338700117925e-03,4.640664779150952164e-03,3.105956763778070732e-03
9.786370338870359689e-03,-4.805784000797576859e-03,3.492468716549575886e-02,-2.991644554362254613e-02,9.752065490678980819e-03,-1.476544543223160845e-02,-4.975448018393325428e-03
-9.780770263711774035e-03,-9.625355334228335048e-04,2.752736281367224036e-02,-6.783886279565204576e-03,-8.037596082587808270e-04,-3.419496542326847660e-03,-5.776914586386746632e-03
-2.266224710617773322e-02,2.320479002019362400e-02,1.127881808764755883e-02,-2.471642176298775081e-03,-7.122978365561537933e-03,1.508571777095354775e-02,-1.731245823075662493e-02
-8.993404405763478354e-03,2.844734670602554541e-02,-1.120680238912235074e-02,5.597785540949656684e-03,-5.861702518452396350e-03,1.094566464580694343e-02,-1.892888757944398426e-02
8.210627097626417223e-03,-1.433100057912470304e-02,1.925896826474756199e-02,-1.176774804190480403e-02,6.933502833477278755e-03,-2.302991889217793561e-02,1.472556931735626018e-02
8.182326400101263067e-03,-1.883975066678723886e-02,2.661786763859666505e-02,-1.532779755849385944e-02,8.943754527532822921e-03,-2.970647014514808323e-02,2.013006980419850683e-02
-1.259606077118619136e-03,7.072970223917845675e-03,1.362765693674816876e-02,-2.484112895699174678e-02,2.021826818553863758e-02,-1.707490857540583384e-02,2.256748263311551643e-03
4.119614526670234943e-03,1.152540226172214972e-02,-2.326891357066293835e-03,-1.345192341240910271e-02,1.998243716217077900e-02,-2.485030382733894802e-02,5.001664646251186529e-03
9.571728073715547389e-03,8.543956242374630902e-03,3.988447576262634832e-03,-3.438039361128244435e-03,-1.012113523251417487e-03,3.009115104094096330e-03,-2.066309411206724081e-02
3.967403063327850331e-03,-2.088129026483876924e-03,4.844586774117017947e-05,-3.397314126938990372e-03,-1.716106196118665286e-02,2.327173434614681485e-02,-4.641078162606303292e-03
-1.420070589612022587e-02,-4.575194176515594768e-04,1.584134937101710702e-02,3.582039996580824864e-02,-1.067317639860977316e-02,-3.835299175508938285e-02,1.202264413064547434e-02
-1.087839820731658497e-02,-1.969204707609059895e-03,2.456904503839294710e-03,1.014279007373940222e-02,4.909410535365885814e-02,-6.301291983041572287e-02,1.416672281410392281e-02
7.491302621211309853e-04,-4.461025954690871903e-03,-4.059655039573623579e-03,1.479212270281163484e-03,2.221395194479288196e-02,-2.741407825847912150e-02,1.149246477554853943e-02
-9.011251241727049471e-03,-6.461731154300838671e-03,1.022317350858740689e-02,1.830430185253431596e-02,-6.619318977821825149e-03,-4.221967021103552146e-03,-2.213206966168564539e-03
-9.984025362592423639e-03,-4.253988695769422325e-03,6.352901187917829075e-03,-2.223230420894988218e-03,-6.102206350104974301e-03,3.430204762663384421e-02,-1.809149798518999361e-02
-9.319657698699692142e-03,-9.020377171830420981e-03,-2.865020387186354399e-03,1.126060671359598205e-02,-3.105000012400314403e-03,1.813968311475438328e-02,-5.090234558233645845e-03
4.722928378887044504e-03,-3.611796242176950385e-03,1.338782127360035228e-03,-3.541949079582624310e-02,1.169411173732936085e-02,2.691960720832385981e-02,-5.644142413897184317e-03
-3.547178981579891376e-03,-6.268720980586709249e-03,1.583038091378123624e-02,4.908009216729263512e-03,1.687866691043910308e-02,-2.404003215447845371e-02,-3.761124924304441383e-03
-1.369261540312525713e-02,-6.509989809437698172e-03,5.990694544329280835e-03,1.778146169806135019e-02,-1.138624558899137794e-02,1.131445716139401446e-02,-3.497762602230303133e-03
-1.047776090418783314e-02,2.900500734917931065e-03,1.035265669706749922e-02,-2.746577324491643237e-03,-1.100218172383817493e-02,8.929150028268743530e-03,2.044212492263458407e-03
-6.890771581085982679e-03,-2.091271637548220721e-04,1.005026683415108542e-02,-1.635257242498793298e-02,-2.346110987301905804e-03,1.986103550398033574e-02,-4.112720181000712946e-03
-2.540386097318935929e-02,-6.897781653032517132e-04,1.423666851257589933e-02,-1.750475240076183880e-02,2.580087814319795628e-02,9.548187161453326049e-03,-5.987342277972682730e-03
-4.701512822803164716e-03,1.184274632597795678e-03,2.681338392175207797e-03,-1.284118148177264447e-02,1.991746158919452739e-02,3.089401192156760855e-03,-9.329781501548450873e-03
6.930049443922023031e-03,-3.847248988714382987e-04,1.413582060349383857e-02,-2.365265540768717034e-02,-5.540576108183203896e-03,1.353553038694403805e-02,-5.023444019618086842e-03
-1.227183889076585710e-02,-5.056053183375380441e-03,3.829269957041614089e-03,3.285076446582034515e-02,-8.500945975684506481e-03,-1.629217161908326494e-02,5.440975246047078349e-03
-2.956100744308243211e-02,3.067453999091235457e-03,5.819643947781572187e-03,2.495250809348448229e-02,-1.079044087563841431e-02,2.723555612991755692e-02,-2.072371385155398135e-02
4.744651722979259859e-05,5.334198590862860440e-03,-2.139141619773473127e-02,1.330108629940512759e-02,2.611989785842564523e-03,5.654058745937781162e-03,-5.557363741543369304e-03
-1.265678903401072164e-03,5.596577300245296656e-03,-1.417603551358134761e-02,3.874366968559973118e-02,-1.376336603789421985e-02,-7.215787160017050374e-03,-7.919379370951251315e-03
-1.095301444295785145e-02,8.193385763758571222e-03,5.309638958199027056e-04,5.162459088865661155e-02,-4.044135563413897572e-02,-1.548775831161959635e-03,-7.405794639976139189e-03
-1.425001560436461694e-02,1.243759092655541236e-02,-1.503964434059631462e-02,4.758724926689660711e-02,-1.529731552706586374e-02,-2.477458357752250224e-03,-1.296040636367299173e-02
6.162875995684936360e-03,1.991497420760759973e-02,-6.701848251192930005e-03,2.216151096112417909e-02,-2.026559982492297934e-02,-1.986235359092548489e-02,-1.409559497375296446e-03
-1.598429474921317286e-03,9.535936462864245261e-03,4.828688892678630051e-03,1.390868992429186365e-02,7.497249484658049037e-03,-3.269263087554460240e-02,-1.479504414026840782e-03
-3.794425893168634192e-05,-7.254044325324730987e-03,-3.951495003478023823e-04,4.849225311174532732e-02,1.931320753232897754e-03,-4.852052759201418153e-02,5.784091811640209788e-03
6.431567074472753498e-03,-4.048679380687838364e-03,2.593672123807607560e-02,2.953589036564499212e-02,-2.455878513734930171e-02,-2.146787629565612490e-02,-1.182883786450063257e-02
-4.498545596415820871e-03,-2.647899678854770357e-04,1.719705250957349538e-02,1.156316324056093185e-02,-2.180315546129085735e-02,1.745838481146434404e-02,-1.965210953600663585e-02
-8.342885634440227322e-03,-2.187347566795904905e-02,1.406327458261516332e-02,2.550374403961288769e-02,-1.574850497389915227e-02,1.371955362082401784e-02,-7.321705966753678380e-03
-3.948670795845444711e-03,-5.897385925102627095e-03,1.137508969232227211e-02,1.700414080723770035e-03,1.362125711722298555e-03,-1.753326124487532625e-02,1.294168848105512089e-02
-2.333402169499296935e-02,-2.985776142742700787e-04,-4.001403261075899345e-03,3.352296582071567776e-02,7.844308454685942900e-03,-3.161875150033117282e-02,1.788547979527256235e-02
-1.139357594522921908e-02,-2.361459010369073436e-03,-1.613379763655592089e-02,6.784713510417943096e-04,-3.755828925515724941e-03,1.193607848558491530e-02,2.103011168104319817e-02
-9.980222085670687956e-03,-1.922332980107183467e-03,-1.476864131302480128e-02,4.831925825102624181e-03,-7.996996579219619455e-03,4.500726112606209979e-03,2.533554102031352132e-02
-1.012707070076204058e-02,-3.265930260780258720e-03,-7.994993721158909217e-03,6.957465930227066733e-03,-4.116180258393884947e-03,3.644738965529675800e-02,-1.790068064442870352e-02
-1.586644419542667522e-02,-6.555009387602607658e-03,-6.140632870939953004e-03,3.852813471029124803e-02,-6.230104290844906516e-03,2.821058345854117119e-02,-3.194652742401828116e-02
-9.914089168304123303e-03,1.110409554076939196e-03,-3.801415644450419073e-03,1.810437257987454127e-02,1.335196957772865874e-03,-9.642788107827373126e-03,2.808313828857539243e-03
-4.941451671979223484e-03,1.775564181998427488e-03,-4.727275723452435512e-03,5.705271958057470854e-04,4.356847839739582187e-03,-4.815201331806778957e-03,7.780989509694719031e-03
-8.504425050931523891e-04,-1.207970718312329156e-03,-3.965715881860588758e-03,-3.412360716202662153e-02,-7.424748072420289495e-03,2.793191829517197022e-02,1.964056604454092123e-02
-1.590615137040831458e-03,-2.167094446714987969e-03,-2.358867670089716522e-03,5.127482211969499291e-03,-1.731519629165940207e-03,-6.091188747845319509e-03,8.811803418887287701e-03
-1.719389146120881440e-03,-1.322428943815388749e-03,-6.225260075923182493e-04,2.212078692330389160e-02,1.710273591825003936e-02,-3.357266732693676980e-02,-1.986511417088608275e-03
-1.388324458831042196e-03,-1.802102232262163312e-04,-5.073955948982461191e-04,-3.409326496883597051e-03,1.881671341316020971e-02,-9.102699772962132355e-03,-4.228756866358953509e-03
1.564674616620359430e-04,6.861001593009853064e-04,3.749647231671127102e-04,-1.706404772623056065e-02,-1.881676920728610550e-02,2.840966646570300055e-02,6.253618123683505996e-03
-1.367515818336786275e-03,-5.928744073492413225e-04,-1.098404783309865629e-03,1.407693653442112060e-03,-1.488617689625693769e-02,3.055017206681594731e-03,1.348226104512911978e-02
-6.081801921306990944e-04,5.186608739736451885e-04,-2.091485915324434001e-03,8.884614202180809300e-03,1.308802277729784191e-02,-2.447808657051388920e-02,4.686454824516703664e-03
-9.505882141479048532e-04,1.489588169591471532e-03,-7.605530772131130404e-04,-1.357949708571737878e-02,1.777375287950901106e-02,-9.683446813903113376e-03,5.710744141881112131e-03
-6.702398889660809685e-04,-3.344008403396501300e-04,-4.094888223858741093e-03,1.713573008908974085e-02,2.311621686028283995e-02,-1.528561295957489227e-02,-1.986680503663324285e-02
2.950408123779438873e-05,1.988727850343880842e-03,-4.418020460866661607e-03,-1.081724815938520448e-02,3.650223465737955503e-02,-7.115053776903857742e-03,-1.617014419180557924e-02
-8.265901590988445442e-04,1.853310697759162672e-03,-3.507636054136307156e-03,-6.789904859627069432e-03,1.401218513999060410e-02,1.037127815235745071e-02,-1.511264291724502377e-02
-3.108889125355349461e-03,2.005584366552700011e-03,-3.319934197816639451e-03,-1.832728579985429956e-02,1.331110476974989992e-02,2.683921776099301715e-02,-1.739979777426920934e-02
-5.608996457984471301e-03,2.732071415041956511e-03,7.188824795358356341e-03,-7.706431548001890092e-03,2.844022921262175357e-03,-2.359012896408595097e-03,2.909521770732489097e-03
-5.045973867603123497e-03,1.439003871031340484e-03,1.518991226297231739e-02,-2.546510381235226814e-02,4.627730260101413536e-03,-2.110479847319416194e-02,3.035922975904448498e-02
6.077428618651885966e-03,-6.247116449330100511e-03,-1.890281622552151923e-03,1.276853421362663180e-02,-1.091193402548582686e-02,-9.979436942291333018e-03,1.018280620738092751e-02
7.745775637555193729e-06,-1.132878660418560257e-03,-2.689288765249093008e-03,6.341636378035112216e-03,-1.850324327336605804e-02,1.372616800938640698e-02,2.249860535974554897e-03
-6.798307145479410597e-03,1.940600013187201338e-03,-6.307182997454972503e-03,1.726036022261570602e-02,6.730021986792768252e-03,-1.008168802831359290e-02,-2.743804051347678141e-03
-6.546065878649602945e-03,-2.721403982917614331e-03,-1.155016552686992208e-02,2.032812812698071153e-02,2.005517486557711893e-02,-1.401569811328913333e-02,-5.549969490831523945e-03
6.299155411821171641e-03,-6.462303943244952602e-03,-7.789847797314588401e-03,-1.398841835458606263e-02,1.063125548252374236e-02,3.852731465233457091e-03,7.457427735567265931e-03
1.730677166780037954e-02,-6.278563443665114222e-03,2.535985958392746736e-02,-2.044604064381343525e-02,-1.483765020288684965e-03,-1.723078500264643362e-02,2.772522858685815082e-03
7.376958984023762080e-03,-5.758247047070036428e-03,2.704034502017262781e-02,-9.839207403453757370e-03,-3.238918938184520875e-03,-1.038635235672567825e-02,-5.194578258762454215e-03
-2.617826199581734306e-02,9.409730643513787227e-03,2.069215639571938409e-02,5.441787168339673811e-03,-4.320594291607897201e-03,1.310094044608018857e-02,-1.814575836622783420e-02
-9.153384473791362566e-03,2.020057548772323172e-02,-1.126973894934664260e-02,-2.157329119963733322e-03,-4.213172087691489757e-03,1.416003805470942949e-02,-7.566988911639559168e-03
4.808371665215499524e-03,-5.976034618858940516e-03,2.131900173586265268e-02,-1.826901292050029171e-02,9.575508096506623809e-03,-1.653473788932397631e-02,5.076903931098238239e-03
5.929214224392836269e-03,-1.581646170470954460e-02,2.744673842636047995e-02,-2.610741082376277777e-02,9.314135306017908358e-03,-5.250507827123907303e-03,4.484292398825021585e-03
-8.074949030835845698e-03,2.883503653691421240e-03,9.987717156188739148e-03,6.001676001915049775e-03,1.781266264295267021e-02,-2.676968659931499780e-02,-1.840923824596975723e-03
2.259952978314609846e-03,7.706180624079266538e-03,-2.166654833453969531e-03,-2.050726933048729536e-02,2.611741728422201439e-02,-9.115602185535370480e-03,-4.294024537139225044e-03
4.769867297017329685e-03,4.200293491295575311e-03,4.070289178129540895e-04,-1.143794048417769681e-02,-1.241044187004047145e-02,-6.267699111809584868e-03,2.073889175990190417e-02
-5.861298017550827140e-03,-1.390391194027373531e-03,1.374725142304489799e-02,1.956209674521838544e-03,-1.951260239360159618e-02,5.063092048555778261e-03,5.997738459057302442e-03
5.095846141451302290e-03,-8.050113790838657815e-03,4.926257236776576502e-03,2.398858436582723686e-02,7.354838839316910938e-03,-3.964117873523949342e-02,6.325765942706145471e-03
-9.505134014130599621e-03,8.685368988875736889e-04,1.044814533481172418e-02,1.529943036478799596e-02,3.146885425697879685e-02,-3.316820070076560018e-02,-1.541163214056994434e-02
-1.514670778809826951e-02,5.286018811783387873e-03,7.672675775772140432e-03,2.668819831024661290e-02,-1.912832251027964114e-02,-1.243808815958515751e-02,7.066225560160972925e-03
1.025267173188352610e-03,5.162784813245315831e-03,1.657503443684209439e-03,-1.448495599946177798e-02,1.635776825306286750e-02,-5.164337804958034871e-03,-4.554029878760935783e-03
-3.963252206833348633e-03,-1.615885872101102553e-03,7.953394959233327233e-03,2.884483146721497551e-03,1.922825193128070362e-02,-1.345627877185799973e-02,-1.103071318644301482e-02
-4.930230326940943791e-03,-5.208699431509305946e-04,2.972794907566977691e-03,3.463308262706318169e-02,-1.482550705198882462e-02,-3.107723521165903918e-02,1.374796499910959854e-02
-9.678404181048136379e-03,-1.141908793752492018e-02,1.046892343895147910e-02,3.631543159146673194e-02,-2.676225186700580301e-03,-2.457544977226963981e-02,1.564812047125115069e-03
6.276866836917476163e-03,-6.769581867371453517e-03,1.628470612628099209e-02,-4.068425367958750788e-02,5.271773604972880382e-03,2.954330906458992392e-02,-9.922820085802286014e-03
3.460238658708889980e-03,-8.485282523521006301e-03,8.846411759277172590e-03,1.003013016936065392e-02,-4.408891392540562840e-04,1.000051896985310398e-02,-2.341112789442481926e-02
-6.627645036296756983e-03,1.966309091844225653e-03,7.728592828526652074e-03,9.008457808903892750e-03,3.025319896907904555e-03,-1.966299802293729627e-03,-1.313473478759219666e-02
-1.127083672606917115e-02,-3.256120403479332345e-03,1.693296352003181848e-02,-1.107479544110941995e-02,1.714839048782822520e-02,3.801448811700902652e-02,-4.649408955421116540e-02
-1.231389106384080112e-02,-3.269638178836506643e-04,2.963563232083999376e-03,1.173896173090715513e-02,2.410694929565188743e-02,2.975577429905873570e-03,-2.914419680682445515e-02
-1.794047122808562628e-02,-3.853341397364526953e-04,-6.935709815905037948e-03,3.027470977173894046e-02,3.277370250253826278e-02,-3.922584652592179741e-03,-3.386431243795783030e-02
-1.192362074662888308e-02,3.529663403044206674e-03,7.487036616819825116e-03,-7.076041514782280099e-03,2.957093903624721798e-02,1.812086353465310051e-02,-3.970884032935317887e-02
1.173265887530628750e-02,-1.001986986686967222e-03,1.424203257068172926e-02,-2.742427966819532478e-02,8.399215318622260326e-03,2.315272728571191041e-02,-2.910036739543990156e-02
-7.211792966950189045e-03,2.651577637188244890e-03,1.113852205295761885e-02,-2.199930614196590056e-02,1.305567928826629684e-02,4.582667014071509226e-02,-4.346135001021118882e-02
3.508812756506124713e-03,-6.999435256978641089e-04,-1.062900824562531188e-03,-1.527163780609642682e-03,3.401856831720819038e-04,3.256546118406394158e-02,-3.312445149287204793e-02
-3.711209706781176589e-03,3.808302673822506427e-03,-1.585816781265498437e-02,3.876814582795139880e-02,2.984535457894843535e-03,-1.050918371246864144e-02,-1.548242272776394202e-02
-2.132133606359745345e-02,-1.520958771163633157e-03,-9.677095761756748099e-03,1.728861116722390720e-02,6.968973206801292071e-03,9.395994144815351945e-03,-1.134187922322608521e-03
-1.017383218640321996e-02,-1.253329175933845692e-03,-5.077324786514882983e-03,3.102456561330287771e-02,-3.166694299279601554e-02,1.537092815703563348e-02,1.775935371309509585e-03
-1.798922643906139887e-02,1.287268735924695234e-02,1.531010385475766074e-02,2.464223547717986698e-02,-3.446983040439986073e-02,-5.682067242683539778e-03,5.316097394960399118e-03
-1.473700453328700977e-02,1.276044789422436584e-02,-3.523620715390599935e-03,5.211741861380671248e-02,-5.032708175794846014e-03,-3.388402705081411392e-02,-7.700506032744671749e-03
6.510896085242513960e-03,7.492860041586099640e-03,-3.568934198965911624e-03,1.418709433993034161e-02,5.336442397480354455e-03,-1.550620400373205372e-02,-1.445215466154131309e-02
-1.098441561961118612e-02,1.195685535735647141e-02,-1.222510801467358195e-03,2.636700345359266340e-02,-6.983091687230704066e-03,-2.031661097626747889e-02,1.182770273627560369e-03
-4.110909585465006601e-03,3.837740376297525875e-04,-9.010094902587376109e-03,4.100450235541452243e-02,-8.695597273534274880e-04,-1.053470036573096735e-02,-1.686301181190737186e-02
1.476735835527128674e-03,2.227210833091339704e-03,-3.260468237058891487e-03,4.999101918006448181e-02,-2.426379766108684513e-02,-1.501158915547217212e-02,-1.115911079506487838e-02
1.984640978893149887e-02,-1.714189608901238969e-03,1.348721107936702232e-02,-1.397543976505073379e-02,-1.293938421675870122e-02,-2.645015474056312561e-03,-2.059591803531546795e-03
-7.838405540475436653e-03,-1.094729587772576111e-02,2.915470010753597966e-03,-1.204587709016097068e-02,-9.293535812055109258e-03,1.375944906407221800e-02,2.345019524559145696e-02
-1.634734400955363195e-03,-3.548609431496706299e-03,9.305186810115407062e-03,-9.405612465034256589e-03,5.502345327794486499e-03,-1.853223081247465029e-02,1.831365497205104248e-02
-2.000915426917548173e-02,-2.120073187696219340e-03,-8.959504416210611194e-03,2.807584041285741266e-02,1.206478151501521158e-03,-1.327837357924106614e-02,1.508478688796448079e-02
-1.359535930276302949e-02,-3.020476725450026243e-03,-1.597246376681164121e-02,1.023724589632869818e-03,5.924471826069999027e-04,2.617220909855964145e-02,4.799918924225191411e-03
-5.574624448696412736e-03,-6.377646974913588063e-04,-1.169564694954134364e-02,-1.344853095314298792e-03,-5.151874796815608150e-03,1.281797644684789898e-02,1.158678754101113810e-02
-1.116988513355356670e-02,-4.952657747095722159e-03,-9.355561574545102552e-03,2.916252911316092288e-03,-7.777640018420971290e-04,2.601243825209350116e-02,-2.672822706373026522e-03
-1.622693648103912256e-02,-1.846802822037292005e-03,-4.564121141012201024e-03,2.748196572946964844e-02,-1.534972012627953486e-03,2.400123592972055325e-02,-2.731036920247367425e-02
-7.059037202544446270e-03,1.952285088750378792e-03,-3.096767230122608305e-03,1.614341748276464095e-02,1.494513033440866010e-03,-1.374615141842673929e-02,4.311740246137924816e-03
-1.628766583277237948e-03,1.446790628137431273e-03,-3.479199768456325576e-03,-9.763586229215234780e-03,-5.080843780712981060e-03,1.632153200266441570e-03,1.687345253325788635e-02
-6.176488670786896024e-04,-1.535903077341141659e-03,-2.421057283066356276e-03,-3.313168700178519693e-02,-2.236283422594186141e-03,2.379985424149108283e-02,1.614272541037449146e-02
-2.335882217831947855e-03,-1.458883267997155512e-03,-2.140846087130154288e-03,8.998470652625305960e-03,1.904106572054276025e-02,-1.222026908363266391e-02,-9.883655716576084799e-03
-1.170859806610620966e-03,-9.107758339552466092e-05,5.223532982322599236e-05,9.975575222525106395e-03,5.506875533842071728e-03,-1.355551206476279108e-02,-7.172366314214690406e-04
2.627225127068970214e-04,5.398759038916839306e-04,1.472256727202612926e-03,-8.826499378102403356e-03,-1.077989705180358929e-02,1.241477834530309299e-02,4.916762940801747139e-03
-9.163805193154569073e-04,-6.116835113939387159e-04,-2.533047969019255647e-04,-6.436438681099020988e-03,-7.780257737901340349e-03,1.624074821711483582e-02,-2.426829705031732461e-04
-1.518565814819677158e-03,2.034189553845113917e-03,-1.727797350732462975e-04,-1.716235627832072078e-02,1.254024116653864110e-02,-2.468726628816093199e-02,2.896653739599077890e-02
-2.867326593634779257e-04,2.225425281273862767e-03,-8.280890605003349454e-04,-2.006154970492303458e-02,1.818083915345557883e-02,-8.737427557543487808e-03,9.507534547600950472e-03
-3.986385408404725461e-04,1.170249258715831686e-03,-2.928876234218423264e-03,-1.594967773886055151e-02,3.029040389791612040e-02,1.597900035587571099e-02,-2.816246099858831300e-02
1.611236720740594588e-04,2.165218771473510079e-03,-3.551811221832235077e-03,-1.199806167786237124e-02,3.307467696456280193e-02,9.831629904679870229e-04,-2.083430949888380804e-02
-1.573766038397797409e-03,2.634813756889520416e-03,-3.215354541623500519e-03,-2.294671516675440490e-02,8.056141985621177726e-03,3.358330622866178422e-02,-1.653842622439674268e-02
-3.262873766032520304e-03,1.663672852938752550e-03,8.403616750458678094e-04,-2.382538360871557480e-03,6.907982364654930395e-03,2.141015006841540808e-02,-2.517675483415096963e-02
-5.910588927195327066e-03,4.698661657499104234e-04,1.296418041173760805e-02,-3.598241070268794108e-03,7.046321830092668569e-03,-2.612847469659952682e-02,1.515693628648354802e-02
-2.593662098112897631e-03,9.183479156795531454e-04,9.902399794741152325e-03,-2.974678286095656845e-03,2.562734172449137975e-03,-2.453191322325828580e-02,1.671677172459707858e-02
5.576456754358273364e-03,-4.616042028794029549e-03,-2.267227632290075030e-03,2.561537634128122770e-02,-1.014634432880206008e-02,-2.096648161139869765e-02,6.804262505645401575e-03
-3.518394546678417154e-03,2.007334122745601818e-03,-4.615988082617217443e-03,1.729416161781447553e-02,-7.752259215192475877e-03,-1.419127474473479665e-03,-1.995726421598468994e-03
-4.900908362355387710e-03,-2.736638519672013759e-04,-7.905391016150058181e-03,2.265770925554390358e-02,2.292119179030130632e-04,-1.135730149878856447e-02,1.550343555814291977e-03
-1.234845014508007899e-03,-4.908416229629992619e-03,-1.570109250606271933e-02,2.794146712799087939e-03,2.858328528491903622e-02,-5.436891335412760186e-03,-4.096186912104651280e-03
1.648464364754166980e-02,-8.141934292807042478e-03,6.455281584027002320e-03,2.476993749137532640e-03,-3.419029748184350490e-03,-1.191819949074059137e-02,-1.937755448974169030e-03
2.028367658965707018e-02,-7.198386285936996497e-03,3.186742148908836003e-02,-3.277815150154123752e-02,-9.549366139403756004e-03,1.651827300088169618e-03,-4.277021451951776125e-03
-3.234858994326144516e-02,1.140755052449228014e-02,2.294769779661301468e-02,1.455216998998015016e-02,4.936858568750483907e-03,-6.936622255443918549e-03,-1.455906468113077161e-02
-3.273756563510881248e-03,-1.628116192539504070e-03,-5.388005881785549490e-03,-2.554521819362940045e-03,-2.219893626651100061e-03,2.025312350863701927e-02,-5.188829424787038715e-03
1.213430228436735911e-02,-1.749737374992160928e-03,1.031773339467130686e-02,-3.012770048649379348e-02,1.192329164169052096e-02,-1.166148150370187493e-02,9.163592044458658895e-03
5.054631176523176686e-03,-1.162693275662428707e-02,3.224374488757918850e-02,-3.406056713718382672e-02,6.650383228664193645e-03,-5.046129236248825083e-04,2.243353524666528986e-03
-1.002516416645075729e-02,5.681728120628825760e-04,1.658346536020892728e-02,1.979564265345358162e-02,9.958592224762894546e-03,-4.332724961159187260e-02,6.446540727554399275e-03
-1.358204669189561932e-02,8.230023651084571179e-03,6.764639381536504889e-03,6.456188422406765673e-03,2.300863455173426941e-02,-3.406843653291979912e-02,3.190997218053306418e-03
2.189342702448911215e-02,-1.557342671264567774e-03,-1.107297061944048817e-02,4.047261818990171602e-03,-4.909083586086332961e-03,-7.237813041128690790e-03,-1.163478925559058774e-03
6.136389265153797262e-03,1.822763989800522608e-03,1.752148911426227706e-03,-4.028228018166797944e-03,-1.088646248909975675e-02,1.932604550962512338e-02,-1.412265716873907853e-02
1.112276849758867724e-04,-1.018581447310119154e-02,1.462269408027389896e-02,5.777701605329279427e-03,-2.148150597586919331e-03,-1.799961323280895378e-02,9.821954932918004061e-03
-6.650687583905481870e-03,-4.920334435253795845e-03,4.278582180638796847e-03,1.856088922994243023e-02,-1.016069901517469595e-04,-1.955528868575007878e-02,8.388446284479907436e-03
4.254735052483732578e-03,-3.580764530629423383e-03,7.964269295009634292e-03,1.684010807247580737e-03,-4.169021639450419016e-03,-6.476831426259958488e-03,3.236024415988533872e-04
-1.068246448919864429e-02,5.764201028153421481e-03,4.993458739011844873e-03,1.175158570850827304e-02,2.119279442288333690e-02,-3.135906372591298896e-02,-1.660511683445316114e-03
1.017767920875699283e-02,4.229471129277283270e-04,2.490731026717765955e-03,1.985797495465401949e-02,2.319881626961519793e-03,-1.954407698282707370e-02,-1.572513694719099644e-02
5.903694580265342849e-03,1.858214580180505811e-03,4.381900987403527202e-03,1.726425950805509160e-03,2.509845641523513610e-02,-3.267100662864123872e-02,-6.297685885248765700e-03
-5.430747454872042468e-03,-6.761032986018085909e-03,8.309439044292699778e-03,1.805000123575262877e-02,-4.222317261722669315e-03,-2.871013758078659259e-03,-7.074328819353810881e-03
-1.156065379176081549e-02,-1.077206640321839819e-02,7.030926420729186575e-03,8.945939144893468725e-03,-5.611563202548657502e-03,1.848034533755518738e-02,-6.512927505649986244e-03
1.135349986887225493e-02,-9.403606705763470353e-03,-8.307911716056663037e-04,-2.549856143764170704e-02,-5.014448284575173664e-03,1.435098730598220393e-02,1.504292042473149259e-02
4.396489970140166070e-03,-3.647582967948988231e-03,-5.675977754540545948e-03,1.208924813831276437e-02,-8.114153632847048020e-03,4.387261618358627262e-03,-3.435285371474942114e-03
-1.025767946957209867e-02,2.911756686933468594e-03,6.996729114824717585e-03,1.178996806753032645e-02,-4.392953056897970499e-03,-4.093915558153821826e-03,-2.953905784664641147e-03
-1.758366990516616046e-02,-2.964224451455311831e-04,4.108479427498943314e-03,1.041526350989473854e-02,-6.233997750262269648e-03,2.211639839981843154e-05,9.568230764780428707e-03
-9.495291454280152879e-03,1.058606491155356100e-02,-7.534931800159198369e-03,4.581397183818866777e-04,2.189328612981705433e-02,-1.049667814618411923e-02,-5.410589359128995142e-03
-3.611636698466031640e-03,2.399838528747992930e-03,-1.159453197179561440e-02,3.951521171332327172e-03,4.741922637669602342e-02,-2.738499995806599474e-02,-1.117941744844888965e-02
-1.737662520688815476e-03,5.186662117214856614e-03,1.605073382218953279e-02,-4.775777969365391923e-02,1.613922876064556589e-02,1.378870254475477071e-02,-1.669885030462012546e-03
1.648793002429628160e-02,-5.403892563623663783e-03,1.659914189566474895e-03,-4.403298423489626634e-02,8.316630334147605622e-03,2.867994205422510004e-02,-5.707539803715495387e-03
-5.926744179814473490e-03,-5.581653562594731874e-03,1.074752256203241954e-02,-2.094579991474341055e-02,-7.616341601111359036e-03,2.257943848512148841e-02,6.743578211110105164e-03
-5.124092586628639125e-03,3.379712686226382136e-03,9.076103846357218112e-04,1.018932810444570132e-03,-1.063714713134706474e-02,2.563750244132180500e-02,-1.518251860465272968e-02
9.401762707401502966e-03,-6.867232877760591665e-03,-1.582989390557757239e-02,3.277815549189781741e-02,-1.905793860619788699e-02,-1.693703509995672998e-02,1.651218229019331407e-02
-2.163642613409344148e-02,-4.232971456808759525e-03,4.510780071415925949e-03,1.192679739597144947e-02,-1.144978058400069124e-03,2.677605345363883761e-03,7.899192836550970181e-03
-1.582063621578547880e-02,1.457379025539751486e-03,-3.609160681032320527e-03,-7.569470395979645792e-03,1.281936647231316645e-02,2.064430460725059230e-02,-7.921782812306137761e-03
-1.580372433016081352e-02,1.672517248446454916e-03,-5.352939127381267995e-03,9.905956830671604901e-03,3.291451327732952681e-03,3.959886325616740303e-03,2.326851725074388991e-03
-2.511642631825328729e-03,2.209382370699754586e-02,5.138839061051449567e-03,-1.765417346003302079e-02,3.723504744759709509e-03,-7.373635583318078647e-03,-3.416715837632377378e-03
1.913843631647505622e-02,-4.621239000698407554e-03,3.982727658295291684e-03,4.449120291140951089e-02,-1.652100360570703946e-02,-3.612864042220161054e-02,-1.034148385757275440e-02
6.296314226427348996e-03,-5.361400108638727027e-03,-1.279343328743491603e-02,5.645163254498554439e-02,2.218272239908270632e-02,-4.339459399690139690e-02,-2.338124177752055194e-02
2.775186000809396966e-02,-7.383847886767822173e-03,-1.835583521057196148e-04,7.424844613571206751e-03,-1.632845103822847194e-03,-9.628394130052097752e-03,-1.634805914891671735e-02
-9.801329862683434355e-03,9.013932487675087703e-04,1.015106061734265958e-02,9.067770970641464076e-03,5.933830121810195792e-03,-1.549416453137985629e-02,-7.585605644985368105e-04
1.206047002821680238e-02,1.700830973919654349e-02,-5.860821727431863443e-03,-6.350286727087019190e-03,-8.091668095170850145e-03,-5.108648849865971356e-03,-3.657354367857691604e-03
2.612632007324076607e-04,-2.083094718073660607e-03,2.003966910962281384e-02,4.130989043330984584e-04,-1.518763522294385229e-02,1.302735732549302125e-02,-1.647065859916375941e-02
-9.334500602740979439e-03,-3.495506476807311736e-03,3.207190423726719464e-03,-9.943760092244983625e-03,-2.100165136506084839e-03,1.609913536429128170e-02,5.567606520281323350e-03
-1.843241609210307221e-03,-4.232382150336434952e-03,-6.374337825335230816e-04,1.479789765608239410e-02,8.794022868433381060e-03,-3.093638479092170740e-02,1.405752180848614946e-02
-1.768270954685791443e-02,-6.764345249545650370e-03,-1.557744372966567321e-02,3.985897471732422620e-02,-6.602137825300937943e-03,6.990697027695065568e-03,-2.230353936491149679e-04
-3.904497362246550727e-03,-1.145742273087520637e-03,-1.757353657962561558e-02,-6.422363639661721538e-03,2.469792845143292757e-03,1.706530922527896635e-02,9.511037784199032064e-03
7.315866183580363230e-04,5.437803726499106051e-04,-1.110862236329971005e-02,-1.577241863004290659e-02,-6.036897171472360886e-03,1.780521307561797051e-02,1.383735809818911755e-02
-1.467973149991353907e-02,-4.065259338298835012e-03,-9.455528323398425597e-03,-7.764163123882244014e-03,5.051570727214842182e-03,3.532910085906666720e-02,-4.415989300788443137e-03
-1.176285279442054570e-02,8.825398152947381896e-04,-2.824950011109973302e-03,3.563641206006618739e-02,3.862033745104094702e-03,-9.657525020317926298e-03,-1.613565779461657856e-02
-4.009929719245904772e-03,5.598999554987721047e-04,-4.913166015399691999e-03,4.647411435729844296e-03,-1.044654472740464898e-02,1.358754777964860452e-02,5.747812911730484659e-04
6.168027869214982948e-04,-1.980264713870214419e-05,-2.999903793300810837e-03,-1.195609123139782827e-02,-7.563805115755975819e-03,1.596420114049171973e-02,5.958598860180051165e-03
-2.392786238246401331e-04,-8.682693990734478623e-04,-1.843457883225607837e-03,-2.298032777548371375e-02,2.426979961515711784e-02,-2.156327221495887018e-05,1.683097338665160087e-03
-1.422420845293835339e-03,4.581841881665760056e-04,1.653563806264709277e-04,9.524331316777984516e-03,3.007118999342100422e-03,-5.440043891378743696e-03,-6.292526148240528902e-03
-4.580968336546052000e-05,3.639299868386662221e-05,-2.971847182668597054e-04,1.955158146627210616e-03,-5.072261601292813935e-03,4.516583134289608634e-04,2.972046544185090542e-03
-1.374632419662179445e-04,-3.103638126037497206e-04,-1.016260835831823056e-04,3.685299940211837159e-03,-6.085926439972949749e-04,-8.084209466731702085e-03,5.556955308670323383e-03
2.492776021888644259e-04,-1.332136212095191494e-03,-8.869775379287242988e-04,6.067558647983146980e-03,3.271021679836075714e-03,-1.845590848168930653e-02,1.108716430170510019e-02
-2.557680771539743228e-03,-1.609114798848118653e-04,-4.339477577615112429e-03,-4.399783916703866454e-03,2.051524065062289293e-02,-2.442783159032589635e-02,1.537044468544655415e-02
8.130155885205125367e-04,4.800587795855740508e-04,-3.238836190069923921e-03,-8.908299782611448251e-04,2.614458914432089831e-02,6.448588946570230074e-03,-2.975658629066614200e-02
7.749478606888064725e-04,3.086913216729367682e-03,-1.175812956101080073e-03,-1.469220316672862486e-02,2.377766216317386827e-02,1.608287491022186710e-02,-2.785438202798420568e-02
-2.236086204270310279e-03,2.639576806717709376e-03,-3.520770627474604283e-03,-2.064281849104749114e-02,8.432695683423739944e-03,2.669192781333481340e-02,-1.136452498068386829e-02
-3.607143351658324143e-03,1.683973659193845193e-03,5.484606014257219914e-03,-1.847232420212568255e-02,2.049451222582811608e-02,1.496603324347854647e-02,-2.054965758897361883e-02
-4.700999827047821697e-03,-4.384288168305490522e-05,9.633643921352255668e-03,-1.504976912008329504e-02,9.408353889173392409e-03,-6.275099331630543467e-03,7.027713349919056073e-03
-3.523253280671617520e-03,2.291352777065537322e-03,8.956945692605187623e-03,-4.950854069874341748e-03,2.221821871272589791e-03,-2.761884751598252599e-02,2.262283452558519134e-02
-1.408796486785859371e-03,4.942353961572297288e-04,-6.535358008972586355e-03,3.478415584883381984e-02,1.580445884261770344e-03,-2.473120932913345366e-02,-4.183473304360963568e-03
-2.179254519048531413e-03,1.739718484046459722e-03,-8.432861552193618784e-03,1.402040768865747689e-02,-4.057940508073655961e-04,-5.518122568344902695e-03,7.759065176904547754e-04
-5.786370946272220185e-03,-1.234843728213992371e-03,-1.372788985157512992e-02,-4.531182397679794395e-03,6.318457292240339113e-03,2.240073842607144192e-02,-3.438908794570576070e-03
1.021612192343338173e-02,-7.433711928649501012e-03,-1.258737112499431349e-02,1.979746521314920682e-02,1.747062010517642927e-02,-2.589159112078705249e-02,-1.571533067328134128e-03
2.093474017592793224e-02,-4.744481506794213412e-03,2.438966802632069886e-02,-3.322289201824048244e-02,-1.410085146128445960e-02,5.744327728688556137e-03,9.994890553820447599e-04
-1.375892860125055468e-02,4.897666509822771845e-03,2.925729874036652259e-02,-2.821894203126448092e-03,1.660541250311637273e-03,-4.115819080469135423e-03,-1.511886461565487352e-02
-1.713823120621697782e-02,-4.690101975220354463e-03,1.314657154489503633e-02,3.404113932096671825e-03,6.806539942718756696e-03,4.506205023981419387e-03,-6.035097262254607471e-03
-3.750738787526220006e-03,4.996312823862417672e-03,-1.192119369292822355e-02,-2.795122907131866730e-03,9.596652081233787712e-03,-8.658230225277428055e-03,1.253232070776749522e-02
2.444920763229188956e-02,-1.587329667303742642e-02,1.375035804518567016e-02,-4.270148447022481530e-02,1.529627903356561847e-02,1.149233800992650358e-02,-6.413401577707599638e-03
2.657801718341222010e-03,2.670288613557217122e-04,1.126682480664222170e-02,-7.895997139577337620e-03,1.524538398054468488e-02,-2.165835771098323023e-02,1.173154836767547867e-04
-1.733930468046582588e-02,5.133430833556260932e-03,5.949092738392005100e-03,5.458162533795032391e-03,2.542710879004015517e-02,-8.661627667664293512e-03,-1.596686254765335503e-02
1.828214646761164644e-02,-1.796112791379321982e-03,-3.241811623619594591e-03,-8.661463782213406348e-03,2.293621350554883587e-02,-7.904313810940064716e-03,-1.961465796500814693e-02
2.037963444158152199e-02,-1.200174173896347875e-02,-8.509149262645536102e-03,1.256764650438162503e-02,-1.429766203222563627e-02,1.729944255866947347e-02,-1.543817047079803183e-02
-4.166685107470677156e-03,-2.847208768401233753e-04,5.970022317608199465e-03,-1.183319220120333283e-02,-6.825248934898920337e-03,-1.920924570222530200e-02,3.634907050503020931e-02
-2.625879989640245420e-03,-4.286865635578196790e-03,3.664253775377195304e-03,2.401183905142676572e-02,3.634897357229987342e-04,-2.137544902063227489e-02,2.486120833238167024e-04
-1.190353477433357329e-02,1.565119567521464734e-03,-9.762109956395590912e-03,3.810026666392978684e-02,-8.607750435747230783e-03,-3.144336174277410911e-02,2.205137067779931390e-02
4.301284505770310018e-03,1.170864399267475958e-02,5.775022641483758355e-04,-1.283548484773168116e-02,-2.650846896779374823e-03,-5.410787288382575867e-03,4.309688270300190104e-03
2.013710545167930483e-03,3.022512060601165781e-03,9.683105618915262313e-05,7.506753226636079385e-03,-3.047635270199034949e-03,7.233102641036891038e-03,-1.682527425943219912e-02
1.067580724257409346e-02,-5.530147652749334633e-03,1.179260657996052813e-02,5.660842638159681479e-03,1.687650120580279009e-02,-1.919940696328353152e-02,-2.027620305046419491e-02
1.272169236102248246e-02,-2.483405650913325137e-03,-1.989336824078277374e-03,1.177275956050987185e-02,9.552230500547302704e-04,-1.566397509551122405e-02,-5.312957401084263120e-03
-1.188663458326233088e-02,-1.059107757513942823e-02,1.541178668715350794e-02,1.295129103825308275e-03,-5.504499173684299085e-03,1.078970855327942603e-02,4.855869878277716033e-04
6.603202588132592830e-03,-1.777477782477584339e-02,-1.170785136638775002e-02,1.624452377510562581e-02,-1.346110389987567602e-02,-1.338026120288654010e-02,3.347626793068765594e-02
1.352903002656350058e-02,-1.362398502267505272e-02,-1.990494424732432502e-02,1.612994021553203206e-02,2.712355937837437111e-03,-1.236358208716154330e-02,1.352118517722786066e-02
-2.029342918363729632e-03,-3.581187442490627580e-04,-9.645380946199422906e-03,-2.451394293654495654e-02,1.495729020200421699e-02,1.360716855635327530e-02,7.982326786999701176e-03
-9.032420675978225857e-03,7.546200692278393985e-04,8.698107501225278357e-03,6.129838926502180832e-03,-1.194959874714658817e-02,5.382069438239889432e-03,1.738348792962536975e-05
-9.771770654413036716e-03,8.690414711209641999e-03,3.577157463591831670e-03,3.232084896629808246e-02,-9.166618841167229262e-03,-2.323996620895778936e-02,-2.410065436561456987e-03
-3.036069171276958075e-03,1.133590494888190615e-02,-1.379114981678693490e-03,4.012829804915298698e-02,-1.356597933317447383e-03,-4.643054161664000867e-02,7.381207048781548551e-04
8.152162210808847065e-03,3.309438428366884982e-03,5.116601889462006354e-04,-7.700186365623652371e-03,-5.314819982035858155e-03,2.689166920539471685e-03,-1.647421401001892974e-03
2.097385307004040814e-02,1.418836635807824067e-03,1.255875804743084023e-02,-4.778973401743166760e-02,-1.813766772667730134e-02,1.518092439223402840e-02,1.579502959859591452e-02
1.949997836820143576e-02,8.519746965972936972e-03,-1.045026166353581719e-02,-2.433722084786178741e-02,2.585207846472731275e-03,2.100747075478976572e-02,-1.682492142403917146e-02
-1.430061006015819446e-02,-4.953020467892399990e-03,7.554394302401188158e-03,3.712729800578381395e-02,-9.090404326997016116e-03,-1.648617051722467246e-03,-1.468904040141495899e-02
1.203579716323982356e-02,3.113005552737425127e-03,-6.347198274562593223e-03,6.059699610407223019e-03,-1.850113989394142067e-02,1.314005398554264799e-02,-9.500218143423175624e-03
1.109053839157467247e-02,-8.857468333515959927e-03,-1.947165990653585473e-03,3.053244092376776464e-03,-1.268782192587202678e-02,-3.802899140145389427e-03,1.315157290623548622e-02
-1.296836966546865630e-02,-8.049916491042842515e-03,6.925220276769236162e-03,4.906186858443972905e-03,-1.601939018306740986e-02,-3.792975047115231934e-03,2.899924425148090595e-02
-1.188509508664555535e-02,3.383197659050287982e-03,-2.413202979503496954e-04,5.159699456965847336e-03,-2.527747317909340152e-02,-1.358788503917627991e-03,3.021977995159086036e-02
-1.019640995313337607e-02,1.742325639650267946e-03,-1.960444521136740087e-03,-1.699952853989830648e-02,9.831376717419735775e-03,1.307887706755340822e-02,4.503803589544979474e-03
-2.532920948219961020e-03,2.848054134643356050e-02,-4.149083786477550211e-03,-3.817716305906146412e-02,8.799081634801646191e-04,1.243978390494225421e-02,3.058934378903109541e-03
2.265902306002932215e-02,1.821811506885945287e-02,-1.387969631028320230e-02,7.210905555192562155e-03,6.607354234724766712e-03,-2.315766655014442343e-02,-1.765803505837847467e-02
-2.235722706891491406e-03,9.450119638020856513e-03,5.862459843184308385e-03,1.645486026991420381e-02,-6.082947191964825986e-03,-8.509582353042263736e-03,-1.493918749922072166e-02
6.123841314842617782e-03,-1.883193617885403973e-02,9.146178713218024170e-03,1.255725740468392922e-02,4.040861589256796761e-03,-2.110696863739055032e-02,8.070765794243258545e-03
1.305747582683811601e-02,-9.040163372623484517e-03,2.344109785984876959e-02,-3.350727537493550234e-02,7.365451169876569698e-03,-2.054194271000085378e-02,1.922535660099642177e-02
2.702601663717762309e-02,-9.800623700582659220e-03,5.324036178448896157e-03,-1.261142801985868506e-02,-8.763738790095045679e-04,-1.535848281349887039e-02,6.296855597323198356e-03
6.936601505828053627e-03,2.432377409297320752e-03,1.968078509914632582e-02,-3.411968987966503691e-02,-5.041418619134466986e-04,-2.587185699999005814e-02,3.144592472729691723e-02
2.521017560058984395e-03,-6.361953552248930666e-03,2.274284053421708578e-03,7.351555655791112455e-03,-2.016758530285457651e-02,2.359344878783295463e-02,-9.210767202001254178e-03
-1.590354372510173735e-03,-1.623610383742422544e-03,-3.623761392531590648e-03,-1.345832601261010529e-02,6.569549060754223315e-04,3.606211669551412369e-02,-1.642301944019523494e-02
8.318954983309211765e-03,-6.748220701951575078e-03,-1.571115651931910898e-02,2.632832075467025912e-02,7.413722771124704649e-04,-4.711100118639312100e-03,-8.218170675181948881e-03
-1.910809453221243986e-02,-2.847239900510089346e-03,-1.360286999708759312e-02,-2.421636044530531403e-04,8.710586740928645891e-03,2.230935942889737678e-02,4.780421864437171126e-03
3.250594522943065900e-03,6.007530446494758342e-04,-1.741348972517605537e-02,-3.452480668584486669e-04,-7.060411049621025115e-03,7.489135555590689837e-03,1.347866571847223041e-02
-6.281219482927600899e-03,-7.324589004299407458e-04,-1.048443046346502795e-02,-1.403783848495936820e-02,-4.086317749197238003e-03,8.557720617771363142e-03,2.706454446320787771e-02
-1.440400020155938737e-02,-2.931620171627473317e-03,-7.594707073269066182e-03,6.011639743228246353e-03,9.925048745792829086e-03,1.540472681793051551e-02,-6.411087860495692271e-03
-7.086107281019602896e-03,3.091232614217689044e-03,-2.229144162123351380e-03,2.405664317163245039e-02,5.475319346787432297e-04,-1.181200183781329870e-02,-6.568154439572674794e-03
-7.173392572965558035e-04,1.055912515694626321e-03,-3.908913224747601577e-03,-1.819903166970367539e-02,-7.413492130254882226e-03,2.016436593898209700e-02,9.018497827326018776e-03
3.509041495580639963e-03,-7.191801020677361623e-05,-1.459739245976527061e-04,-1.145280661386175076e-02,1.952081825638636581e-02,-1.227059342271373879e-02,9.114322194128839094e-04
6.302030048343738378e-05,2.380448412107748928e-04,-2.217287612966318026e-04,-8.461397526380254330e-03,1.002993980584679194e-02,4.993981881670103663e-04,-2.147276848031156628e-03
-1.667051470769315581e-03,4.806213508571913548e-05,-1.039281701390513350e-03,-3.651725455432392950e-03,3.792545383981112996e-03,-1.266067661171904613e-03,3.783518769697303327e-03
-6.596592908696392952e-04,-3.582410927621389272e-04,-6.485362441065111675e-04,7.516835372980032633e-03,8.200177274512408798e-03,-1.946276929305257308e-02,5.412193273298376156e-03
9.357929779828766360e-05,-8.617351381534698674e-04,1.356780744334947929e-04,-1.535894626846617643e-02,8.127533497276316632e-03,-6.729552884632615181e-03,1.459344342174417886e-02
-1.877377684847033419e-03,-3.006321885812985846e-04,-3.387977579079344288e-03,-9.014206225004710912e-04,1.580359427852104370e-02,-1.264711919965161996e-02,3.310932996138756922e-03
-5.226419864281671348e-05,1.034801767584544009e-03,-3.930062917118489450e-03,-2.203377616028914104e-02,3.045226592713784486e-02,3.378802387056425733e-03,-8.849766805728416508e-03
1.831155461971052016e-03,3.783455012289329514e-03,9.224054588588333648e-04,-8.023832968174318334e-03,-8.078410720667152101e-03,2.316994164708418777e-02,-1.360471389136190014e-02
-1.660006408140541007e-03,2.453013432138314263e-03,-1.172881897422910040e-03,-1.495000977338581741e-02,9.117896715862168489e-03,1.230122288699563894e-02,-6.089234956046889018e-03
-3.325718199316996145e-03,-4.536345632879928156e-04,7.136677169627809320e-03,-1.756118246735489247e-02,1.469517263281984974e-02,1.384136352277546764e-02,-1.433267809526321546e-02
-3.654735947952735941e-03,1.296990124368114150e-03,7.586635880409110626e-03,-1.193781758706270041e-02,1.016834420810120744e-02,-8.467315343179701234e-03,5.007898665316711656e-03
-3.465219114607957090e-03,5.148948099778796967e-04,6.756233993223391930e-03,6.429030802986272601e-03,3.281142843060581762e-03,-2.055576368053795358e-02,7.039680345897788259e-03
-4.499324915849541896e-03,3.256993858681151051e-03,-5.311078575730647511e-03,2.391518940828391351e-02,5.063370619031167669e-03,-1.716846049591555859e-02,-5.256689898500544085e-03
-2.843937710825677773e-03,-6.258999435802823415e-04,-1.136860368069208573e-02,9.420388207381778008e-04,3.563262149820400210e-03,9.690344334837433862e-03,6.427960297020513143e-04
-1.934666646478884131e-03,-3.095032007431109278e-03,-1.873943055327295312e-02,9.169861228153773289e-03,3.129620685656838222e-03,1.768279723460968247e-02,-6.213149941237379979e-03
2.048319260551049667e-02,-6.916239883104608778e-03,1.035141304168159422e-02,-1.101247467961451176e-02,2.356450673418751269e-03,-1.746960894173553089e-02,2.207267183843609343e-03
1.631757570789651307e-02,-2.323275991664154518e-03,3.004965645140043537e-02,-3.309222675517007467e-02,-5.911634372301160199e-03,4.298035300288595602e-03,-9.338130340450142078e-03
-2.005983732982053944e-02,-3.905894977249188722e-03,2.974410003719694592e-02,5.019094870359393917e-04,7.566108255712349941e-03,-1.794038537661719890e-02,4.093999903741802823e-03
-7.818571105317344977e-03,-2.223557478948336857e-02,-5.458656849720550965e-03,1.197348945309221167e-02,-1.405984463420167029e-04,8.678353669512788721e-03,1.500155806825835721e-02
1.002557232551832059e-02,-1.356174629636821552e-03,7.830391937810659772e-03,-2.403083897334046953e-02,1.912791433829348284e-02,-8.962515835407292714e-03,-2.634349163237929923e-03
7.035566531457496976e-03,-9.823262479724037544e-03,1.168675111627686877e-02,-1.458491083535459233e-02,7.468993420573199690e-03,4.926326192020978947e-03,-6.709463945249923185e-03
-1.888308368837026546e-02,1.104928277088574641e-02,8.602384135297309192e-03,-2.919244773311713368e-03,5.608131103750575545e-03,1.045939483804801499e-02,-1.391686438629965820e-02
1.341805565597525146e-02,6.054442387127371441e-06,-6.432662888655264408e-03,4.620979921738718223e-03,9.214406263214474160e-03,3.860311102083985313e-03,-2.468714449674429615e-02
5.315237481410856057e-03,-5.653675782107720968e-03,-2.237169837060291964e-03,-1.205161398080213490e-03,-2.157670105772462738e-02,2.506260166325791072e-02,2.948689303040940646e-04
1.297030588043403959e-02,-1.372812678358736882e-02,2.969078841464711273e-03,-7.250840447537540596e-03,-1.499672001559432255e-02,-6.311897218459559377e-04,2.066749224666647455e-02
-1.245024864303378304e-02,2.418610400708009599e-03,9.008080978410938980e-03,-1.784875314933392909e-02,1.238889888184392316e-02,-1.628051028911792902e-02,2.276392182052272908e-02
9.729878614182441848e-03,-3.912740445150023234e-03,-4.593822862888147229e-03,4.779966886999490426e-03,-7.972003073746463872e-03,-1.397891452272462948e-02,1.594763540332725174e-02
-8.133865503451187529e-03,4.565586289304771929e-03,-5.684215788747780038e-03,1.697357657616069271e-02,-4.290545492629464774e-03,-2.737581276665795177e-02,2.394527668602092901e-02
-1.232412964991530004e-02,1.516627415855097832e-02,1.062791562573214138e-02,-1.002356311511038746e-02,-8.814606107659503711e-03,-6.790796755435142378e-03,1.215890584383720607e-02
-1.235672471954704209e-03,1.229141444955284424e-03,-2.193736664029075599e-03,3.285911278025423210e-02,-2.053452646600257073e-02,-3.068308859819536549e-02,2.055876997497219430e-02
5.174358880625765447e-03,-5.910037852608887934e-03,7.124428153123292182e-03,1.501490297006447330e-02,2.176600362290198164e-03,-3.798068685870107514e-02,1.440043434520627171e-02
6.122181108189420941e-03,-9.951797547045546088e-03,9.024688485979301400e-03,6.987257550364993353e-03,-2.028943255881586472e-02,-1.137892581598437189e-02,1.948602877731197419e-02
6.663668168197358146e-04,-1.000165337788295680e-02,3.046149392586447024e-03,8.731323464740054635e-03,-6.702178387473280499e-03,-1.178429407619701295e-02,1.604428616740698546e-02
1.557630854032469869e-02,-1.073492652940323533e-02,-1.936771404717838041e-02,1.007440828997567366e-02,-3.964004985316362493e-03,1.030289531866262868e-02,-1.886966587064953195e-03
7.646310924085349819e-03,-2.824929408855375666e-03,-1.434835371088812386e-02,-2.330202648093341808e-02,-5.663962022825791420e-03,2.644360799737717135e-02,1.204935270204022905e-02
-6.554375749709193252e-04,3.589043352610258360e-03,-2.483532642793006423e-03,6.703576785934585577e-04,-1.994199010462338953e-02,1.815738194344096099e-02,6.641773477426115690e-04
-4.754397052845676236e-03,-4.169464752251510545e-03,5.775953951935163845e-03,-6.633997274201797537e-03,1.511601442793982474e-02,3.712497329515073146e-03,-9.046606630091040546e-03
-1.987591814884360000e-02,1.281323744705884643e-02,4.704361420637502046e-03,-5.135657942908083279e-03,1.889836857232704906e-02,2.009308839390823442e-02,-3.149747974218014557e-02
-5.202870464098575606e-03,9.875482695471470007e-03,-1.770603099323662249e-02,5.239397366542306034e-02,-1.524776935552514361e-02,-1.760805933023766590e-03,-2.235197961501047756e-02
1.377936845380136992e-02,3.141853692411116731e-03,-1.064854165658534434e-02,-8.057784754877277134e-03,-5.651337461227338640e-03,3.333937309670955557e-02,-2.590293137023202269e-02
2.204814131582184464e-02,-4.083789062435448300e-03,1.039481041854033481e-04,-3.475348827969365617e-02,-1.226828925994293733e-03,3.362508748720038215e-02,-1.571307063908413543e-02
6.158820440815926910e-03,8.320847015284077094e-03,-3.578802810834635830e-03,-4.512119292165480376e-03,3.405597612872444859e-03,-7.269543424247172821e-03,-2.524799541725190628e-03
-1.080496344737332838e-02,-3.368399052807163375e-03,8.308488212686078109e-03,-8.503328722407690193e-03,6.667182616742932562e-03,2.712212231019448319e-02,-1.942110191703526334e-02
1.461643030229899456e-02,9.229992575777353978e-03,-1.380165624638481428e-02,-4.356199236365274952e-04,2.255471469402133260e-03,-3.774508928163630359e-03,-8.090109249293519697e-03
4.613269220126813182e-03,-1.677881032048327697e-02,5.395445750841560383e-03,1.769931793904906334e-02,-2.257288244961763377e-02,1.690023752143237495e-02,-5.256577661349001729e-03
1.626746834877427052e-03,-7.023434630920474125e-03,-3.451383874663858844e-03,-1.161025081066962943e-02,-3.768840601141841030e-03,1.004708286750780749e-02,1.418008021501057300e-02
-1.525830317162719073e-02,8.882278268940387717e-03,-8.028532042584843320e-03,-6.798925680630332410e-03,-2.110636030847543726e-02,2.870205099333134405e-02,1.360779194104608930e-02
-2.024953944824142357e-02,5.837687762465503536e-04,3.794579576922290070e-03,-4.683907288005734887e-03,-1.471456306381374764e-02,2.319927567348949724e-04,3.503766869015720320e-02
-1.883279024251293537e-02,5.259308346469067710e-03,8.773949168416486991e-03,-9.277915197984854716e-04,-3.495799982622975477e-02,9.659949057466933262e-03,3.102537501618848198e-02
-6.847887122470260046e-03,2.388647286899881622e-02,-2.413233684265600650e-03,-3.162968604898604846e-02,-1.213905103363097440e-02,-2.699052401598231628e-03,3.184243742195233540e-02
2.190618515294771775e-03,2.590168474545469224e-02,1.495572564410082086e-02,-4.214920350353348888e-02,-1.622599446222224712e-02,1.415775374754992856e-02,1.169415313355531881e-03
-1.662889315672718207e-02,-2.772566479984969919e-03,1.736518530026984891e-02,1.344407088565055704e-02,-6.838854720237211131e-03,-3.785618659283902787e-03,-7.833231696871091393e-04
-2.717190737026223615e-02,-1.692267650149295469e-04,3.032766213559509594e-02,-4.960205509090573166e-03,-1.158520391461498539e-03,-2.160488574162159475e-02,2.473708364185558950e-02
-1.413720592835111985e-03,2.435011223597147254e-03,2.434686353574470191e-02,-3.016298110153775580e-02,4.668929076504651186e-03,-1.113041621139590313e-02,1.125631406992233866e-02
2.385774718886131754e-02,-1.366105907816421092e-02,1.054105089881146248e-02,-4.500449013520781832e-02,2.274093000304071993e-02,-4.484900465827294271e-03,6.010721588485751568e-03
-2.418122210393577540e-03,-3.534928227119161701e-03,1.687289172803153880e-02,5.348342245009363779e-04,-4.979434393903759033e-03,-2.770283393158519750e-02,2.122759281046921950e-02
-5.684905518871734287e-03,-4.117648184752395468e-03,-3.256945075359686612e-03,1.239791556725088929e-02,-3.440066794714245063e-02,2.544174087509344304e-02,9.620510283781956787e-03
1.321833690746270461e-02,-5.296888412782358238e-03,-1.089873748686154623e-02,-2.524310835437069966e-02,2.101425337135270736e-03,3.549567277360447110e-02,-9.376700764187759912e-03
-3.633410601665353068e-03,-9.346201374614752574e-03,-2.046466877990728989e-02,7.094253852219315967e-03,7.102192859379856567e-03,3.435338441444287655e-02,-1.510555036985460758e-02
-5.281163884559837880e-03,-7.258026136522764552e-04,-1.537878650193418711e-02,-1.402714794975263267e-02,8.086380144142604753e-03,2.189774573213913375e-02,5.428775073617182062e-03
8.063715145444023740e-04,4.523400488035885804e-04,-1.610907963003999424e-02,1.068141187457350219e-02,1.009950827926489646e-03,-6.607346604199836916e-03,9.766351968391892222e-03
-1.001508674291899138e-02,-3.110286372750840477e-03,-1.020191198442659333e-02,-2.656514317780909670e-02,-5.064004783795435227e-03,3.035175467312310402e-02,2.460467838857777548e-02
-1.045137912966290737e-02,1.263362528673359509e-03,-4.094030130616837897e-03,2.832390454292196824e-02,7.588442053605726776e-04,-2.492026423344900765e-02,9.119562216772873417e-03
-1.909098604402610340e-03,3.128452999522283833e-03,-3.591666414770482152e-03,-1.516143312589814454e-03,-2.615634872594500056e-03,1.539970637204164661e-02,-8.895616167206530159e-03
1.930530128015158983e-03,1.682805607011789628e-04,-1.948043191320731823e-03,-2.323123935847547575e-02,1.233137618281144807e-02,6.577517181919572894e-03,4.171578496348837470e-03
2.516833458972982020e-03,-3.983936074145761350e-04,-5.214733089951624099e-04,-3.105851213134331809e-02,3.915877398109920797e-03,2.124107159362590910e-02,4.304596597044263798e-03
-6.533568492732654389e-04,1.139062074239989087e-03,5.137497594801145170e-04,-1.023332393864450143e-02,1.040396550580649851e-02,6.523554981015189207e-03,-7.693651532623991054e-03
2.097916214843949234e-04,5.639229851018089492e-04,-1.484722391888910217e-04,-2.314923793384913357e-04,1.140269555845030945e-02,-9.692985862007803127e-03,-2.103459684501316970e-03
-1.933858759275865864e-04,5.200542452700946717e-05,-6.551959741603947300e-04,-1.050477665820960527e-02,6.153741429695683447e-03,-1.925680054401726106e-03,7.073291708476644318e-03
-2.285266386714516085e-03,-2.120764162006985760e-03,-3.724582162068326360e-03,-8.157034821177430381e-03,1.549059292068425894e-02,-6.391132892954099441e-03,7.188187504237111662e-03
-6.182078322203376315e-04,4.033672557480474301e-04,-5.174616044791694597e-03,-2.044224052403931582e-02,3.804327908195213187e-02,1.587479275807963637e-03,-1.379906121245691453e-02
1.941830167655480503e-03,3.485400243672273808e-03,2.120917700083895744e-03,-2.972523424067756957e-03,-2.611686080875952679e-02,2.033865430430050955e-02,1.202581817115084021e-03
-8.403462662064979877e-04,2.357860568276002895e-03,8.316730267859325258e-04,-6.536517103780714426e-03,1.275420048726881410e-02,-1.578348650010665552e-03,-6.988522062332871120e-03
-2.986164772415771020e-03,3.838031158014025904e-04,7.313731674174300985e-03,-3.421202463101356145e-02,1.115267879762917025e-02,3.023575023886047528e-02,-1.188777442303629028e-02
-4.641398965282339875e-03,1.202648316726662647e-03,5.356960011565893229e-03,-1.630808406995382358e-03,7.973634484412690793e-03,-7.680240828854098707e-03,-5.807946115734404727e-04
-6.632503905513283810e-03,-1.247144423683065355e-03,5.711997912975992457e-03,1.270015808731307996e-02,-6.650606023333777064e-04,-1.075389531713391578e-02,8.864482483745090777e-04
-2.112734624580401080e-03,2.026894395466528453e-03,-6.628055908031908229e-03,9.545411521695582741e-03,6.599535149889864533e-03,-4.394272432935111654e-03,-5.036778101504589891e-03
-4.930499102750118823e-03,-1.246919309728260379e-03,-1.170254364836000212e-02,-1.292618873839202756e-03,8.138539228033521075e-03,1.602692825333448465e-02,-4.992886546690414491e-03
6.979065242812840589e-03,-4.052424295587314824e-03,-5.856918328145665174e-03,-2.072156964953318550e-03,-7.100024990912892457e-03,3.412421327766050963e-03,8.690038009020276469e-03
2.560260659627128232e-02,-4.713004453948984977e-03,1.129509536689416241e-02,-2.679466759736665385e-02,1.851905553235575885e-03,4.478879418064385907e-03,-1.172081488314972129e-02
-3.027962528329638647e-03,4.297730967124538913e-03,2.646579416020893374e-02,-1.272526649707705383e-02,3.887578024058261500e-03,-1.930751055402460045e-02,4.096364280395261930e-04
-2.035786463825596873e-02,-1.597652706022632124e-02,-2.332713767397294295e-04,7.063299742052679166e-03,-9.406932101673167942e-03,2.055585949268836851e-02,1.835543594215413229e-02
1.246533441705572308e-02,7.816036586986581033e-03,-4.382190770866671928e-03,-2.539646640147413814e-02,1.571461332567156491e-02,-1.011029046060345216e-02,3.892963303230380628e-03
1.645179329891485742e-02,-2.390229413680821161e-03,4.005464008007302533e-03,-2.015706614883968836e-02,2.058205959428118306e-02,-9.649122216991320306e-03,-8.842899121691559158e-03
-3.202859506719828164e-03,5.052509841880136084e-03,2.670341962170137088e-03,-1.620154681126904569e-02,-2.847469562839269590e-03,1.015719507088858227e-02,4.371829005889234232e-03
2.156768607576508949e-03,1.265374231221172603e-02,-4.197809395278203118e-04,2.763928778827058098e-03,4.244259504027590724e-03,-1.309754132651613648e-03,-2.008916413046344870e-02
2.972533268053509023e-02,-7.580182569424147136e-03,-1.122536633586936755e-02,9.393789425827681755e-03,-1.239357896166399207e-02,2.106446980837779694e-04,-8.130638937488903276e-03
7.043830571216090110e-03,-5.505643392211562008e-03,-1.382897400847868039e-03,-1.018120816998997584e-02,-6.264318230544517127e-03,2.238901274042320259e-03,1.405133534833549226e-02
4.706387115336085544e-03,-9.180150193900655717e-03,4.368545146974282291e-03,-5.740893741391278615e-03,-2.146678424564848076e-03,-2.303025293798350095e-02,3.102304303552993678e-02
-2.182795735036489968e-03,2.717894274838767409e-03,5.999545019967302342e-03,-4.274575496593135612e-03,1.998080897530057909e-02,-3.956440657670775435e-02,1.732352953823073499e-02
1.068727914246894901e-02,4.864835842142619174e-03,-1.161338425384903471e-02,-1.142375904211120636e-03,-6.878616581796991383e-03,2.518664686888105742e-02,-2.110438511363540298e-02
1.856325635366905171e-03,5.457611502370300974e-03,-1.304256596247853339e-02,1.154316059132341234e-03,-8.893279404630196130e-03,-2.684904603701152546e-03,1.615249677394034467e-02
-5.750598549379471597e-03,1.619756896431882864e-02,9.099339636721926611e-03,-1.629798388619039043e-02,-2.223535289774025703e-02,-5.069841376774436581e-03,2.405686810904384895e-02
2.010344047216936370e-03,5.368830081937989163e-03,5.624308849022802322e-03,-7.247387986422814191e-03,-1.589090049027843191e-02,-1.329355315443770010e-02,2.342835865296119882e-02
8.440668749853889180e-03,-4.573124667555300560e-03,1.782818646141171200e-03,5.107275238570269105e-03,-1.574938587961612069e-02,-5.207800586147303713e-03,1.019954849875339895e-02
-1.812550727122423481e-03,-8.788115525306290643e-03,1.617468672628455395e-02,-4.607492074366007634e-03,-9.034953427885872648e-03,4.798464871082672688e-03,3.269960157313393356e-03
1.099366723138600968e-02,-6.426528799031371378e-03,-1.286815417262604858e-02,-2.126265713160560350e-04,-2.722224374238652739e-02,1.931853872088906687e-02,1.641734733308497854e-02
1.193397010243519045e-03,-7.063484587484721326e-04,-1.463584521763436168e-02,1.357923579088756924e-02,-8.905985856616664698e-03,-8.036879384779230641e-04,1.027923467034628884e-02
-7.176625545998105947e-03,6.234736670709673835e-03,-8.554808847852377399e-03,7.986147410412093930e-03,-3.159757988209726740e-03,3.833057942077630707e-03,8.372503588608321045e-04
-7.788014873949414794e-03,-1.178051854549547368e-02,6.840949001223014560e-03,-1.082483225290592314e-02,-2.360123297413212196e-02,2.611335862375557121e-02,2.104029102150430444e-02
7.763536262382767124e-03,-1.086681322948904183e-02,5.397837430121256268e-03,-2.940641287565485054e-02,-2.940385385226983346e-03,2.791765331948975123e-02,2.134584478377042106e-03
-1.409759434545327164e-02,-6.402940447720797262e-04,9.470272761783395110e-03,8.009124905510376161e-03,-3.549677881442133039e-03,1.452785312098129993e-02,-1.371968451660750959e-02
1.322548464672834495e-03,-1.631244239174407286e-03,-1.265759035375489151e-02,6.308669379765850793e-02,-8.544581513687456165e-03,-2.933079229834514509e-02,-1.224503385736936886e-02
2.079863624304495104e-02,-1.560439599869374062e-03,-1.205459313908601240e-02,1.136108809779564320e-02,-2.715827708915516392e-02,3.691049144953083283e-02,-2.829690596226088276e-02
6.123612297201974685e-04,-6.104821065386034119e-03,3.583187084423504476e-03,5.358408714979222796e-03,-3.004291172469289797e-02,4.377363725929291766e-02,-1.717986149833691800e-02
2.580849123866825294e-03,-2.737399916357166531e-03,4.385324713526939262e-03,1.833865801521946098e-03,-1.728775402240663624e-03,-3.188397605402890078e-03,-1.145466714915009719e-03
-6.677510094712067398e-03,8.361833276007629018e-03,-5.335038140166550522e-03,1.495266204730377572e-02,-6.965645145684383303e-03,-1.415898298750684851e-03,-2.920403643997741654e-03
2.389486996403893462e-02,4.031582836528583083e-03,-2.529552008110022565e-02,2.731476849674963070e-02,-1.451062428713527711e-02,2.174365994817661126e-03,-1.760944292389932109e-02
2.344256545908449379e-03,-9.720296909835045643e-03,-1.500624829078484350e-03,1.598027574272092898e-03,-1.623012116908300120e-02,2.469671206216934520e-02,-1.187953274353312910e-03
-1.296493510546733313e-02,-8.718164253028475377e-03,3.387416907842245688e-03,6.093240791774148617e-03,-1.868895724329117710e-03,3.634428155883662626e-03,1.043690922732489271e-02
-4.869940243010425704e-03,7.013266209190208329e-03,-2.172595404864503116e-02,-2.225117402410040773e-02,-1.536171435224790646e-02,3.085179199730958555e-02,2.634372446150404570e-02
-1.879599363492654926e-02,-1.231936653247470322e-03,1.873967473830496708e-02,-4.749361815130554582e-02,-2.805878784368280934e-02,3.879423359670682026e-02,3.804642794815073920e-02
-2.042740147995826538e-02,-3.962040581556251079e-03,1.699031852276176868e-02,-1.029589375872906262e-02,-2.179300621868339102e-02,1.093335946686620729e-02,2.855466404929907220e-02
-1.345215178739855855e-02,1.238408535919929138e-02,9.719443182028442152e-03,-2.563506146334516237e-03,-5.453929281438461840e-02,3.938844105538384655e-02,9.062981151506192476e-03
-1.657722872979634776e-02,3.683518611742579024e-02,2.463170803656016331e-02,-1.836733682635866352e-02,-3.146109205621794302e-02,-1.751023710414877088e-02,2.244900056253596940e-02
-5.470175555151435103e-03,3.641998369399949975e-02,-4.623550454523289808e-04,-1.820905978187209884e-03,-5.718854849148467465e-03,-3.667153720345545792e-02,1.372384493739515869e-02
-3.737590981671873400e-03,-3.460054591324256655e-03,2.850227245961467828e-02,9.152239654103749844e-03,-1.550228548859395455e-02,-1.856789455905442920e-02,3.613313506926004153e-03
-6.770190893247149573e-03,-3.224005680610606776e-03,2.376101801654000728e-02,2.869691947769202698e-03,-1.290947774489345674e-02,5.812820990727459933e-03,-9.539856636285386562e-03
2.075127857683274971e-02,-1.465361737690610774e-02,2.022221851997984578e-03,1.815100921031026840e-02,3.040519357640400142e-03,-3.093429542669867693e-02,1.622883806823349762e-03
1.438826055553496519e-02,-6.513927318239762752e-03,3.436174404160224124e-03,-2.624838672546589077e-02,-2.063270907027403133e-03,-3.798477873048702533e-03,2.079962786408657074e-02
-1.137631561652818757e-02,-1.863870270125696606e-04,2.436571321778962206e-03,-1.204169696752265852e-02,-3.577340014800869331e-03,2.528862385473797190e-03,2.221630591861152582e-02
-3.553025375281467814e-03,-2.867909307978792292e-03,-9.533109252002010953e-03,6.103106660011330814e-03,-2.365189508663866763e-02,4.175506461825198579e-02,-8.252232256362295945e-03
1.902048160783442396e-02,-7.017079509252271280e-03,-1.758231107031773752e-02,-8.550854029381839069e-03,8.712500100024417327e-03,1.114807134070830603e-02,-5.730808439615210116e-03
-1.416020903008261694e-02,-4.523809625871117249e-03,-1.496141382594636318e-02,9.318107954007149489e-04,7.478898381742171610e-04,2.630113210796338266e-02,5.664599740361799841e-03
6.290422281048517299e-03,2.199861899643246839e-04,-1.611588966447860885e-02,-2.246601043210889881e-02,4.279049724998961954e-03,1.735025009634171694e-02,1.044219180423385830e-02
-3.508817695980077835e-03,-7.780902831417781974e-04,-1.331145027947250141e-02,7.858871804454003324e-03,-6.390423378127590981e-03,-3.026341707418442068e-03,1.915625153968639194e-02
-1.098528446190646934e-02,-1.373313563722241984e-03,-5.335188842643243633e-03,-5.726495279909976990e-03,-4.110115450860520915e-03,5.894979525554307383e-03,2.163541807348810450e-02
-4.842076535344594021e-03,3.125495842219662770e-03,-2.997018481436544441e-03,1.894291348814580028e-02,-6.913946008299975965e-03,-6.788059798351341566e-03,-5.273085069329916646e-04
1.053846242657763667e-03,1.302370110825520812e-03,-3.623385805469443548e-03,-4.250053442043254595e-03,5.856513335530577971e-03,8.087023757776010818e-03,-8.426314199277154526e-03
3.885350097909138350e-03,5.268665795610668560e-04,1.727206172767972627e-04,-1.278595562544820527e-02,-1.859308120596586699e-04,-1.913709975926120499e-03,1.030065911868700140e-02
-2.513383163176923472e-04,-7.928137082541133031e-04,-1.843761010910762929e-03,1.096518886229211212e-04,1.395109442941256869e-02,-8.287291583111746837e-03,-2.885541699441202153e-03
-4.328560208174336778e-04,1.875068081414332224e-03,1.205980766957095215e-03,-6.327953647663823490e-03,1.467944669524437473e-02,-2.253776242102818132e-03,-8.745909633031751645e-03
3.114988095036853345e-04,5.898320011654521614e-04,-4.970049767806823801e-04,-3.493310285656148380e-03,8.883898126795063480e-03,-1.442653382431800455e-02,8.631620149290673144e-03
-1.292504558794238187e-03,-1.128413167137735495e-03,-2.395089514109972027e-03,-5.853784654090652198e-03,1.675633401950659199e-02,-4.120444386901612327e-03,-1.966097738472369610e-03
-1.779865400836959377e-03,-1.545768492186275992e-03,-4.479594407327553568e-03,-2.191487842236194972e-02,3.092855740136520731e-02,9.881576059147415686e-03,-1.109002673779984488e-02
2.591567152201325244e-03,3.593246476120439976e-03,2.583558027954501249e-03,-7.042024502988690655e-03,-1.851884540870898585e-02,5.840148390828311421e-03,1.095234986459310382e-02
-1.513271309096067595e-03,9.911655939419195330e-04,-5.334046587741037536e-04,9.939125005978145105e-04,1.719412333291298403e-02,4.821813683296428434e-03,-2.195433914287892377e-02
-2.817122723058136397e-03,7.760799194337618129e-04,5.155039112260485779e-03,-2.570570511918693693e-02,9.369299717754353551e-03,1.944182069517328207e-02,-6.219411602376839591e-03
-3.919067701148924547e-03,7.372136377167235214e-04,6.051872596649261055e-03,3.000134119463969753e-03,4.873945661487496910e-03,-7.485277952032741086e-03,-3.258820362135783112e-03
-9.374403844303087416e-03,-1.641604438482522493e-03,3.200193727107858346e-03,-7.918009080767254154e-03,-2.548475643143397612e-03,1.083553567731246510e-02,7.446763602275931725e-03
-3.860735908385501489e-03,6.237194429171067549e-04,-7.028043043199243972e-03,-5.710456264926866941e-03,-6.760677201778655482e-06,1.731414023808980351e-02,-1.331863787293501846e-03
-9.026384458208485187e-03,-1.299957969910633059e-04,-1.648826869205356413e-02,2.797340643784841999e-02,1.179409317394621015e-02,3.766932723586488650e-03,-1.788978338812801175e-02
1.494926785814701398e-02,-6.845114756149252820e-03,7.531530555101223490e-03,3.266961989005891590e-03,-5.858934473449531853e-03,-1.055416778726677059e-02,-2.489543385388582469e-03
2.823349774728207626e-02,-2.298823803828329605e-03,1.628215276519614021e-02,-2.146337355213916165e-02,1.643037932877519343e-03,-9.586777026390529838e-03,-1.280971406299778390e-02
-2.626332363881082876e-02,-1.921021725794955139e-03,3.087594290734365157e-02,-2.309462581407131440e-02,7.833939059374810240e-04,-4.160024998739383743e-03,2.377965936413524092e-02
-3.981157401405472154e-03,-2.056484917925332362e-02,-8.316146425644517851e-03,1.070144582550668945e-02,1.546394382593689783e-03,1.511524817888387946e-02,5.499064619319116512e-03
5.691954340381389678e-03,2.206548612880569055e-02,-3.946091222625078623e-03,-1.460294827905417488e-02,9.501252181197527430e-03,-1.310558023667078228e-02,-5.604072912034440031e-03
8.280454523688769025e-03,9.303636538989279101e-03,9.245689289594922989e-04,-2.091723443356089535e-02,4.723543993268441640e-03,2.818223402358530950e-03,-5.133192953703582216e-03
-2.410920019310308637e-02,9.427842228505550065e-03,4.461522528354558773e-03,1.550135298149039539e-02,-1.699615923599480036e-02,4.998176202928970510e-03,6.716465487818338263e-03
1.828175786232600492e-02,1.660643730256424616e-03,-2.998376895783876409e-03,-1.656590975834964022e-02,4.702043856367425258e-03,2.135177927268898726e-02,-2.643193806750521180e-02
2.124179032142607670e-02,-6.542523748287752683e-03,1.188250978675092426e-03,3.624887761123648730e-03,-2.520430810476229078e-02,-1.904993988020312404e-02,2.474184267202831494e-02
6.568045814515844315e-03,-5.806018480758236636e-03,-7.950018689579476522e-03,5.154886393997424980e-03,-2.266777254962235033e-02,3.912108857556862405e-03,2.078876865388992745e-02
2.256491910314638652e-02,-5.709390976980669927e-03,-8.211813441111156381e-03,-2.283519914326957029e-02,3.642340621194132405e-02,-2.688019398089923698e-02,4.648272227172804173e-03
-3.323874872396462461e-03,5.065114289878341718e-03,1.522503884725537326e-02,-7.947301264362173143e-03,-6.906845624026910005e-03,1.143589388752599620e-02,-1.354802526387411180e-02
8.618090221640069271e-03,9.751470666620493111e-03,-4.159576356698592436e-03,2.529345362292080221e-02,-7.590882002628274736e-04,-2.061399805231595855e-02,-1.813035190190395718e-02
-2.503831561631414317e-03,8.850013336208214371e-03,-9.692147823434232173e-03,1.081961631395591227e-02,-9.028422684720652930e-03,-6.038763789207059023e-03,7.593536208829240047e-03
4.460937850948017667e-03,1.080167249514340892e-02,-8.858625090093271565e-03,-6.851579012799771662e-03,-2.326953563052022375e-02,4.430070710248372630e-03,1.928705867707345215e-02
2.921033965669334390e-03,-1.277546272306226622e-04,1.782846874750737207e-02,-1.761958025064702671e-02,-3.315602390382218698e-03,-1.093428735591656618e-02,1.124772191099976566e-02
7.580078327457171264e-03,-2.523035000434465259e-03,9.087714601489481694e-03,-1.147189095830921171e-02,8.111500029696672859e-03,-4.569729519014255337e-02,3.491292819024291449e-02
-7.514991430529993112e-03,-4.393346031280707421e-03,2.378731622275481392e-02,8.793043824240691711e-03,-9.889506404641583426e-03,-3.713734477971393499e-02,2.635482859917073414e-02
1.370863992034469792e-02,4.154444473079955610e-03,-9.410662845048564304e-03,-1.899529267092496532e-02,-1.731000083120383740e-02,3.641571598797594105e-03,2.421130035495509814e-02
1.874916170683854763e-03,6.283672082122374568e-03,-1.005383445087192594e-02,6.729903918556491907e-03,-9.321593870191420203e-03,-7.445355458147753097e-03,1.193229160784841335e-02
-1.079809066244729471e-02,-1.669803686219912143e-03,1.183586625080437858e-03,6.529316771291798945e-03,-6.723797586849944614e-03,7.170448237981110785e-03,4.308340301163759642e-03
-6.968957769607823233e-03,-2.373785941794975124e-02,1.114548180574404315e-02,-2.263098273556688866e-03,-5.299903430661236613e-03,1.288169305859119748e-02,1.424264402744028664e-02
-3.693395319716913459e-03,-1.497103905119141244e-02,6.776149684316492769e-03,1.269891479000998490e-02,-5.039545509337411966e-03,5.085488883088736672e-03,-8.565734771694718088e-04
-1.993137848848371488e-02,3.199931112693591047e-03,9.531546637052920948e-03,1.905258724769815296e-02,-1.201938557426349835e-02,1.575784789199685676e-02,-1.559114882669430761e-02
-1.901728614504238218e-02,-3.096267560065711459e-03,2.873405471688911771e-03,3.598424396537528575e-02,2.238460393001252043e-03,8.171292842105815774e-03,-2.715384896706316345e-02
2.929376443505908242e-03,-1.056858869464688978e-03,9.965856571371026814e-04,-3.056829546441360360e-02,1.346353338260493186e-02,3.759574238252847561e-02,-2.336008353189819933e-02
-1.563079099849109654e-03,-1.000208649278428244e-02,8.521990102210793769e-03,-6.233797462287875638e-03,-4.964649426639006040e-03,3.546523609529843302e-02,-2.122361371594910090e-02
4.567688267590568063e-03,-2.967732216324544918e-03,-5.582202896322322437e-03,1.012558259697203707e-02,-7.548561294523100859e-03,1.279791367768771081e-02,-1.139268813508033905e-02
-1.594181334051443868e-02,7.488938742576231079e-03,1.516897979392294819e-03,3.962056789006342117e-02,-1.322556364656275567e-02,-2.044728871925545824e-02,9.882610943006808063e-04
1.116550976146496281e-02,5.312198598361216224e-03,-1.479153723517854895e-02,1.526079803908762279e-02,-5.365685902682979826e-03,-1.056398734324522949e-02,-1.017295917807079560e-03
9.679209213490160045e-06,-3.132302300329234141e-03,-2.045815608286922875e-03,1.331217069973373614e-02,-1.554865009716558527e-02,1.274247164461107980e-02,-5.337553547776551638e-03
-2.462646088750112747e-02,3.077934351451777888e-03,7.578124035194843018e-03,-1.649829831988173785e-04,4.814002412621121141e-04,1.269142608449252627e-02,9.625591582986440338e-04
-3.180946686921055661e-03,4.490516727143761821e-03,-2.318596016023844603e-02,-4.652181164852320187e-03,1.477386932252140088e-03,5.030309744168669564e-03,2.002087460844730049e-02
-1.003333768665900204e-02,-7.139255593532166724e-03,3.180861784403472142e-02,-3.514117190059620754e-02,-1.342462741366245126e-02,-3.026443339402070873e-03,3.695621808981714579e-02
-2.515879038131837303e-02,-7.161570612425114009e-03,3.411628898496733148e-02,-2.919738658742447243e-02,-8.718222018790513714e-03,1.393295501126975630e-02,2.218672560372135505e-02
-1.939741152004005598e-02,7.796104988523722829e-03,4.969859695169002306e-02,-3.297551391804244558e-02,-1.731419692376215402e-02,-8.040938868315384083e-03,2.023335928994635796e-02
9.236258731067283761e-03,5.111960034974161876e-02,-2.023298665604932479e-03,-1.836522046099069161e-02,-3.900458736196048271e-02,-6.703982427665120154e-03,5.741229835412449758e-03
-4.437517856516386659e-03,3.433639661973455354e-02,7.953114343322350427e-04,2.453144905201753642e-02,-3.646344946733851011e-02,-3.785893449748343326e-02,1.909674471525387232e-02
1.715380750580520683e-02,3.199946488841896603e-03,1.424761196707544433e-02,9.268033691544283817e-03,-1.583111622332173882e-02,-3.338536699327808444e-02,5.347083563332843785e-03
-1.002599670493652985e-02,-3.282356718447346049e-03,7.455188844227670156e-03,4.377811489250894167e-02,-7.091567118963808432e-03,-2.840653893478065420e-02,-2.426844259608180055e-03
1.098605750895841494e-03,6.115405107860748084e-03,-2.218201821072647746e-03,4.556433778068368773e-02,-3.264077849892248889e-02,-1.175289302620061149e-02,-6.166475293244485373e-03
2.292675950878990052e-02,-1.038890916925616810e-02,-1.314138182301250249e-02,2.967406361239420445e-03,2.344887342483773299e-02,-3.123596262738234999e-02,5.423214324783989619e-03
-5.694877634008788277e-03,5.266323839649479990e-03,-3.177961686173285706e-03,-2.575074620820557922e-02,-2.458704536777250177e-02,4.225330714903798718e-02,1.169099990747281097e-02
-1.030323938866699839e-02,-2.265848610894839049e-03,-1.173257129571847641e-02,1.146380104715985331e-02,-2.251701568004103177e-02,8.464626399770117451e-03,2.689024752839126731e-02
1.022640272493243602e-02,-8.160341098535318569e-03,-1.702408464726392137e-02,-1.008235758780073703e-02,-6.307803066407999606e-03,3.224563480713707464e-02,-8.974511320616498748e-04
1.108325686662415578e-03,-7.853751479141368036e-03,-1.698334906613071377e-02,1.524442048140941565e-02,2.701825448367303501e-03,7.134425478869648590e-03,-1.351896550036778928e-03
-2.644600662027648402e-03,-5.992523426182513576e-04,-1.784583780923668095e-02,-1.887043997317298591e-02,5.552985054255208698e-03,3.409881294177230515e-02,3.083327910279777409e-04
1.704113394581632714e-03,5.681520432653410077e-04,-1.576283950994848346e-02,-5.116560494403947501e-03,-2.422374636088067777e-03,8.434667925803300201e-03,1.259484127679020779e-02
-9.380683827794212420e-03,-7.378541468802253490e-04,-9.585746753680712481e-03,-3.731878190132106778e-03,-1.141667483332765333e-02,1.091991405595043631e-02,2.393292369586455179e-02
-5.334744777377106034e-03,3.350916019631202704e-03,-2.232820758216856431e-03,-1.491250637850966183e-02,1.202290970008175084e-03,-1.310648642257842590e-02,3.103335134704258980e-02
-1.338218569490569679e-04,3.262891543401755419e-03,-2.762248698945039133e-03,3.469774614915557831e-02,-3.770089830317513001e-03,-5.115828700838326824e-03,-2.617864860550728201e-02
1.204423717253649091e-03,1.807191556478482907e-04,-5.865900335303670743e-04,-1.134246435512713258e-02,-4.980468593391114071e-03,2.279415753645825521e-02,-7.269777427311119485e-03
9.940961000593916304e-04,-1.244840924595017832e-03,-2.008980688467719520e-03,5.416676719741013793e-03,1.355567422997320561e-02,-9.745321910932466108e-03,-6.967303525778421013e-03
-5.118178801248610349e-04,1.158625484537042366e-03,-5.185883861487949491e-05,-1.103013454331434363e-02,1.432560199305552874e-02,-3.642825162479915082e-03,-2.475910530585868430e-04
6.736483447274359401e-04,9.770052536030931437e-04,1.218610184883117431e-04,-7.201008690203167251e-03,1.077213043867007378e-02,-7.534577844370064087e-03,2.190941479084313522e-03
-3.550589248505421798e-04,1.135558632374063676e-04,-1.175275091535309211e-03,-1.679665613002237143e-02,1.317846965349298363e-02,4.679234712810341999e-03,3.557299168675226008e-04
-9.755230682216243718e-04,-1.747805714937550412e-03,-3.096782237236229540e-03,-2.570623053463228641e-02,1.908141430971638589e-02,2.045312194010370094e-02,-8.008194694792348384e-03
2.015154402070762872e-03,3.413579363673467128e-03,2.589280686630885189e-03,1.608586102120349894e-03,-2.190632882682633231e-02,1.291940638704733302e-02,-6.396781147165112166e-04
-2.008193148841187770e-03,1.330830433018382730e-03,-1.553630794843890647e-03,-4.767437178822048552e-03,1.800158246203060683e-02,9.887366933632284194e-03,-2.089051870617406742e-02
-2.938882017924716698e-03,1.146869080517668501e-03,5.182048439629592142e-03,-1.934726502219502944e-02,1.029385511713685163e-02,1.273487330572951361e-02,-7.071498902893950424e-03
-3.767055450305552451e-03,4.049369568105241083e-05,3.944158112850930549e-03,-1.662497992505726496e-02,1.788619397659058649e-03,1.001125130270174787e-02,4.607512866470058269e-03
-1.165964615268129563e-02,-8.730595059051297771e-04,2.700354546950076672e-03,5.859018438050945631e-05,-5.084400274703923875e-03,1.274147115758180945e-02,2.116690044377966210e-03
-3.687836038716657376e-03,-1.428037794489819042e-03,-1.168949454824933648e-02,2.195748646759343795e-02,-1.374454137406925678e-03,2.640104934811527120e-03,-6.417768883542255762e-03
-1.636372925067419671e-03,-4.818523858135080476e-04,-5.900471602005892199e-03,1.481908155725507326e-02,1.354726236080060339e-03,-1.141487200037904180e-02,3.259761119930707201e-03
2.241157727505016864e-02,-4.822324238523248256e-03,3.999776390599262162e-03,6.338401067821241262e-03,-3.612238931129697905e-03,-1.543801118862429995e-02,-8.877180375193362630e-03
-2.570135410754477608e-03,1.303475254793043554e-02,1.844546222985047820e-02,-1.493931071182384891e-02,-8.511667536731933742e-03,-1.144843834466683849e-02,5.989337226196211027e-03
-2.745300441212250586e-02,-1.800592325764297993e-02,5.650516588786608403e-03,1.489122001099083339e-02,-1.206346175998159256e-02,1.883321972711777051e-02,1.814743310285195019e-02
4.909914400059970860e-03,1.801946423819670781e-03,3.503024092666753592e-03,-7.885773889502758344e-03,9.403862767040416237e-03,-6.335979007653440645e-03,-5.396994786430650212e-03
2.937073801106306406e-02,5.352628406883028038e-03,-6.984196347318632862e-03,-4.003290157899976748e-02,9.663018226872283761e-03,1.369049248770687170e-02,-1.105977920620684028e-02
7.780511886344780928e-03,8.576139544622839866e-03,-1.188173800888227619e-02,-2.128351419237830763e-02,-1.857211623804995090e-02,1.367045434160582031e-02,2.171026266673699995e-02
1.047344874525602855e-02,1.347702299891691225e-03,-1.695480162118340531e-03,-7.802718566140585954e-03,-6.610031321830026757e-03,1.916927368396449671e-02,-1.488219467902330943e-02
2.665061201214145858e-02,5.790877461720947547e-05,-4.705081380326517522e-03,-1.953129808032870798e-02,-9.974853514880565805e-03,-2.537932422149502543e-03,1.004064461092663528e-02
1.220690552390862188e-02,2.347572605947078998e-03,1.186655051996527224e-02,-3.091243441956597823e-02,-2.393328651787154926e-02,6.581388203769580718e-03,2.184330408384695110e-02
8.437615984562604060e-03,-5.304422393156024923e-04,-6.950074674888217022e-03,-3.726177662751230940e-02,2.109993264481753450e-02,1.221457112842535674e-03,1.398328779949338518e-02
2.229839782784489785e-02,1.542233097941892936e-03,-1.163409696354575709e-02,-1.376890334596686354e-02,2.275033823040399986e-02,-1.013168079595521548e-02,-1.105628805072294239e-02
6.700824213189247695e-03,8.296027542774394095e-03,1.501272861531036465e-02,-9.295813728761316910e-03,-2.647870754339480201e-02,2.010660475270176217e-02,-1.434166385181965230e-02
4.635894368875292937e-03,1.105909517689779298e-02,2.593617444684787141e-03,-4.727575638783024226e-02,1.258290095426597456e-02,2.893881061942150598e-02,-1.253456217631517509e-02
7.611489116856219074e-03,1.861575073217544909e-02,-1.869639952547621055e-03,-6.162112398166385424e-02,6.348076226911220955e-03,2.872704962479027263e-02,2.188398233478427816e-03
1.034545832631795365e-02,1.440874899943659498e-02,-1.713695487385907823e-02,-1.546171889474541247e-02,-2.005957340056214663e-02,6.314447254199792884e-04,2.727259511799216482e-02
5.534956375024997766e-03,3.373572990791781547e-03,7.976736916482311812e-03,-2.228110180071571356e-02,-5.296704961852143241e-03,-1.320322847655647572e-02,2.389576895682525917e-02
1.308029474283645306e-02,-2.221057560274122475e-03,1.964714070841102125e-02,-3.993284452316882976e-02,-2.583627504098466327e-03,-2.430313647159292392e-02,3.631323060788689550e-02
2.447080109028748618e-03,-6.807964650236342750e-03,1.821921159135559548e-02,2.431330297398729117e-03,-1.439603136544834183e-02,-2.702031699933406250e-02,2.512669101723545573e-02
1.376574074936243175e-02,-7.233027360707376674e-04,-6.501870342977030329e-03,4.923209607677206737e-03,-1.491958324571554572e-03,-4.113042941783855849e-02,3.115861046441810792e-02
1.021252286917923545e-02,-1.238556879113256355e-02,6.065690475573357054e-03,1.947605937920390481e-03,-2.206919049079311690e-02,-3.163504476577828125e-03,1.939244447583065092e-02
1.477706215801114636e-02,-2.661627424175548595e-02,-2.664093445057341106e-04,-7.357250966452617662e-03,-1.238319566476396572e-02,3.221589420147898813e-02,-3.698261420123892811e-04
7.018078316977154237e-03,-3.307051259477204047e-02,2.095381724055684226e-03,8.719552726106701013e-03,-3.253578044842470041e-02,3.784470366586731999e-02,9.928576610189726592e-03
-7.932449740312761885e-03,-1.212684854081592586e-02,-6.220870603375846554e-04,2.703208454065920627e-03,9.180865971977297119e-03,9.911764033179124370e-03,-1.114453117756069494e-03
-2.083534738777542347e-02,2.483633123943661605e-03,-1.906424029798017145e-02,3.485593746762490064e-02,-2.100351402745494374e-03,1.894347860577817733e-02,-1.428311010884563380e-02
-2.662928097805764699e-02,3.495980721342373081e-03,8.086302456686443943e-03,1.382363020017658879e-02,1.186094517047223650e-02,1.581832850837775611e-02,-2.645590607899776792e-02
-2.690305709990504363e-03,-1.419021052839701275e-03,2.442120670917543191e-03,-2.561293770476325352e-02,1.045824675382791029e-03,3.016913231317230881e-02,-3.934813191879172820e-03
5.664137103107492674e-03,-5.004638239308474568e-03,4.843577890291669331e-03,-3.241246186062575474e-02,4.432353030131300437e-04,3.325263271431313367e-02,-6.786482910791191529e-03
-8.649891728880637967e-03,-2.110413321996620992e-03,-3.525713847206687380e-03,1.902540528333497225e-02,-1.635261662152157416e-02,1.991274837766617359e-02,-8.299518141395676937e-03
-2.772688678000358870e-02,4.585528649878795916e-03,7.745480294067127319e-03,5.692395250645311544e-02,-2.368622352221168292e-02,-2.201358905482152586e-02,4.171737906637795236e-03
-7.954487445800159477e-04,4.289409572125008931e-03,-3.942328420488602422e-03,1.506181648429443833e-02,-1.882713688299354760e-02,-7.060514989467751162e-03,1.127420298111049372e-02
5.370595466212366165e-03,-3.578678371103112717e-03,-6.727478045393557246e-03,-2.236508784659820524e-03,-6.662533587832514433e-03,1.336119316645949934e-02,4.734101563171266239e-04
-1.209813543944050600e-02,9.133520535952512412e-03,7.968968267512914483e-03,-1.678024264540085853e-02,-1.304375452297372104e-02,9.315123480381002144e-03,1.550452032396862877e-02
-1.043283482009504937e-02,1.788236189790164393e-03,-7.577827221090579525e-03,-6.533431688362604899e-03,-3.473764611001908635e-03,2.041535949145517528e-03,2.418808620161442755e-02
4.994150244541373414e-03,2.850496862512369792e-03,1.953539184119730196e-02,-1.296855839975934351e-02,-3.441032907367011073e-03,-3.454414830154597243e-02,2.357370066042127968e-02
-1.153066581129339602e-02,2.525468602774933705e-04,4.447317314885798623e-02,-4.562121863326086546e-02,9.441873364128562087e-04,-3.948121793898366934e-03,1.543009889290430404e-02
9.866027826521940602e-03,1.448912725674189085e-02,-6.721292900589579062e-04,-2.713466936227290627e-02,-1.729556829696926937e-02,1.898957268449542055e-03,1.884825459758771721e-02
7.436158718823901448e-03,3.835396741698747503e-02,-1.492090197093856596e-02,-5.788286790008043484e-03,1.593938132607920777e-02,-4.959841974441362572e-02,8.578101043469751538e-03
2.454793363768485379e-02,2.161094246398367544e-02,2.207881941725024083e-02,-3.932289194656628240e-02,-2.102598373134741128e-02,-7.916675755692740776e-03,2.785591468752514094e-05
1.324507035705849330e-02,5.941139914502175171e-03,-6.289555545852578040e-03,2.528079556418230678e-02,-2.997854560112442855e-03,-2.186386516520424581e-02,-1.331573056457366171e-02
1.364269917840724676e-02,1.809919745837313678e-03,-8.118525431816226573e-03,5.641747788264354414e-05,7.968813066027086514e-03,4.667127783766154489e-03,-2.002645182010424907e-02
5.446515042513154319e-03,7.080690243482591455e-03,-1.512105806915377791e-02,3.830567859086155685e-02,-1.275970989604170713e-02,-1.463186022758050826e-02,-8.320255684081404729e-03
1.724976207957810981e-02,-3.478088820681432373e-03,-1.612634999221995366e-02,6.346506128784958414e-03,-2.882012325572747891e-04,1.572206659322103114e-02,-1.942569475612535360e-02
-7.785400146126425676e-03,-3.547146249870957195e-04,4.952213308435694534e-04,-2.580836122452368105e-03,-4.807362848511089436e-03,-4.421433580902730219e-04,1.547523576932366418e-02
-1.453999160687442262e-02,5.490868725512447306e-03,-9.810247500189526321e-03,7.655077782880641973e-03,-1.297018645917644326e-02,8.422045916138097207e-03,1.575243314170917883e-02
4.880483497754735563e-03,-3.392300899582773293e-03,-1.135116763934899964e-02,1.514639203059868369e-04,-4.231212518075710971e-02,2.294825265860533231e-02,2.907539364302284823e-02
1.883834759644384405e-02,-9.712511516059566669e-03,-2.177557403952844889e-02,-2.456768970677800437e-02,6.760021610283814542e-03,3.424373486491940483e-02,-3.786328809280814934e-03
-6.591260318104365593e-03,-3.008446288793970632e-03,-1.553308403360034208e-02,1.220410460602401386e-03,-3.355996853219093447e-03,1.281792744473881675e-02,1.445044958837661715e-02
8.223178121227456283e-03,-9.814723550160063634e-05,-1.683779995940843863e-02,-1.604815827272403420e-02,-5.114941200415825014e-03,3.287937339156524891e-02,-3.003504844742880837e-03
-3.943673422900587783e-03,3.007114431240337786e-04,-1.373531861570287393e-02,-1.584682901460140320e-02,-9.810528943966790802e-03,1.905817849964419261e-02,2.397746005440339750e-02
-5.175948252636047159e-03,1.719503895469476611e-03,-3.525237217505873630e-03,-8.203159729151579191e-03,-9.722862712955660305e-03,-3.829445686278885180e-03,2.873714970305844482e-02
6.478853736609454551e-04,4.695033858558178043e-03,-2.193824945299040902e-03,1.400020707136520083e-02,-1.466424701566080950e-02,-2.181946993818362223e-04,-2.266859643242594580e-03
2.699250683321398857e-03,7.248389996642480831e-04,-1.988217610345000691e-03,9.049781424447482167e-03,-1.045193045958651415e-03,7.275523232055536185e-05,-9.513215683450057178e-03
3.456684370033437283e-03,1.205240082840338539e-03,3.279506494821291321e-04,1.912595165508821932e-03,1.307441267844421107e-02,-1.893359311735081166e-02,-1.043289828958111334e-03
-7.498816741185229239e-04,-8.904070616570495438e-04,-2.636753884342827193e-03,7.076945559350127915e-04,1.220442932614370507e-02,-3.277364269600848215e-03,-5.357716992359483864e-03
4.277542172063650608e-04,1.849996193596917162e-03,8.330295743798988911e-04,-2.611076633651117015e-02,1.220900566256266119e-02,9.789886266279744162e-03,1.001094422485589814e-03
-2.853969570846834683e-04,-3.886395233711364451e-04,-1.431358604280747815e-03,-9.294457911215489240e-03,1.186638804873840422e-02,-3.813611368234201549e-03,3.347076315447861019e-03
-5.746168567958567178e-04,-2.060784422812735365e-04,-1.031212137285948769e-03,-1.636693786789635008e-02,-2.558362189875782854e-03,2.518914932244682714e-02,-4.451941828311640689e-03
1.919691841972694969e-03,2.434831097241262933e-03,2.447479343943361439e-03,-3.612490516879166957e-03,-1.831838901308375372e-02,2.368369548912278161e-02,-8.554818242317158150e-03
-1.156702776958128164e-03,1.261875540422039777e-03,2.527917487673235204e-04,-7.168295956279865933e-03,2.473623274815173190e-02,-5.366086484127558301e-03,-1.255981481997549450e-02
-3.717098823097600337e-03,1.663545979342140638e-04,4.529555204578972899e-03,-9.503989496693265523e-03,3.032536233509729520e-03,8.744795537877256275e-03,-3.252153254109287246e-03
-3.653764238687951232e-03,-1.979943177403922403e-04,3.440891763089033543e-03,-1.152262878599008382e-02,8.062121894170744176e-04,5.358770552663356598e-03,5.768512837248984497e-03
-1.170940205412226987e-02,-1.069426337812994648e-03,8.606279944952256299e-04,-1.458771538749391652e-02,-3.798102425170101631e-03,2.910337386461173473e-02,1.200644345492262463e-03
-3.950093255871578272e-03,-9.463908194083131987e-04,-1.230401313897732871e-02,1.895125114000161329e-02,1.315908059952627766e-02,1.649731283015069914e-03,-1.655956580828569016e-02
1.528944316827922801e-03,-2.942745828248642063e-03,3.558321472716341471e-03,1.787924102595144296e-02,7.089574518578217223e-03,-3.127063208463982946e-02,4.157296578814464669e-03
3.229923964638357209e-02,-1.074522343891439694e-03,3.425694601294721874e-03,-6.717365414525785540e-03,-3.460053487004382394e-03,-2.389733578639393480e-02,-5.756572158626767268e-04
-1.174571219547507206e-02,4.369238464362114631e-04,1.864944908024948611e-02,-1.303673780348412088e-02,-4.336197676698743883e-03,-2.319294272043333997e-03,1.235156902101563169e-02
-1.165279973522886925e-02,-2.100226549184506381e-02,1.430075875938153444e-03,1.857162626199663352e-02,6.427790674226908745e-03,1.220930407931252078e-02,-5.983731664400333307e-03
1.437933160887910553e-02,1.664179610241587823e-02,-8.623862407876483824e-03,-1.339774772249200177e-02,3.159736923170744938e-03,-4.093632925033843621e-03,-8.065621579063479707e-03
1.631859289598426924e-02,2.029938795718388544e-03,-5.673844980584299893e-04,-2.042686293503151451e-02,-5.090642263003400565e-03,-6.315203900293783236e-03,1.405156190468459694e-02
-1.341712736322130291e-02,-6.774473942758030102e-03,7.300880757605904487e-04,-1.937480525277089291e-02,-1.970536556902657138e-02,4.447929315226242103e-02,1.406239089975384708e-02
2.623602658326965736e-02,-1.317720865539726872e-02,-1.415457790756312600e-03,2.876736354858834880e-04,-7.851272274886706565e-03,2.412365989362395477e-03,-6.492127487077730026e-03
2.218590476606285139e-02,-1.035827357151812567e-02,5.088106062469532377e-03,-3.807412049318397492e-03,-7.537894451952059822e-03,-2.080326272546802798e-03,-3.490104483197025310e-03
1.135044518989576645e-02,2.363560220362633749e-03,6.163472494321291933e-03,-4.781158122435089086e-02,-1.171161239800756239e-02,2.507523212231866847e-02,1.457048359546015727e-02
6.757448983031790618e-03,9.203859949736624413e-03,6.455192726640939481e-03,-5.326341810037344554e-02,1.196710623701505074e-03,1.758335512138576445e-02,1.206685069587699194e-02
1.250275799422779707e-02,1.066735046585845330e-02,-6.611189974063853836e-03,1.519563275559341134e-02,-5.306542965268558690e-03,-8.087325667280213098e-03,-1.836068260906705690e-02
-5.546053766036707598e-03,1.749982990687194359e-02,4.103989866584959768e-03,-1.175754498439486768e-02,2.392505625290522117e-03,9.612844503021644033e-03,-1.630557115133753066e-02
2.567970534051658513e-03,1.366896932160172745e-02,8.137833951447770095e-03,-2.330653254185875364e-02,-3.016401301212293540e-03,1.570362587932483747e-02,-1.375546584335493421e-02
2.047272373134445544e-02,3.690668781657859780e-03,1.997391692956193999e-03,6.557235453086122240e-03,-1.901642538527932927e-02,-1.769948741815868809e-02,3.997893144393364212e-03
1.384380371507744172e-02,-1.917846311534815483e-03,7.181802990525546285e-03,6.294005883716952132e-03,-8.426192432682371586e-03,-1.458194732763678537e-02,-2.393626517465918899e-03
3.616921124025605262e-03,-5.975441257879557724e-03,9.459473875379653673e-03,-2.340429916862164783e-02,-1.068281260212038987e-02,1.837782400602910871e-02,8.608334023187332734e-03
6.796754511361593164e-03,-9.286543194079670271e-03,2.465357634013176300e-02,-9.434733439299984245e-03,-1.232442483658136891e-02,-1.031306315888295619e-03,6.266769343559849999e-04
6.165582891790708300e-03,-1.044262138563487041e-02,1.537805104738576480e-03,-1.094539494919822414e-03,-1.037306932497377050e-02,8.841816702309939977e-03,5.365025506689195638e-03
1.443594961087608756e-02,-4.290650464968392801e-03,-5.046628270413678480e-03,-1.771184120349003632e-02,-2.551584694474359066e-02,6.457935384526033345e-04,3.748322373428698145e-02
5.511896348139123936e-03,-1.922334187771713651e-02,1.409147215750184735e-02,-1.259662331467526625e-02,-2.985185005671205094e-02,2.021870887405885497e-02,2.184973786940471244e-02
1.595445847918371823e-02,-2.360710934976033987e-02,3.465315557576910920e-03,-1.453413369446483923e-02,-6.190111931876831654e-03,2.089842119550996968e-02,4.013159743831443138e-03
5.840039486098604939e-03,-2.257358680928977027e-02,-9.959367475997251817e-04,-2.612070325197288342e-04,-7.721736214284754748e-03,9.982245019097418792e-03,1.573018229849804800e-02
4.655204371326624423e-03,-9.887385165012030352e-03,-9.175679356749965460e-03,8.699210647191412196e-03,-1.377476444044300162e-02,1.532662399923676727e-02,4.156789944450142368e-03
-1.554156070440646832e-02,-1.647809106741579847e-03,-5.796300408344326992e-03,1.999939166091613263e-02,-2.504234411611365452e-02,3.754221722146026258e-02,-9.513594546770400007e-03
-1.632205418866498545e-02,-1.219757089407008839e-03,1.093701424771110348e-02,7.416980342029129078e-03,-7.962156131515275848e-03,2.640116213335351458e-02,-1.925118931350645532e-02
6.034891007108225160e-03,2.462048251830104614e-03,-1.310576503662800847e-03,-6.326326553045331057e-03,-2.308489024731194897e-02,1.884226213182176382e-02,3.382591913259977087e-03
-3.519404152121446364e-03,2.080265388791965615e-03,1.334152038629876462e-02,-6.150574045900344088e-03,-2.548961092086177160e-02,2.825208600386974050e-02,-8.514282660076781181e-03
-1.611638787188976463e-02,-5.489143349074934904e-03,-7.093173686672079800e-04,3.851974404745892033e-02,-4.366705057353495456e-03,-6.503345630453151276e-03,-5.334844770020312314e-03
-2.011756874198965261e-02,1.089750498642505765e-03,8.967708588268860290e-03,4.792733205294363169e-02,-1.705618568494068898e-02,-1.536352988775086838e-02,-5.447506825173928716e-03
-2.357052144972543190e-03,7.399801660568972907e-03,9.606467486298593886e-04,1.769985327709611839e-02,-1.447638878436707799e-02,-1.683997154177661318e-03,-7.542863602777741261e-03
2.276133893395348648e-02,-1.503085960125686432e-02,-2.433398856845976795e-03,-2.201414543207591210e-02,-1.384132537093706733e-02,3.045951438713988962e-02,9.887594002238506402e-05
-5.477625438144397355e-03,1.206966539414416027e-02,1.258671595020604585e-02,-1.671867223531190230e-02,-7.423692347950414105e-03,-9.910494539719484977e-03,1.487410321677596139e-02
-2.123386068081192443e-02,1.150485810505155228e-02,2.887682933342563749e-03,-1.402837221456615727e-02,-1.321186096613386797e-02,1.167291225203780612e-02,2.240864057108005181e-02
1.781386271351999631e-02,7.463507460608758033e-03,-2.649009899542343737e-03,-3.243075276329378254e-02,4.887315389087602997e-03,-1.073143488401647090e-02,1.564651198363634782e-02
-1.026046788245811581e-03,3.825109538337102041e-03,1.893291690369645550e-02,-3.691028322393310329e-02,1.044420012410367986e-03,5.673477252008649746e-03,8.460406305726267395e-03
8.390180781255441103e-03,2.632415100838244801e-02,-3.419249980645513304e-02,-2.220128511689414830e-03,1.013868510886828736e-02,-1.930095089796651786e-02,1.086056231760492395e-02
8.968221904107813534e-04,3.529488950183462537e-02,6.552121856475901646e-03,-4.419865344750031205e-02,1.282155578181276741e-02,-1.138774881343760162e-02,2.101293040390340413e-05
1.636931707193182289e-02,2.991898448815725683e-03,1.812716822596244226e-02,3.698724791916953476e-03,2.170737821504912721e-02,-4.946496904688801183e-02,-1.342951770678801199e-02
-4.242843037440173297e-04,2.125019825388326650e-02,5.539406958677298111e-04,3.248496375966028471e-02,1.515793451543906954e-02,-6.604539333400329115e-02,-2.977359587102954962e-03
1.564122246306184905e-02,1.463302767220813448e-03,-3.082058863136272545e-02,5.729171415003379841e-02,-9.975717146823702766e-03,-2.283130228730902156e-02,-1.076863131482099813e-02
1.763050624816538473e-02,-2.656524332366893182e-04,-1.289663768525470267e-02,9.499653669508528742e-03,4.572364172815817848e-03,-4.978308871087759949e-03,-1.356192510091064861e-02
-2.274718991314957865e-03,1.744797958149130537e-02,-1.783395638488342524e-02,3.698636133983482233e-02,-1.265985161568082204e-02,1.322716400504650534e-03,-2.298853032995160084e-02
-7.913869798998829364e-03,-1.095148866266191720e-02,3.283134175589446681e-03,-1.008072421506537968e-02,-3.951697763804207925e-03,1.366354933500333810e-02,1.595109692993758668e-02
-1.055675357106465248e-02,1.286721909138624151e-02,-1.888144833662104213e-02,-1.347279978591038596e-02,-3.331933945343155956e-02,5.226749334740422165e-02,1.109562870823707290e-02
1.717431046667141780e-04,1.867938939509637491e-04,-7.032320266652586187e-03,-1.763078620708345137e-03,-2.086831147784931270e-02,1.326530356431350824e-02,1.603986980227911641e-02
1.582772729747435742e-02,-8.801405506071250870e-03,-2.465217175674156921e-02,8.313191044305862087e-03,-1.143186632261704132e-02,1.069785490440310419e-02,1.004667033924661404e-02
-3.895253546348365417e-03,-5.313018024628699335e-03,-1.219704638990254907e-02,-5.306999350696308543e-03,9.077525884118048003e-04,1.826394794818078995e-02,7.540616774983349181e-03
7.744767609599355861e-03,9.794621397350087829e-05,-1.732444859618430255e-02,-2.849802029370801862e-02,-4.871703542154197202e-03,2.893276753810791399e-02,1.391869107036574314e-02
4.143521413515154246e-03,-2.646585052160129316e-05,-1.301362429967775451e-02,-1.006985325571322330e-02,-1.698381881639961233e-02,1.954643724203105476e-02,1.640380356676597942e-02
-7.731826743704104180e-03,6.901862525721011140e-04,-8.510430618300268008e-03,-8.886163150312778591e-03,-1.138748412400277313e-02,2.238238977222841222e-02,1.344332861151950088e-02
7.307035266980152531e-04,4.718113142371225394e-03,-2.331546246388126360e-03,9.238207207704993845e-03,-7.848700652499261340e-03,-2.029220490328424026e-02,1.578542792539738143e-02
2.327406477553342536e-03,7.946355788656125864e-04,-1.971953345869342528e-03,1.797818608919852026e-02,-4.077021791063411942e-03,-1.540833882019149170e-02,3.570858115067413493e-04
2.644414455267542728e-03,9.742434809147162153e-04,-5.026329677623178008e-04,1.024002169093276952e-02,1.064782418990627838e-02,-2.619443044062642889e-02,2.190559591367479634e-03
1.403478075088800949e-03,-2.229038765623432355e-04,-7.779778624447763026e-04,7.762449865713462113e-03,1.392450137970005150e-02,-1.429171186032274915e-02,-7.797835721172465852e-03
2.948317982336937267e-04,1.302632897677086926e-03,-3.869050262858599325e-04,-2.261300160812199436e-02,1.271756162552278857e-02,2.037944644248893683e-03,6.646935668725436654e-03
2.871470002976931517e-04,2.251958614395162110e-04,-1.148349346979955299e-03,-6.490593207006409640e-03,1.374401179736203620e-02,-7.499159299128536210e-03,8.817471940156734267e-04
2.656091032834439016e-04,9.379890367962155640e-04,9.818403414398799416e-04,-7.550066800135773852e-03,-2.046306596932612534e-02,2.112722806197716088e-02,4.700466225965144532e-03
2.659737067353178282e-03,1.817066189913455615e-03,2.667875838223830731e-03,-2.434704365340867576e-03,-1.380404170289061330e-02,1.267284165058883520e-02,-3.578774677847818518e-03
-1.231646336627399978e-04,1.374824668617674866e-03,1.082648942439351026e-03,-4.958148574369826769e-03,2.298167974934903560e-02,-6.139029023911475071e-03,-1.421881112846206177e-02
-3.249054432746275797e-03,4.006430786560787809e-04,2.800435286839091965e-03,-1.435685580949695901e-02,2.457087344978404076e-03,9.152289741586118119e-03,2.795454790183594506e-03
-4.878632417560314384e-03,-7.627125295176208570e-04,7.883643549299561423e-04,-8.482005516244251267e-03,-3.707217552447874404e-03,1.401108890995234058e-02,3.031114750887773952e-03
-1.305455177134841153e-02,-3.172499987152257138e-03,-4.707438094133335228e-03,3.842184704397621185e-03,-1.951291070683174771e-03,2.466356202516413118e-02,-5.619965806244588656e-03
-1.880924562229685949e-03,-1.080877224957411476e-03,-1.088719432742472210e-02,1.191722382047344028e-02,9.996330433581062866e-03,-1.844843466245318052e-03,-6.219714673197348880e-03
1.187896928562530430e-02,-8.661835344649142232e-03,5.392009895808693408e-03,1.145018395289513526e-02,4.266771589922145787e-03,-3.090949163125583654e-02,6.583392251653662729e-03
2.751813041400688609e-02,7.898244463214246919e-03,3.533463152120212836e-03,-2.377357240824596804e-02,-3.658094023794759755e-03,-1.225299874507200688e-02,7.348271477713134861e-04
-1.954947070772081533e-02,-1.273596361030923836e-02,5.687231836599628172e-03,5.235299335963385266e-03,-8.528021055394728947e-03,1.226165320385437865e-02,1.762927099700737840e-02
4.682180084228795142e-03,-4.442134046335676975e-03,8.417711170666777182e-03,1.011488953159007075e-02,-1.083108921243825526e-03,-6.092278434775205004e-03,-1.159725938413090109e-02
2.253370448578927848e-02,7.275130826579274956e-03,-1.432228777086233529e-02,-3.002830816608197465e-02,-7.654581214256399660e-03,3.920555591869052947e-02,-1.700921407985839240e-02
7.778382287808789305e-03,1.157958830168753783e-02,-6.733882120889396646e-03,-2.173113102980436459e-02,-1.767805612782399199e-02,-1.049247978632679434e-02,3.727757847534824559e-02
-4.836971790682246912e-03,-4.631312089244906879e-03,5.453181502584268127e-03,-4.370245944471256444e-03,-1.732966898771539158e-02,1.701348724702542864e-02,8.701530062504047799e-03
2.095830275087295913e-02,-1.339842486028065133e-02,6.501002686898774488e-03,-8.214432907284392391e-03,-1.260731525028504704e-02,2.063787073903780231e-02,-1.387700315895947986e-02
3.519591140041990456e-03,-1.247973048660738250e-02,9.231680070540161306e-03,-1.971874849619791384e-02,-1.427062522261920334e-03,1.081508422458411951e-02,1.005918606990090225e-02
7.948818951163123814e-03,-3.111737376968396872e-03,2.060436268627980228e-03,-7.686494068352431319e-02,1.254980220506200783e-02,3.502829839100180670e-02,2.238932224463751480e-02
9.819084617774986173e-03,1.229404941239567971e-02,-1.063442881543295339e-02,-2.729021530828888015e-02,3.773935107711645556e-03,6.744392170223781346e-04,1.136313576881716088e-02
1.766349463361857521e-03,9.719668098877911819e-03,1.018784666955916199e-02,-2.752130403130406862e-03,7.569364471625900960e-03,-2.093259365482617526e-02,-5.558504645468241925e-03
-1.185450419181784294e-02,9.661275671058450545e-03,1.961644227746234953e-02,-3.190040121109699589e-02,1.213165396229564340e-03,-7.686850010045073560e-03,2.095087206820958614e-02
1.801056024233533897e-03,-4.431361368828242234e-03,1.661092357629881042e-02,-3.160702111647297353e-03,3.703823311672052067e-03,-2.216840856756547087e-02,7.644669135836660266e-03
2.041853891072748298e-02,-1.936068808246843576e-02,4.522599250716999655e-03,2.837761312919939369e-02,-1.456142795649141737e-02,-1.244442466851720247e-02,-6.952210583166771284e-03
4.387718942104070624e-03,-2.196291275978305008e-02,2.507858169374302740e-02,2.433772721626027008e-02,-2.280495356865065281e-03,-2.310246643883314896e-02,-6.458153296626183149e-03
-6.054986075134246963e-03,-1.407630395663304022e-02,3.638963996152434245e-03,3.793811906467048356e-03,-1.131046561134058104e-02,2.330067964147583201e-02,7.083000990125153410e-04
7.845369286683339868e-03,-1.294981201154107690e-02,-9.151010575525557120e-03,7.019255747671051659e-04,-1.514757242068903373e-02,1.144247115813907222e-02,1.725862898816613727e-02
1.721786682097487323e-02,-1.129195037751942049e-02,-1.270044654079763823e-02,-9.672456296698430864e-03,-1.683216882293466637e-02,1.620816919311499765e-02,1.707098602386036834e-02
1.282024110368946111e-02,-1.610684032648409050e-02,-7.508169552931587970e-03,-5.045548907479667326e-03,3.925692873756121866e-03,-3.307787342511617993e-03,1.522241215196140467e-02
1.386301069634986519e-03,-1.406176944876807826e-02,9.883347973221689661e-03,1.965501405483383555e-05,-1.130328994347265525e-02,-2.101542483569332140e-02,3.509118017102256376e-02
1.948411987312574645e-02,-8.235479105420903320e-03,7.110589674658986071e-04,-3.582029609605892270e-03,-7.398439412671031605e-03,-1.432510323175373995e-02,1.334587251885999484e-02
8.074616439846131477e-03,-7.243613799907186804e-03,-5.832427645063148133e-03,-3.089815782114877299e-02,-2.293083923612521460e-02,4.898019149096992375e-02,9.850230571428216994e-03
2.238831115741716279e-03,-1.391707124816303660e-02,-3.736465622859308413e-03,-4.022416893971311053e-03,4.794850073883445175e-03,1.709265109791152301e-02,-2.450378522543019289e-03
-5.681168588289977825e-03,-9.581817790165926899e-03,1.943098301341813702e-02,-1.185528196213059618e-02,6.623759814328758835e-03,1.272841685787999035e-02,-1.166489134504039918e-02
-5.705520328973290832e-03,2.680964606302411402e-05,1.091537426447818267e-02,-2.837442639070832627e-03,1.975911902248740984e-02,-6.496824903150107654e-03,-1.566151506183438916e-02
1.143811535553710540e-02,9.510868746837073534e-03,5.259966867067140776e-03,-1.159963232561112348e-02,-9.841039596960620903e-03,5.266470494413849797e-03,-1.003474954128345462e-02
9.810718180691884588e-03,9.598603738870318050e-03,1.506537856814627735e-02,-1.034046982319594167e-02,-6.939195345139752280e-03,2.355022798106285505e-03,-1.955005811747911534e-02
1.842190719498213673e-03,-9.661077156525055623e-03,6.300364201953879105e-03,3.382174263657283797e-02,-7.898150316528953704e-03,1.984385490868665128e-03,-2.638945557583961127e-02
-1.161283908280621655e-02,-9.044150696056626332e-03,1.673694903178439553e-02,1.862354139191713109e-02,-1.503792147011833238e-02,1.198696581959986934e-02,-1.165254499432011315e-02
9.512388730003204463e-04,-6.248105426639714334e-03,2.084828817715328117e-02,-2.278870673121572571e-02,-7.318958321483833886e-03,3.574831274582054158e-02,-2.119206931663496218e-02
2.117632647592541939e-02,-1.878029660450309876e-02,2.931939188541551021e-03,-2.471961564636937156e-02,-3.364320111897147608e-02,3.646712583290983439e-02,1.656772187246709910e-02
1.524344912589932835e-03,5.823902892030400008e-04,-4.852247196181277565e-04,-1.181422048915948403e-02,-1.407129611766781002e-02,4.132824197561919301e-03,2.013118192709053081e-02
-2.438737850341187938e-02,2.342167163751583334e-02,-1.651044292575291417e-03,1.776128874297451532e-02,-2.315040929193093108e-02,-1.875943595926687912e-02,2.676530766669472233e-02
3.403436499400551429e-03,6.314135986715149924e-03,-2.131409877031140154e-02,2.029845133783619512e-02,-1.221422258113366187e-03,-3.185332120326200746e-03,-4.295170675200942097e-03
-1.012349008492790733e-02,6.104071651132339862e-03,-9.289244504484451062e-03,1.531807026701079502e-02,5.632471136927735648e-03,-1.241972162184904090e-02,4.777843156190505342e-03
-2.100338879872204814e-02,3.264427790122854944e-02,-8.671945212584910093e-03,2.108907368404141364e-02,-8.844979206446753131e-03,-2.377350951016563366e-02,8.560471142649435719e-03
7.979837395669290775e-03,2.686684919156076892e-02,1.286819765919680093e-02,-2.805908200289106147e-02,1.100120474415471061e-02,-3.627014780688932877e-02,5.613140819198822462e-03
1.046174669435595561e-02,6.309451698977474633e-03,1.392627615774917962e-02,-2.054647627514323647e-03,2.118087477614370370e-02,-4.548214004920054371e-02,-4.341561650511520376e-03
-1.936263083686984646e-02,1.941765477162275821e-02,4.701492435527043941e-03,2.819148882768557698e-02,3.235823633391015502e-02,-6.051393774665032171e-02,-4.792303785225286196e-03
3.192844081113592209e-03,3.032365324559456107e-03,-4.085306599178682718e-02,5.643174664500640730e-02,5.794268300500926214e-03,-2.493887628010472285e-02,-2.659282079288714708e-03
8.165965672033870248e-03,-1.307608120651958510e-03,1.900306874543045230e-03,-2.756223284060951156e-02,2.011628506116863724e-02,-1.391727460501638106e-02,1.260455795853239989e-02
-2.064834184892587552e-03,1.506299406920532172e-02,-9.176715297584613421e-03,2.821193787119426893e-02,7.747044511967901038e-03,-2.886454723710895134e-02,-1.091587973278134241e-02
-3.979306385300861691e-03,-1.337884718130220169e-02,-5.735173779163811256e-03,1.589517844709667505e-02,-7.617001025549112285e-03,-9.083526299291037453e-04,1.572350255414842884e-02
1.010717693760902411e-03,6.701194603215787811e-03,-3.612284986696036619e-04,-3.554933658003679720e-02,-1.611756576931300255e-02,2.902262221131713879e-02,1.529359633972542445e-02
-2.428688734321019383e-03,2.347305932750679697e-03,-5.441345505988869069e-03,-1.352907935547758601e-02,-2.629876985080194587e-02,2.731438412188038831e-02,1.803619339195840915e-02
9.844846495856793972e-03,-6.642910743378017263e-03,-2.051921723866931627e-02,-1.723831491301645738e-03,-6.563065894708682881e-03,3.060267750439105844e-02,-4.998498632190193948e-03
1.212256005208941188e-02,-6.995243048266800226e-03,-2.093582629654823848e-02,-7.543462230116422355e-03,-1.139707436599077077e-02,3.535989126449348707e-02,-6.108453756606680969e-04
-3.079232630639385220e-03,-4.110960770071429133e-04,-1.388279135413755458e-02,-1.066059091234704270e-02,-5.050908365687707333e-03,5.456193485775545464e-03,2.762842585404327866e-02
1.009180981941416692e-02,-7.819118327490608589e-05,-1.532439484590349468e-02,-3.091756142662098819e-02,6.244350695706172433e-03,3.828035403731895603e-02,-8.296367096639762836e-03
-4.037181456998674076e-03,7.370207081586929417e-04,-1.129588138715631289e-02,-8.492242729982647786e-03,-2.208631437110866735e-02,2.881490571636971532e-02,1.635969352071781416e-02
-5.271107727242593756e-04,3.815157368087759501e-03,-4.681291106987613831e-03,-1.801396873089519549e-03,-5.232492503778734920e-03,-1.232729280201850380e-02,2.075442669051086667e-02
2.362363315818514272e-03,3.103655292535695623e-03,-1.020232394566116798e-03,2.042946720782380654e-02,4.514729068842020937e-03,-1.816025909805193961e-02,-1.122972339240195169e-02
4.351287024679992982e-03,4.637837538319554637e-04,-7.831064455999088526e-04,1.858360571917429954e-02,3.376320418737202827e-03,-2.455860037475100441e-02,-1.433290096072503727e-03
1.856903271303065326e-03,2.466061591575296206e-04,-4.110077192853530846e-04,-3.698240520202631613e-03,4.890726178157757398e-03,-2.055840879882423616e-03,-8.291464892479477166e-04
-9.321174475731014040e-04,1.062309139433257891e-05,-2.331466939066560978e-03,7.519960367906712052e-03,1.173069615796884686e-02,-8.599112218316166262e-03,-7.398583012314058002e-03
-1.699684956919258702e-04,2.356780577686768752e-04,-1.541734081622711094e-03,-7.033780682674362246e-03,1.312565210965765776e-02,-3.537784968826720652e-03,-1.078061938610658764e-03
8.471495935834704111e-04,7.823361729247797595e-04,2.420193374944122795e-03,-7.131867834372794882e-03,-1.893204884752651765e-02,8.832619300108817892e-03,1.318161824033808882e-02
2.947357594156899737e-03,9.820696601513033246e-04,2.214759497510551157e-03,9.118495581995884544e-03,-1.269495441902463405e-02,2.134346820598008888e-03,-4.702074735388045261e-03
-5.428299706349663800e-04,9.462040794644229662e-04,1.465699105709017706e-03,1.161225489016887852e-03,6.124522401082543345e-03,6.392988385527500171e-03,-1.554780949016542138e-02
-4.154328301301291743e-03,5.611205200931426197e-04,6.443224242573878085e-04,-2.921773879722555233e-04,-2.799654704707406957e-03,-2.546530349221887059e-03,8.587247798852289116e-03
-7.351404857529528040e-03,-6.051395596729539040e-04,5.467228681186066513e-04,1.438360815011355135e-03,-5.448890654587610315e-03,1.235511045909011216e-02,-9.347590704299745283e-04
-1.327675451998414947e-02,-4.002046174291726439e-03,-8.639149820979918210e-03,9.591799737611775289e-03,9.172341183770315459e-03,1.769982812401963215e-02,-1.054601853014591056e-02
-3.020571177371759314e-03,1.324288404498254299e-05,-7.301396045148208017e-03,1.432231323875124808e-03,1.604083707186288940e-02,1.948198878285880382e-03,-9.112542935548880937e-03
1.487627613755307561e-02,-5.378887006454167660e-03,2.351120892875985767e-03,7.584009170903085149e-03,2.432520901766256800e-03,-2.618071008883770395e-02,4.315669992193414510e-03
1.593612041074810373e-02,4.355790197813113121e-03,2.645604284496994724e-03,-1.852650407677046071e-02,-2.402802230561479086e-03,-4.125996723274696042e-03,2.117788137548462426e-03
-2.941686261292862994e-02,-1.431452963804894472e-02,-2.381180628393062947e-03,1.918470317324062757e-02,5.459767026863866952e-03,1.370662140358540164e-02,7.761481275680564076e-03
1.126031843366909549e-02,-6.426920541400423653e-03,5.917113738447171353e-03,-5.971497092389000186e-03,-6.896908875086598008e-03,1.737020854516412721e-02,-1.525231420840433838e-02
2.325451395928344184e-02,7.474130839609164148e-03,-5.688005133326986922e-03,-4.634122178098584038e-02,-6.707561946281492089e-04,1.342518720819583893e-02,8.546151101852660081e-03
-1.851633452312083719e-02,1.211453361706447789e-02,1.811691056878397647e-03,-9.726357109843451754e-03,-3.456978665619731689e-02,1.160265584026152694e-02,3.728359777495735689e-02
-1.430655711791924524e-03,-2.979082846850945356e-03,9.124393010840200005e-03,-1.739376366652110872e-02,-5.378591266687049455e-03,2.167589791439504185e-02,-3.618197433384242202e-03
4.335491499688108076e-03,-3.553440610702976628e-03,1.128066229671931785e-02,-6.590579166514786390e-03,8.938227261024521419e-03,1.656052694310808718e-02,-3.097088822332230706e-02
-2.203685678743888543e-02,5.841355861691344478e-03,1.068488414785281025e-02,-2.787157590708735921e-02,-1.739099777055149940e-02,2.371234644475703895e-02,2.706084401077664403e-02
-7.755243455651327639e-03,3.773784014545566654e-03,6.192402254906912915e-03,-3.303489025518920041e-02,1.516596283657708349e-02,7.438187126789652312e-03,8.219797478021307474e-03
4.009632525076615821e-03,9.794565321976807931e-03,-1.063147283332125694e-02,1.189787403230644844e-02,-1.189736181872042518e-02,-2.262792895252366179e-03,-9.104443320658246524e-04
-3.717016125598336922e-03,3.077430055108125017e-03,7.337957603121117271e-03,-1.313010597986164147e-03,8.508913241742525196e-03,-2.836646857050039577e-02,1.447219439411315776e-02
-5.387944281147077387e-03,-7.292792233741496842e-03,2.154740056169855353e-02,-9.009029731155948281e-03,1.189402691478743876e-02,-4.225165712948269342e-02,3.049999589904125660e-02
3.518906415768359875e-03,-1.694569406604226267e-02,1.875698966449698343e-02,2.234935668764662098e-02,-3.724816317000686702e-03,-2.791480613764702259e-02,3.960063752778029793e-03
6.843362758056688137e-03,-3.047322003704546964e-02,1.160923410705213404e-02,4.720461366388768037e-02,-1.327891406745751977e-02,-1.884390086674690365e-02,-3.061175557746745671e-03
1.211596012409287167e-02,-2.030439747740520745e-02,5.348284365305192370e-03,1.124913577071358535e-02,3.701211600638498831e-03,-2.831621171733754438e-02,1.620601733399263875e-02
7.451879937501967345e-03,-1.427267656036842157e-02,-7.661491165975926887e-03,5.084186349865757112e-03,-8.897266736439628926e-03,7.056357050480633643e-03,1.123901112493554295e-02
6.115418696711576521e-03,-1.542737709682590573e-02,-1.215112369602402292e-02,1.110335348927270725e-02,-2.268616223962867037e-02,1.142183746002376279e-02,2.162405338647057154e-02
1.426689691847485113e-02,-1.066242026785974885e-02,-4.510172094565377023e-03,1.689278453277367684e-02,-3.026724450428862345e-02,-2.755831237581315551e-03,1.703598665304659546e-02
-5.132141354414621569e-03,-8.178676283616726633e-03,-3.683219717752833893e-03,-6.437240467713383103e-03,-1.238225504155090681e-02,2.148177565887239571e-02,1.433175720617608367e-02
-1.272794288566415910e-02,-2.242560663006965948e-03,7.448368621510892580e-03,1.684076589081512018e-02,-9.533006605682688150e-03,-9.612156162307879115e-03,9.826531804335708609e-03
-7.409728297838346842e-03,6.061849755198165735e-04,1.027341032269341557e-02,6.531065108925183070e-03,-1.262563861653668434e-02,-8.014282699522833064e-03,1.063898920675946172e-02
1.624492393745352245e-03,-1.026115548536051490e-02,7.986336082024560884e-03,2.674209129599573569e-03,-1.604720753496642963e-02,4.190873189476936218e-03,9.832452225480511204e-03
-4.233737050682025854e-03,-9.206385251093431726e-03,4.526758703723872228e-03,1.678178067945173060e-02,7.864793807938280645e-03,-2.435806463607117014e-02,8.624853746732786750e-03
5.724469842887472751e-03,-1.725089879968946111e-02,2.294499632789243071e-02,-4.040394330977202346e-03,1.259207646696313201e-02,-4.652954413082726823e-03,-1.531729509399368250e-02
4.255757284037299526e-03,-4.601686594225890513e-03,1.314266860258964630e-02,6.410306651183895164e-03,3.306157749437573651e-02,-3.742851312951845505e-02,-1.484011030844224061e-02
8.111295336928694717e-04,8.259901240779993215e-03,2.359963495393567392e-03,-2.751632699740516261e-02,2.605062449152156789e-02,-1.961575894546373558e-02,9.650467181480796783e-03
8.530706467193321235e-03,4.671432010789214676e-03,6.947464706943395733e-03,-5.145273108080565885e-03,1.861722076661988939e-02,-2.166538724705641128e-02,-1.195616359640883607e-02
1.667516375959151101e-02,-8.638946323970981764e-03,6.406324605543685206e-03,1.528224919496957816e-02,3.440763701207552420e-03,-1.214275082545143540e-02,-2.102280411188995127e-02
7.051973809222020564e-03,-1.463733894658812186e-02,-5.442119759814635291e-03,1.098562812149110612e-02,-9.510541707262811645e-03,1.746371794679243625e-02,-5.911319463840001079e-03
2.141213266426124709e-02,-1.655764701253809729e-02,1.991955039943912875e-03,-1.163527842102050208e-02,-2.911689292157341145e-03,7.715923446441150940e-03,-1.539642493034491531e-05
1.870429706682082485e-02,-1.195058882120119716e-02,3.227881047736574395e-03,-3.445958571611842935e-02,-6.033704415746233424e-03,2.901667717120554046e-02,1.495023667302813322e-03
4.162377549565327364e-03,-8.502920901437215420e-03,-5.828854619198905324e-03,2.068727512687467546e-02,-7.797173296656233557e-03,-2.005965987937691902e-02,1.733895602022933816e-02
-1.562515746926044363e-02,1.848300998188459957e-02,-2.033856389525958916e-03,5.773825499532846128e-02,-3.558775439179003020e-02,-1.787964760126541791e-02,-5.094849125371106978e-03
8.203688180542798372e-03,8.763094525399472978e-03,-3.337713843230635108e-02,1.337311057266816171e-02,-7.881048161289422663e-03,4.570523587282909750e-03,6.347769727702336391e-03
-8.273054817637310460e-03,1.102586888406134960e-02,-1.459342213408192437e-02,3.034845654481480720e-02,-1.146388017823511164e-02,-1.299919966341591716e-02,5.955231364494131992e-03
-1.731782276668385320e-03,3.754245075832256251e-02,-2.190355927833584435e-03,-1.197831172798487741e-02,-3.338761094778186153e-03,-1.987434383910732794e-02,1.571104108049803296e-03
8.924972114282989089e-03,1.258000678256320989e-02,7.132513534184104116e-03,1.240762911906296943e-02,-8.898585394226497455e-03,-2.854715639429928134e-02,-3.599379761567430419e-03
2.766671062211737125e-03,8.605396795501377843e-03,8.776696082778203192e-03,1.384334478843147857e-02,-1.578488865448436076e-03,-3.650124330363573033e-02,4.087623440161432774e-03
-7.901200858029006069e-03,1.228610031682898611e-02,-3.477293912907960388e-03,3.530925400536877312e-02,1.461825011562378068e-02,-4.941348262824912796e-02,-1.421627038635449401e-03
-8.357656246104076120e-03,-5.496816867505266262e-03,-1.635997751807167014e-02,4.403088638734978244e-02,2.731365056502171526e-02,-3.783790047101567161e-02,-3.292185849674676094e-03
-2.999589582744514957e-03,1.999434250503941395e-03,1.042907373178690415e-02,-8.787403174309392495e-03,2.063790642390387134e-02,-3.721098177350582598e-02,1.593156012436505384e-02
1.552149162444625696e-02,1.194720588853049117e-02,1.397090235568821011e-02,-2.800333383062614950e-02,2.399044190712196559e-02,-3.602924401904526730e-02,-1.397463926115605475e-03
-1.165111272138113531e-02,-7.568002592356752080e-04,-1.001647363357651387e-02,3.481211192170567681e-02,-1.570868170474223890e-02,7.336539089852738525e-03,-4.015582692622814316e-03
-8.779383632628657771e-03,-1.624234683655674180e-03,6.333118413680756745e-03,-1.983519607021729664e-02,1.145702890800393524e-02,-2.762312178492697026e-04,1.272489828266626030e-02
-9.955365539143917752e-03,6.650001720153742198e-03,-1.079780712122243441e-02,-1.850749102511544189e-02,-9.384535921265983044e-03,1.910883599727621063e-02,2.288636188931797780e-02
1.701333709577322649e-03,-2.625514187601524826e-03,-1.513801259520978007e-02,-1.125491568994522150e-02,9.543443213488822519e-03,3.769263190118569973e-02,-1.991896635149535341e-02
2.028257873157764124e-02,-6.808223524026000076e-03,-2.851444017319472446e-02,-1.211784542181179938e-02,-4.258040044897384684e-03,3.976112698327569084e-02,-8.345156550923261279e-03
-8.326488333292986904e-03,-1.540027813481716903e-03,-1.078019752956618435e-02,6.199313407594149970e-03,-2.114965019501186330e-02,9.029404483613752766e-03,2.656764598014484807e-02
1.431486939831970971e-02,8.191143092100907101e-04,-1.557597813372614375e-02,-3.002029629530401228e-02,-1.182132379403974618e-03,1.132116122772407196e-02,2.032326187318038782e-02
3.722425110129407889e-03,3.169157695026264651e-04,-8.512674358150947723e-03,-1.751245872884216528e-02,-1.966224471521186082e-02,4.172251100539137864e-02,-7.447408281850882456e-05
-1.606834503521879266e-03,1.733815667397464863e-03,-8.232109345908258241e-03,-1.660849862653120818e-02,-1.544760143943315830e-02,3.090712496605092785e-02,9.254103281946136211e-03
2.985270320152666468e-03,4.363086732168725349e-03,-7.309020754251593531e-04,2.519519263335999459e-02,1.893789419475112954e-03,-2.644640490686432990e-02,-7.260032122867101506e-03
5.840019732139995444e-03,6.531260513434677473e-04,-3.185557273618648999e-04,2.303022083686308286e-02,3.531896978612798950e-04,-3.905129323993750817e-02,9.493292649091523983e-03
3.537732110080859822e-03,6.203258639783367032e-04,4.090742461079470036e-04,5.892924810342303581e-03,1.164068655050221231e-02,-1.722787032497965012e-02,-4.872873256032004413e-03
2.260508757880317959e-04,1.690214651697982630e-04,-1.531831671111511190e-03,6.139020136109900501e-03,9.966447205271008331e-03,1.057523622947295194e-03,-1.602623163417451341e-02
4.428695474338825992e-04,4.897124955823827517e-04,-2.005246366343264777e-03,-2.289929338126643014e-03,1.142875325790302862e-02,-1.342852113236882479e-02,5.362361535919448960e-03
8.101166280616311794e-04,3.794107046460011090e-04,2.399640256875111653e-03,-6.358694948395965732e-03,-1.457992397680912822e-02,5.380041571000410486e-03,1.196940976462197714e-02
3.291330976971523509e-03,1.637125761344734127e-03,2.767755682234883385e-03,3.655523930600791237e-03,-1.169263881078645706e-02,1.015358850738208758e-02,-9.812686047747560397e-03
5.123286832883441368e-04,1.774853930454646338e-03,8.862395546370769716e-04,1.341866620858210048e-02,-8.585931598695297970e-03,1.344383846395520070e-03,-9.350540624662407804e-03
-3.209427985305940943e-03,1.538828369149555005e-03,2.585922285514411639e-03,-6.483527470719356936e-03,-2.773280935474874576e-03,-2.990551357994945033e-03,1.133203709483114434e-02
-7.372993005998045371e-03,-1.355243955725419711e-03,-1.362773423186403520e-03,-1.758863095184916986e-02,-3.325032381289280432e-03,3.813239990284273545e-02,-7.127726184794422847e-03
-1.253411476894152402e-02,-3.191864590212473932e-03,-9.251580613492311339e-03,1.263268249127631922e-02,1.072081284605232339e-02,2.130598301469420128e-02,-1.968191837937655064e-02
-6.131343565286043705e-03,-2.555012582966755767e-03,-3.539010663745286746e-05,7.578270264821225510e-03,5.122185869672972978e-03,-2.750331755549807137e-03,-1.228378124054179494e-03
2.063069210844385368e-02,2.714293094382561663e-03,5.703263085956762624e-03,-9.265116986613404146e-03,7.869311829977868045e-03,-2.905580527635073795e-02,1.403362144203075708e-03
7.531387917247438224e-03,-5.166863338744252972e-03,2.529546579826233172e-03,-1.164366989523353546e-02,7.163896695903640595e-03,-7.549750376611847648e-03,7.135452417612315849e-03
-1.791861493780746648e-02,-2.610346732571675998e-03,1.318734769184620043e-02,4.874693890234161817e-03,-2.747231943624314689e-03,1.458124956277716960e-02,-9.367097530854054735e-03
1.683116187753637069e-02,-3.719824790128664366e-03,-4.440624545953658804e-03,-1.101684504110706127e-02,-1.191298887391077470e-02,2.809373892998547062e-02,-1.383461755642171817e-02
1.196433575879874041e-02,8.392593903219247933e-03,4.481716462703614311e-03,-5.006440255637136655e-02,-2.286473116499063672e-03,2.100261254306499004e-03,2.541196829384236716e-02
-2.247440644082789735e-02,3.815946857989424481e-04,1.018891501438454715e-02,7.252415503002837202e-03,-1.868125907461438279e-02,7.361717901435512650e-04,2.259656852211253814e-02
4.799565196074029837e-03,-2.042954665444906680e-03,1.035452643261393010e-02,-7.383849928014401057e-03,-7.098134530178730646e-03,1.697597181481718190e-02,-1.560512431986709435e-02
-1.305489627246146471e-02,3.263331217288708468e-04,1.040290576586076418e-02,-2.878253555195863997e-02,2.133881899036545876e-02,1.993173563447896493e-02,-1.016236168801397909e-02
-2.260788283628746217e-02,7.826411728774722992e-03,2.043685452002477494e-03,-1.177764833064603479e-02,1.512812280862504445e-02,-3.545785057686798563e-03,1.293309623521798901e-02
-2.449901627779843896e-02,3.484702500364028534e-03,8.079717910463168548e-03,2.542353243892273365e-02,-2.931065041638240484e-02,6.242410534360076473e-03,1.057930331007084918e-02
-9.605029368779785526e-03,4.914657315112093763e-03,2.154857223390922553e-03,2.472585184946476944e-02,1.818101463748164962e-02,-5.061625026314354320e-02,1.024489860647383871e-02
1.407242054279424052e-02,8.400717293175341679e-04,-5.693564856159147834e-03,-1.219666345091858367e-02,1.043651839648628184e-02,-3.414520155536425461e-02,2.668641919384396807e-02
3.790249306556188729e-03,-8.117527719922173340e-03,7.694855181211557706e-04,3.891761325948657479e-03,7.494531486534488501e-03,4.055195954660391691e-03,-1.188369587189871089e-02
4.335213232560149177e-03,-1.381120746648763914e-02,6.055871128692022314e-03,1.825301930470029851e-02,-7.971490551099327110e-03,4.887292134898106252e-03,-1.174869778326361434e-02
5.071399625982022166e-03,-1.468236179250704578e-02,8.277608896483334283e-03,5.388433437860371683e-02,-3.237422614062227672e-02,-1.720056510434311153e-02,-2.976189863596563796e-03
1.547025558798781342e-02,-1.051874840230364837e-02,9.145996867599882549e-03,1.990918337977450742e-02,-9.521755872262600492e-03,-2.836596616251199632e-02,3.881034601716085164e-03
1.988297555118419963e-02,-6.087613675633543435e-03,5.241725928020381925e-03,-2.088244195291777405e-02,-1.889985680933425893e-02,8.882091447298718842e-03,1.186311951138236884e-02
1.170783128956849259e-02,-1.829384375509906374e-02,-8.353676858848085298e-04,-7.804536509293425080e-03,-1.303125753574867034e-02,2.488476264759470827e-02,3.372411548862810741e-03
1.395813631785093427e-02,-9.845728892277165120e-03,-9.870706847869779518e-03,-7.374670103031829432e-03,-1.557958684954324248e-02,3.178610837618904561e-02,-3.073552001317991517e-03
-2.273174200765471723e-03,-3.127463126455053925e-03,-1.862830467333663085e-03,1.524591119608358254e-02,-3.553089916377648316e-02,2.730889032663571733e-02,2.395654356115444633e-04
-9.230322620120441982e-03,2.036371837447678839e-03,1.346863163224884530e-02,2.167473139362138118e-02,-4.493462976609057663e-02,1.642802320141647718e-02,5.571943214765712801e-04
-2.035999994726761173e-02,-3.080323307786247706e-03,2.406016906379414289e-02,1.484196904568124524e-02,-2.924232924873880132e-02,3.842356636986375869e-03,9.938157757330909337e-03
-1.313507685606638952e-03,-1.532606464196325027e-02,1.501256864129944107e-02,2.805232379113011768e-03,-2.035145800659153917e-02,1.554423098296373214e-02,3.628998330785173157e-03
3.006186789353103381e-03,1.372811179629595309e-03,7.636266712380132375e-03,3.670355066763942935e-04,-5.407447125171080220e-03,3.883963946072429858e-04,-7.363249457475387096e-03
7.021706305672047524e-03,-8.108057050751885445e-03,1.127905675197837278e-02,-3.096568903548997838e-03,-3.127315354849978697e-03,-1.354748594268802460e-02,9.578664194188457603e-03
2.188380129570422286e-03,-1.078231965682263649e-02,1.549202429317803748e-02,2.595692280677946301e-02,1.989290888113250805e-02,-5.128830349892526258e-02,-1.459612954912672912e-03
1.693335662012404250e-02,-7.571834714484102901e-04,-1.210780934553271244e-02,8.434807772018654629e-03,1.799117076563715167e-02,-2.495357328086813750e-02,-5.540769059930551049e-03
2.008499766308933024e-02,-5.870314494766488370e-04,5.575701633524437519e-03,-6.660181693464707620e-02,1.711977406058745252e-02,2.940061253125959145e-02,-4.992237504337253447e-03
3.034042319834597684e-02,-1.218772491720743895e-02,-2.374720244441943986e-03,-3.103725820859558684e-02,2.604587934535200142e-02,1.599875135731842384e-03,-1.238647430918483026e-02
9.373097318454466295e-03,-1.308950550966934447e-02,-1.156049558527936713e-03,-3.687831655687151197e-04,-1.166287091734737004e-03,3.397706780853039250e-04,6.067757328960979996e-03
2.463090192671717540e-02,-1.559831738166427180e-02,3.649276982247916159e-03,-4.821456300770778081e-03,-7.772798479992443612e-04,-1.973971884831768548e-04,-6.885728190047577316e-03
2.462280893281690308e-02,-1.304091702497791119e-02,9.292346166186309445e-03,5.410557858946084264e-03,-2.054035170161414361e-02,1.047788356683491615e-02,-1.622232779819208701e-02
1.072478138531253455e-02,-5.468451264929071777e-03,-1.159503176933460384e-03,1.893005581153753628e-02,-3.029819228313704316e-02,1.227662762244722573e-02,-5.005318094297676358e-03
2.775367115966632502e-03,1.275940338211626474e-02,-1.229391519962834975e-03,1.381843478247605887e-02,-4.163349148662730953e-02,2.405911763303319670e-02,-1.054943990700197599e-02
-1.308275972374475273e-02,1.506755957044422778e-02,-2.004593421525573474e-02,3.725969439074598016e-02,-1.810701253275080053e-02,-6.923070417362192685e-04,-3.992404477027376004e-04
-1.122383559958969879e-02,8.268166749614594760e-03,-6.632111275698299689e-03,2.957446816044361632e-02,-1.320886788421760279e-02,-1.799333107971869128e-02,1.121551092916603029e-02
3.364958082042839027e-02,2.494708932331391252e-02,-2.093255842923518947e-02,-4.099394865810114530e-02,8.753032317055882416e-03,-1.056076837333815022e-02,5.137572999876293713e-03
1.079130776625258047e-02,1.274356963658870336e-02,-6.859692458144165533e-03,2.440729077801673599e-02,-4.251985989424781481e-03,-3.735369681687619736e-02,5.232070835871921064e-04
4.230973254104136022e-03,6.970506293524841163e-03,-1.746599564911898448e-03,2.620654922432168882e-02,8.125704822967205754e-03,-2.883041428446157448e-02,-1.495671974554449273e-02
-1.359607461465721367e-02,9.436778896560629390e-03,9.941107552066308709e-03,3.132851168596853531e-02,-1.241674292318953668e-02,-1.613010556715505084e-02,-8.563475029593616700e-03
-2.643676090849412380e-02,-9.402012741007059055e-03,1.215388685922435576e-02,4.461434723255040119e-02,4.779539049606785009e-03,-8.329547535398783981e-03,-1.737945195648153696e-02
-1.039696933091097640e-02,-2.310527161133502094e-03,8.388456380212166302e-03,2.325132180107709196e-02,1.980796740970895697e-02,-2.449099676465097894e-02,-1.424925233430277341e-02
2.273631010269726999e-02,1.009927459932690244e-02,1.859687940992441404e-02,-6.677497889158452715e-02,1.360797257872408024e-02,-4.132195646506795980e-03,5.866737847418791729e-03
-8.194841939477498852e-03,1.182232139060359483e-02,-3.594703121655028373e-03,2.150845439503330792e-02,6.648916976607827101e-03,-3.215506389966521494e-02,3.964916198552971560e-03
-1.446725712209812574e-02,-7.536851361754146397e-03,5.963541544759999417e-03,3.177862858708902644e-02,-2.205325954857613110e-02,-7.587271380553112059e-03,1.390246928113245822e-02
-7.668623703023832137e-03,9.638723766450005975e-03,-2.082233406195082084e-02,-3.192524640326870489e-03,5.816424063944432808e-03,5.022833341749633786e-03,1.120550123315746695e-02
7.761999655772904190e-03,1.040775003689399123e-03,-6.136780712812400784e-03,-2.615493680622067024e-02,-9.027065611408920803e-04,3.514093484894557223e-02,-1.074928542823380510e-02
9.918944656425761688e-03,-4.126013923965789719e-03,-2.457036798986264592e-02,1.521599957744097266e-02,1.147658751447817350e-02,5.923836942181186400e-03,-1.383898677669759790e-02
-6.609618788691620957e-03,-3.588772075114796383e-03,-1.466660495700063994e-02,-7.163866649998093181e-03,-1.997704390936937136e-02,3.051690250649056677e-02,2.148900387368387482e-02
1.057570920993795155e-02,1.519780434515992503e-03,-1.462305313672363286e-02,-3.031747882831151153e-02,-3.028979078487871804e-03,-1.630674171287341007e-03,3.750469557035640555e-02
6.977833453265291745e-03,8.501582438394509646e-04,-9.515983602748879014e-03,-5.262747721870817373e-03,-1.508412113426210906e-02,2.067109132343155839e-02,1.363769438345542075e-03
-2.513299487731557487e-03,3.970030406094146418e-04,-7.988060608081845246e-03,2.402941750919311125e-03,-3.575778645419044194e-02,5.114472225134120836e-02,-7.685520492866047826e-03
1.797347628231323003e-03,5.882910632322786021e-03,-1.402041217756054428e-03,-7.223688110047626204e-03,6.241459309474357148e-03,-1.966196808700602580e-02,1.436597984478125284e-02
5.706060452833758984e-03,7.997410349192834739e-04,-3.928920492357037761e-04,9.472021845143847874e-03,1.249450930206166648e-02,-1.188700378430143992e-02,-1.619243680142142677e-02
3.415992173197210553e-03,-2.890830138704869362e-04,-1.871332600235268246e-03,3.280439432028781684e-03,9.382618042927955149e-03,-1.420875569613326908e-02,2.901216620850393638e-04
1.706587180180942293e-03,7.190869428066132361e-04,-2.605188525505451364e-04,5.198772774109515146e-03,7.142508604354494070e-03,6.119273736930001123e-03,-2.062571038583103575e-02
2.700340460291617613e-04,4.773429717492310071e-04,-2.307161637543867373e-03,5.676830602133346552e-03,7.790050953623508037e-03,-8.037360981478603589e-03,-3.869735954512806917e-03
1.337801828931229437e-03,1.937859350836361808e-03,3.795071575831756965e-03,-3.989487080142578232e-03,-1.431172129627161435e-02,-1.980210724452714441e-03,1.321068634526752737e-02
3.393979732250545882e-03,1.388530081295299284e-03,2.861486497393274028e-03,1.379730386998705843e-02,-7.699451476567957357e-03,-2.885680932181829399e-03,-1.085616777217638176e-02
8.208994450861650154e-04,1.813110686745891213e-03,1.995350383889399097e-06,1.826848090485350823e-02,-1.392241152899944753e-02,-2.573099783403736546e-03,-4.408975074666253088e-03
-3.418816209827456928e-03,1.206065255997038977e-03,1.237006232029805655e-03,2.959949367009984762e-05,-1.049467931644407995e-03,-6.547498691895581313e-03,8.543111851670474530e-03
-6.989879714860546683e-03,-2.322091074224344204e-03,-4.498716124928376497e-03,-9.790739502644866393e-03,-8.600768985537744467e-04,2.318919741363803869e-02,1.272305901573884176e-03
-1.293232605153383022e-02,-3.815981341248679895e-03,-1.016642501752709066e-02,1.187021314467420763e-02,4.120174978258662329e-03,2.797297651268498137e-02,-1.704863222530830086e-02
-4.827847604388321202e-03,-1.061298275709886144e-03,7.214530700011770152e-03,-5.540574122760730767e-03,7.605227505244452173e-03,-1.786666333654031175e-03,-1.603371868743209668e-03
2.275703825170876174e-02,7.244231291959842001e-03,8.505102737503818927e-03,-4.133948762584473136e-02,1.337146892993782907e-02,-4.921611875589592365e-03,-5.616741709675976586e-03
-4.114959764259791368e-03,-5.463387110440565651e-03,-2.291888575855342749e-03,6.358926385334232392e-03,5.410737114459575163e-03,-7.293611075210849025e-03,7.394183025972731263e-03
-1.560022668270212272e-03,-1.077425403582666502e-02,2.661747005891329509e-02,1.533017676328473321e-02,-1.500964424522758731e-02,1.024346079810533081e-04,-1.470616048085455173e-02
9.295030982997151692e-03,3.576970208872930733e-03,-8.176589386321290662e-03,-2.143730550468705975e-02,-1.861718613731833463e-02,3.497344047994633415e-02,3.856393565102318841e-04
4.016238305036895148e-03,8.404185733746991765e-03,-1.159469777113906639e-03,-1.731863729770120874e-02,-1.024790830318594165e-02,-6.985847286761287349e-03,2.329143862597841258e-02
-4.331185858489733712e-03,-5.410822167976880696e-03,8.521131868499311895e-03,-8.822598290355325792e-03,-3.801359871359529050e-03,3.579607815114310958e-03,1.026522650456784466e-02
1.364331345695227182e-02,-5.404736684498623843e-03,6.519647148392345229e-03,3.577847301575447225e-03,-1.832389340224050778e-03,6.804401035611210881e-03,-2.330808291780865973e-02
-3.054244604338421983e-03,-4.493717761732732817e-03,1.825769666873305365e-03,-2.774289837742539150e-02,-2.016567891208669375e-02,5.329195956620009361e-02,3.388104225097845275e-04
-3.513915418620059457e-03,1.736267855366143038e-03,-5.844276104582630561e-03,-7.849014110460494562e-03,-1.957364787180614866e-04,3.766033772188837839e-03,1.190064048482624565e-02
-8.151018836837399181e-03,-1.055531672291155215e-02,2.453012717078705083e-03,1.713083284100082315e-02,-2.086971108847221826e-02,-1.598451439153522960e-02,3.597671548167684363e-02
-6.219379223602470447e-03,-1.541029448696963969e-02,-2.854457932623938494e-03,5.079168671143659969e-02,-3.345169904707816222e-02,4.159055326744399810e-03,2.985088652093222626e-03
3.067921478381567535e-02,-5.767128548563062000e-03,-2.194094891856990248e-02,-5.809461183626790995e-03,3.368799389771353226e-03,-1.707251319876929713e-02,1.654203767594195768e-02
1.390567734832703732e-02,2.330293297132648555e-03,-1.499977440185124890e-02,8.986435225053525377e-03,3.960787468294343222e-02,-7.685295364728778403e-03,-4.214521078687648997e-02
5.047271143304755958e-03,-6.607615707184565090e-03,-1.328183937850428915e-04,1.157678982246342081e-02,1.619591334997424331e-02,1.336463900047936935e-02,-3.944417921525201348e-02
6.891023720785835124e-03,-5.525271092389620262e-03,9.677055267386335674e-03,3.209252052165060404e-02,6.437335575703644237e-03,-3.508010133893362664e-02,-1.449256265420316957e-02
7.386607531321151034e-03,-1.086424677217801699e-02,1.988996354546601966e-02,2.075068357712818445e-02,-7.915691584498885797e-03,-1.869595523030509812e-02,-1.055136106693331695e-02
2.457947867933333447e-02,-9.035120692410476828e-03,6.496336693069836889e-03,-1.624729713877908974e-02,8.982214549131046274e-04,-4.259249750483111961e-03,-2.432369245643559511e-03
1.701065677540325796e-02,-1.193188023535162075e-02,2.785349955916872466e-03,-2.395309171223181099e-02,2.194635213075253957e-03,6.380075618472643567e-03,7.514254384715418969e-03
1.887470331206888771e-02,-1.555229044332397809e-02,-2.677888247183318315e-03,2.882293337325573385e-02,-1.774501702518364865e-02,-6.944854008518594989e-03,-4.777586961115087155e-03
5.128191758821136828e-03,-3.807505737913286122e-03,4.364013493113956706e-04,2.470821902365890124e-02,-3.922981029350110227e-02,1.496471701234230317e-02,-2.200213112719276529e-03
1.443104786090463948e-03,-7.912054055381584697e-03,1.019233518539370068e-02,2.322016629699709053e-02,-3.438371222129907312e-02,2.694130253420343526e-02,-1.950114252600409007e-02
-2.278605559700522601e-02,-1.021680192455929302e-02,2.447301845612968527e-02,5.797916576086935975e-02,-3.721280500720280243e-02,-2.357731743417206677e-02,1.134079574594043689e-02
2.109335879183343583e-04,-1.605408309743321105e-02,8.815702037940824007e-03,1.351705332388747176e-02,-2.473087175592883491e-02,7.572723322685518017e-03,1.066854258092998081e-02
9.074489933499893524e-03,2.740395658867309740e-03,-2.371887261011577843e-03,8.454334793920484023e-03,-8.962846383106596801e-03,-3.940357930626565627e-03,-4.994128811542940943e-03
8.392494511480956890e-03,1.071635943165693064e-02,6.430926293156129583e-03,-2.550038497713042265e-02,1.086545017839695391e-02,-2.367363464818847060e-02,1.276878921062783202e-02
7.358006518663290320e-04,2.925871989283341471e-03,6.797731438496433173e-03,-1.213172956193826584e-02,3.968714566812243244e-02,-3.394247579136142057e-02,-4.072344394468992504e-03
5.564761807909184531e-03,-1.367851005847844784e-03,-1.252989455054293044e-02,2.549480778584607699e-02,2.312603890939414486e-02,-2.304315725460835337e-02,-1.724470569215028753e-02
1.757590710087742966e-02,-6.742045598299699176e-03,-3.989199310086261920e-03,9.129771509223404830e-03,7.298738476447296473e-03,-1.933969515048613447e-02,-3.933477027676081372e-03
1.941036218068653910e-02,-8.037405586766618870e-03,6.739196906444220279e-03,-3.724563291918894792e-02,4.765943550696263159e-02,-2.110161452941018354e-02,-7.424341558727670133e-03
1.415953925548474324e-02,-4.320907772028752258e-03,2.336461256710240051e-03,2.283026450018754532e-03,-3.633753548635998594e-03,-1.843325954128820568e-02,7.608893899739272923e-03
6.901389274022594507e-03,-9.270522212595198180e-03,3.841528971408181194e-03,5.656926720179560747e-02,-3.428543007948060134e-02,-1.840357225040551575e-02,-5.352660904745088280e-03
2.315647706296122127e-02,-7.514924887190264045e-03,1.855774642172961994e-02,-1.512812830519334392e-02,-2.145723018516114411e-02,-5.668236187053022485e-03,8.054296079906974118e-03
2.903756710881217826e-02,-2.085969835618670359e-04,1.584939714510803441e-02,-1.165652852210647024e-02,-3.639729999524134174e-02,-3.971733607429954287e-03,7.347194854419420232e-03
1.130282695927900712e-02,2.214333025234330524e-02,-9.100166362823429098e-03,-2.774553090525965632e-02,-1.651818095101666856e-02,3.030652150244333293e-02,-1.038880049496597111e-02
9.380239876549472181e-03,7.694885005727638248e-04,-1.951768131002064657e-02,2.617695356438594009e-02,-1.400361399534778319e-02,-1.197261580065524592e-02,9.167229164515490469e-03
1.316246210489475585e-02,1.932523962020463301e-03,-1.305662764112620368e-02,1.656179183619550452e-02,-4.038462021920891576e-04,-1.419587960012981022e-02,-4.000424459662640236e-03
1.757365860760735921e-02,1.375427316688474302e-02,-9.694859719994210201e-03,-2.168351676886798307e-02,1.833846778891267196e-02,-1.788701537556605659e-02,-4.010076989764423095e-04
1.663583122695554833e-02,1.573192992085273648e-02,-3.102227484631960366e-03,7.932855190701634113e-03,-6.557566985789508099e-03,-2.607161411551825805e-02,-4.569207752570164649e-03
-5.016650745944036677e-03,4.955411056390494548e-03,6.055532222450347828e-03,2.677551313883086773e-02,-1.648137998188816365e-03,-1.216407287463222922e-02,-1.895759479890650814e-02
-2.856711159255354709e-02,8.100217090903768721e-03,2.458355142954855507e-02,3.559210382476944712e-02,-3.200772732992377030e-03,-2.221324603912876172e-02,-1.429474198054707726e-02
-2.387964985317690692e-02,-7.208713274532633011e-03,2.486850656652651176e-02,1.915732395644222791e-02,2.008524147479126207e-02,-2.259262671124528509e-03,-3.076344619892586868e-02
6.012161412822689902e-04,-2.744392159223026269e-03,1.321277676450898116e-02,1.744176931390259075e-02,3.033768039543653997e-02,-2.339107397180269221e-02,-3.545797648410468905e-02
1.273187431779105802e-02,8.975962304015450491e-03,1.104310402069847222e-02,-5.175793023982298846e-02,1.350440796873979450e-02,-9.960825389440756961e-04,6.498664167522297599e-03
3.378886827931353899e-03,1.020244773263583905e-02,8.244177484841554160e-03,-1.859018943238537405e-02,-1.271156726636497696e-02,7.177694044961388867e-03,2.298550608380251024e-03
-1.072237587435866633e-02,-6.911065450928966132e-03,1.843017571583338782e-03,1.715603573225955858e-02,1.256160262993137079e-02,-2.490330425845672588e-02,1.097608964997004964e-02
-1.501642736381430046e-02,1.239548982009675351e-02,-1.030382208802152998e-02,1.211152837807891181e-02,-1.942180874131120907e-02,-3.547014112835933982e-03,2.378205410780735718e-02
7.561988578201200850e-03,1.907908758710449328e-03,-6.803461125996518137e-03,-1.865097644596181575e-02,-1.160226792256954147e-03,2.616347361356042775e-02,-9.018706586256808322e-03
1.466543416367666573e-02,-2.486867410981240603e-03,-1.603255887970219534e-02,4.654463146824034878e-03,1.090001069933834582e-02,-2.041623233114209582e-03,-9.658858486041399169e-03
1.672376764205612794e-03,-7.130028724209299361e-03,-1.829395801261374938e-02,3.895452198456300641e-03,-2.514046870820198926e-02,3.561237006567723878e-02,9.384256416685707314e-03
6.884277834315240003e-04,-8.562752368177727318e-04,-1.552343834733416889e-02,4.503969970549049360e-04,-7.078366840920863323e-03,-3.162973027152157605e-03,2.548222867173850423e-02
1.051649963350743261e-02,2.076275810610994383e-03,-1.071801913402489585e-02,-1.207682052325189173e-02,-1.619891368106473120e-02,2.316409164599644854e-02,3.236886248226652791e-03
9.005491905504671695e-04,2.332351654215753054e-03,-4.551137254515687409e-03,1.301117416387914325e-02,-2.965045246978183224e-02,3.553323422488965239e-02,-1.757571950923760007e-02
2.264267723740293228e-06,3.576237545332582816e-03,-4.243521500400224827e-03,-2.497232966371083079e-02,3.298879363342141751e-03,1.473119421679605981e-02,7.607275770916492250e-03
6.221019086594296345e-03,2.531769943427212340e-03,-5.677310599991354642e-04,1.739526372197831156e-02,2.139129458774856329e-02,-1.857584118712635873e-02,-2.839577509262290050e-02
5.843136681707452283e-03,1.070762384740565421e-03,-4.838694792529253750e-04,-5.381286873032497739e-03,8.185362013007910567e-03,-1.780344401295945456e-02,8.569339285788906899e-03
1.769466965312069349e-03,7.570366222502325623e-04,-2.479463387507551967e-05,4.842819894663757084e-03,1.125921851338914162e-02,2.806266199004083146e-03,-2.141001356074417883e-02
4.553042811226210213e-04,-1.575867060450958747e-04,-2.721611232852888529e-03,1.073116125646544038e-02,1.239860909226143558e-03,-3.879305388015457864e-03,-5.667823119900766184e-03
5.259261309425936200e-05,-1.547391846849772556e-04,5.818173697554891288e-04,1.532186068701662249e-03,-1.413065577591302545e-02,-3.005925760507901449e-03,1.512472466955448562e-02
3.968974821624837723e-03,1.499085763154703321e-03,4.501313923451529496e-03,1.167852643777453521e-02,-5.420524776560492475e-03,-6.685283659001070924e-03,-9.542092510444017198e-03
1.206187012943383185e-03,2.482042845946286821e-03,1.574779397392705549e-04,8.367661122295663376e-03,-1.930915299156536410e-02,1.462782683227070984e-03,5.633001387413691732e-03
-4.215961329869128381e-03,8.167307665565412197e-04,6.760476342990027945e-04,-5.174263955309274304e-05,-1.373318910863686451e-03,-6.543313644789769141e-04,4.802575843909338144e-03
-6.010142524281138904e-03,-2.701720147001703248e-03,-5.398540406103348281e-03,-2.597787262489920698e-03,6.011110332091942551e-03,1.081180801702123252e-02,-1.147280092370280431e-04
-1.366808103870225700e-02,-3.973752857332012341e-03,-8.512583967056182310e-03,1.912522147480321191e-02,3.285456680798241750e-04,2.781223343810996021e-02,-2.111158271790257793e-02
-3.237927866011883985e-03,-2.729101833695952387e-03,1.097858585574146111e-02,-1.554376884040816614e-02,1.122711704539093927e-02,1.040249174523153342e-03,-1.735153535539566165e-03
3.099569029181810723e-02,4.379109502476595008e-03,-4.521396697081824997e-03,-2.357654301691818055e-02,1.640841420052798968e-02,-2.473786849673525676e-02,1.052594215912566050e-03
-2.137192690889305399e-02,1.598749399782224093e-04,-7.785720844153275373e-03,3.535721352415833324e-02,-1.128719713767712069e-03,1.033673971243607645e-02,-1.556746070975863552e-02
7.690940259366231026e-03,-1.899277137935723864e-02,1.993517701722546248e-02,1.897422017085211715e-02,-2.060629833554925364e-02,-1.079616647254301844e-03,-5.921651085283075738e-03
1.699753165870057647e-02,3.470256564055018093e-03,-5.504205092017972097e-03,-2.838376989367827341e-02,-2.077939735863183063e-02,2.100560284556832191e-02,1.319398127600415575e-02
5.147820076610878232e-03,4.979852714185717399e-03,-7.304071487941515839e-03,-6.792753546588328100e-04,-5.715552499599792571e-03,-1.684534959482261382e-02,2.041657614622614456e-02
1.228251049251016108e-02,-4.772948016608775067e-03,3.776647968045444750e-03,-2.959522008272073845e-02,1.205309373426683914e-02,-1.116696186431091406e-02,1.742287776881798825e-02
1.018963405721088830e-02,-9.876834507409204197e-03,4.172064448262650591e-03,-1.459528218687431312e-03,8.508948632373071128e-03,5.776019691741077038e-03,-1.731030410349107887e-02
1.172527733083703755e-02,-8.726063483592571418e-03,-1.280601941469989777e-03,-3.659954676680729491e-02,-4.470990120393549504e-03,4.891799455122056162e-02,-9.566069569794090344e-03
8.881966250011280595e-03,-9.856414461769045718e-03,-1.392358478665029972e-02,-1.434543472890363429e-02,1.314920282732650464e-03,1.462641071821758551e-02,1.330213672636141979e-02
-1.924132917971301459e-03,-1.564444119267301495e-02,-1.298673532592860280e-02,9.628545480424350114e-03,-1.124037364136142546e-02,3.008069829470443740e-02,2.086439302805555632e-03
-8.618743495901800417e-03,-1.768035832517862380e-02,-3.963590650302132798e-03,9.464524342562782161e-03,3.316914287411187531e-03,8.690895284426927020e-03,8.790358556981665503e-03
3.101237069840092134e-02,-4.295298115901726929e-03,-2.654208563246040348e-02,-7.789898043627392459e-03,1.066057256682505922e-02,-4.871197629356882434e-03,1.825536156120369886e-03
1.508120676918877322e-02,6.440803757204333242e-03,-1.939792348684941936e-02,-1.019835343326003750e-02,3.038040490609986849e-02,-7.207142564957773855e-03,-1.509899594742567311e-02
1.942825010249330702e-03,7.367842987935674555e-03,-1.073574469838480851e-02,6.753439084207772669e-03,8.235548489073476683e-03,-6.314346310979908686e-03,-7.249564562101545873e-03
1.242850954995407091e-02,3.231217543802766476e-03,5.340214118666248080e-03,1.185366391818036894e-02,2.802217081034100513e-03,-2.199270703460950993e-02,-1.366311517702810743e-02
1.534024868853097780e-02,-5.149112665623679398e-03,1.637383503607254057e-02,-2.021284735956047074e-02,6.278663514567635329e-03,-8.189303221205328567e-03,-4.441483992781706212e-03
1.679725313841945802e-02,-9.843278050957365508e-03,7.725353759232884802e-03,3.693137028199146125e-03,-5.315311528946113119e-03,-9.736286976653629743e-03,-3.320867369294403133e-03
2.030051615002491372e-02,-2.595705108538543405e-03,6.410360014386414299e-03,-2.964064988298922496e-02,-5.054162853376979389e-03,-1.677983370099711373e-03,1.225762505059323215e-02
2.175172428442982350e-02,-1.612864927513973576e-02,-5.452354436512958126e-03,2.497250577971953100e-02,-3.530142792682584851e-02,-1.874800364429510691e-03,1.203300193875858279e-02
1.949379317042154378e-02,-6.781908903107921466e-03,-7.241219619110766254e-03,3.442362061902319581e-02,-3.621249199059746460e-02,-1.031382567182688101e-02,6.632032395198433385e-03
1.015954752985761406e-02,-1.116551990172552980e-02,-2.583770259767420238e-03,2.468844591629642746e-02,-2.313551799546344906e-02,2.326374001784880033e-02,-2.122692530704634387e-02
-9.650944238340253625e-03,-1.380149470859458501e-02,1.930578821175944412e-02,3.951103440189062538e-02,-2.654806135727885708e-02,2.537651299747482186e-03,-1.135397360918372067e-02
-4.475892815307738401e-03,-9.645794197087166968e-03,9.873480452507919173e-04,2.906784363791592787e-02,-2.741029050866063826e-02,1.264309876108563914e-02,-1.166312923196840233e-03
2.133026413550770384e-02,-1.930270831382625927e-03,-9.212993457968988303e-03,-2.689774867607268305e-02,-1.583674365118623029e-02,2.845017145678558138e-02,4.097321024317177734e-03
2.043605698433611367e-02,1.077825286619379583e-02,8.923207466140002739e-04,-2.622518013862660050e-02,3.382188792289069369e-03,-1.259523930600890337e-02,3.331600055202495452e-03
6.154917395626570767e-03,1.608047746570319403e-02,8.396739274828460622e-03,-2.386095303244098464e-02,1.598273936513961574e-02,-1.346498534024357860e-02,-9.288935128613225872e-03
9.019846918269970246e-03,4.031526551192599062e-03,-1.433936934346756020e-03,7.924999544333892476e-03,-2.441467302648094723e-02,1.725247008956819553e-02,-1.238023314253696577e-02
5.916194963140252068e-03,-1.340060003198497362e-03,-2.472361897892333578e-03,2.703361050698782284e-02,-1.289017579984356836e-02,-2.931670851121781843e-02,1.306950074202411181e-02
1.408168451466324661e-02,-6.613287751762019634e-04,1.708146523543929143e-03,2.857117632899582732e-02,-1.189033465489524287e-02,-1.724302068538953805e-02,-1.456632325174198397e-02
1.343707494426235431e-02,8.942945099806944714e-03,-1.169742217204134717e-02,4.618157273854783113e-02,-4.508233547842357969e-02,-1.106186002915015253e-02,-7.199751030018445522e-04
-2.512531506097307864e-03,1.466827648616976509e-02,6.407784343872431967e-03,2.010332652954493690e-02,-3.054877925919986456e-02,-1.628396518022972791e-02,8.165888585939726912e-03
4.830569883160615655e-03,5.557705413861171485e-03,2.775690418594922368e-02,-1.296347451565821665e-02,-2.657204125029735339e-02,2.175504409708623344e-03,-7.851681267241581190e-04
2.519721529661900564e-02,1.035158283149671156e-02,1.693075892533740801e-02,-1.479096263963037595e-02,-1.449129439452933113e-02,-1.655312328181585135e-02,-6.644176737477503446e-03
3.517554270307917536e-02,-5.753318222792203410e-03,-5.950347011771968744e-03,-1.003616473450046585e-02,1.130066853957140561e-03,-8.934424550742564239e-03,-5.631355037229133186e-03
2.356480630015704916e-02,-1.053201704524514733e-02,-1.124653008292134798e-02,1.502859391247993344e-02,1.690581365788780804e-03,-2.350097006333912164e-02,4.995535613079687444e-03
1.963704230601439477e-02,4.401935271394499886e-05,1.833056082514075225e-03,7.214437945056475544e-03,-1.455750080186198059e-02,-1.972497390560920202e-02,5.553919021172359916e-03
6.991312167027692419e-03,1.188497738916535588e-02,7.366616230446395783e-03,-1.582501770601852861e-02,5.154908925080998496e-03,-2.531619940159149373e-02,9.743402395889484355e-03
6.285327383779940394e-03,2.545073492738699969e-02,2.838447454650128328e-03,-1.124325249628525467e-02,7.969947997187169439e-03,-3.309572019497419165e-02,1.794514928255069473e-03
-2.200731877357225540e-03,1.035840573800514766e-02,8.257198528559642550e-03,-2.884699639846888264e-03,1.097736735661327886e-02,-1.985228753758695383e-02,-4.655252568387048713e-03
-4.814152510045936403e-03,3.095175706773565811e-03,1.755724412981349639e-02,2.838416678313677652e-02,-4.945232223453289652e-03,-2.706362962194517469e-02,-1.221357226427948091e-02
-2.049173586487089069e-02,-1.939694721611154781e-03,3.930285057304983010e-02,-5.574168989319560306e-04,1.582045997942279486e-02,-2.468481690448107863e-02,-7.449646162577567600e-03
-1.308227688301988323e-02,-3.850190635911129606e-03,2.523188166638704391e-02,1.496632876717896759e-03,1.836932114777546296e-02,-6.958248721575645800e-03,-2.120711945037379378e-02
-3.197380188987958630e-03,6.072691870036410824e-03,2.084739553427180161e-02,-7.901756946341010127e-03,1.776069713089356919e-02,-2.296729240613834197e-02,-1.061435499373456458e-02
1.449864915741065977e-02,9.112993798487312516e-03,1.287254635323889507e-02,-3.937177278923106871e-02,4.140173510418850879e-03,-3.535198136852258071e-03,2.282608106527610290e-03
-1.611255029497393396e-02,-7.210607599722432259e-03,8.501060397063621085e-03,2.723917231390969931e-03,1.869061666799272034e-02,3.896711626582248945e-03,-1.048914802833317804e-02
-1.739354580584319410e-02,7.917583470110558727e-03,-3.625010241302446465e-03,7.018344837652396376e-03,-1.410194770972889727e-02,4.251111459596365431e-03,1.593346398951525980e-02
3.335076250265885025e-03,1.133715236440798564e-03,-3.912541692741182409e-03,-2.516158269637949058e-02,1.460442058496329125e-02,1.755834725107481911e-02,-7.557434933624104269e-03
1.453055223203938637e-02,-4.215990609804831819e-03,-1.491691152481256985e-02,-2.653759898926423902e-02,3.036435384342267563e-02,1.781419849097834116e-02,-1.703860344255873210e-02
1.626634631687819479e-02,-9.124130552040140424e-03,-2.198378700445035791e-02,5.464775389234050214e-03,-1.080928138196712157e-02,4.045101739318894031e-03,1.614097549302635076e-02
-1.041701619361190892e-02,-2.020764744100990006e-03,-1.248848134404000748e-02,3.447814132343872406e-02,-5.512263958052258071e-03,-1.773853058777027578e-02,1.369891550413676953e-02
1.200720821362194664e-02,1.906533268650598264e-03,-1.294146720589782994e-02,-2.282679166886692271e-02,-1.277023579199825648e-02,1.624596979100847993e-02,1.837878339348205520e-02
3.333511506905279410e-03,1.675385026227752981e-03,-5.166099191800378916e-03,1.006341274084338738e-02,-1.234932942532824575e-02,6.128916134262578364e-03,-3.685796791110395806e-03
6.916347077730873160e-04,8.025542712690480508e-04,-4.321164674958318137e-03,1.069195155441220874e-02,-4.822629384165223222e-03,1.516911001741398993e-02,-1.821145649174477424e-02
5.758417133857402642e-03,3.425153338577590668e-03,-6.038693039015490416e-04,1.486971550486043681e-02,1.465815535373621650e-02,-2.659297612152052709e-02,-1.151459590560961060e-02
6.700959133327374570e-03,2.413589050443015055e-03,1.138272466648161587e-03,-1.028708369811029942e-02,6.814853716812345648e-03,-1.014829342598882848e-02,3.367702756868259668e-03
1.489828931249172509e-03,8.842367427333850446e-04,5.049071226938284815e-04,2.725093030513388737e-03,1.304142276738210447e-02,3.851635715966384549e-04,-1.903065216616848729e-02
1.109492389510674266e-03,2.074234865359602656e-04,-2.070588400388870005e-03,1.257339839100944136e-02,-4.552904479581218466e-03,-2.879629928192747358e-03,-4.387191458893229326e-03
3.434322638271703572e-04,2.662501961432114754e-04,1.357925279419289200e-03,-5.270805953793012821e-04,-1.484039969882507137e-02,2.252958715759575958e-03,1.114691383905513575e-02
3.936128866067943599e-03,1.814199514870249580e-03,4.726788474073173076e-03,6.488359124682054578e-03,-4.675079372265985786e-03,-9.116381656284434573e-03,-3.174014951143005678e-03
2.204620487717260258e-03,2.597728363687345100e-03,-1.708804999054251061e-06,6.535901236918075646e-03,-1.761229349749844977e-02,-4.191929922454315678e-03,1.046768213662912367e-02
-5.147101327806657099e-03,-6.148238417900144491e-04,-5.068026524283525446e-04,5.717388801187552397e-03,3.179258383644845403e-03,1.972931190177657727e-03,-4.600850552985031108e-03
-6.333724045167914325e-03,-3.504886967593248605e-03,-8.549574728655235864e-03,1.338525137042492416e-02,9.577043340125422979e-03,-1.957670119264867843e-03,-2.616438849869071829e-03
-1.376555125358579386e-02,-2.588586423213573486e-03,-2.406968639397980090e-03,1.194714550071711637e-02,-3.737614312668147230e-03,2.612969881752479767e-02,-1.557812368937640073e-02
-1.427558822336175929e-03,-2.709700343202971901e-03,1.090186673366851967e-02,-3.036850406637848360e-02,2.797416429688337827e-02,1.010162974702312130e-03,-5.380430773336470664e-03
2.890451855661077193e-02,3.012616282375976196e-04,-1.216250179981209073e-02,3.972567533222445021e-04,4.628486119061608027e-03,-2.692615316371632650e-02,4.857131906296377130e-03
-2.628167021365610673e-02,2.492362715755897396e-03,-7.272677226007957969e-03,3.792680093255541146e-02,-5.504349723100840017e-03,2.337698738054551709e-02,-2.473745386609189217e-02
2.976360097586604539e-04,-1.461452048819263799e-02,7.431879654726086457e-03,2.732320525614906088e-03,-1.618463015924683293e-02,6.246252488652836825e-03,1.409106196868697286e-02
8.074821805354674698e-03,2.270871942152496038e-03,2.716822632538818880e-03,-3.031522965422332738e-02,-3.021551875974181831e-02,3.958093924504117733e-02,7.887292788878090197e-03
2.419186228784288642e-03,4.297358067520598741e-03,-4.331617604340269947e-03,-4.142389339122983828e-03,-1.243138856482709290e-02,5.120373496317216604e-03,9.068477715668219266e-03
1.115062106197949217e-02,-3.337223191005304727e-03,1.570627493164795593e-02,1.807025571272219758e-02,-7.925704021986198014e-03,-3.699471160173806866e-02,3.330487108379881489e-03
1.486032115500606626e-02,-1.271703030916436841e-02,9.143811673740778398e-03,-2.163402786177513054e-02,1.766892239058906466e-02,3.239815349166131828e-03,-1.056181239756246761e-02
4.784556397018514123e-03,-7.993623831797046220e-03,-1.197599115049031646e-03,-1.194375168022987141e-03,-3.663869741101971936e-04,3.328655063085259481e-03,2.638773628875478242e-03
8.703813858469281253e-03,-9.365026029503000990e-03,-1.236375325320652682e-02,6.926526042982436744e-03,1.384734785549310808e-02,-3.053897952753303544e-02,2.279007105329776753e-02
-3.985877210620993386e-03,-7.450811943449758314e-03,-1.598312226367979219e-02,8.883214688480937796e-04,1.488217015859650584e-02,8.698391205398508727e-03,2.950928584907456034e-03
4.313545178718628664e-03,-4.344585593190903282e-03,7.897670605203822468e-04,-1.011037476725812172e-02,1.471596703311476087e-02,2.183137412223296655e-03,-7.547456324128036173e-03
2.949595452907471244e-02,-4.606845744885440692e-03,-1.803267949150968996e-02,-3.026771865426662990e-04,1.711399006435012499e-02,-5.798671889258017083e-03,-1.786907028122898880e-02
1.826475234207650122e-02,-4.970477924020084461e-03,-1.587486082776685264e-02,3.166060966622588017e-03,2.003916167133278081e-02,-1.985064939382821456e-03,-1.863957128886199396e-02
-1.817710187376840982e-03,1.130468517843221873e-02,-1.513523209153031131e-02,3.130866883861932459e-02,1.187713850974205648e-02,-1.198623952383466237e-02,-2.555131072405177409e-02
4.941888149391925229e-03,4.087958242015176172e-03,-8.425403256841147021e-03,-2.470534141519296206e-03,1.365672334000971912e-02,-7.399391442565317681e-03,-4.391240890491058743e-03
2.115201900562728790e-02,-6.869350006181818707e-03,6.152897090868274764e-03,-2.199398324954463923e-03,1.085274951733898249e-02,1.719059331896970189e-03,-3.080797661459521927e-02
7.658256890101648208e-03,-6.366811613858997486e-03,1.308959842755143439e-02,-1.531007700692118764e-02,4.040697548265482705e-03,1.137153770525229464e-03,-4.248818015663660165e-03
6.246277303843821363e-03,3.630620800192403425e-03,8.432688956320422841e-03,-2.399152773224824328e-02,-1.406521505730225392e-02,5.430067673271229793e-03,1.431708805592267139e-02
8.141042490249600057e-04,-7.060403016737499225e-03,-2.807554943800106076e-03,4.135438392085136194e-02,-1.399085364999663565e-02,-1.856829321915516931e-02,2.586166598130707492e-04
6.433441947516646553e-03,-6.783280018433696448e-03,-5.975851936470702973e-03,1.069385561119288314e-02,-3.046104000662567049e-02,2.393848950514223042e-02,2.154384897678314568e-03
2.776073945423942341e-02,-1.777316676003926066e-02,-1.370380028947773034e-02,4.363346854119288035e-03,-4.135464514492216345e-03,2.118475127071580907e-02,-1.769640601506534613e-02
-1.719560392562687621e-03,-1.913718721847115778e-02,-6.274628960642564604e-03,8.448806685331412825e-03,-1.781707367770499553e-02,4.544718118994859474e-02,-8.947537625898449587e-03
-2.173980832175676512e-04,-6.550649854275540467e-03,-1.239643472677414045e-02,3.071562484281894698e-02,-3.197454886347221581e-02,2.074427994741923423e-02,-3.208732624987238775e-04
2.474669544327844171e-03,5.204617389480277814e-03,-8.522006553492240261e-03,-1.126671591315573512e-02,-1.247742467853452109e-02,2.771686867357467388e-02,-3.130008462200330188e-03
1.362409510712284631e-02,1.455507795168489021e-02,-1.273610066841919693e-02,-3.409076850142545023e-02,1.277309912332637992e-02,8.752503255076477320e-03,-2.877906267365982606e-03
-3.617331971740257376e-04,1.805279898772626720e-02,1.791853868083648736e-03,2.286046227830604641e-02,-2.381457030687319457e-03,-4.629224891110552548e-02,6.330324004850838501e-03
-3.131990192929903251e-03,8.167467881617084327e-03,-8.670647663059238451e-04,6.670274142929934723e-03,-1.328058044613469532e-02,-1.615968088295981556e-02,1.860157426378332771e-02
-8.594541410302108941e-03,8.618162961585167678e-05,-1.005268458171289020e-03,2.036448416674216735e-02,-8.989828368683401572e-03,-2.548369216524551742e-02,2.362266460604415738e-02
6.759157144965505758e-03,-3.309664220109748058e-03,1.317562541915602006e-03,4.628187721133637106e-02,-2.721876028523657898e-02,-3.387349240954100338e-02,1.004332001666992033e-02
3.886821083169400125e-03,1.032128350672170854e-02,-4.915795117629261947e-03,2.346670023945734637e-02,-3.870973689171029047e-02,-1.176051901682179796e-02,1.771124619681290965e-02
-2.133510627237151028e-03,2.208797254760906659e-02,-3.539092306227308352e-04,8.913007741008118281e-03,-2.533279600295890513e-02,3.024447058239086716e-03,-6.205211486037393899e-03
-9.658805187921613508e-03,1.593927227562161320e-02,1.679952748121131198e-02,5.074646330596499326e-03,-1.928266878588294486e-02,3.953935184460973841e-03,-1.282590729808591457e-02
1.089892970679510846e-02,1.249913014512309475e-02,1.008240431432202468e-02,-8.487146389868931509e-03,-6.456554737886360286e-03,-5.171249954795382672e-03,-1.336551308368954735e-02
2.977309142233629247e-02,-7.297510462621016256e-03,8.017839910990710514e-03,2.426697163164444424e-03,-1.301708076164228775e-02,-1.147025700663105094e-02,-8.432780265596958452e-03
-2.697393745323925160e-03,-9.707846754350301852e-03,3.172102084171355210e-03,2.906721758340845979e-03,-2.803967237680591012e-03,9.770605232672854856e-03,-6.402213378302412747e-04
1.117809979708899587e-02,6.846406699695825777e-03,1.320543526122306549e-02,-1.730247182527857100e-02,1.244170952759136514e-02,-2.561656311374592779e-02,-7.526163465748233160e-04
-6.563481845796425435e-04,1.480076781691072943e-02,3.624035184393518527e-03,-2.797237838366407880e-02,2.306489552089738618e-02,-2.092299332451621682e-02,8.062021370558187378e-03
8.379923516610989290e-03,1.562975377835424534e-02,-1.922330903802712751e-02,-3.220740991116987240e-03,-2.180199169677129567e-04,4.457234380234729358e-04,-1.793330786876879508e-03
4.704971671379788202e-03,8.652429415244087055e-03,-1.505912221505873588e-02,3.008739228519924022e-02,-1.999649019786252022e-02,2.667070886534741135e-03,-1.105625184543651204e-02
1.139484890709552625e-02,9.516589581596531996e-03,-1.025712126543231427e-02,2.873607344901753929e-02,-1.291088931473613824e-02,-1.875339718419081689e-02,-7.726104173350394934e-03
-1.436908423537324245e-02,-6.588190514129696994e-03,2.296928525982722818e-02,2.364930426071700301e-02,8.598316875214345387e-03,-1.298777171155062436e-02,-2.127185993470500150e-02
-2.338595035327617130e-02,-9.518863689446000961e-03,2.977004933410292223e-02,2.176484532614774217e-02,2.433873870024512789e-02,-2.866237372224557725e-02,-1.430644559552799074e-02
-1.473569886599064224e-02,7.083215224866655155e-03,2.602696674373446151e-02,8.103108317201044436e-03,-3.436498145156211990e-04,-1.064772309444011068e-03,-2.506916929585197018e-02
2.142222276969489927e-02,3.883214636868996192e-03,1.516934607349866918e-02,-5.095682420411538210e-02,1.504286179783073489e-02,1.398760414697245401e-02,-1.854842522075051542e-02
-2.164496240399055652e-02,-5.458354026491303405e-03,6.641376191980984979e-03,1.028593497139414746e-02,-1.535118314136591985e-03,1.289562114438619171e-02,-1.184497563142875064e-03
-1.689617625584152391e-02,2.109749510333139635e-03,-8.720589597428626480e-03,2.974030053763515678e-03,1.045252717284552227e-02,3.547904907793704519e-03,6.532554208534279566e-03
-4.257813071427719691e-03,4.238319640453392517e-03,-8.238961952908407937e-03,-1.165796002362222937e-02,2.116995498913886234e-02,-9.020051454282503392e-03,7.766511872648595993e-03
1.732462008096136152e-02,-4.258857603012167550e-03,-1.741925119645163639e-02,-2.841172548955516602e-02,4.333253145800159550e-02,-3.881462006933179745e-03,-6.685855243010682854e-03
2.593803249065282368e-02,-8.354149820213348579e-03,-2.458494413173907545e-02,2.138290741301583642e-02,-1.275612089502652438e-02,-8.769880420419019773e-03,7.144155363729298540e-03
-1.525749251340842785e-02,-1.976360703497732647e-03,-9.027342421060432012e-03,4.647392389629427002e-03,-6.947037980133382966e-03,2.518615574895845602e-02,3.374685479512137994e-03
1.249161762615272168e-02,9.511742939360437422e-04,-1.539275115849921167e-02,-1.975253441714738128e-02,-1.769292644280869020e-02,3.183189331861804167e-02,7.563526779748501114e-03
1.693442112098077429e-03,2.888475533291150980e-03,-4.932569265999984555e-03,1.895456522568588278e-02,-1.893131336095544084e-02,-1.643429734639318199e-02,1.676169710227345261e-02
4.541649739785202965e-04,-9.012052975965606505e-04,-4.302979829425682828e-03,1.099882422673969379e-02,-3.079913460647495937e-03,2.322722754141871501e-02,-2.639611815446709850e-02
5.585263915083517675e-03,4.714603472237730193e-03,-1.873512563497272635e-03,-9.645997851338199494e-03,1.560769221343828901e-02,-1.069348578644795274e-02,-3.694563399476132395e-03
6.818787359410760467e-03,2.805700039143157846e-03,1.511965344626300251e-03,-2.800305450635282023e-02,6.237336918345290880e-03,9.851247874699254475e-03,7.780169701280635749e-04
2.282755803461098028e-03,1.873851355781040208e-03,1.232100206310954293e-03,9.074977750122847214e-03,4.864762701784679753e-03,-8.036441722146724434e-03,-1.129200609531390981e-02
1.508552986159081722e-03,2.407685047938018204e-04,-1.422047383241557481e-03,6.741162141514854718e-03,-7.313841855638653425e-03,1.393516174089372772e-04,1.060539890035497605e-04
4.871892231203699586e-04,-1.722341790833402571e-04,5.330809391390329373e-04,1.273781301535333033e-02,-1.529124736040550665e-02,5.642352768422700905e-04,1.141163085033847528e-03
3.994993800845662857e-03,2.326628498526438736e-03,4.980518441655367411e-03,5.732013034591767163e-03,-7.220974596077604606e-03,-1.239248684063267748e-02,2.579307661091084086e-03
2.529429110157356466e-03,3.044589198639358757e-03,4.257213575978260238e-04,3.460320397495209185e-04,-1.585753706893845705e-02,-5.175097716799789693e-03,1.468686307959419721e-02
-5.965686522363915570e-03,-1.532815982845708120e-03,-5.827587968855488200e-04,8.152042309877115256e-03,8.740139389572949488e-03,-4.538002720108593596e-03,-4.272917677246306986e-03
-6.343987187611329834e-03,-3.517683191049451180e-03,-1.123597637785164402e-02,1.688460315397951467e-02,4.503435859045824136e-03,-6.027600404717873075e-04,3.123677839588919706e-04
-1.321636205975446759e-02,-1.296447485114607173e-03,1.175506393696732323e-03,1.866248712869772799e-02,-4.448758782869675042e-03,1.003815967161222553e-02,-1.091458486626802928e-02
1.457209301387525939e-04,-6.170941614864600524e-04,1.523897584803891869e-02,-1.504495046733417621e-02,2.537435818905592333e-02,-1.843490186529136640e-02,-6.662108473121598241e-03
2.847300199102766050e-02,-4.566208313191623229e-03,-1.670278213798854355e-02,5.548844141092398874e-03,3.253229549894611460e-03,-2.055635429022573818e-02,4.550269059391365105e-03
-2.726002367639613830e-02,2.586034935621015201e-03,-2.425552434907184574e-03,4.928732956375339591e-02,-8.312434941897244717e-03,4.405352661476858063e-03,-1.828070610765060791e-02
-5.172257370026800416e-03,-1.097070664120588547e-02,7.498199903645255508e-03,-2.559857323784231649e-03,-1.765993161391613345e-02,4.846783321267788755e-03,2.401776972401999111e-02
2.636138342156485979e-03,4.658099555390122527e-03,5.868501830853609796e-03,4.320884631680111526e-03,-1.301814954717870135e-02,2.635053055560387502e-03,-7.100527868462003407e-03
8.748400839733791109e-03,1.492122899724016233e-03,1.056232070321313056e-03,-1.367963868146845202e-02,-6.641525740313205389e-03,-1.065801533289681630e-03,1.009021014529223881e-02
1.550426349331457399e-02,3.946474544685803568e-03,1.269828096601245335e-02,2.522755649776111178e-03,-2.256567581421464741e-02,-2.568469782516992136e-02,1.357859898559551741e-02
2.423910444918195642e-02,-8.641168568264922384e-03,4.857884588894791252e-03,-2.332301943446195291e-02,2.075512072320870316e-02,-1.883757159834880193e-02,9.496498397902813698e-04
-1.008944827512288020e-02,-1.947795298762288775e-03,-6.476002560605118984e-04,-5.491472426365606729e-03,3.399475528544494522e-03,1.033776358030427667e-02,4.439077147462539182e-03
6.802376189818185211e-03,-7.246401622090126345e-03,-3.446144223332594115e-03,-2.438320712925875350e-02,1.601838901764298523e-02,-1.229245243587416721e-02,2.454744020309440958e-02
1.343065943582680798e-02,-6.518645248167022517e-03,-5.518713194606064514e-03,3.003188597301973545e-02,-2.457485111476259134e-04,-3.512509574792008898e-02,3.945657292994249506e-03
1.601511520046896425e-02,-1.267310316409823697e-03,-2.154407418025848422e-03,2.932012677391203793e-03,-1.725107175722000175e-02,1.372647708804271456e-02,-1.200081547424722977e-02
2.046920815525028053e-02,-2.774698748908258246e-03,-1.287861037252477012e-02,-7.993894508553806358e-03,2.575773402260946379e-02,7.104361033663780974e-03,-2.968409958153673742e-02
1.368622214296273329e-02,-6.156528817699591719e-03,-1.469329121412485395e-02,3.449153223605543744e-02,-7.633025309119538873e-03,-5.243312798616451588e-03,-1.445159623945782047e-02
-1.097542613373532830e-02,1.467343986751251834e-02,-5.357857173204907605e-03,3.703995901675247171e-02,5.105819189241400918e-04,-1.196128910977410122e-02,-2.392940838647477156e-02
1.159635766013924173e-02,5.782355696003035027e-03,-2.340718297632199060e-02,2.686152935534209460e-02,2.583629981689465008e-03,-6.725837847174198116e-03,-1.669085186967770792e-02
1.145418460747663764e-02,-1.238406474146936352e-02,2.600204294466515464e-04,1.659999452154709010e-02,1.350337926007123129e-02,5.095470238005758712e-03,-3.452898431507801097e-02
-1.312988870943758088e-02,1.772139980563553581e-03,9.787403893725499932e-03,-2.411632832356071579e-02,3.627050474482408637e-02,1.519123588134916811e-02,-2.577506746746410088e-02
-1.969970245691501226e-02,1.128276944893912698e-02,1.613222666461497021e-02,-2.621064900859026645e-02,1.884855099296527114e-02,1.591302508942407700e-03,-1.944498149956467182e-03
-6.835063131172570798e-03,-4.998534097272110295e-03,1.864353063510013064e-02,-5.486625370170703517e-04,-2.236670107834014785e-03,3.983951234113077347e-03,-8.008551995917477864e-03
-1.181941871493362439e-02,-9.704240639433074135e-05,2.822102747005702898e-03,8.594867390578783684e-03,-1.576980187638317779e-02,3.149850951992448633e-02,-1.522921665979786419e-02
1.351697413145709105e-02,-1.546357755568427556e-02,-1.283824479581735338e-02,-1.110881386727687612e-04,-3.614253441424876423e-02,5.262740102731221226e-02,-1.588930254346152546e-03
2.074243845105213160e-02,-1.671836469202559600e-02,-3.104121406302026015e-02,-2.335705168145038244e-02,-1.674408022785383102e-02,7.017047413704967374e-02,-3.052201923751813803e-03
2.851936098496576141e-03,-9.849604273994562800e-03,-1.985206460320425650e-02,-2.725330838065912441e-03,-6.626691525541451161e-03,3.652398424449714021e-02,-3.222291021876491786e-04
-1.700802532283421722e-02,5.723017391639892773e-03,-3.394529015607565450e-03,-1.236081061530121261e-02,-1.951682137484855514e-02,2.964830473418699971e-02,1.690886420276455082e-02
-1.277294138316420816e-02,1.792980591865259155e-02,-9.260692525690497265e-03,-4.121239947255637276e-02,5.027244888527883371e-03,3.724071732725409839e-02,3.048265246976386046e-03
-2.377908028980063766e-03,1.352265250276990516e-02,-3.503573141263121270e-03,-1.597750204869167199e-03,-3.120810194555717967e-02,1.251086965943458071e-02,1.265381115846501980e-02
-9.349466587388626307e-03,-4.055713287831216179e-03,5.934689782795117509e-04,4.828905732328558909e-02,-1.728625864607396872e-03,-3.691107252187902921e-02,3.162351960141109291e-03
-5.888298402251202109e-03,-2.998185430358456336e-03,-1.839574554263887244e-03,2.885029714258617942e-02,-1.544714151868123442e-02,-1.426973989405328457e-02,1.159264265702193188e-02
2.982896623936241720e-03,1.963250589671932094e-03,-5.634792333691035320e-03,4.237681182162431059e-02,-3.988517246249968784e-02,-1.814738947725628992e-02,1.634439523821474075e-02
4.060941854526045180e-04,1.154890141485127690e-02,-5.040810148096928553e-03,-1.224563651495197761e-02,-4.405654497056706032e-02,4.056906993729565009e-02,8.818926096016421745e-03
-7.552679353585793100e-03,2.252984465415876908e-02,-5.689623382439390475e-03,-9.824346698173074335e-03,-2.065984989446810124e-02,9.319433800995339731e-03,1.187722087351228764e-02
-2.228710472892275751e-02,2.265874237391508894e-02,1.082528266992290739e-02,-1.402971256477406059e-02,2.267752602228836727e-03,1.435941945140665858e-03,-8.709022975106450303e-04
-1.011565000149504227e-02,5.045655577392098128e-03,1.603306627919999505e-02,-3.278788739826239695e-02,-2.908544283127037489e-05,2.931566503621641992e-02,-7.461764050219776324e-03
2.178644274936785991e-03,-1.744454883001302819e-03,1.179842931762766639e-02,-3.051330446633773036e-03,-6.977137465023754322e-03,1.241284446406569486e-02,-1.461699526197137410e-02
-1.209697099343769351e-02,6.136303702164628594e-03,1.106249612065242577e-03,6.343087722725076691e-03,-1.726643313760945321e-03,1.073070670363340806e-02,-1.049273343338968933e-02
1.120189357290619393e-02,8.633359270703345328e-03,-1.793043050486921308e-03,-4.643232164004070482e-03,-1.182763721966468467e-03,-9.961717288783507665e-03,-2.254496618368604082e-03
8.684544407224818741e-03,-1.530876819886068003e-02,-1.009067604183377584e-02,3.219768290508258531e-03,2.673307022317357451e-02,-6.236820892479581248e-03,-7.001117787732651955e-03
2.068136071752529545e-02,-1.509622971503379874e-02,-2.017153370112315450e-02,9.126138896827723848e-04,2.742904052603830842e-02,8.937339956297619958e-03,-2.269259167338703864e-02
2.618377703859596159e-02,-1.007108462161743559e-02,-2.903554444572317705e-02,4.201088641004946389e-02,-1.486756459106574474e-03,2.459172148845146632e-03,-3.006045007104351033e-02
2.790342870096622699e-02,2.071626227038740695e-03,-2.054752895796254503e-02,3.502852038943373575e-02,-1.999903338795907398e-02,-5.618333241400859900e-03,-1.883867973011645394e-02
3.862251643016311776e-03,4.573777658452047451e-03,-1.057716977217229397e-02,3.885654315372165379e-02,1.829224394955124549e-03,-1.463507139925509723e-02,-2.390955567871775114e-02
-1.660414235216636780e-02,-7.059003899796578718e-03,1.154775145129957777e-02,3.367776203014992420e-02,1.417198834054368174e-02,-1.585587615446843249e-02,-1.987847941556181511e-02
-2.164542875048432180e-02,-2.657951506744808418e-03,1.118524768407648876e-02,3.725046254090946807e-02,2.815541476820197873e-03,4.609799680980844125e-03,-3.155767112555807330e-02
9.722972882000760486e-03,-7.772828172170758408e-03,7.584184642850636329e-03,9.113636775472635371e-03,-9.677149715483815764e-03,-4.474983781062162624e-04,-8.523318034563229229e-03
-3.264609590922031013e-02,-9.874665995502202726e-03,9.738545316276027701e-05,2.345514070878931476e-02,6.192117219848314487e-03,1.828204190982164485e-03,1.094791433193992129e-02
-1.824811966660875098e-02,-5.333731815787183007e-03,-1.680214878987271827e-03,-2.682401341021251398e-02,3.353153660389898011e-02,-3.525212076385561295e-03,2.207975524408242046e-02
-1.162215880961803803e-02,7.616788839797695131e-03,-7.424642815981976826e-03,-1.141260540326558340e-02,2.741505768874581347e-02,-1.168149184592681342e-02,7.109052346248882250e-03
2.399396773365165131e-02,-9.330147578681535422e-03,-2.354137043462578918e-02,-1.481634160520254283e-02,2.892469077627945681e-02,7.443427010462008719e-03,-1.267422590188316441e-02
2.476632556877409949e-02,-6.649289238616786120e-03,-2.448146717874598657e-02,1.870988220025262758e-02,-7.139695321853355321e-03,-1.797291472864090064e-02,1.276715869883031373e-02
-1.834953982544796150e-02,-3.312613087834327761e-03,-4.708667852479119127e-03,-1.289744025515822748e-02,3.905765523617998631e-03,1.577081320501683148e-02,1.959168229228481703e-02
7.746311981930572091e-03,-5.843543536570133248e-04,-1.757121804160345982e-02,3.880039064486130469e-03,-1.193044428188093538e-02,2.542543365730591878e-02,-6.965768026581262151e-03
4.132596267347422511e-03,2.463622116940931712e-03,-4.077495596227263298e-03,8.638319344944639031e-03,-1.237946457405479823e-02,-1.857371655555368345e-02,1.979613899660274956e-02
1.814826392214740789e-03,-1.617424408786070000e-03,-6.309503557325437696e-03,2.390514688966021220e-02,-2.449568011172487147e-04,-6.003795837936593514e-03,-1.154429267670960095e-02
3.259112806012842613e-03,4.077290520612529556e-03,-2.437435398631095530e-03,2.208551890962080159e-03,1.851030764871832573e-02,-2.434265703560702446e-02,-1.275170432067658077e-03
5.595369653353834787e-03,1.723607863498803107e-03,8.190253250209410889e-06,5.158650474003035474e-03,5.562283939115941593e-03,-1.736207529757113552e-02,-6.860268856506404524e-04
3.050017336222576175e-03,2.807458778122901271e-03,2.316812823348945571e-03,9.891874513644790048e-03,1.357746080470761734e-03,-7.857052877173890601e-03,-1.156685665463607314e-02
1.997377779474266216e-03,-5.000364057977993697e-05,-7.636317817286749233e-04,5.110342645511067698e-03,-8.996618759513156857e-03,-1.399719443052963681e-03,4.102253199889209501e-03
2.009936695621996347e-04,-8.121435601622402486e-04,-1.336140574374881950e-04,2.527922614092657089e-02,-1.695481575645138919e-02,-3.967212624393466960e-03,-3.612433812044171886e-03
4.136252719813426730e-03,2.322229352713298979e-03,4.362886601367795686e-03,2.315453813555596728e-04,-7.431088542819119271e-03,-1.045514615455311012e-02,6.833320642122143150e-03
2.523749104198831032e-03,2.498613572521809698e-03,7.410384170744989223e-04,-1.956326397497191831e-03,-1.438312798225183965e-02,6.013197830361887396e-04,9.974733502917703526e-03
-6.926894964509113482e-03,-1.412800273890013397e-03,-6.304986487808204691e-04,-4.489892459500792118e-03,1.464019023573964740e-02,6.445016818551523030e-03,-7.625120707610432910e-03
-6.535725671083875143e-03,-4.518399851212437542e-03,-1.168093165575276142e-02,2.653447861758913631e-02,-3.816507049537432006e-04,6.953023591052117855e-04,-4.113073093691536376e-03
-1.063683227017439212e-02,-1.488771422352904664e-03,1.679440320614693574e-03,3.063904043443463777e-03,-2.331559104588709806e-05,1.612663661188554892e-02,-8.721061692370492974e-03
2.483133593670082059e-03,4.927947661403680318e-03,1.619778655134670314e-02,-2.517004277385040401e-02,2.210704325106491522e-02,-1.626303783126259797e-02,-4.282830452372305904e-03
2.158346494268780988e-02,-5.324014438919407941e-03,-1.315063671193982334e-02,1.417585646967841305e-02,-1.433591222256009722e-03,-2.012702688159398803e-02,4.275947842342986589e-03
-1.521672444273039319e-02,-5.633552750203853036e-03,5.962863892258522813e-03,4.354318323787592648e-02,2.997953005807407756e-03,-1.654078988709102235e-02,-1.511293305591668822e-02
-1.823792003692355310e-03,-9.692418360250426232e-03,1.099572433992971991e-02,-3.298013595742318570e-03,-1.988422220950554486e-02,6.755505222148449132e-03,1.694721660711247246e-02
-1.408432955221428041e-03,5.624910048331446810e-03,5.742813358979180841e-03,2.139248987779709596e-04,-1.652137056393407355e-02,1.105128375260378687e-02,-4.703128539536839681e-03
3.166582139339107777e-03,2.196847093691757513e-03,1.968466303757611825e-03,-6.800965088910550758e-03,-6.875068177356355101e-03,-8.658446739000109568e-03,1.500258446847854352e-02
1.616762033183935868e-02,3.766380336181838605e-03,1.134065684104051258e-03,9.964411190890526751e-03,-1.937243707018304617e-02,-2.127988134745164434e-02,9.619840874618947740e-03
2.894759812505681706e-02,-8.203440978107103335e-03,-1.560418003475822326e-03,-2.929380458100827589e-02,1.700421983657953232e-02,-1.114602823486178507e-02,4.251873835816658703e-03
-5.804651282690633136e-03,-1.618526307989030886e-03,-9.254816326533769552e-03,5.810295915830663953e-03,1.638027623098919916e-02,-1.313536584281554606e-02,7.622787613209067517e-03
2.281743766194808259e-03,-5.644391722836978112e-03,-1.299948831001650727e-02,-1.904336324572250203e-02,6.265440248461676305e-03,7.779241550799841608e-03,2.136081771311967858e-02
3.080260465134308919e-04,-6.310035449026763985e-03,8.372904183161227962e-03,4.897368927551000450e-03,-1.439849796607531015e-03,-1.309720834245019574e-02,7.268794430858822875e-03
8.979948955968444779e-03,-3.364911301278464793e-03,-1.413098464713340510e-03,1.649837793288513876e-02,-1.993417244431817600e-02,5.553825033890694152e-03,-6.319969712434259958e-03
4.424476574581229921e-04,-4.924471962187192478e-03,-1.164566633991388073e-02,4.071477525013626753e-03,1.726423526343009648e-02,8.983396612812631632e-03,-1.419141875661336129e-02
-6.983430461399212780e-03,-5.477502249285520807e-04,-1.159032795565655615e-03,1.261098812934924839e-02,1.255329740216271431e-02,-4.494507426321960389e-03,-1.197956462329662075e-02
-2.954449157506354364e-03,1.272399546669703702e-02,-6.276269837425040021e-03,2.624979458211952263e-02,3.354688054037233223e-03,-2.088767562116693524e-02,-1.221008348675546584e-02
4.865668366238125840e-03,1.167613649468919601e-02,-1.717782572843502137e-02,2.947552410745215082e-02,2.436390155584669884e-02,-3.159767628399981487e-02,-2.160572851179119042e-02
-2.909755175431746367e-03,-1.907209522237868606e-03,-1.045398034580567563e-02,3.641958005883100952e-02,-1.736574684511823716e-02,3.109933307112841896e-02,-3.488222124136576563e-02
-1.681396801497119647e-02,8.400925140569861528e-05,1.000077822904037357e-02,8.440862573496001053e-03,2.732440872586603710e-03,2.554312625554627444e-02,-2.998724916710380703e-02
-2.259495457923616293e-02,2.214420406554043399e-03,2.377917531572656604e-02,3.912517492482380302e-03,1.182621430910739575e-02,-1.379064527074519604e-03,-1.775830841755971987e-02
-6.312249170840183825e-03,-1.262894347010976720e-02,2.262200201107867140e-02,-1.582326378075665394e-03,-3.631451831082706510e-03,1.612051145646781550e-02,-1.458754261743810607e-02
-6.194306604178759224e-03,6.273571435567296996e-04,9.625837517772789856e-03,1.144482672673921824e-03,-1.657881619198518092e-02,2.668117769472107270e-02,-1.530573223256062425e-02
4.045948804806496352e-03,-9.547073560091561342e-03,-3.933274967424082308e-03,-1.082232273737977583e-02,-7.133159283109885389e-03,3.820006616040733799e-02,-1.081018441720847136e-02
-3.614610289763001876e-04,1.524536961797621961e-03,-2.277205301817107272e-02,-2.155543599071739827e-02,1.309194087041899192e-02,2.941754614650694474e-02,6.549260591412751128e-04
-1.270947250483142436e-02,-1.766182670363009282e-03,-1.361468193066378389e-02,-2.659407938730918436e-03,-4.327669065654649386e-03,4.829369511098158957e-02,-1.321628100073795123e-02
-4.301916036085378509e-02,-9.456708580839912493e-04,9.280848125013259689e-03,-6.966107604379255004e-03,1.048664090115761054e-02,4.228879080609170699e-02,-1.112534100894547150e-02
-3.091878532372004107e-02,1.805926368837664636e-02,6.636719245080573582e-04,-2.590936193143028587e-02,5.433905331186573333e-04,4.973372125784203575e-03,3.258844898336269585e-02
-1.720967667933085213e-02,1.430874320899572054e-02,2.925928215722937983e-05,5.692773151285539582e-03,-1.577437172160608275e-02,7.789101829420086963e-03,5.164170929078339481e-03
-1.105134040141255401e-02,-5.070402957579943186e-03,-5.926540318135879726e-03,3.244390197509711138e-02,-1.429655723525765504e-02,1.595434368268664263e-02,-1.205340474539769169e-02
-6.463838929300648982e-03,-7.028592530879466428e-03,-1.303896556082759619e-03,2.324091100271614280e-02,-4.654524962551844815e-03,4.985678747197567172e-03,-8.775736771099006822e-03
-1.113154658370983478e-02,-2.563622540420397011e-03,1.274901733225586526e-03,2.127868047481499755e-02,-1.115889779580810440e-02,-1.131691861152697536e-02,1.361740332342466914e-02
-7.023152133104073290e-03,6.181597211574639365e-03,1.936636273578370071e-03,-8.839341419418982743e-03,-1.482704502997006860e-02,2.777569625282177729e-03,1.979373547205783360e-02
-1.689085192685091299e-03,-2.664888023806930191e-03,-5.258254471013821228e-03,1.259582241303066133e-02,6.164298335290723484e-03,-9.998152293029817159e-03,8.502592322142505602e-04
-1.655702502426103020e-02,6.802934504259164870e-03,3.671730449800173889e-03,-3.335917675061533111e-02,1.487680791836450264e-03,4.417758724081041061e-02,-6.223731211829894479e-03
8.890192878006323782e-03,3.756950969380960272e-03,-7.369159328512933128e-03,-1.835212433582518801e-02,-1.231493694685909315e-02,2.028649692935517376e-02,5.102579834454680149e-03
1.161175697381096675e-02,-9.887188943581821064e-04,-1.286413942754324226e-02,2.032746966694514226e-02,-2.965984808880252344e-03,7.785433171392171746e-03,-2.290581668136654550e-02
-5.786780731164814506e-03,1.606472305442594936e-02,-1.697716603281830550e-02,2.572074172499935751e-02,-2.695346606025688860e-02,2.373522427394571602e-02,-1.580327622913109062e-02
-1.152067054409849217e-02,-7.668214386419863575e-03,2.012641991884021441e-03,4.541062968903438607e-02,-2.194496659994156496e-02,8.477956384618092834e-04,-7.137215788920301188e-03
1.249723239476803732e-03,-2.276728587846024721e-02,4.943386009059611702e-03,3.380842104124190395e-02,7.775528585969406544e-04,-8.457396941207949090e-03,-9.554400328707144188e-03
1.281445054353791066e-02,-1.273616529995541882e-02,-4.855340108351906096e-03,2.075902509151076811e-02,1.092914024810393188e-02,6.208420231498616151e-04,-2.753195249799509498e-02
5.345097773731037616e-02,1.901487124110125271e-03,-2.708942469257374919e-02,1.153320265355176760e-02,5.344254058466758666e-04,-5.471511552741482876e-03,-3.485915667550363445e-02
4.834307039625394820e-02,2.050561229461622323e-02,-2.196283726644148587e-02,-1.075560705260584539e-02,1.259098781074190557e-02,-2.649809977020205556e-02,-2.222312641236261210e-02
2.387472216223828977e-02,1.826456039002186116e-02,-1.674866730359252445e-02,1.834257334032600786e-03,1.127790179589332510e-02,-7.841774440382769454e-03,-3.066099993821081240e-02
7.910109552070424335e-03,1.043265941474931860e-02,2.044388641677067232e-03,-8.755434331253427772e-04,2.114578546452027322e-02,-1.703993865555541651e-02,-2.361746098433637614e-02
-4.292597540109245081e-03,1.152047296170410906e-02,1.118435684705436535e-03,-5.740622586452960759e-03,1.489341388134661145e-02,9.375393519183496420e-05,-1.759285633638578428e-02
2.984905571430086346e-03,-2.730687880167990880e-03,4.910601595107166352e-03,2.982456605706481148e-02,-1.880231362482591775e-02,-1.277149222211969651e-02,-3.415579496488466409e-03
-2.068662192636147937e-02,-3.286113147583193724e-03,-2.455050049035918842e-03,1.639672043341146648e-02,1.375254385057434088e-03,4.487122970367580198e-03,4.168687334144148028e-03
-2.267928416677614592e-02,-7.001767956482171130e-03,2.688153234746747198e-03,-1.307740261493924201e-02,6.051282077883210139e-03,1.408137104810412016e-02,1.993764837746345858e-02
-1.162628226310697191e-02,5.372345527890239059e-03,-6.824316419440847048e-03,3.937120016805600864e-03,1.505787660163747724e-02,6.511370670768970581e-03,-1.242811413455443582e-02
2.595296234675050287e-02,-1.176126764004653720e-02,-2.167395606940458394e-02,1.219097917587125615e-02,-9.946870984310861568e-04,1.163491579269232065e-02,-1.534894650743186262e-02
2.361547755323219547e-02,-7.441801628665282650e-03,-2.366042342522147596e-02,1.147022173782738345e-02,8.441722303353063617e-03,-2.936481052865175245e-02,1.693961398812599342e-02
-1.581152363283244711e-02,-3.652548624305910607e-03,-3.953103505274562987e-03,2.028176515129555268e-02,-1.708596928679303323e-03,-1.417892185100734677e-02,1.902292939080391446e-02
3.118602330623438616e-03,-7.874521486457523997e-04,-1.822295329221719495e-02,6.876392881502351416e-03,-1.510554240934615551e-02,3.749562891422263816e-02,-1.337467627613936685e-02
1.722996151135366017e-03,1.351215365422676071e-03,-3.336457184544423284e-03,7.956644266584812081e-03,-4.709108772330687295e-03,-9.973574401340459805e-03,6.988284575072705590e-03
-1.970317769263891540e-04,-1.689165401165916092e-03,-4.262254691563911214e-03,3.549972891675024639e-02,6.490336370941573660e-03,-2.518408736895219949e-02,-1.065752604908342532e-02
2.117540949730066079e-03,3.541557381952967383e-03,-3.322943447325832269e-03,2.472406794267856256e-03,2.143810076234243384e-02,-1.851335368447065699e-02,-7.733308756496856846e-03
5.619208849649814583e-03,1.477334786286485860e-03,3.364387089684401006e-04,-3.646990224591245523e-05,3.657203995384331746e-03,-1.142939530050303409e-02,3.756788624598684460e-04
4.176302170448684473e-03,3.296468754462386110e-03,1.967331056883292028e-03,5.035017091714578778e-03,1.957917356880202898e-03,-3.728073544537158137e-03,-1.270496288585200133e-02
2.588021218770325017e-03,4.116300332634291351e-04,6.469016581778597261e-04,7.644484857720931607e-03,-1.202194243003648806e-02,-3.033327375820793915e-03,3.764232037924740339e-03
6.239581132336448777e-04,-4.356389298890818787e-04,-5.943946776331073293e-04,3.018827978706200080e-02,-1.376900877178612731e-02,-1.293032109116219741e-02,-3.082874429825175656e-03
3.999346924062485362e-03,2.032335828629193604e-03,3.615988097969922641e-03,5.755783247368339781e-03,-7.914097499225097171e-03,-9.331496327673759542e-03,1.842139728868928987e-03
2.172547033077207139e-03,1.353356984918566630e-03,7.873433745784829503e-04,2.184124648167163132e-03,-1.625247545209504776e-02,1.335963383926567095e-03,8.419140027427104295e-03
-5.376463571551690253e-03,-1.609232302167824119e-03,-1.881712683634554142e-03,-9.267482315588328537e-03,2.009004074684075589e-02,6.603516716980721568e-03,-8.558666590879058719e-03
-7.777593915686119991e-03,-4.403413892291504692e-03,-1.124114532039653148e-02,4.241208839645237844e-02,-5.477413420342780101e-03,-5.833315635389201698e-03,-7.679206212346120775e-03
-1.212133223807369126e-02,-3.480403772619693886e-03,-2.029331561552415349e-03,6.299925974528832254e-03,3.849186956715898878e-03,1.187005829019361150e-02,-4.388103649192579871e-03
3.647251497129883491e-03,8.673181616379361039e-03,1.392125552405400896e-02,-3.849903016779623183e-02,2.254179377602061329e-02,-4.404400359340907879e-03,-5.880051886446708426e-03
1.114022451688870957e-02,-5.662907669440234160e-03,-1.167801427926950728e-02,9.701363946045898912e-03,-6.564343522517093656e-04,-1.428169196344726034e-02,1.143745980147409941e-02
-8.516069979462375164e-03,-1.695098709043741173e-02,1.414110283766736691e-02,1.980719487078258859e-02,8.166051257918765030e-03,-7.674863248657679167e-03,-8.972428647811255334e-03
6.060932777373828281e-03,-7.470551840577340126e-03,1.210052833312672167e-02,-9.686640262331737763e-03,-1.232954484489756468e-02,-1.001959160794777199e-03,1.232723499810090863e-02
-2.557651954213609365e-03,1.084014864412774851e-02,1.183933829854880160e-02,-2.533728801924064328e-02,-3.043013195281282779e-02,3.412438236073769143e-02,1.521202622852816560e-03
5.910526577562749077e-04,8.616373339347668109e-03,3.474806958547410705e-03,-3.816160657110063970e-02,-7.744690635969692094e-03,1.749537879622300660e-02,1.572868545519608141e-02
2.103745941291558855e-02,-8.166188658320546953e-03,1.321343726909403110e-03,-2.181403578586596503e-02,-1.297863260877682445e-02,2.607443111681111928e-03,1.799261080145715327e-02
7.719037475525170229e-03,-7.534151592799910070e-03,2.103569317654806550e-03,1.959497763000481521e-03,5.560273549275017956e-03,-1.771011038529873502e-02,7.901883872643157558e-03
-1.033225719588879918e-02,1.294911990562903773e-03,-6.399915837491916039e-03,6.372938974936890634e-03,7.372115262822143654e-03,-3.129540354270146651e-02,3.298761034776016149e-02
-8.207078134407170752e-03,2.785052458368758414e-03,-1.240983902527576128e-02,-2.023484082671944337e-02,2.254545189180357651e-02,-2.242742515340855319e-03,1.776399615157086762e-02
-7.587214526363655030e-03,-4.803170918425157809e-03,6.250892579394490799e-03,-1.584210474961285971e-03,-4.796090045935476917e-04,-1.006770718094206554e-02,1.827101952589122585e-02
-5.590992577471824189e-03,-2.340991441109390066e-03,3.119944484512303037e-03,-5.063172878043695375e-03,-2.345327051921536343e-02,3.891017793647135598e-02,-5.581695005143286203e-03
-6.873786025109943423e-03,-3.535483566547821099e-03,-3.678575012257239828e-03,-6.261932817071301678e-03,-2.401947688421755562e-03,3.442830201727886674e-02,-1.167657690787088538e-02
6.181780074931114265e-04,1.810091475509000665e-03,-4.492293880179242492e-03,3.113649066117870484e-02,2.344055627071061742e-04,-1.832429241269988365e-02,-1.098257941400877097e-02
2.368374693618599969e-03,5.587097632550005501e-03,-8.334240006043080670e-03,1.421532174283046852e-02,-5.401350362876310672e-03,-1.685580809359254421e-03,-6.749622890720449048e-03
2.013527696500514146e-03,1.006163089141714172e-02,-1.204297095276237774e-02,2.170210288432655732e-02,-2.058172798670679978e-03,3.467216513037205128e-03,-2.314333423384834151e-02
-1.847092778905131544e-02,9.304106438834326004e-03,-1.123632147679692536e-02,4.316059080948594223e-02,-1.088479471795448681e-03,-3.840517068682346592e-03,-1.782845144199411702e-02
-2.178386514726091128e-02,4.585421591083746300e-04,1.135306097341340879e-02,1.071770882092371036e-02,-1.453614944057667058e-02,3.188047036882372953e-02,-1.808976773443151873e-02
-1.772994096799028474e-02,-4.842138330248397377e-03,2.934719653821811838e-02,-4.117425327125227158e-03,9.995300117864876210e-03,1.594035669827014758e-03,-1.424702770054614605e-02
-1.873299085010414824e-02,-1.462253332466287303e-02,3.280879422304813081e-02,1.905760454545368625e-03,-7.113797219262777902e-03,2.061192021089055040e-02,-1.485715349445439898e-02
5.626206376312130244e-04,-1.645251550226768146e-03,1.245109709849606845e-02,-2.078012723757703684e-02,2.106425448679037291e-02,1.440821506432131763e-02,-2.606080849943510566e-02
1.075482688531585913e-02,5.148749439891891350e-04,-9.189966390922881673e-03,-2.481906550098250674e-02,-1.434497529354132215e-03,3.758315947130853180e-02,-1.340933187935412253e-02
5.887736011289220611e-03,1.579003227200614055e-03,-2.085634066154964245e-02,-7.876652547613556543e-03,7.471365597652368344e-03,2.188857143929814203e-02,-8.093683066277279625e-03
-1.644702864552562496e-02,-3.156970092672407770e-03,-5.774953979089455548e-03,8.222420871097379375e-03,3.355303582725469892e-03,2.950950224869161934e-02,-1.570827398522701632e-02
-3.203366257897865416e-02,-6.158675688357690900e-03,4.827014564205454189e-03,3.431454060169220749e-02,1.722097843902320111e-02,1.022738207699101787e-02,-2.839757741457539508e-02
-2.253311909854502706e-02,-3.209992955217264281e-03,3.143940870930019959e-03,-1.413041365472004693e-02,1.806625370611400841e-02,4.154996624379697460e-03,1.450833450705861331e-02
-1.891192516366847418e-02,5.180607601778618523e-03,1.029203539560925862e-02,-1.284893374826358466e-02,-1.795095688718532576e-02,2.934186095890752716e-02,4.897311842822012380e-03
-8.560634424218248328e-03,4.101389279064079560e-03,-1.841129145428176822e-02,2.900888081619252754e-02,-7.500761009659888227e-03,2.039435086186753773e-02,-1.903193406896440398e-02
-1.102829094684463877e-02,-3.089090583725576621e-03,-2.740982831996035315e-03,4.811262327515073399e-03,3.259689492985824548e-03,2.335553441815796730e-02,-1.456812187609254905e-02
-1.603520749664267067e-02,1.782053212708181169e-03,-5.170867536964088643e-03,3.309199074255452129e-03,-1.430972294954328990e-02,1.726130859423573652e-02,1.316323710195067657e-02
-1.817648291441817734e-02,-7.459852781761933506e-04,1.154939559828251777e-02,-2.020527168340927743e-02,2.555121990949929880e-02,-7.838362544701941515e-04,2.810960622692051502e-03
-4.452187817335489031e-03,-7.530933790965918702e-03,1.071215346160638883e-02,-1.290951380260859163e-02,2.887334833201027698e-02,1.444709139784451993e-02,-2.913995778055117336e-02
4.247644521926175094e-03,8.144453235424333956e-03,-4.295728659143810239e-03,-3.751164088058812213e-02,1.678500797967852690e-02,3.232309466899060957e-02,-1.969283086628775478e-02
1.850417950565911435e-02,4.903904703111020523e-03,-9.417044105493460604e-03,-2.078812537377660793e-02,-2.116622040207628841e-02,2.651643416150990806e-02,1.446871511066382104e-03
4.338670893791202708e-03,1.434208767182706089e-02,-9.554933527787693587e-03,4.790983352533017062e-03,-6.243317917825831793e-03,1.636562023494565060e-02,-2.403911070748340761e-02
-1.266550526466289107e-02,1.387633392743154413e-02,-1.963988636380708738e-02,3.282407483362251993e-02,-8.819750485861581335e-03,2.145043967377178659e-02,-2.702570632049432903e-02
4.280316714073264324e-04,1.675027396651899416e-03,4.636627284003359828e-03,2.309229550339604586e-02,-2.081055029442382617e-02,-3.747884741283249999e-03,-5.273546819751524090e-03
5.751661891730882638e-03,-1.987706254757031291e-02,6.960681635788680197e-03,2.505412111995355268e-02,-7.438655502801030592e-03,-6.063021353256568130e-03,-4.387725243845232506e-03
2.229027777914122446e-02,-1.739222727309772468e-02,-2.547405617587754790e-03,3.405334163188062659e-04,6.537702674090723615e-03,-1.896915044319907005e-03,-7.331965934545285092e-03
5.090168035244250350e-02,-3.175027742017264010e-02,-2.072894835117562382e-02,3.589922352048324078e-02,8.455385074482766466e-03,-2.150490488610913575e-02,-2.127215828995095148e-02
3.221593005963516859e-02,-2.376079535691119279e-02,-2.226774110636404319e-02,4.182625673712076636e-02,-3.424299537345025686e-03,-4.070415042864882621e-03,-2.051893575327085745e-02
1.942787427925175489e-02,-4.399384641831156906e-03,-1.865159080408735834e-02,7.773366492375891230e-03,2.608867658011291418e-02,-9.638616335797661402e-03,-2.060032557002445391e-02
1.315274760750639697e-02,-4.129633830711447288e-03,-1.483320173445226535e-02,3.118091444285198827e-02,2.743639514184859421e-02,-3.023386745918982613e-02,-2.257335416785339124e-02
4.424567232594160855e-03,4.124601189896212779e-03,-2.121620956552851961e-02,6.378856002718254897e-03,7.127593174684802857e-03,2.118244921544207293e-02,-2.202185724980696216e-02
1.039646776948093291e-03,4.702451552072600162e-03,-1.234293261085869439e-02,1.895746197536594306e-03,-1.807962810386253005e-02,2.823709744098256216e-02,-5.452381252818641090e-03
-1.422321244872520700e-02,5.824238822250572996e-03,-5.369513391680474750e-03,-4.797997540695448510e-03,2.262351669064794832e-02,-5.754804416271110112e-03,1.697772284473726429e-03
-3.284271474800722068e-02,-1.260532553348926027e-02,8.063733020528783546e-03,5.139281637983389960e-03,1.225013066527683506e-02,1.292910404985328455e-03,1.870198455272219229e-02
-1.580301079056721861e-02,6.993066633904354394e-03,-1.288293934620208907e-02,-2.637595217048857577e-02,2.252209847741790116e-02,1.750347057439346002e-02,8.043266621542272815e-03
2.884057387748980780e-02,-1.409162887150620762e-02,-2.409986985254281358e-02,2.125741022710697647e-02,-1.350010848525297520e-02,1.963381401222471373e-02,-1.804019090751933854e-02
2.497559010091558729e-02,-7.485219421200841987e-03,-2.399138737711278141e-02,-2.515075405395194273e-03,3.317623269958941412e-02,-3.494658045278567493e-02,1.078643985598939752e-02
-1.100639746125479587e-02,-3.085044928251710200e-03,-2.331473478181242572e-03,-8.880477806231304710e-04,-1.706312413962267349e-02,1.788445810834071031e-02,1.648962967959294312e-02
2.790576831235567698e-03,-1.180880514266984937e-03,-1.702399643963023457e-02,1.686992528843114791e-02,-1.096310901802993037e-02,1.536354599502043165e-02,-5.856062142760054198e-03
-1.072065066928859891e-04,5.527966624251101375e-04,-4.964014067334980573e-03,-1.801675923385642015e-03,7.591182793860674384e-03,-3.593958757662862424e-04,-9.116870831059839010e-04
-5.714953346104607477e-04,-2.260984808956221191e-03,-2.913809254709790863e-03,2.830971155698640621e-02,-2.113603978025258359e-03,-1.347217726954911057e-02,-6.977640911135589950e-03
3.185280210063595827e-03,3.155908703475829476e-03,-3.648148142594537235e-03,9.148799749989477634e-03,1.583271973094147952e-02,-2.886852043702764492e-02,1.193960185151768903e-03
5.430549408679034851e-03,2.336849244075419382e-03,-1.061886893505701885e-03,1.239195134332869274e-03,6.988923077230266637e-03,-1.025818721023301176e-02,-4.675442760578891674e-03
4.451802163945298672e-03,3.578975062747737426e-03,1.686880694059687521e-03,-9.271140762488809485e-04,4.042019159272504034e-03,-9.550717060798333616e-03,-3.281845942978034881e-03
3.263426654643380997e-03,1.415148732679574100e-03,1.762109521090754732e-03,1.540059662991732567e-02,-1.476995465636271078e-02,-7.702829482736763336e-03,6.315026007684559645e-04
3.706274776710575484e-04,-1.547181489616602373e-03,-1.383214922054310089e-03,2.759402721028664240e-02,-1.369723308848781393e-02,-1.102398177467405968e-02,-3.130434131249006536e-04
3.588742707744798765e-03,1.302034464030402952e-03,2.249884446677326375e-03,1.146596655260738451e-02,-9.169975365175433643e-03,-8.747702290008155940e-03,-6.889505158763596648e-04
3.456449356496062164e-03,1.487048275579376955e-03,2.588399560204266564e-03,6.680698376551580386e-03,-1.789283986546155725e-02,4.171829785217200776e-04,3.263061318108531530e-03
-4.240422793926324624e-03,-1.380367519994173120e-03,-2.597962409204756986e-03,-1.262992824914219506e-02,1.966584758607039726e-02,5.508057611523152659e-03,-4.325224225326076283e-03
-7.207268410058826485e-03,-2.453304046111368965e-03,-6.297716961712207344e-03,3.094174375290952017e-02,-6.422200566646905050e-03,-7.723699607301268187e-04,-7.788883807650168883e-03
-1.212046411783302552e-02,-5.423353564165639233e-03,-5.361134243285692845e-03,1.519861414269055126e-02,2.862418187906216882e-03,5.212822461807718570e-03,-3.689028671201158901e-04
7.295263646196873536e-03,8.991128879835674076e-03,8.284013722753136647e-03,-4.758707299505952892e-02,2.151303746302520373e-02,8.680815141105956492e-03,-7.177185857857228818e-03
5.911617960763362184e-03,-2.385866568359392478e-03,-1.313686456662753813e-02,2.889994899657735358e-02,-6.390216432621846979e-03,-2.144192986176922042e-02,8.543310472037334707e-03
-7.239740760674956768e-04,-2.334650650732214214e-02,2.024926709752713702e-02,1.665090734075926060e-02,3.504112590538383150e-03,-3.104436854899908158e-03,-1.322936959053530766e-02
8.944722666570748687e-03,-4.066639237753664343e-03,9.585596877220251347e-03,-5.014133640557109570e-03,-1.509859481356518561e-02,5.677506914137428863e-04,5.081297456671239263e-03
-3.660261663754470814e-03,1.526129840088119409e-02,1.560589429405207472e-02,-2.516456783161313132e-02,-2.985348988702929418e-02,2.366387148203474497e-02,4.147255205428884706e-03
-8.246427566984324692e-03,5.999359210423327315e-03,4.218294626014465996e-03,-8.438424656785493971e-03,-1.229597271101920061e-02,6.984129057209281094e-03,1.177904204114199778e-02
1.694550557350222447e-02,-8.563241578346798485e-03,-6.746555483580769612e-03,-1.148446217129211848e-02,-2.049387271685885678e-02,1.207101793363421667e-02,1.827160844294208053e-02
8.379223401353189495e-04,-2.067491192566892847e-03,1.196542450468258967e-02,1.228381089788837047e-02,1.750559013020628121e-02,-3.337334164368060963e-02,-7.151915036664974017e-03
-4.396026149780813547e-03,4.848808129416649188e-04,1.335860330876911502e-03,-3.877975391247338172e-02,1.501964138787877448e-02,-3.177687449449194661e-03,2.951308498000599842e-02
-1.452955929642038742e-02,2.038596507309263332e-03,-5.787539369900518600e-03,-1.595950349453367431e-02,1.886275404838112443e-02,2.218135859701536074e-03,1.315711574546256542e-02
-4.503039849903748421e-03,-4.110642326961171968e-03,5.007748972588810070e-03,-6.022971939030271086e-04,-1.223776758090189959e-02,1.669447556483122722e-02,-2.484775857501762136e-04
-4.668691239543195162e-03,-1.778911522923850045e-03,1.945248368323331586e-03,-7.521366808403049178e-03,-3.351097040371586212e-03,2.285816044168380301e-02,-7.483342198765417785e-03
-1.149143225190588785e-02,-4.009376565937626882e-03,-8.400126163518939005e-04,1.990152221835485291e-02,1.053896328602997243e-02,1.588106382737943315e-02,-2.998072789756888942e-02
-2.866451692964942267e-03,1.999447179574936635e-03,-5.736353783179164341e-03,3.056151219836845956e-02,1.296981220104677889e-02,-1.314576732558544320e-02,-2.378219877726071851e-02
7.988286545470261665e-03,1.849925511808691659e-03,-5.723596143338173861e-03,1.146687248489360392e-02,1.523962867510926826e-03,1.501623740404649807e-03,-1.860707500675002832e-02
2.109440529503351074e-03,1.270633996766392868e-02,-6.813264677958905677e-04,1.085375424173368273e-03,-8.415962996314519523e-03,2.046250551783475660e-02,-2.726637197506502283e-02
-6.227532461881585962e-03,6.551539669908201281e-03,-1.043291886420941172e-02,1.617628207377264093e-02,-4.551475085107344921e-03,1.153239682413452309e-02,-1.304829215661705566e-02
-1.252986389445526032e-02,3.429106824209778893e-04,8.033888648431046151e-03,3.488248891488037601e-02,-7.350256804038024852e-03,-1.574771905475053427e-02,-7.631448492488701607e-03
-5.858512827518667053e-03,-1.098063193488141645e-02,1.863755349661621805e-02,-9.245396823272767142e-03,6.283347546196807291e-03,-2.476369824807713414e-03,3.640010367667497523e-03
-1.582130706455986413e-02,-1.708609993198588126e-02,3.290814450396943591e-02,-6.052688551107573284e-03,1.105610575833372577e-02,5.340591718765778885e-04,-5.538213886526309991e-03
4.092620434406417027e-03,-9.641981669775364500e-03,8.245384581335057916e-03,-2.749320368111780183e-03,1.642777751522527321e-02,2.700290090430765028e-03,-1.907477058351037327e-02
4.638432161347121920e-03,8.769869470015016072e-03,-1.737110322647437630e-02,-1.172330448863296215e-03,-2.414413721887428976e-03,2.840166572167690529e-02,-2.085211995581397887e-02
-7.024192811820068050e-03,6.721919075161284125e-03,-2.851897661222786533e-03,-3.855242565193811501e-03,3.823051447418822964e-03,1.513851148401466548e-02,-1.195214896835810302e-02
-1.616491416652348842e-02,-2.525274665326375251e-03,2.136551061984292687e-03,5.705716342555489616e-03,1.480586622395369673e-02,-3.752717570839768282e-03,-2.052272258037917806e-04
-1.170468623513572920e-02,8.130434707736606051e-03,3.125922150423897459e-03,1.059777736051186435e-02,2.119277677983993219e-02,5.865743030127408032e-03,-3.720796779350397238e-02
-1.563696915280164690e-02,-1.208989429067135885e-02,1.367463291939680081e-02,1.075671822292518544e-02,2.539696606426112765e-02,-1.186292664565105452e-02,-1.023852711745906405e-02
-2.238392367822688439e-02,4.359916130387163011e-03,1.347346711026989330e-02,1.171931762177713318e-02,-6.469616184637469458e-03,-5.568990018811362415e-03,4.869829019241579682e-03
-1.266135336413216732e-02,7.891690561096101689e-03,-7.609955726052240743e-03,1.583604335313597289e-02,-1.233532224026859768e-02,1.559140947074072903e-03,7.319756469146835275e-03
2.467322354760405605e-03,-1.232425406846908260e-02,-3.976863174098539157e-03,1.280942764308787979e-02,3.695417038198057016e-03,-1.561790188310216605e-02,1.294685208962346318e-02
-5.946446950310452055e-03,-1.277961325105827356e-02,-1.269405648927100783e-03,4.101873031222579014e-03,-1.673946412166167977e-02,1.679979358181059312e-02,1.583326335892429673e-02
-1.032546015588199119e-02,-3.945358594146624633e-03,-2.381264081539630206e-03,-1.065356851947065094e-02,2.897893611639971306e-02,1.159056317242631603e-04,-1.789190397085107381e-03
-3.731177775800969057e-03,-9.933640174653684402e-03,1.185828356864692193e-03,1.032034587244477601e-02,2.374055266443618126e-02,8.273317484622601248e-03,-2.985522642791366491e-02
1.646566317547999703e-02,6.425220952874900011e-05,-8.642982624380863427e-03,-1.011616207088568420e-02,9.880113751981256173e-03,-7.725403462277807658e-04,-6.878344095495597318e-03
7.255839946417962268e-03,1.200933292576347386e-02,-1.082392520843675210e-02,-1.970375136525694820e-02,-9.844239198717685824e-03,3.300897452773764174e-02,-1.190223162750774985e-02
-1.249366286389113831e-03,1.583168035448137556e-02,-6.178382140617837311e-03,-2.143840320894612600e-02,8.506508095362108265e-03,2.504058591498454361e-02,-2.051262272887497198e-02
-2.324631537389854410e-02,3.934196543217255947e-03,6.310997982473744335e-03,1.093070307940353751e-02,3.497986710884100955e-03,1.956015330937634425e-02,-2.098772225145635259e-02
-7.559721038747775103e-03,-7.578918382638294773e-03,1.055139826663114601e-02,1.138835189471402477e-02,-9.011555291342574284e-03,3.667517411364668370e-03,-1.457072859981167236e-03
1.474210077208295937e-02,-2.404886126329931761e-02,6.978402886995107223e-04,1.958408604980000148e-02,-1.289590857974352855e-02,-3.035546247491892509e-03,4.956288979952125189e-03
2.295769275319890779e-02,-2.113174986873891589e-02,-1.278259227938046902e-02,2.323311791656934577e-02,2.807570352284161595e-03,-1.634822183035855928e-02,1.264182956425544645e-03
2.807343525889696711e-02,-1.253923354740836896e-02,-9.424199146134943847e-03,1.028822124603647609e-02,1.507602964874220916e-03,-7.380287885084149332e-03,-1.052553889118022779e-02
2.170690949970604383e-02,-4.337933619457741592e-03,-1.732261650253388375e-03,1.898254825567947945e-02,-1.967972357573869943e-02,1.513000635061764569e-02,-3.006954526055335281e-02
7.759140681271321782e-03,1.475767515463461896e-02,9.045134459816616670e-04,8.648759876494411560e-04,6.811647481919127535e-03,-1.835895491337206746e-03,-2.926195726011897660e-02
2.065125184175156670e-02,1.445892265162552863e-02,3.295137523069668808e-03,-2.723179348258435509e-02,2.288636090673383527e-02,-3.685254745957421054e-03,-3.037462469463879031e-02
1.602744097136653972e-02,1.070021391866290104e-02,4.728638083554588013e-03,-2.235098678982396642e-02,1.606428570319131874e-02,2.775927644299787649e-03,-2.794551953125119434e-02
3.193960616881059717e-03,1.657147816181773342e-02,3.273521666274523123e-03,-3.245342147723260379e-02,-1.659004539434455472e-02,2.448205974500503382e-02,1.522446681598815582e-03
-2.369576229283898699e-03,1.424012969795897775e-02,-1.145366526461420124e-03,-1.512725152056421801e-02,1.451832128579955399e-03,-5.004882180170809472e-04,3.450720667787770396e-03
-3.895014948781939240e-02,-1.696746069094287601e-02,1.698297313416309226e-02,3.572796997576435998e-03,1.877915097998737390e-02,1.314434534596431448e-02,3.438343721071030964e-03
-1.826303088984392725e-02,2.973927132865790326e-03,1.209905074186446642e-04,-3.983974409193562910e-02,2.525624663433219397e-02,1.622932238092779714e-02,1.352228832623515557e-02
2.305449403002300321e-02,-1.232300643421856828e-02,-2.455142401467396221e-02,-4.423209222466120173e-03,2.203645276706186693e-02,5.842634279145545416e-03,-9.635941404871799579e-03
2.421586504575070145e-02,-8.198166037292592412e-03,-2.503255678878489945e-02,-1.830927264450871519e-02,2.509923516899471851e-02,-7.683687642663033709e-03,9.908582898503855499e-03
-1.393508253439327757e-02,-2.999537746694338775e-03,-2.533216312420540420e-03,1.201368365781439913e-02,-1.118333461525221860e-02,1.836777179282024714e-03,1.680071037166389059e-02
-1.422138044432686571e-03,-2.117491100827611442e-03,-1.663352202044305131e-02,1.687337361092989055e-02,-1.426413138314392738e-02,1.530505693577178215e-02,2.258852002145589691e-03
-5.049156334306604925e-03,-4.916507444263136127e-04,-6.932227267602382101e-03,3.340937018064920640e-03,1.180498573118051245e-02,7.357485169290972279e-03,-1.003037357220108727e-02
-9.338641875862070544e-04,-3.091639304896775121e-03,-3.316111145910706753e-03,2.042186636333009550e-02,4.351090382938203882e-03,-5.223648268481395109e-03,-1.220769383939321849e-02
2.221842954806323384e-04,1.573949354477609860e-03,-5.290661068579478356e-03,2.258593969804957927e-02,2.517353393137046133e-02,-4.440297370293366797e-02,1.380274921348877311e-04
3.951776586305225450e-03,3.191583115443496349e-03,-7.237664300051169447e-04,-1.011293849619155499e-02,1.601123983491660463e-02,-1.386682634493975998e-03,-1.093121197597468099e-02
3.157854846141657477e-03,1.429269377031690529e-03,8.603087443702871467e-04,5.906108380053634588e-03,6.888833091843880180e-03,-1.449246918887085560e-02,-3.749905250570255075e-03
3.354731740923998489e-03,1.208290927308665070e-03,3.253410945770958927e-03,1.412615655354300045e-02,-1.243800819297383869e-02,-6.252183645933469605e-03,-3.252398328639334590e-03
8.863398072464348304e-04,-9.597987556388100838e-04,-1.053794788335891833e-03,1.771206989661822453e-02,-1.293236709794643412e-02,-5.668397650165277885e-03,2.015948588221785562e-03
3.879168205723869476e-03,1.642796901208285051e-03,2.801012352795707872e-03,2.191211250333044772e-02,-1.082958968908648983e-02,-1.110817746702710829e-02,-8.297322806944703102e-03
3.249655436698819632e-03,2.009830446992673988e-03,3.102447239839550928e-03,8.875215109771050423e-03,-1.472299833030175052e-02,2.175041548462700990e-03,-4.689191451463118297e-03
-4.105590142569919519e-03,-1.760018239595357355e-03,-3.290559224261547025e-03,2.776199368726588353e-03,1.990420395733443620e-02,-1.062119568441190556e-02,-2.903040035222216597e-03
-8.239171238331290462e-03,-1.482163594539793149e-03,-1.168076402673419879e-03,2.286329064331727584e-02,-3.799219420658308047e-03,-3.622722247049630414e-03,-4.551937740064791391e-03
-1.227667734012835056e-02,-7.567771596031982496e-03,-6.910762285614483434e-03,1.754884545344314109e-02,7.959100256100961820e-03,1.447918556362433329e-02,-1.323192005139360757e-02
9.930889555134624069e-03,8.361922557074151496e-03,1.866614800779259906e-03,-4.357637714943465856e-02,1.798313172526132611e-02,7.834138439685778277e-03,-2.400319928500458961e-03
-5.641901137536965705e-03,2.097569498659255030e-03,-1.161257427386878927e-02,2.401377188490688708e-02,7.566730229300332872e-03,-3.111370930865122592e-02,1.469011310719047295e-02
1.177620704975210306e-04,-2.950739643135897802e-02,2.608168849981478549e-02,-1.311298181449534021e-03,1.342208801577666685e-02,4.361171485307472652e-03,-1.316401545858784591e-02
9.748817615941532053e-03,-1.410363978711721023e-03,1.567506510862683861e-02,-7.614777294567639902e-03,-1.793701411894378997e-02,-9.170807443119684613e-03,1.070908011077441151e-02
5.020043094630279382e-03,1.413072826468747024e-02,1.585288996593821678e-02,-2.612781156185146197e-02,-1.983420232880305986e-02,1.800350806604146189e-02,-7.045155500642914272e-03
-2.499214417588234427e-02,7.581431501799835646e-03,1.443143162978794206e-02,-9.157162868911468759e-03,-2.891752331682571550e-02,3.996272792685453407e-02,1.091239303177220015e-03
1.631578567772496921e-02,3.234090282123783331e-03,-2.625396757074910901e-03,-2.073664868195613034e-02,-2.432721858465718145e-02,-1.860190658369294692e-03,2.999957872220886113e-02
8.564078565599236859e-03,-4.510098240732548190e-03,4.297510321964933058e-03,-1.065017077157075914e-02,4.062038022793126868e-02,-3.124631760277464185e-02,-7.075382500417554468e-03
-4.280101049863906972e-03,3.093741424016353391e-03,-5.370408769665291696e-03,-3.074124471954178470e-02,1.353092669620704035e-02,2.593229146666225365e-02,-2.165205047814553439e-03
8.951895876071187461e-03,-7.142777789646294860e-03,-1.227310279188104786e-02,-9.262863418787473102e-03,9.928772584017189415e-03,1.364404138912026290e-02,-3.845965848893805310e-03
-2.585891905745103803e-03,-7.745617243685867272e-03,-2.673987817210392737e-03,-1.015924426498179302e-03,-1.462380232012592401e-02,3.131826613161488998e-02,-2.673042418349424586e-03
-1.369519896730459971e-02,1.479196577524753611e-03,-1.685008007048358254e-04,1.025406522454556241e-02,1.956663855059903069e-03,4.021620089235681400e-03,-3.847845978356541959e-03
-1.376411669933656247e-02,-4.322444283736807426e-03,-1.279593966269385735e-02,2.155699154613455529e-02,1.132760797132982902e-03,2.917953741640085669e-02,-2.098678911390111992e-02
-1.267373661679284738e-02,-1.771613270632373940e-03,2.218333466466504325e-04,9.892547231616567738e-03,5.537620716176475805e-03,1.722060768782543091e-02,-1.842725909483986305e-02
-8.672862168261376986e-03,1.829802792139388103e-03,1.949680690948280655e-03,1.032759820881949675e-02,1.568222266432002521e-02,-5.132117498407782336e-03,-1.598432468955808192e-02
-1.668425582084038161e-03,7.336416514191310308e-03,-1.516946352316446769e-03,5.893951184635647621e-03,1.449157071609602542e-03,7.500948135655160186e-03,-1.899510097169116937e-02
-4.840108925221160187e-03,5.447566468099919327e-04,-5.327842931134877703e-03,2.042957230194069121e-02,1.944140972590874174e-03,-1.688850389591005016e-02,4.137985830924589825e-03
-1.402164706926424705e-02,-3.654199594031810514e-04,7.890011080173861199e-03,4.704465284167953787e-02,-1.123927395710693465e-02,-3.100580872828279100e-02,1.697485792203780319e-03
-5.741663891816405595e-03,-3.388949864249999732e-03,7.491062117277113956e-03,2.802615535619956428e-03,-3.152670334708870641e-03,-1.257968572657032491e-02,1.456929216444853396e-02
-1.030901928856941749e-02,-1.075475409023843656e-02,2.315990041901306792e-02,-1.085480881915266982e-02,8.842373114713303686e-03,4.555894265899260512e-03,-4.639585601665078760e-03
1.288577473921778682e-02,-7.718018691058228971e-03,-4.754421452876599931e-03,2.739954707651838343e-03,1.220619374470672570e-02,-2.166484648875812661e-03,-1.319299839876571408e-02
8.063263456699269315e-04,6.298910768297576179e-03,-5.590892602836333887e-03,5.906250650164393719e-03,-6.965670587567137501e-03,1.124362321988732656e-02,-1.169854779361573748e-02
-2.121505673375498335e-02,5.299703359827943709e-04,4.224682706906244048e-03,-1.114941700828158029e-02,3.612069369092204586e-03,2.605120112066916863e-02,-2.053449790613729592e-03
-1.086497227836993179e-02,-2.812341307577066567e-03,5.109792962097013322e-03,-3.372729608985530064e-03,2.168026966619579499e-03,8.223054176469228593e-03,1.549169089746750376e-03
5.834561779017327469e-03,1.293406232863853964e-02,1.767739075325768785e-03,-9.262885558701831543e-04,4.817418993791759696e-02,-5.172509057438379187e-02,-1.605917399064525283e-02
-1.655942013533605664e-02,3.899427650205614191e-03,1.214788148098348841e-02,-1.102625512440849782e-02,3.720255928574392468e-02,-1.793017932487560306e-02,-7.734013832312840696e-03
-2.898537991342511194e-02,2.189703071525618203e-03,1.235630441125332157e-02,3.065120047738632662e-03,2.031220434914804505e-03,4.868836647088896005e-03,4.474195300903867183e-03
-1.107537543029336186e-02,8.735837291931470086e-03,6.811804256682656329e-03,3.182710317596023492e-02,-4.171762496265725428e-03,-2.660490450336880711e-02,-5.522702294646578830e-03
3.869473458584065696e-03,-1.797160343824249248e-04,-1.533586702970427505e-03,2.425345571306726858e-02,7.537966649194195908e-03,-4.368513553605034294e-02,9.737542452557817682e-03
1.454257467522553256e-03,-1.322556569616773273e-02,-8.762566976651536832e-03,-1.062436391217735226e-02,-4.980273797196826252e-03,1.238070129901530474e-02,2.375781161565565860e-02
-6.021981571452354872e-04,-1.345948190691291860e-02,-2.070420115499466140e-02,1.734933155581279765e-02,3.486345810628488362e-02,1.612186065809074922e-04,-1.760812704962571099e-02
1.273374432453754958e-02,-1.478389813939894396e-02,-1.224791299213571528e-02,2.155830840092120074e-02,4.792506565790020934e-02,-2.541732961918288444e-02,-2.976797763264151658e-02
1.760203519365091630e-03,-3.304579854646507841e-03,-6.753508239885538597e-03,1.445680190639022852e-02,-4.591245339471740523e-03,-3.483336463883346764e-05,-1.532838627112675716e-03
3.140814025597809048e-03,1.504382287307443750e-02,-1.824662387225966034e-02,-2.733289627314669512e-02,2.235125044797567004e-02,3.137031901555219996e-03,1.906600897203226258e-03
-1.933386675501647112e-02,6.360892549211413262e-03,-1.411303940500711418e-03,-3.240675802298894140e-03,1.180724426841911132e-02,9.521719518880153790e-03,-3.704009838694558975e-03
-1.939013319468603502e-02,-7.103679712086105255e-03,1.677217982227265092e-02,-1.346456158053225291e-04,1.718340907906500126e-02,6.127014517191134609e-03,-1.345414489595122588e-02
-7.920772085815984062e-03,-8.820066141538287705e-03,2.446326021160326672e-02,-3.373289822661051235e-02,1.846892773374757615e-02,8.429509630561193498e-03,-8.879611219472660242e-04
2.544008189423146993e-02,-9.724915978263568017e-03,-5.514473721861434981e-03,-9.542286870498130694e-03,9.460566203344166272e-03,-2.520127727986001473e-02,1.508230575290750268e-02
3.210598442764976690e-02,-1.223194071999389801e-02,-8.755654216665314030e-03,1.641533157611712451e-02,8.483575241765158384e-03,-4.174799237329437918e-02,5.730696064421555297e-03
1.937760818454711820e-02,-5.204199816176455912e-03,2.895759111273698509e-03,-2.047984553964350002e-02,1.296437224308738707e-02,-9.304187056263164488e-03,-2.495071268251260253e-04
1.458850315925594096e-02,4.431216503146524419e-03,2.686298145979703744e-03,-1.174460987216850022e-02,-9.452598371551433273e-03,2.452148991040917214e-02,-2.503029947507131453e-02
4.465472114730890431e-03,6.622887507546464970e-03,2.019418530751545399e-03,-1.133248565146074277e-02,1.786176253772525646e-02,1.348832844976065662e-02,-3.312538348905403468e-02
2.946923462802475326e-03,1.019637477082958703e-02,2.875848851954677238e-03,-5.491237855529522600e-03,4.012247842903232664e-02,-2.840818898419394944e-02,-2.224219867489571345e-02
3.749791029997381897e-03,3.969923350192568721e-03,1.587848911742538449e-02,-1.313300508996742902e-02,6.084784000917739175e-03,1.106325876018029487e-02,-2.761324116874584733e-02
6.125671528370982451e-03,-2.731881060879425872e-03,6.489732242555867545e-03,-6.003867238343235310e-03,-4.940580397379819126e-03,7.044266115204209436e-03,-5.983341189528593868e-03
1.556907145591144778e-02,5.232994240834472517e-03,-1.187644933524930474e-02,-2.000235655507654267e-02,4.855082015231894019e-03,7.436213164538285451e-03,-1.214554986190294859e-03
-4.585404690444560422e-02,-1.159814048687010830e-02,-1.026252430342253409e-04,5.999486074353657834e-03,1.267393514882674856e-02,4.258222399096212030e-02,-3.700832579792532381e-03
-2.415817445812536157e-02,-2.883793273622143553e-03,1.070643948315033950e-03,-1.001804632626279723e-02,1.614597946270216605e-02,1.818899197337364368e-02,1.654398673619469082e-03
1.806613190918988920e-02,-1.244781473340697726e-02,-2.576993363325339251e-02,-1.978743366920690180e-02,5.241443850527245651e-02,-1.363374879599810879e-02,1.158360417402986078e-03
2.253368897935850712e-02,-9.062931880056490988e-03,-2.944273426349357237e-02,-1.733639404703237949e-02,9.648209243870069576e-03,2.155391910922617709e-03,2.150477005643122719e-02
-1.399471070749363014e-02,-3.886693657954866463e-03,-8.953075866675588509e-03,1.703161544028502367e-02,-1.974990654025688200e-02,1.992970191165062410e-02,9.623069420445353600e-03
-3.565618787602292845e-03,-2.938280712267723246e-03,-1.397195723959078831e-02,2.602130322567914808e-02,-1.141626631843826317e-02,9.957988077511390618e-03,-4.087168245291459417e-03
-7.720644714381392180e-03,-1.010913086992995926e-03,-8.997770128066644515e-03,2.342597055801350775e-02,1.812739201769241956e-02,-1.910211348462929892e-02,-4.721921161635716548e-03
-3.716143541695882905e-03,-3.358242463291812897e-03,-2.593919586942818219e-03,1.071020972304066211e-02,2.489205300116515210e-02,-7.717808856968485370e-03,-1.821614827530679964e-02
-3.816101197392526064e-03,6.037532604771111847e-04,-5.153304567312776661e-03,2.351881636015476507e-02,1.752912970894381431e-02,-3.141338095932225127e-02,-1.268912605548176351e-03
4.224774522105600658e-03,4.429412934225327933e-03,7.524430564879797589e-04,-1.521412571660254488e-02,1.752528569589102345e-02,1.238554121449006234e-03,-1.295634461355641733e-02
3.163118105551928662e-03,1.531848691758746139e-03,1.062148200049733705e-04,3.195821973106567496e-04,6.416685298673618920e-03,-5.493511316271118203e-03,-6.043937797028804161e-03
3.790874323831724523e-03,2.776108012983347258e-03,4.601055976805671667e-03,2.822689870278198218e-02,-1.656535566495508441e-02,-1.774715568534115939e-02,-5.082425666106426751e-03
9.506996490509083417e-04,-1.773400186668405189e-03,-1.260972394926202379e-03,6.745566574630050723e-03,-1.155747273902105535e-02,2.613030459444413197e-03,4.282548637490303338e-03
3.924807533847221412e-03,4.175736028003066000e-04,2.144598500631235850e-03,2.183159192902109011e-02,-8.147383154051416818e-03,-5.703356219758017910e-03,-1.446783219249043670e-02
3.219575419171286784e-03,1.678508007788592250e-03,3.090096251681315621e-03,4.381404006822801206e-03,-1.406572183596327928e-02,1.195590567329237602e-02,-1.025976752279300110e-02
-2.934396199690549826e-03,-1.295088673524487713e-03,-3.635672531777372520e-03,1.120160950828776036e-02,1.591048059150114782e-02,-1.544716044178788723e-02,-3.799772253008647759e-03
-9.377866318908913493e-03,-1.979081473714792375e-03,3.125629702334128349e-03,1.305523924827666112e-02,-4.926895631175060714e-03,-4.025040550868209249e-03,4.128015024056200244e-03
-1.172351294570782125e-02,-6.763090928589802521e-03,-7.602578182378415782e-03,3.422784250589408495e-03,1.934037438274588752e-02,2.437647998431075394e-02,-2.105045656097001908e-02
9.181313568802472111e-03,5.195510904727402776e-03,-3.110005503995704433e-03,-2.407390391494226151e-02,7.294133457795453843e-03,9.197856410278579253e-03,-3.684904922665895206e-03
-7.217479714584163278e-03,5.011149654295685672e-03,-1.601283202212071266e-02,1.846007788541897260e-02,8.806309593658209409e-03,-2.421126255873545102e-02,1.516403716206751046e-02
-1.271265768265724197e-03,-2.435813436561388642e-02,2.409895052584114586e-02,4.545671970697322262e-03,1.079827150453889495e-02,-7.819650839048175595e-03,-5.993843028149571650e-03
2.051839871267029623e-03,-3.256577049108328164e-03,1.810826325959792940e-02,5.158640015438241758e-03,-2.309320696940032544e-02,-1.390539840909297588e-02,1.493643928129839010e-02
5.935485813453590838e-03,1.019850652226458529e-02,1.564364096319491651e-02,-3.380793377479733575e-02,-1.714841542506872346e-02,2.225661024592218845e-02,-3.077894344969253539e-03
-1.868589087334782475e-02,1.444645039723905545e-02,1.718324817902893917e-02,-1.804749609933432863e-02,-1.734709318833931382e-02,1.015915155686573056e-02,1.229163002788782877e-02
6.451629583676795005e-04,4.375055103617251154e-03,-3.823772313867157980e-03,-2.122474039310456861e-02,2.058514109031895495e-03,-1.332391657146333140e-02,3.129369710741822241e-02
7.263409676851470889e-03,3.509452176335766012e-04,-3.882964056349684501e-03,-2.713316747535815185e-02,3.283023702626530760e-02,-1.901966182062949859e-02,9.591201431587049672e-03
-4.061733641140408547e-04,1.379303718479239771e-03,-6.374232055714176837e-03,-4.076921345584357675e-02,1.845744179857030862e-02,2.739328030853886708e-02,3.195930500833408638e-04
1.509364639889137355e-02,-9.792224862858507281e-03,-1.191902525029468057e-02,3.446821048482766499e-03,-6.771583064008951207e-03,5.437122985804255897e-03,4.505242743983722299e-03
-1.080053207168617940e-02,-5.840541944315603452e-03,-1.048663909460037687e-03,9.677084328809516800e-03,1.424051126999938306e-03,-8.595509616366835484e-03,1.518411208601920873e-02
-5.723845662928231381e-03,2.312098237266090733e-03,-3.363544339600872592e-03,-1.630402194993672838e-02,7.385031959718180161e-03,1.133343084632778761e-02,4.360850909153771680e-03
-1.559708537292814855e-02,2.571260801564727045e-03,-3.714729360467796618e-03,-9.955294175600232220e-04,-9.180838883161987962e-04,3.631516647195384695e-02,-1.766099923424643489e-02
-1.139238949956297361e-02,-1.441511513509164365e-03,-3.668121538949724466e-04,2.414921954385954375e-03,2.913631650820374883e-02,-1.195199735538922045e-02,-6.398527940233407832e-03
-7.605629041372902535e-03,-8.894530550372181307e-03,-4.653099408414402508e-04,3.041355858860392454e-03,1.029230782408915162e-02,1.024458406006879124e-02,-6.612778210431825322e-03
-2.137866086591676956e-02,4.176529479947967659e-03,1.371164027713212387e-03,2.101574268892594799e-02,-5.504450759305429437e-03,5.757175156985977829e-03,-5.437499728350852872e-03
2.706954497270946339e-03,-3.877326514942446272e-04,-1.737712618688125321e-02,7.192012975678193851e-03,2.239249112583800716e-02,-2.540137794213580963e-02,1.087477818172419980e-02
-1.705623621663950734e-02,-1.975009640219761980e-03,1.349196838826368164e-02,3.657138060956013903e-02,-3.357884274538235764e-02,-2.527815270128766240e-03,5.074554874546402528e-03
-2.354872959565064081e-02,-1.183784584363990582e-03,5.949646525854147827e-03,1.993640232330017026e-02,7.146661986823184265e-03,-1.100004489977037848e-02,2.699848243807495378e-03
-4.513739956261548364e-03,-1.384374794394267879e-03,2.373644809156535019e-03,-2.435969025761638984e-03,-6.713118182368288563e-03,8.887057469291028203e-03,3.786499680338208541e-03
2.623562426703444569e-03,5.609827531488226215e-03,-4.851417121946390715e-03,3.043114255221981979e-03,-5.972219553386769533e-03,-3.006880540427212065e-03,2.554013002346726489e-03
-2.975910986476573185e-03,1.084993596644164655e-03,1.889991980782012790e-02,2.338994429517010122e-03,1.551767256156080278e-02,-2.854759685998067495e-02,-6.318072549084844530e-03
-1.065722412686071971e-02,-3.015213006498044818e-03,8.472628924415331886e-03,-2.935927838024002257e-03,1.697997156331566317e-03,1.553803899290481273e-02,-9.100300102268889940e-03
-1.121908734321660529e-02,-6.540373051173995096e-03,4.318302871440420250e-03,7.992500713359768430e-03,2.304381692976054108e-02,-2.405206053110280420e-02,6.456900410932698252e-03
4.797011625925076857e-03,-2.557176050855776168e-03,9.562360775601259216e-03,-4.143457511625390187e-03,3.754173377386298832e-02,-3.771515753395427578e-02,-7.485315078953803762e-03
-1.232447422411088282e-02,1.808080055665023584e-04,8.360129908551377359e-03,8.033108624631780936e-03,1.533025137924835628e-02,9.295412541377376381e-03,-2.887523623526452171e-02
-2.296542934846431197e-02,-2.592184241694534159e-03,1.331894366056848161e-02,-1.354639480077163283e-03,4.612072088461567979e-03,2.266414802234176587e-02,-1.368291070113582253e-02
-2.467486661195417066e-03,3.381035371594140557e-03,1.171755762666966579e-02,1.657681339014528341e-02,-2.620630922675420971e-03,-1.242086587950828880e-02,-1.416642292502997766e-02
-2.896718468091578035e-03,9.899769498520243419e-03,9.694199976992320944e-03,2.155348873555525731e-03,5.316128273985003781e-03,-2.161710424509341241e-02,-2.551623909868014524e-03
-3.854852892818793914e-03,-3.798954627587391563e-03,-2.865636375508368288e-03,-1.243299859456865365e-02,7.893931556869463601e-03,1.843277211291375478e-02,-3.374261179300012264e-03
-6.646923986424091609e-03,-1.333911965900032998e-02,-1.376104836582173543e-02,1.326505635220567338e-02,3.033475758406743022e-02,8.485959216980665590e-03,-1.833868114200759222e-02
5.501579087706922819e-03,-8.698060680187517935e-03,-2.573885573580073777e-03,-7.299971633068559965e-03,3.446550055023120396e-02,-1.353443854984161601e-02,-7.860723201260390314e-03
-3.394136971859857527e-04,-1.842272073482689601e-03,-2.314790544995231486e-02,2.726793930785267536e-02,2.046653985481999838e-02,-2.050495924007377999e-02,-1.899928701977896981e-03
-1.599038511325996323e-02,-3.589632699785163129e-03,-1.532996970099110255e-02,-1.712970930791719859e-02,1.771887194952634012e-02,4.229995414656521902e-02,-7.979129274138158090e-03
-3.060265449967526294e-02,-4.364024881166233064e-03,9.513242345958016887e-04,-4.706793619945335433e-03,4.349696846758904778e-02,-5.312207220446764355e-03,5.373875190486180611e-04
-1.672651555340471524e-02,-8.302232963725274598e-03,8.473977016294025749e-03,1.380190340309065756e-03,2.456279212652473162e-02,-7.278192891743457890e-03,-2.110018074254435896e-03
-6.971381082902075414e-03,-4.461359195649309932e-03,1.825249753121382240e-02,-2.158832169285734154e-02,1.798259776354386996e-02,-3.615357759479965061e-03,4.013244361309893367e-04
1.445362648952813051e-02,-2.985375421115572282e-03,5.948235735157367775e-03,-2.482821473394135683e-02,-8.844665198244953258e-03,1.498131612746159483e-02,1.275077001154723130e-03
2.533994790103838782e-02,-1.404431608228077707e-02,1.250893574443300319e-03,-1.289916937347913330e-02,-1.163415459496320269e-02,1.046766982363547815e-02,1.519128751606020275e-03
6.156558476398068039e-03,-6.375132206368512057e-03,5.056678541218326446e-03,-3.084594976208857725e-02,2.455556465272274239e-02,-5.884112298681931988e-03,7.336392596799961620e-03
7.872282013174211265e-03,-5.455235975155046458e-04,-5.713995348651243651e-03,-9.444798836021498032e-04,-1.156118062868240030e-02,2.896295533904070379e-02,-1.807005789376361221e-02
2.579132894610560583e-03,-4.708180680200566189e-03,-4.171301004513152202e-04,-3.192706408839544874e-02,2.131839251882034977e-02,3.642476598211417949e-02,-2.326991652649782957e-02
2.375968637810406923e-03,-1.065980326033731922e-03,2.749445396801095988e-03,-2.159522390598275082e-02,5.456962408232684386e-02,-2.526291664882170801e-02,-1.177091723610019548e-02
-1.119480838337157027e-03,-1.245316814757284340e-02,8.147369066626051690e-03,-1.142444589050770065e-02,8.264227860721926749e-03,2.167139142602155649e-02,-1.308589347695180045e-02
-8.854496099244102414e-03,-1.147438124939538159e-02,1.483679423054285428e-02,-2.065042109833330371e-03,-5.645134128873227630e-03,1.280636779134865753e-02,3.958915654544775610e-04
2.864300318088936273e-02,-1.644146501904200294e-02,1.009778603074138609e-02,-2.388417673527808843e-02,-1.068342199814516745e-02,-5.304489757814030183e-03,1.757276429864858963e-02
-3.927204754193126118e-02,-3.100071952010029653e-03,-5.556509110030290709e-03,1.708136796407859828e-02,2.587754827337662624e-03,2.677701876977605158e-02,1.482487042779218967e-03
-2.415744268450555413e-02,4.133228020044561572e-03,-1.566157439183950588e-03,2.233745407307277837e-03,5.293161811300227740e-03,1.221955074513110182e-02,1.843914139906530037e-03
2.229847344565843992e-02,-1.547598178476231393e-02,-1.632961107858440369e-02,-1.470130296173255240e-02,3.587069085656557910e-02,-2.495932081317524254e-02,1.329705233603057681e-02
2.135643346044080806e-02,-1.276835681945925026e-02,-2.922236680894352637e-02,3.065541721860107899e-03,6.873224503063507344e-03,-2.935427117362528985e-03,1.363095106040093651e-02
-1.482259821155799441e-02,-5.488202430383124289e-03,-1.243840033252949229e-02,2.038918204768679771e-02,-1.962748726032121846e-02,7.734700568707468873e-03,2.425280561839764440e-02
-5.106390795640426521e-03,-3.110565959738292776e-03,-1.148783356156531966e-02,7.322210769477123515e-03,-1.741913236876980802e-03,1.446274065537209511e-02,-3.382478710282337681e-04
-8.991394315133068721e-03,-1.584129613835566237e-03,-8.308972609601131265e-03,1.732621735389432843e-02,5.795465604845409513e-03,-5.888626653196634905e-03,1.651440233026677928e-03
-4.953496201803042100e-03,-2.719815130700456961e-03,-1.886817687085606560e-03,-5.532386432625924048e-03,3.943037524621432338e-02,-8.502328457858993743e-03,-1.583553133614038627e-02
-5.022107848622827005e-03,-3.854476898231144538e-04,-5.947169071508245052e-03,1.697902009400565834e-02,2.104952690353297309e-02,-3.315975446798564985e-02,6.485932080401148221e-03
1.755350406246877857e-03,3.531242634383440285e-03,5.210528309149079895e-04,-1.251609887494600955e-02,1.328809072117451487e-02,8.700842970996870013e-03,-1.528048068877057089e-02
2.490778303965612145e-03,2.915730868074399313e-03,1.286171220640544913e-03,-1.731624978133328510e-02,7.556624945155007711e-03,8.849823217461735836e-03,-5.782878773964062087e-03
3.107354689961342505e-03,1.896911363187465385e-03,5.189877620071265893e-03,3.363175543021296177e-02,-2.283741455052087227e-02,-1.858322100258512702e-02,-2.405263550327109336e-03
1.151406381470619199e-03,-1.029074537975346176e-03,-9.898941385047029928e-04,6.136810337451509799e-03,-1.173086284911387805e-02,3.151041926320760048e-04,6.146510614039695820e-03
3.798681539915276482e-03,-8.199173570799410046e-05,1.656531698538628999e-03,3.052044536449572895e-02,-6.650804483201008463e-03,-8.500901579171818087e-03,-2.074196080486881422e-02
3.048124946828528921e-03,1.901935060120380026e-03,2.837324368644280042e-03,5.467207544769070969e-03,-1.582335785493810959e-02,1.110834764640264080e-02,-8.539581711826751270e-03
-2.882193200317973054e-03,-2.262659714863123755e-03,-5.237982146887380265e-03,8.209094979657239124e-03,1.917349447720570824e-02,-1.156782408221143470e-02,-5.431930312583034721e-03
-8.560749228761229887e-03,-7.277737650834602626e-04,6.207498896352399952e-03,1.219789335919911621e-02,-5.960645262653105521e-03,-7.116248828905193981e-03,3.960024829851492567e-03
-1.341978450743263641e-02,-7.710163700318900006e-03,-8.012915079491785345e-03,2.689810619886342288e-03,2.603517447316090749e-02,2.121233627438913125e-02,-2.079445808019294087e-02
9.954568382608710783e-03,4.632171683055900067e-03,-4.807247393787386115e-03,-5.249124965993842186e-03,4.989976166755115058e-03,-1.129196220255519051e-02,1.771618329916775083e-03
-1.710288076182379935e-02,5.525733931515366265e-03,-1.597298954305283181e-02,2.597814253226003040e-02,1.588840204384714405e-02,-2.679026053275262303e-02,1.247385233000663368e-02
-8.788319480285817359e-03,-1.349089560633089449e-02,2.606268743093992368e-02,1.866066537776386565e-03,6.737399942218727121e-04,-3.198626317201171566e-03,-3.124652559120348009e-03
-4.763506341193451780e-03,-7.039701801763115739e-03,1.569578577095195188e-02,2.812382202404005785e-02,-2.428149623209938449e-02,-2.431945728755003158e-02,1.658455386761396519e-02
7.851034934683968902e-03,5.402973836625507738e-03,1.677745716407750068e-02,-2.310836130938128882e-02,-1.551690089008134384e-02,1.396194297707103495e-02,-5.368146712995358789e-03
-1.227391502655375381e-02,1.060412233594035421e-02,1.090486870544877043e-02,-6.406280710692720259e-03,-2.080634481846807896e-02,3.054146995407507493e-03,1.492340251891788663e-02
-6.166141467541339394e-04,6.360748175384078190e-03,-1.311721617218991956e-02,3.349901275604459465e-04,-1.138677202420053554e-02,-3.330888432668792018e-03,2.175575247286886879e-02
-2.598194651093807192e-03,6.283055162708808296e-03,-1.857243196354137335e-03,-4.819463915682097033e-02,2.352596715014280970e-02,2.086097942579523759e-02,1.980075265622057313e-03
-1.610541688428930292e-04,-2.154677940932992787e-03,-8.067682785805668430e-03,-4.838521159150885320e-02,1.491420874651822569e-02,3.951746921019433367e-02,4.336948530377747121e-03
-1.636629463513289418e-02,-7.987861560859843557e-03,-4.856913346275926364e-03,-1.564115331208230583e-02,1.082854873719445860e-02,2.337100663489119837e-02,1.065266748226538496e-02
-2.577705743394961488e-02,-7.100247735265846107e-03,2.828698790363104107e-03,-3.664510530906352898e-03,-7.180245898079648005e-03,6.417220556419564459e-03,3.447614225141874822e-02
-1.563943339423407713e-02,-4.744800492819055936e-03,3.064115484133196708e-03,-4.112765933797072476e-02,5.654957785865491124e-03,4.531677508256581194e-02,7.476044872459324669e-03
-2.926885835529093385e-02,9.044885179623434954e-03,1.423918517292905792e-02,-2.239613952739637551e-02,2.079409700002169195e-02,1.786294241996446222e-02,-1.027611188985135676e-02
-1.285411228946539870e-02,-9.441378499571377592e-03,7.370107880461823115e-03,1.635820177523487559e-02,2.411702189929519971e-02,-8.210925041614504372e-03,-1.733891572434059086e-02
-2.227934815310677122e-02,-9.533089517749015335e-03,-2.667920806959747562e-03,3.031357707426641027e-02,3.377217932738932598e-03,5.618077290923139712e-03,-4.828513820112960604e-03
-3.166860810608999183e-02,9.870765282977013444e-03,1.998477028666375069e-03,2.213778998861362299e-02,1.325810938381574017e-02,-1.366258546239466735e-02,-1.933948115588015942e-03
-7.605949715277465599e-03,-4.917796723181547085e-03,4.845187461936068321e-03,1.866476838129665569e-02,-7.554067472033651996e-03,-1.517130629067044156e-02,1.173916435793038830e-02
-6.667594414239626753e-03,-9.208265771295671628e-03,2.361801701221396231e-03,2.368196928926227449e-02,-9.626110550182233327e-03,-3.728466733462155753e-03,3.186666478696028888e-03
-1.738754293552332783e-02,-9.259485312015858921e-03,-3.428382162223182154e-03,4.468225941781415328e-02,-1.750596101329509550e-03,-1.663094257334567921e-02,3.774689666623340639e-03
-2.247673018084475616e-02,6.448175092022506369e-03,-1.270048375928600412e-02,1.922034358108061156e-02,3.912163571022400990e-03,-3.474519805087278226e-03,9.071051501092552982e-03
6.150319795659918605e-03,2.547411472442205616e-02,-1.399736011076264768e-02,-1.948237647807278192e-02,7.384396200420998910e-03,-5.986824282844476104e-03,4.577301511769156007e-04
-4.630512406447573337e-03,8.885103057912733734e-03,3.039007486542525272e-03,1.091637335250400477e-03,4.571538574778706392e-03,-7.700753533257980593e-03,-5.256020514778790044e-03
-1.505811205305226767e-02,-3.710799533342720117e-03,8.074892673415628996e-03,1.417292670428203089e-03,4.423819436272282551e-02,-1.056378412152205078e-02,-2.439768399864967324e-02
-2.334562470002186137e-03,-1.331802192631644129e-02,1.216197764253860482e-02,1.346385148417472179e-03,3.010973397355391767e-02,-6.233191580197859280e-03,-2.173232078799352401e-02
7.845766007791498894e-03,-2.520417981816642713e-02,9.209556495732851289e-03,-1.457008558017676599e-02,3.231758223268581948e-02,-1.779481559372447785e-02,8.196176255857418047e-03
-2.803036880587101896e-04,-2.582630141218609024e-02,4.496856954764237753e-03,1.286625117521905323e-02,1.831272460774587690e-02,4.461882179696282508e-03,-1.403110981718065989e-02
-1.762693888419044480e-02,-6.939519878814784729e-03,1.188717846770665464e-03,2.315070987263681546e-02,-1.559332365290096211e-03,-3.105223266375186503e-03,4.891586675262995544e-03
-2.592571474524771585e-03,-4.720128690090888597e-03,5.142229072955576373e-03,2.472949321693619987e-02,1.117970242600193308e-02,-3.351006688455528820e-02,-2.286576667227938661e-04
-5.658950567450618009e-03,6.257952507319141343e-03,2.088668283859461752e-02,-2.477834100839610906e-02,1.849583633862337748e-02,-2.423092618071859272e-02,9.027746072028294474e-03
-2.250766630766661957e-03,-4.761047210683730683e-04,7.246486411324515146e-03,-5.265189940411476970e-03,3.095954198311189997e-04,-1.805882424273383066e-02,1.849480370382475952e-02
-3.795600432248598562e-03,-4.971749126149433047e-03,4.124426082566753937e-04,-1.083790897614984525e-02,2.270905425242709594e-02,9.435051703155219668e-03,-1.295129002929108417e-02
-1.196913230037506548e-02,-2.858859872806606989e-03,-6.513516850178846388e-04,-8.176951225263391285e-03,2.143777709731431447e-02,-5.607458651481761827e-03,7.825976637630380900e-03
-1.379117199672281677e-02,-9.359155765990466447e-03,-1.899273330589632686e-02,4.321365939478817586e-02,-2.460353621073218741e-02,2.956628196830138680e-02,-6.033344083747935183e-03
-2.995032656248404132e-02,-7.105339062589294437e-03,-5.029261485230384666e-03,1.165382912176492203e-02,9.564238385110893775e-03,2.739948424018153264e-02,-6.532624636753510926e-03
-3.640051911066985446e-02,-4.571098132179326513e-03,8.902211930284076704e-04,5.435060922376798442e-03,7.822286024021182088e-03,2.812276542993427317e-02,-1.298716326511287732e-03
-1.562076374078664141e-02,-1.268697698099504646e-02,1.342260499846542610e-02,-1.808512657206341745e-02,2.032251537011528497e-02,2.287566052878979995e-04,1.241899031997652572e-02
-7.419357626501432235e-04,-6.403835140735531818e-03,5.319158335303087425e-03,-4.283887587504116648e-03,2.999664056982430382e-02,-3.314970716113167098e-02,9.263566746894056139e-03
1.252166569011807506e-02,-4.266951988580652833e-03,-3.311572191025584280e-03,-1.610739737041839981e-02,1.649104805629378681e-02,-1.330930768674346530e-02,7.982515490356235574e-03
2.817998393946834212e-02,-4.078795260320749842e-03,-1.340771889363653359e-02,-1.070748912111038793e-02,2.503684387729871672e-05,-1.244816404543455483e-02,1.243714653715666772e-02
-3.118871592002816183e-03,-2.784922752904049441e-03,-1.451301193662201706e-02,1.363832887073636270e-03,1.762117824186459208e-02,-9.171957792459281902e-03,1.060375294504992995e-02
7.493285591834137173e-04,-5.044082180583457989e-03,-2.053312440581473927e-02,1.953570604678925987e-02,1.082859689319958137e-02,1.244500941502291180e-02,-1.798143432779703357e-02
-1.325711559809352597e-02,-1.061543557355615341e-02,-5.653757609678727132e-04,-7.827471412983835405e-03,5.566758477183648274e-03,4.256043651874089062e-02,-1.586179665032318511e-02
-1.772672503903883340e-02,-1.203690331206457714e-02,6.242607129621483529e-03,-2.040486506417530863e-02,1.918793657941180592e-02,3.719910480825543153e-02,-1.246115510201000441e-02
-2.682901836227046671e-02,-1.384544589485295872e-02,8.857700344688317420e-03,1.131319116209271967e-02,-1.740358549276240386e-03,3.192688666398078162e-02,-9.682955364362030165e-03
-1.491221829414279658e-02,-1.076562601752921455e-02,2.253562416396389170e-02,-2.665760299509713563e-02,-1.632644417341612766e-02,3.913685065113338413e-02,6.989416665087982983e-03
2.663372519757383622e-02,-1.452187488491527012e-02,1.498597353426486985e-02,-5.158349269863055087e-02,-1.197110108602180215e-02,2.213688786443508087e-03,3.424308115128560370e-02
-1.172627685267371885e-02,-1.249459003758740354e-02,-3.325562589166935947e-03,3.540507577225213837e-03,8.157499221718881449e-03,1.686219352228898391e-02,-1.013770841805092639e-03
-1.296618191468318707e-02,1.411416621319019037e-02,-1.399535783188080897e-02,2.339402004612069381e-03,-1.535084231496737853e-02,2.406097135041977003e-02,1.797842493309343695e-03
3.662122231195629601e-02,-1.659697732992684166e-02,-1.545862078891660496e-02,-2.262986919096223251e-02,3.232459818470390100e-02,-7.666837186693795970e-03,-6.593516000160544108e-03
2.207714557704225367e-02,-1.498611300789872910e-02,-2.700399682460937617e-02,1.637169612303356406e-02,3.264685276152327377e-03,-1.659205507808027974e-02,1.686863793436018180e-02
-1.034149449187729899e-02,-5.221315316293891062e-03,-1.252982772707297333e-02,2.674059511571481515e-02,-1.359905131402841527e-02,-6.121468074012884064e-03,2.107256180757063890e-02
-4.832049314099370364e-03,-1.849118944080388374e-03,-6.577757311600623824e-03,1.965713658464347466e-02,1.852683366214518887e-02,-2.596785689584939216e-02,1.042812218841139603e-03
-1.122199124678418744e-02,-2.058234609976094739e-03,-6.462023894837090610e-03,2.138011468113468064e-04,1.286075930036487298e-02,2.898651185782209630e-04,6.377824185843005735e-03
-3.868055493703021624e-03,-1.683219693652671014e-03,-2.330019173656848464e-03,-1.508884509577093679e-03,3.703998847374228437e-02,-1.417478685819203825e-02,-1.347502274496058423e-02
-4.625769276696291808e-03,-1.969805585948173048e-03,-5.020701226586709275e-03,4.028316115501349472e-03,2.195209938967923255e-02,-2.447362056493283811e-02,1.010948114898346795e-02
3.411383975973845397e-04,2.898960784776810282e-03,7.695748452978619543e-04,-6.907900313994617437e-03,9.617935068378422048e-03,5.139230933514028939e-03,-1.185893971556986788e-02
1.918660494792711561e-03,3.183488349221464189e-03,2.159732300373672694e-03,-1.244400043076195929e-02,6.527356238740498508e-03,1.356998462384345801e-02,-1.491522157620983093e-02
2.940721850435266353e-03,2.172053300567229703e-03,5.473043011578061778e-03,2.963921576046090259e-02,-2.143990382024457686e-02,-2.097037448295073145e-02,2.185244380153961077e-03
1.309111847003220554e-03,-9.510496666495902749e-04,-1.343868239994513861e-03,5.239217644712862963e-03,-1.113743560952693522e-02,1.513708551078181029e-03,5.370315473376770579e-03
4.085782959082654917e-03,-1.200751159483493587e-03,2.131214377723560094e-03,3.631424307217651082e-02,-6.877905310756632362e-03,-3.815997772781269757e-03,-3.063658616596137696e-02
2.558493278758490475e-03,1.088072163886885440e-03,1.762483209967571993e-03,1.210393672803609932e-02,-1.783108762029972719e-02,1.040396295899347588e-02,-1.008586071934283214e-02
-1.619487577738560301e-03,-1.909203048641903381e-03,-5.885047997915569644e-03,1.259329869956959946e-02,1.960587406063074925e-02,-7.399967769256341268e-03,-1.538546636664794333e-02
-9.891570434048244098e-03,-1.327338925602551158e-03,3.716838034567884232e-03,2.508850877402596727e-02,-3.716748957400938230e-03,-1.139289186356241129e-02,-2.476796627979629527e-03
-1.561091834654809024e-02,-7.988789234347227000e-03,-8.391544401116984159e-03,-1.013684979430751025e-02,3.461502857492201879e-02,2.882795293094865541e-02,-2.131487972955083826e-02
1.727117990838299144e-02,2.918680122280004150e-03,-1.072827687695012723e-02,-7.269453670937065827e-03,1.540120323092766808e-02,-3.350863112632123525e-02,1.591529841261778155e-02
-1.688838208566608226e-02,5.912872502665060190e-03,-1.319991888603002858e-02,2.349116792844167106e-02,9.653444025618854868e-03,-1.727129316724144645e-02,8.302109682211926064e-03
-1.179848211664494446e-02,-7.091783171440281400e-04,2.311509805219922470e-02,1.901721217792689406e-02,-7.475128165176743097e-03,-2.068974712449887093e-02,-1.459774506661385860e-03
-1.227859505397181118e-02,-7.337968459061539918e-03,1.364315381732114467e-02,5.027383914732316134e-02,-2.276232611409585369e-02,-2.909432600348744319e-02,7.556222665972404419e-03
9.464809975693917396e-03,1.223369541316710182e-03,1.752569357297856234e-02,-2.090561672318642580e-02,-1.990314041433441372e-02,1.512079943117917123e-02,-2.525915383647457657e-03
-7.433631273868972211e-03,6.426276688332523655e-03,6.699028766661423683e-03,-7.095813125781827739e-04,-2.747390756741239278e-03,-7.106063085953020012e-03,4.871360974147522123e-03
5.122612337022590737e-03,-3.763530866505695522e-05,-1.317405557044408308e-02,-5.199634842565434810e-03,-1.621179137290752748e-02,2.365270063724873514e-02,5.847804120310752529e-03
-3.181425194703553939e-04,-1.709949168121740538e-04,-7.507007666012294363e-03,-3.401637578747668169e-03,-3.324633102259663426e-03,1.929585907218775778e-02,-4.573443288885621107e-03
-5.086812224925469327e-03,7.662099452258424844e-05,-1.088367512557849616e-02,-2.290396626658364534e-02,-1.277214542989203901e-02,5.931335481084855366e-02,-7.743376758391280930e-03
-1.867065077779498511e-02,-4.460120282011457299e-03,-4.277772027754951113e-03,-2.269449721184509106e-02,-3.280939628301818203e-03,6.070985518997815134e-02,-7.325875262269790876e-03
-6.429180427276011064e-03,-7.681765030754277718e-03,-1.345136778531933267e-02,-2.215497471360571707e-02,1.716842943284870027e-02,1.104077444977157735e-02,2.150808407433514938e-02
-6.327082991577071686e-03,-9.514722240195014683e-03,-1.576712202263149190e-02,-1.804068402638899643e-02,1.809400994991923473e-02,2.957879570919572446e-02,1.976805621677555237e-03
-3.012071279930109147e-02,2.485007749686339498e-03,4.733384394773689635e-03,1.320245525709244909e-04,3.414795067872696682e-02,-5.753819858364775386e-03,-5.623834718092046193e-03
-2.652304772234085825e-02,-8.701188040186434366e-03,1.200470895021573531e-02,2.721012628957713772e-02,1.889267961006212485e-02,-3.558743901954551474e-03,-1.932453518537305751e-02
-2.817383849247688532e-02,-1.544805336200328868e-03,-8.776790697748563380e-03,3.676566416254727770e-02,1.568874670059190735e-02,3.177920959012528121e-03,-1.713689729572610149e-02
-3.323778708259517850e-02,9.996020160917110792e-03,-1.083037320936477716e-03,2.065868261750816726e-02,1.617958897748422763e-03,3.862934145740470632e-03,-1.814771418382418733e-03
-1.142150783551207187e-02,-5.341362145620419041e-03,3.762555665160087059e-03,1.950223490171938689e-02,-7.990986098837131457e-03,9.307400181833627977e-04,5.583254949067961324e-04
-3.103270246903228318e-03,-3.464983360776510701e-03,-3.429727547872733328e-03,6.138870964836924161e-03,2.616224690601218900e-03,3.037066389387044034e-03,-1.794180889272735131e-03
-1.701767844659740972e-02,-4.945524777855194939e-03,-9.926994273493819354e-03,2.909102664095238044e-02,7.377421968801084820e-03,1.189425956002337220e-03,-5.767677067809319491e-03
-2.516353219113151921e-02,9.639079709302891428e-04,-1.769425258581989666e-02,2.310537915762799974e-02,2.500491118765412607e-02,-2.153811936816431988e-02,1.532170582890322874e-02
1.267877073055021821e-02,2.083789120124443506e-02,-2.256516546644766683e-02,-3.070047314995883597e-02,1.837263958813923834e-02,-1.340205868046378396e-02,1.477839577693643332e-02
2.297495706526623323e-03,1.479919813490127717e-02,-1.113699236729481096e-02,-2.681674213869210746e-02,1.463459292032925213e-02,5.040417451490449355e-03,1.182030292739277844e-03
-8.194622058132597408e-04,-3.096541686840140715e-03,-5.460853316587012569e-03,2.349839704129549553e-02,1.814334172221244990e-02,-3.328183778126616709e-03,-2.893669777614097521e-02
8.214456769773096148e-03,-1.234177229598375572e-02,-6.049164959653343873e-03,4.545387324953836967e-03,3.327374794566895222e-02,-4.485682489676402242e-03,-2.315697229508239738e-02
2.937671328878001947e-02,-2.461854485255814823e-02,-1.341794071364413483e-02,-4.554990696956224584e-03,1.022277609858562690e-02,-4.818612193925302795e-03,7.810599069718201365e-03
7.073958368453875899e-03,-2.065344631159889838e-02,-8.670789479431862193e-03,-7.243525610686681352e-05,1.512320109689388285e-02,-5.259832469271074999e-03,1.245934405106081250e-02
-1.535219163696019580e-02,-2.595553469943298261e-03,-3.339268192904139548e-03,5.056161380980027896e-03,-1.504477015898162719e-02,2.576625127372662513e-02,5.509370804082638559e-03
-9.690751234675339110e-03,-1.983525848617740187e-03,-1.367645416368704937e-03,3.026533466659852081e-02,-1.206605729197556508e-02,1.508852569602004562e-02,-2.024588057098128738e-02
-6.154804116083042315e-03,5.812989087891990737e-03,7.623873652908538627e-03,-5.347464049362144270e-03,7.292581943084320076e-03,6.559287503902655079e-04,-9.883105268829926737e-03
4.439340166868692428e-03,5.928732244911014354e-04,-4.298951048457371436e-03,-2.788791792471042100e-02,-1.432893406702975304e-02,2.326477019867327634e-02,1.821881945016455562e-02
6.008872491776388880e-03,4.880187662944386042e-04,-1.559308107682918013e-02,6.303512254434810724e-03,1.282209031603950486e-02,-2.489768451536387289e-02,1.486827176364785216e-02
-4.072637712981059220e-03,-5.292184767829703589e-03,-2.117170225270937484e-02,3.016119591796400864e-02,1.083531509503725225e-02,-4.798877662519368363e-03,-5.661108616961773969e-03
-1.471405330283583231e-02,-1.086176881194184443e-02,-2.053348083979903912e-02,1.690510375531880174e-02,4.082004137818321179e-03,2.995163219077569272e-02,-4.829437129336085037e-03
-2.978187060015331095e-02,-7.274612004760032391e-03,-1.942437185624945953e-02,2.482744838972153131e-02,4.721998224607083620e-03,3.410277601554779353e-02,-7.171368168713446005e-03
-2.787833903172843436e-02,4.319421769085798890e-03,-2.656611064988530571e-02,2.415672305065178632e-02,9.636565973472475954e-03,-5.389500171083810506e-03,2.172123905948753972e-02
-9.629719561729796484e-03,6.388151490019806098e-04,-2.902294803982330418e-02,6.514731833199454043e-03,2.220921685897173439e-02,-1.124375797671312883e-02,2.053366173709301676e-02
2.545580359507161865e-03,-7.349876449824465849e-03,-2.371846248120344780e-02,-1.335293070173835042e-02,5.050235928216638415e-02,-2.042998517854980461e-02,1.180331516964241642e-02
4.098578135387609400e-03,-2.620196576306739293e-03,-2.694501059254280143e-02,-6.017144721249299312e-03,1.951549895632766207e-03,2.710797603450710441e-02,2.424247824571269371e-03
1.876574595100321749e-02,-2.369669581940645441e-03,-2.782172436717192734e-02,-3.251727257662880705e-02,7.892241623549822380e-03,2.763971235388124059e-02,8.410966597307053400e-03
-1.126525672417930807e-02,1.533868493925972252e-03,-2.566536822431179921e-02,-9.752660787294200120e-03,-1.248706600893358110e-02,5.168595808573404893e-02,5.950525165058955131e-03
-2.883572983591203148e-02,3.931913963903592782e-03,-2.580605935523339403e-02,4.158494908266989476e-02,-1.025639487179259846e-02,2.426171914363012619e-02,-4.880398127265671293e-03
-1.991352322524204618e-02,6.155165367207234006e-03,-1.611937971469588199e-02,-3.168576952108072969e-02,3.527308925854725358e-02,4.156800047334743148e-02,-1.527758263808332885e-02
-2.547234222802995801e-02,9.810650823035890061e-03,-2.230238377684826395e-03,-2.901009605349180731e-02,2.011219816689746587e-02,3.848090645753855787e-02,-1.169107878826536329e-02
-4.401884333932477855e-02,5.998644131869361809e-03,4.128973320662070873e-03,3.665675901886546097e-03,9.972079586447120045e-03,2.584795298391094273e-02,-5.594482585451338030e-03
-1.541788315400296865e-02,-1.955028671059535778e-03,1.345274557533790785e-02,-2.422186814296119553e-02,2.538751439796481033e-02,-1.577869882099895054e-03,4.332389876820885721e-03
2.826372080702916831e-02,-1.067385882186942109e-02,9.540458273254058194e-03,-5.414657735890772428e-02,-7.335402485709963984e-03,2.348088347185235333e-02,1.087077611435142976e-02
9.826590653061113064e-04,-2.264659781328216825e-02,-5.369256019068719028e-03,5.584283923515990893e-03,1.327502551038651276e-03,3.445753009534825717e-02,-1.433612180285821595e-02
5.779054648512136835e-03,6.172000951352959487e-03,-2.583588346777700509e-02,3.736992737262633934e-03,-1.854666349317766333e-02,2.797737738612012665e-02,7.171212377068230098e-04
4.109452256845154416e-02,-2.058720073555294836e-02,-1.297214241882103415e-02,2.469180523220692539e-03,1.214434264643681795e-02,-7.002073988239414931e-03,-1.514662859549565158e-02
2.262717352299973769e-02,-1.172766596147832401e-02,-2.840447312721110229e-02,1.031328803021908623e-02,-1.236791971797823048e-02,4.464904928953048607e-03,1.509469232449590914e-02
-1.097754772683895083e-02,-4.689139512044931783e-03,-1.347173582511460542e-02,2.682448579378197279e-02,-9.854046310422765603e-03,-1.280810625576683098e-02,2.497608983640612138e-02
4.731039373720526998e-03,-2.574537053024324521e-03,-9.450195121732164055e-03,1.766656371573274362e-02,1.756108139021194444e-03,-1.300437968871374049e-02,8.754006349957414550e-04
-1.262670960423381387e-02,-8.249203576389477904e-04,-5.627172516863532606e-03,7.511940775911899772e-03,-9.515489808503636892e-05,-1.903395385486612249e-03,1.356541198639604068e-02
-1.980607012732432410e-03,-6.859148254160067366e-04,-3.924027383071320395e-03,1.556071679537513255e-02,2.857654256180664279e-02,-2.986264723677136551e-02,-7.684062899190663952e-03
-2.313147444681331460e-03,-2.608909259631728410e-03,-4.110021512098615409e-03,1.144643202772550362e-02,1.373637287733472934e-02,-3.083907429194275227e-02,1.468834760329421410e-02
3.130012603686978820e-04,1.091840437559341362e-03,-1.319608655195675330e-04,-6.870759007894757702e-04,-8.467685019765171239e-03,-7.594663745846763452e-03,1.547654383399293433e-02
3.454035224222855825e-03,2.791956981348289908e-03,3.366584334722110428e-03,2.255665967305866496e-03,3.293478187308565217e-03,1.177569724672097341e-03,-1.633929041957976613e-02
2.879608774917250674e-03,1.547499925355622780e-03,3.716340147619524078e-03,1.941733680380780536e-02,-2.204437216595355603e-02,-7.685786412922720329e-03,2.169372927176042680e-03
1.050300198195815550e-03,-1.531154113723757690e-03,-1.975308153751458885e-03,1.531741251370493696e-02,-1.288191034036572681e-02,2.114389031345730854e-04,-1.907790071944123539e-04
4.253015563226466081e-03,2.448862179766964119e-04,1.858749041598191072e-03,4.071963943782138523e-02,-9.699588544265513174e-03,-7.145083641365413893e-03,-3.023161807499169865e-02
2.411855990385259121e-03,1.538021458447702420e-03,1.535496071327294675e-03,2.911909614428647569e-02,-1.633948617153569566e-02,-1.113005736390123256e-02,-7.134926129009766180e-03
-1.905903835860798786e-03,-2.357711754650781283e-03,-6.871867185638616711e-03,6.682500360981336908e-03,2.063281156847490694e-02,3.079949003923708375e-03,-1.925977815722972400e-02
-1.004971047310263162e-02,-1.524156964545650850e-03,5.309040629915754220e-03,1.566778432959009884e-02,-8.759157679396639695e-03,1.273589350732273837e-03,-1.917389193193133829e-03
-1.792878106015109371e-02,-7.660939436490142931e-03,-3.351169199667180989e-03,-7.368951221228701477e-03,2.753787804409109363e-02,1.551813521681232738e-02,-6.746172343366250296e-03
1.795198163188817600e-02,4.685859341338161413e-03,-2.720916957037681615e-03,-1.927485551543391129e-02,1.925713341881383697e-02,-4.255655049850174537e-02,2.265734857893305504e-02
-2.449552370658497971e-02,7.297662347458673711e-03,-9.227879099826537257e-03,3.306231728511876272e-02,8.569515702191783657e-03,-3.642474183578432723e-02,2.121864930742658681e-02
-9.454566584027799397e-03,5.199589174459964824e-03,1.388870185364680238e-02,3.572346928233638419e-02,-6.677004295511984079e-03,-2.895808245935919609e-02,-9.722106971544281981e-03
-1.917062076802407422e-02,-7.318772773487270192e-03,8.524087752646826444e-03,6.698282923388271248e-02,-2.791319397285855347e-02,-2.134489512731446367e-02,2.405656551549070082e-04
1.698496416470976836e-02,-1.196498122362817974e-02,1.922864039329283056e-02,-1.905702753140436218e-02,-2.560281807867495138e-02,1.771305290600608262e-02,2.698169369698786603e-03
-1.006138022518042116e-02,-1.522699238401895418e-03,1.060568086037440121e-02,2.006302858439898765e-03,7.568156105102024668e-03,-3.686866171136077980e-02,2.827260135102691030e-02
-4.729362600511758242e-04,-4.137486123367456123e-03,-7.386386147248921383e-03,2.167764129637792664e-02,-1.840915539545428040e-02,1.364558950846049903e-02,-4.917266878716575196e-03
1.105314493105122742e-04,-5.693545037645407134e-03,2.588602871639446128e-03,1.463765545081885909e-02,-2.363460673637183401e-02,8.703850811559115871e-03,3.287511190689288050e-03
-9.644114121529486633e-03,1.454965954999435773e-03,-2.885933010725465469e-03,3.113738747246154719e-03,7.826105223272173186e-03,1.044167542503059501e-02,-1.030643821829337926e-02
-1.509862774491260197e-02,-7.676565461324808427e-04,4.836877891095024869e-03,-3.120453763312677764e-02,2.003240180592130368e-02,3.151346503504549174e-02,-9.311922807889961781e-03
3.959628001119133191e-03,-5.552399362514291552e-03,-2.375916185842722773e-03,-2.780283096468397219e-02,3.871429454010923144e-02,5.964373978365634411e-03,-1.290715000655291711e-02
-1.646970684130705850e-03,-2.840870246514713812e-04,-8.045506475923308587e-03,-2.999439771715226716e-02,4.574263623595317685e-02,-9.639832418861765673e-03,3.868158084766395305e-03
-3.759219373282556616e-03,3.375203952193059657e-04,-6.552306011583383487e-03,-2.812226834054336669e-02,4.589703945625300124e-02,-8.765348033590039667e-03,9.645819075270420677e-04
-9.569885727867816563e-03,1.023452813340408856e-04,-5.313367676475742873e-04,1.905220821473857865e-02,2.356404722289311485e-02,-2.732700520285208032e-02,-5.290373020598227241e-03
-8.343823657570789698e-03,7.691494721639768667e-04,-1.721198412673171849e-02,1.554451697182781048e-02,2.242969181611952079e-02,-2.666175110325998132e-02,1.347420062745116436e-02
-1.573546279181317273e-02,7.789784036381055404e-03,-1.928398374589887845e-02,2.896390093190603920e-02,6.552883850024496769e-03,-1.933606915163749163e-02,1.104894687103801475e-02
2.443183065616355218e-02,-3.078967116524829011e-03,-1.786226927152575333e-02,-2.713773331332127586e-02,-6.058730194157667826e-04,1.425517475891035536e-02,9.997837305713696415e-03
1.476021923847954664e-02,7.345848273653942696e-03,-2.164478645166596771e-02,-4.775623790557281638e-03,-1.045665244312566147e-02,6.440274949760516933e-03,8.330720223454836024e-03
-8.421321118645528139e-03,-2.185591710587560764e-03,-9.889839977973362978e-03,2.931685935204832519e-02,-6.305979083894060070e-04,-1.130469636336831150e-03,-7.059039000115678759e-03
-2.161605540711725518e-02,4.155411240277691320e-04,-1.471466815511417343e-02,3.213333973550461936e-02,-1.327881400262955272e-02,9.826334942608981257e-03,7.234321762719673164e-03
1.647330017888701259e-02,2.077778012438355471e-02,-3.192477516745684252e-02,-2.072855847797023306e-03,-3.242374717838972849e-03,-1.109078380575036216e-02,1.107970923557266216e-02
4.192962361800604831e-03,1.736978809193680598e-02,-2.942623633982200618e-03,-1.365357830598015916e-02,-1.390127095440687327e-02,1.587614882727757248e-02,-6.941426386645773230e-03
-1.695002517492943169e-03,4.413939831464773304e-03,1.292135574165827715e-02,3.712087787983119926e-03,4.573909796759456289e-03,-5.821341226577057089e-04,-2.334415651771498679e-02
5.032363265052804124e-03,-2.406061018425548984e-03,2.328521312700701333e-03,4.597358211296742429e-03,6.040656553497877022e-03,8.814103878981448172e-04,-1.647424871202073787e-02
1.276526668004850443e-02,-1.165699092843372649e-02,4.258132390318793294e-05,-2.595464411180669478e-02,1.221169409204104703e-02,3.998608953950418508e-03,8.593483990297240763e-03
-9.244983230190292195e-03,-8.766184711523860446e-03,7.440566552103017837e-03,-1.503877643643325608e-02,3.139966165166539758e-02,-2.111174397309270936e-02,1.532146014747173129e-02
-2.038543724024162798e-02,-6.209040318761850988e-03,1.893201987153531052e-02,-1.752016559530291881e-02,7.082509531041480608e-03,2.778983670690327121e-03,1.532113008103928344e-02
-1.394381435401554833e-02,-6.566140726527731897e-03,6.676542324363893971e-03,3.122386366969264956e-02,-2.256687592364681194e-02,5.539853702779943580e-03,-3.634286926463714150e-04
-1.414101466636329650e-02,3.211600423095891874e-03,1.417424233812310946e-02,8.864322800801972477e-03,-8.019586075230093411e-03,-8.348139209601732752e-03,4.258574389174068185e-03
-1.676101364789824716e-02,-8.184315683389013297e-04,7.089194297462224174e-03,-1.347378552453263288e-02,-1.266824607489597590e-02,2.246013538979732202e-02,1.417214712840624870e-02
-2.502938063696313539e-03,-5.445748200453130045e-03,-6.112319178882218672e-03,-1.562306113831201260e-03,2.867261029830941825e-03,-1.463865117948770153e-02,2.739470170651961758e-02
-1.296790873532267276e-02,-2.935974425022953730e-04,-1.686292553437582914e-02,2.562784208248901699e-02,-1.747808943986682920e-02,8.256991001489001614e-03,1.371768806808966283e-02
-1.561814987695505329e-02,-2.282299143557794778e-03,-2.270869225845120395e-02,1.735473928559662371e-02,5.845153452074293432e-03,1.601076514829157318e-02,1.398483393001640407e-03
-2.807781633051423600e-02,5.694049801636064459e-04,-2.045482129453880804e-02,1.908607972463436178e-02,1.150177512470470468e-04,3.317179371863960419e-02,-4.409658549631510771e-03
-3.065087116948591456e-02,1.172816374830498547e-02,-2.127340479321340738e-02,1.623343206612942735e-02,-1.704632123051483955e-02,3.034354675369893908e-02,1.066545462508075755e-02
-7.900649670072472375e-03,1.043393552690621492e-02,-9.930576382247367426e-03,-2.612032489648350754e-03,-1.948813107078023465e-02,2.416252272161945047e-02,5.334931364222736394e-03
3.872946251466484295e-03,-5.316822655429569904e-04,-6.703748906951290804e-03,-9.340223434562259369e-03,2.463513884087360772e-02,-1.367875602231273871e-02,1.746325537029102138e-03
-1.140762649906787961e-02,2.698741948451744387e-03,-7.392178916019651741e-03,3.720002152124224273e-03,-1.757606603573612196e-03,2.370304598399365290e-02,-9.564378065908521812e-03
-3.081380504929992232e-03,-1.000940303126500322e-03,-1.993649400617544115e-02,-8.178021548385962236e-03,9.487913154297990780e-04,2.618550265275559202e-02,5.062542394432550594e-03
-6.442492191201187011e-03,-7.592348305048924988e-03,-7.220006771862188047e-03,-6.337912015190239057e-03,-7.930249993205244069e-03,2.601948253666276634e-02,9.503526739845016835e-03
-1.912027210039233052e-02,-7.527863104117498566e-03,-1.617880422330881390e-02,3.642752971156548725e-02,1.456934038454743563e-02,-1.524380347961100390e-02,7.073872811316803816e-03
-3.203844690056967953e-02,-6.219769662956577648e-03,-8.397082183191191540e-03,1.431122198964741681e-02,4.423883196388030820e-02,-7.096699908471219842e-03,-4.798055298339036490e-03
-3.484453607906540934e-02,8.197128989846664410e-03,9.289369807368566545e-03,-2.820156737216481316e-02,5.396130314459904320e-02,7.172619943687173413e-03,-1.557431843427119038e-02
-4.139545226226512553e-02,3.298584257725670470e-03,7.627314362104331384e-03,-1.631610640808860493e-02,3.552968315326584386e-02,1.853210198625096505e-02,-7.276125088993206508e-03
-1.519852319191717684e-02,-5.726866338812862910e-03,1.458437610362496063e-02,-3.320420911341137593e-02,2.776602160355531868e-02,4.724352394227772844e-04,1.130676569753838283e-02
2.517203187169010994e-02,-1.509425802243837163e-02,-1.302659178342084221e-03,-2.295939407793971127e-02,6.980068998278906450e-03,2.190660270867634055e-02,-1.470239229992529977e-02
-1.089252681400827878e-02,-1.831065339596578412e-02,-1.451923292845003818e-03,1.096053359772772642e-02,-7.234703319077717687e-03,2.918814971132801042e-02,-2.258876487159051753e-03
-2.575844109334879135e-03,1.260261980935269317e-02,-1.883474786120685127e-02,-8.517593576543599707e-03,1.666278117774014703e-02,3.607656699204833672e-03,-2.944872139212338993e-03
3.504085052715839865e-02,-1.915473537093972944e-02,-1.226940769848090113e-02,2.159429123758548411e-02,-2.930236599911750176e-03,-1.531562465504859340e-02,-6.965137440362960224e-03
1.898214591072371754e-02,-1.002762209983393271e-02,-2.933748850175764075e-02,1.746388272346967308e-02,5.348999304017053834e-03,-1.152242281590706852e-02,9.092505479288245235e-03
-1.062854826526120344e-02,-4.998145209573324685e-03,-1.346909383887412263e-02,5.636576540667169802e-03,7.634074180316642068e-03,-3.190948783691327506e-02,4.773462442963836289e-02
5.419281342440475900e-03,-3.235815301284705476e-03,-9.007820744833470658e-03,6.685560013413372957e-03,-8.884662182604644715e-03,5.238934404781746094e-03,3.784522468087253653e-03
-1.402183528142397426e-02,-2.499410754380540327e-03,-7.938008379059299444e-03,1.619772935170194980e-02,-1.116448461205164951e-02,-1.653614397966927940e-03,2.107962407318051193e-02
-2.877126642912282688e-03,-9.754106735381549509e-04,-5.529318365534140363e-03,3.105612468360283845e-02,3.378365419601222358e-02,-3.753401487319672075e-02,-1.792390832443378421e-02
-3.339175758726667647e-03,-3.276407361140706593e-03,-1.115555335789217891e-03,-2.493643569034058836e-03,2.801004341005335074e-02,-2.958321775435705445e-02,1.179795636899439934e-02
4.876144459568603449e-04,9.462891811462468801e-04,-2.556508534391938882e-04,7.212201716809943548e-03,-2.089651740254581253e-02,-1.509091160488167972e-02,2.759697451695367759e-02
2.526774753254848113e-03,2.598886064871279693e-03,3.429884349087559871e-03,7.606432221706426432e-03,-3.673656441096464879e-03,-2.338413902565937910e-03,-1.014990704525775903e-02
2.274688302291893310e-03,1.372535568908520801e-03,2.361642659179706647e-03,5.727108704464359094e-03,-2.432289574679928623e-02,8.995710719816500320e-03,3.591209792138316034e-03
1.123922179510092410e-03,-1.150021115251714842e-03,-2.084698146575253517e-03,1.607884797895806767e-02,-1.011209416020013470e-02,-9.214524153592606711e-04,-2.934504321081778892e-03
4.448100929796681459e-03,9.811240637509284935e-05,1.998490945316248792e-03,4.701237475051288361e-02,-7.508147813433273601e-03,-1.694032314755595028e-02,-2.910860807101166639e-02
2.034028868911690220e-03,2.199444350606394229e-03,7.227538673679762948e-04,3.323462470216098641e-02,-1.409568141501822865e-02,-1.699058936670915301e-02,-7.104581007319465784e-03
-2.247876678729546739e-03,-1.501451706234006606e-03,-5.813015939952895401e-03,-1.764579676199282609e-03,2.413398027559159401e-02,1.186623873034832119e-02,-2.467329500482415283e-02
-1.146703245102220249e-02,-1.493787714645831120e-03,4.728232093635550450e-03,4.516308496168496174e-03,-9.326393116740517089e-03,1.664638823370499440e-02,-3.603715541100541066e-03
-1.774474965663564927e-02,-7.425476328351499934e-03,-6.787158061537391235e-04,4.069641887499360171e-03,8.433800879862542177e-03,-5.331452136034267597e-03,1.867695115981327439e-02
1.803310732624598123e-02,3.938704160950374025e-03,1.917461896332791488e-03,-2.699760283063933411e-02,2.140024704065373803e-02,-2.912866466258531156e-02,1.083674706904177651e-02
-2.336476181787071685e-02,4.799424190915696498e-03,-4.565592298407546330e-03,1.914829508568658897e-02,6.740598629749406691e-03,-2.372607325918174234e-02,2.096810946910834111e-02
-1.067759837077008125e-02,3.801346252588079944e-03,1.470073503943920487e-02,2.115895449576630366e-02,-2.110991095607672816e-03,-2.589095736147048119e-02,-9.814889599453707845e-04
-1.188455227808031360e-02,-4.645041209494215305e-03,2.649146589055712854e-03,4.514856983664656404e-02,-2.130569966527728898e-02,-6.258898571819996454e-03,-3.703524701030397499e-03
1.541420494642719262e-02,-7.224356246712886585e-03,1.768495574656685568e-02,-3.520393044579092287e-03,-3.073801556245395541e-02,6.057225017474033787e-03,2.326379143277916388e-03
-1.786222831145535539e-02,5.466244139965008644e-03,6.426942974572770299e-03,4.558820630716536176e-03,1.135112999421634093e-02,-2.758778766407906508e-02,1.764687823606378089e-02
-4.503107336408831464e-03,2.840433402718071953e-04,-8.778235369779823632e-03,2.801239697442085147e-02,-9.591668081164066162e-03,1.568235542607200996e-03,-6.991665069947135963e-03
1.375432747909915423e-03,-1.871137243183647629e-03,5.490955823840755652e-03,-6.545667793640073603e-03,-3.000981574460656349e-03,-1.376390666326344049e-03,5.927788705860084599e-03
-1.371028359587170287e-02,-1.661366599846017533e-03,1.473592592942658472e-02,-1.368381348630704972e-02,1.166004990844493952e-02,-5.860083673959199518e-03,8.519571518112471417e-03
-1.041715263130577919e-02,1.964377005063282916e-03,1.464357690152419053e-02,-2.325540399887096946e-02,8.398359482655833042e-03,1.548809422510646731e-02,-6.821850984173002605e-03
2.088715083974918268e-03,-4.484950932426862852e-03,3.614163273634841880e-03,-4.105188618425979069e-02,4.492375403715244409e-02,2.130562701610585943e-03,-7.220357979686315743e-03
5.571409076356589711e-03,-3.905560453840853114e-03,1.861218829391697582e-02,-6.649423648383036289e-02,3.415287715321142087e-02,1.416576372272994495e-02,-2.102441308543838948e-03
2.583866147824219126e-02,-9.739207548403247885e-03,9.552261913917352645e-03,-2.780745301830168936e-02,2.657411781001918841e-02,-1.053854234194529123e-02,-1.387983829352859751e-02
-8.633534400721182582e-04,-4.097880018166513358e-03,1.972201246059240853e-02,-1.846822214345575711e-02,3.396383901279021681e-03,5.113555313038095976e-03,-4.802496073215155141e-03
-4.739242141550419236e-03,2.161542169288769438e-03,1.204610577295398693e-02,-1.287492450337786656e-02,-5.509863265304881406e-04,1.105106456794055503e-02,-7.093559538724520871e-03
-3.900921036667409462e-03,-2.732253032079615031e-03,-4.960767287266477357e-04,3.299920735202291344e-02,-5.684849365348714455e-03,-3.347646802508289637e-02,1.329136083588230294e-02
1.759249124078011289e-02,8.164969994019581330e-05,3.350002320339849626e-03,-3.646950998535858357e-02,-8.436129111807775388e-03,4.761618709111552694e-04,2.340533396519502152e-02
8.003231907177502796e-03,7.899084804936189544e-03,2.109000676665801280e-03,-2.261636639405381621e-02,-7.287513519029816325e-03,-1.182306885604458152e-02,2.371563138034871523e-02
-4.411127372239020787e-03,-9.372545954335503339e-04,-4.584947723966724051e-03,4.381965983953786670e-02,2.545335261475651593e-03,-2.417163551277539540e-02,-1.226002989659886674e-02
-2.482588465308011028e-02,9.155049878179616005e-03,-9.969416616193500780e-03,3.656404339240945656e-02,-6.872605639321114658e-03,-2.002245447305284112e-03,-2.048940914689059700e-03
1.675550369352760485e-02,2.390102129681452928e-02,-2.246730590018199483e-02,-2.226178282926414079e-02,5.840525754902287439e-03,-1.482307847305307713e-03,-2.856541684930221465e-04
-5.997043778091677539e-03,1.773662109694094241e-02,7.016061623596685226e-03,-5.252017129334240683e-03,1.079129974327980995e-03,7.262587898392782945e-03,-2.184533968583247943e-02
8.681522554281781391e-04,8.006360042115370779e-03,1.235664727889091916e-02,-3.741914680083100343e-03,-1.952617833214782481e-02,3.154332190194261004e-02,-2.950638846614606764e-02
3.483184036198791207e-03,-1.031588136430708043e-03,5.828685288717623710e-03,-1.252356593420306079e-02,-2.999162730752730904e-02,7.004571504456777453e-02,-3.581080299132295003e-02
4.774183826141037944e-03,-9.706742245121522880e-03,2.382054463444768008e-03,-2.418477570975033353e-02,-1.264485296200520449e-02,2.421378738880986675e-02,1.516634523848139557e-02
-1.263162434895078422e-02,-5.254550694822803653e-03,9.372674523769997101e-03,-1.340381193793469157e-02,6.663620068227807175e-04,-1.014903738761973803e-02,3.139998783873526600e-02
-1.753716216767388369e-02,-4.275660882323012099e-03,2.238820880260377483e-02,-2.634052045477880757e-02,2.198333783827475726e-02,-2.509566145342382454e-02,2.887745831732106347e-02
8.987702774072261341e-03,-1.004496101777832377e-02,6.107994212957018609e-03,3.926557139973046670e-05,-1.743391453563871221e-02,-1.544521861652748025e-02,2.778913161151548225e-02
-1.131509026194240340e-02,1.202988344758773500e-03,2.206406764261983899e-02,-1.309211935295946476e-02,-7.239949423692906144e-03,-2.157900520795889843e-02,2.995910825917497827e-02
-1.701613310833848675e-02,1.348312741789924789e-03,1.039389059369882039e-02,3.603270933498917920e-03,-1.057059260775851037e-02,-1.775280642656185126e-02,2.999405787367122669e-02
-1.340183924484152078e-02,-8.071229210838559579e-04,1.058894078927014905e-02,1.483161830866341208e-02,-2.609144975147589460e-02,-5.948729834656016867e-03,2.082858265412385751e-02
-2.239585782942763240e-03,2.634878236619692376e-03,-7.182729242645658450e-03,-9.014185999869979427e-03,-1.748909275237618688e-02,1.362057591472070651e-02,1.967013962649423811e-02
-9.629859549360207660e-03,-4.699521348990181278e-03,-1.068328927581378013e-02,9.203899042074055806e-03,-3.689816976678844847e-03,3.770164146420592471e-02,-1.820305335543706896e-02
-4.069505267672690607e-02,8.753230753700238370e-03,-6.121947221026975347e-03,1.671135927743495203e-02,-9.966629991720004147e-03,3.633288883290127641e-02,-5.013848974562680125e-03
-3.292466063343540278e-02,7.949220447941178838e-03,-3.984496994566049007e-03,2.316298313857078489e-02,-1.921439662609202709e-02,1.886714298438978143e-02,6.144207683191821312e-03
-2.771773942519810061e-02,9.134200087505758153e-03,7.934747766476310180e-03,8.676370742721822502e-03,-1.319388055224515223e-02,1.273414574402319255e-02,2.432155636716100931e-03
-1.544730273557294933e-02,2.339036257005170684e-03,1.751747938728428003e-02,-1.218915784702261432e-02,1.377439929445176126e-02,-3.327762642597744715e-03,-2.666691713547873679e-03
-1.063470224153332394e-02,9.855509972528809365e-03,1.580427761562276483e-03,3.478964361467474370e-02,1.030705146628807002e-02,-2.062746952328795014e-02,-2.527046105023270789e-02
-2.422904187353021148e-03,1.817896811078353186e-03,-1.631814994387739692e-02,3.194204390455699510e-02,-8.114421209061046386e-03,-1.237936543539687115e-02,5.474900060053013336e-03
-1.340222405925001192e-02,3.978454700063574143e-03,-1.078592453876103981e-02,-8.224102087962105109e-03,-8.107168582007524956e-04,3.172466526544128699e-03,2.607204631756613114e-02
-2.527340406869642633e-02,8.590513736874513806e-03,-2.230083261348981064e-02,1.264085152589084111e-02,3.576820478432179984e-02,-1.810790691452099366e-02,8.682573549620004744e-03
-2.073038760351650009e-02,2.084638480217796720e-03,-1.783909014575919827e-02,2.981736202261000418e-02,4.726387059613534891e-02,-2.919893190098441990e-02,-1.139746144870296650e-02
-3.190324325004317146e-02,3.603325765432945863e-03,-1.457148948718960070e-03,-3.406254942507874056e-02,6.574151593236278457e-02,7.563800788136430114e-03,-9.485700862091292138e-03
-3.552358219699978253e-02,-2.926696048218281696e-03,1.209363815270560541e-02,-2.802448721834612660e-02,6.358760835807261702e-02,3.244175378426312172e-03,-1.245065642564021496e-02
-2.740271188024743024e-02,-3.969495832556975586e-03,1.060684796116929604e-02,-3.036669213475522849e-02,4.595450383692316343e-02,9.633736445491779266e-03,-4.456188396024561918e-03
2.782001313261024678e-02,-5.407411035371805300e-03,-1.768599164854709957e-02,-4.177293635629575341e-02,2.615315557615703265e-02,1.927552645217645369e-02,-8.382356120729114735e-03
-2.804544068164229256e-02,1.170821764499628895e-02,3.161911698291108852e-03,-3.070632765877349957e-02,-8.310387418043357552e-03,4.832556354708458790e-02,3.866462868087166584e-03
-1.781281211529689087e-02,1.559739630975063782e-02,-9.737713671498074430e-03,-1.991315653052390736e-02,4.616897979281690476e-03,1.596344219518680552e-02,1.128594583309975620e-02
3.545309070192155521e-02,-1.482134923723413787e-02,-1.325296057752357870e-02,-1.792311657985370824e-03,4.102554953353234474e-03,-1.683866351857491936e-02,7.149639336043130990e-03
2.392066847084955289e-02,-1.053817093659471966e-02,-2.731829370579060001e-02,-8.924244096065486092e-04,1.633728169643485634e-02,-1.175600316328479986e-02,1.024694204799223192e-02
-8.881139949738917419e-03,-4.565690369127522671e-03,-1.287699466068042628e-02,-2.377038103190591209e-03,1.517592121566073080e-02,-1.894880169392182401e-02,3.247374356099848314e-02
-1.816116567546181924e-03,-2.728362718033935062e-03,-9.677349536466178792e-03,3.184427030126419506e-02,-2.635409881260183333e-03,-2.386132770387593832e-02,8.874296105918165131e-03
-1.410823565220906302e-02,-2.388678060685723355e-03,-9.585095433300393902e-03,2.769781742775214578e-02,-1.846239645689164155e-02,-6.698438838899220191e-03,2.354502701423391922e-02
-2.785004339456214652e-03,-2.857015648089973364e-04,-2.358198202452062645e-03,1.532963752968648577e-02,2.253538938722545251e-02,-2.054030359236727610e-02,-1.189581921782732928e-02
-2.508031199421444611e-03,-4.417677651148846710e-03,-3.128074888138856081e-03,1.215372370690327025e-02,2.471665011635345438e-02,-3.426800958232713301e-02,7.451419497779431314e-03
7.107240603604922467e-04,1.092250325707760797e-03,2.832616210879586044e-06,1.505896278815210820e-02,-2.312494502888089859e-02,-1.430222388755943499e-02,2.056239912600910102e-02
-2.296410989866198914e-04,2.350527859881089334e-03,3.518071981583089335e-03,-7.118580965199418874e-04,-1.144847176683446398e-02,-2.710588841812358897e-05,6.548477009294956762e-03
1.992149157260652767e-03,9.489547073933811850e-04,3.320165541097189112e-03,-1.001346440952575155e-02,-2.232367071825275620e-02,2.798670235259060474e-02,-1.910836630563441914e-03
4.410885571476453096e-04,-1.963253548472234083e-03,-1.830615429803835814e-03,1.545403011664816910e-02,-3.867532050918641613e-03,-2.933595589710529319e-03,-5.300122054890601606e-03
4.235117445956414206e-03,-3.896217605809247273e-04,1.955580563526152556e-03,4.146480171672500131e-02,-6.545471563323086717e-03,-1.642274518418305670e-02,-2.429766121812046084e-02
1.387831413055059518e-03,1.051606031965281619e-03,-1.208201974773451032e-04,3.479453159259297129e-02,-1.453529626677167903e-02,-1.339963698630252005e-02,-9.178215587061697850e-03
-2.046341292513431578e-03,-2.812271492915122541e-04,-4.013088699723080417e-03,1.231818734487780641e-02,2.124719586330469853e-02,-3.557144804749911605e-03,-2.366758126190461609e-02
-1.024688377962767495e-02,-1.814864785633368924e-03,5.198164783443516568e-03,-1.561199099420147122e-03,-4.247022713280884480e-03,1.251094864870331592e-02,1.608569458151867695e-04
-1.719586469756939628e-02,-8.252114882586219016e-03,2.394368963082462321e-03,2.281150226800341199e-02,1.322658236216159040e-03,-1.456621339731547539e-02,1.348566351016902524e-02
1.775527911265409320e-02,4.874201513505912152e-03,1.134496103823908440e-02,-5.544908878412264930e-02,1.908378501483239120e-02,-7.139741699450708953e-03,9.530603804341890306e-03
-2.288250670237756967e-02,5.784481141232457324e-03,-7.079451260607044251e-03,1.950811018566926333e-02,2.923952080309773650e-03,-1.894938396902719549e-02,2.069479852480026610e-02
-1.317479952013251784e-02,1.510005231664245974e-03,1.798357560742059463e-02,2.385382133207273117e-02,-2.191255597808012753e-03,-2.267682039680833303e-02,-5.304526656408676925e-03
-1.119379567612456203e-02,-4.457316820847740703e-03,1.140954153493465434e-02,2.903905009698132256e-02,-1.401324531900911136e-02,-1.213575882028294049e-02,1.351525004348363805e-03
1.581190489176698827e-02,1.444084020534432654e-03,1.536452278370039476e-02,-1.982904960680614490e-02,-3.363093878693348276e-02,3.074064998970994951e-04,2.053207019784061491e-02
-1.432264615962513046e-02,6.251720375037790427e-03,9.473143094668623476e-03,5.608420367221364673e-03,-7.124887249698177386e-04,2.930071425800671869e-03,-9.228220378133556237e-03
1.158888253849004076e-02,5.292090152554005181e-03,-3.123003832402402712e-03,6.954173392043068273e-03,3.644975626671768682e-03,-1.561234246865659397e-02,-8.744775408699884470e-03
-1.033268832263927774e-02,1.004281901946209483e-02,1.860411297621526348e-03,-2.037584967619430055e-04,-2.677546777632854643e-03,-9.093286962720202940e-03,1.040405024267064028e-02
-9.174032803394727847e-03,-9.119484915034161907e-04,1.475772098915146928e-02,4.776112235956905816e-03,-4.519635578521447039e-03,-6.878740819585586405e-03,1.950524467896852477e-03
-3.226221806694470375e-03,5.437818911153030274e-03,1.154544096093404644e-02,1.709884480187789241e-02,-1.648852688480283851e-02,2.580979866594157717e-03,-1.694833584906180884e-02
-7.444063989637101329e-03,1.371951338573168793e-03,1.627409122117197057e-02,-5.093445475537573125e-02,3.075788888185713305e-02,1.734424369012840805e-02,-7.369656386717719949e-03
1.186400606925869586e-02,1.305110819615600600e-03,1.316836682939425546e-02,-5.272296449731186940e-02,2.034076153719617183e-02,7.640217866452711157e-03,-1.595498624605568971e-03
3.038918477209786445e-02,-7.160586979195965665e-03,5.344873526625294573e-03,-3.113937204245610310e-02,2.417994859079143979e-02,-1.091179260697590879e-02,-1.070225526088655447e-02
-1.789216783576966924e-03,-5.007027937610788321e-03,1.705322424184248578e-02,4.196195250256780254e-04,1.944195902592841044e-02,-2.575108686367276467e-02,-4.367471207936099269e-03
1.450146021650856008e-02,-5.123434548965251356e-03,1.517829644315423811e-02,-3.516952505066344575e-02,1.622960537042263812e-02,-4.826077230398333022e-03,-7.903252000583980497e-04
-8.907829124375597415e-03,5.827216554366624300e-03,3.994860986917763909e-03,7.984748890323044301e-03,-1.348368527314236683e-02,2.499158815146142534e-02,-2.040690018555087887e-02
5.739311006794567058e-03,-9.181052812626796025e-04,1.132861939966279402e-02,-1.346410081781568638e-02,1.146693210034210007e-02,-1.109605705716481400e-02,-3.056599350556265995e-03
1.531469321160993128e-03,2.670144861717843078e-03,1.106257157503950060e-02,1.622753187944233830e-02,-4.601608707413439221e-04,-3.264254915517124378e-02,1.610992388551863753e-03
-1.419136078870630174e-02,7.387837818386277112e-04,6.124057243667292531e-03,4.482687703590611944e-02,2.916262048297733303e-04,-2.156393055753945756e-02,-1.622605291999597993e-02
-1.950735660477370681e-02,8.000764625198986818e-03,3.571804264031361049e-03,4.150393170599850703e-03,-1.500541947673134438e-02,2.783878708120710033e-02,-9.048973059532157068e-03
2.602588591880724070e-02,1.983192511582201889e-02,-8.007778948116286988e-03,-4.085602062756647779e-02,-2.250354290582787589e-02,2.954283461248441434e-02,-4.033303165603043666e-03
4.287918110189928842e-04,1.240344147669640920e-02,3.806808212810552233e-03,9.115674709007074231e-03,-2.667634025729902561e-02,1.191730844150288085e-02,-1.099568439373692710e-02
-8.343547834656194623e-04,6.526085275033299132e-03,4.109592362706604787e-03,1.618742110840331542e-03,-4.810352947747855400e-03,7.865449060230437009e-03,-1.447516107759716855e-02
8.382222051726978540e-03,-3.260209586540893569e-03,5.158646040396401740e-03,1.520873361060480619e-03,-1.845790314818443120e-02,1.059955613284221596e-02,-3.943184851300737988e-03
3.969420841049509097e-03,-4.327902749699063904e-03,8.516206632418525657e-03,-3.828446882369318342e-03,-8.744248329364653211e-03,1.199110529423643053e-02,-7.576134806271417679e-03
-4.424376966096333838e-03,-5.691436113138087678e-03,9.384681152529293635e-03,-2.385529100773707209e-02,-1.053107974835090777e-02,6.609325069864973277e-03,2.850817761292814834e-02
-8.539305410753943518e-03,-6.673003171565707655e-04,5.707350068691162924e-03,-7.619484670950524459e-04,-2.678155661788645531e-02,-4.321418048463469830e-03,3.536417879266422898e-02
6.709324821595904174e-03,-5.158218786951266309e-03,5.078143846235624349e-03,3.622007912159377549e-03,-4.796260827303117091e-02,-4.225440852970888811e-03,4.193679133296249195e-02
-2.391206725426951469e-03,1.171365425880934634e-03,1.788120049129066774e-02,-1.765688607365347752e-03,-3.323285843224273867e-02,-3.024792377918412642e-02,4.858511162704766406e-02
-1.379394937047873429e-02,5.485701163895224594e-03,1.227864808455425213e-02,-9.244378630892183257e-03,-1.499099551266348460e-02,1.259305778367686554e-03,1.900566848721725599e-02
-1.806081015585025637e-02,1.066385092300606990e-02,9.782111008119775269e-03,1.008378106869730175e-03,-3.773860044918494680e-03,-2.959416276672459725e-02,2.997449292949777230e-02
-7.647218359176183484e-03,-2.265866235561692663e-05,7.424332344414187775e-04,3.645889422226866999e-03,4.417186170592323283e-03,-6.865793620546223157e-03,5.730161814817379476e-03
-9.098024744974826314e-03,-9.442012792273487762e-03,-1.136285905746287073e-02,2.713513547188717290e-02,1.706602452892656135e-02,-1.009930798670076067e-03,-1.328833260743250526e-02
-3.710717979900109847e-02,-1.867571872571685058e-05,-4.609970910419620461e-03,1.487001279552410161e-02,1.500160279900174601e-02,1.157288327781770890e-02,2.913275558028170981e-04
-3.448463695905668730e-02,7.817240614354835707e-03,-4.585547158224696079e-03,2.416148653808004865e-02,4.781157351203353038e-04,1.497758759224236073e-03,5.115582470501878372e-03
-3.176581933965710175e-02,7.154552505097137513e-03,9.059901588568213676e-03,1.009514835852814811e-02,5.862841395439904492e-03,8.434441371935788578e-03,-8.841065879912030773e-03
-1.858775123246980340e-02,2.009001206018168947e-03,9.959827804018762248e-03,7.009339549950454815e-03,2.297513976729662413e-02,-2.612327361455300812e-03,-2.075322973335891330e-02
-7.270049077894783288e-03,4.219364298313919327e-03,8.598232570034675636e-04,4.593642446639252530e-02,2.408323466641664953e-03,-2.809180626408034134e-02,-1.806208014637643994e-02
1.139160771482801947e-02,-1.311834433842845333e-03,-1.091335523243859920e-02,1.772180128540051455e-02,-2.419264292071519711e-04,-1.152824072567042515e-02,-5.118052179069451646e-03
6.826953366601997211e-03,9.380097717075383881e-03,-9.584026811622891120e-03,-3.696150731900187808e-02,3.407724737050772668e-02,-6.021441239593025747e-03,2.282676916032856749e-03
-1.497261985536624262e-02,8.025522678307374022e-03,-1.947824225009270674e-02,1.331348602037638485e-03,3.907578362947305983e-02,1.453744142580640957e-03,-1.543553694693972599e-02
-2.177073783959791037e-02,3.516527939253583090e-03,-8.072948117588423303e-03,1.031010155010593683e-02,5.674947932466646583e-02,-3.163385778158457617e-02,-9.098565075255143561e-03
-3.373781822222632343e-02,5.642048268526780007e-03,3.398852922204822439e-03,-1.747431735127489075e-02,3.432156349511059773e-02,2.406775368824941308e-02,-1.621808280059043247e-02
-3.149448372119129785e-02,-1.884505640366281780e-03,1.278133176472588802e-03,1.969509290936021298e-03,3.807409249586294221e-03,3.245020579690152673e-02,-6.126268152338791573e-03
-2.555481778940748780e-02,-5.814447432132217528e-03,1.833579346718475006e-03,-5.583314783936386104e-03,2.658566655666960016e-02,1.534219686429935149e-02,-6.808862762211270389e-03
3.386170803357570203e-02,-3.116404721238569871e-03,-2.009163431842932515e-02,-2.687439107543269229e-02,2.703180840161790999e-02,-4.625303896042886145e-04,-1.034855593048878211e-02
-4.260756687330632952e-02,2.854685318967121414e-03,5.540687759478857060e-04,2.500153514355877432e-02,-1.092932773708669633e-02,2.512939902303926859e-02,-2.793651120205875770e-06
-2.376637091861680609e-02,8.989194232796820713e-03,5.002738314676860153e-04,1.007529577428914642e-03,2.634195917114786224e-04,-4.079196386599304863e-03,1.708515007181116499e-02
3.091244853713358276e-02,-1.053682871577778929e-02,-1.838927712372821766e-02,1.409429329070558800e-03,1.714206357777745687e-02,-2.406342341733107987e-02,3.525587812855372153e-03
3.063366374291976585e-02,-1.051358996635985872e-02,-2.544576761126541437e-02,-1.739715157976727891e-02,2.544225987137260087e-02,-1.367657052283268934e-02,1.095715606593296310e-02
-9.460842385962304341e-03,-4.550097894909205243e-03,-1.404550529793082217e-02,1.320599653133707786e-02,1.284591948767892450e-03,8.921580408473224130e-03,4.644276690224173089e-03
-1.486876235587463639e-03,-1.575333473514861594e-03,-7.118820688845980786e-03,2.415423831306108896e-02,-1.170258223562819491e-03,-2.813120017582338914e-02,1.532825048427337994e-02
-8.920268866790271797e-03,-1.743656759984647591e-03,-8.721353794850981306e-03,1.281199160709163738e-02,-7.981383985920419838e-03,-7.012046845736943229e-03,2.156671864619172374e-02
-4.367667494035228082e-03,-1.059304276928283535e-03,-3.724679490147598995e-03,2.207812477853696859e-02,-4.823420990561334484e-03,-1.024376715477047853e-03,-7.078675811387463712e-03
-2.980904512120108405e-03,-4.778622279610358035e-03,-3.598634033663393114e-03,-7.601836297528699431e-03,2.088219256330610049e-02,-1.622485870790366103e-02,1.430266326752011562e-02
1.532420510745887907e-03,3.096434416800607063e-04,-8.536251932367590594e-04,2.757653850508618928e-02,-2.224297408553329441e-02,-1.926066906385340977e-02,1.293866588511133169e-02
-3.790805914817734976e-03,1.972058212175392330e-03,1.807443262089017530e-03,-3.558250722235935335e-03,-9.392962836013506178e-03,6.569232388333632114e-03,6.393285610469097435e-03
2.672839991746350612e-03,-1.008621644687667418e-04,3.181501958948171078e-03,-2.991852145076566091e-02,-2.031008960855569881e-02,3.275436662995769715e-02,1.172076464313788480e-02
-1.344582801367292168e-03,-3.355829018481589800e-03,-2.001740003715082178e-03,2.463862112202630517e-02,-3.665541387228181836e-03,-9.121713463857360552e-03,-5.149214447376788441e-03
4.078003125539109673e-03,-8.078414304438619837e-04,1.784366904151684632e-03,2.990210774016431594e-02,-5.958334624414238223e-03,-1.585081354491115965e-02,-1.314748817008579672e-02
1.148016975162427337e-03,6.818389053287680478e-04,-8.986037892599768075e-04,3.509967969527611614e-02,-1.287630524420848091e-02,-1.815519862720454264e-02,-4.999427915094292740e-03
-3.000593412659129707e-03,-3.143771318817698977e-04,-3.071622162495134083e-03,1.635507310927866373e-02,1.044091858681154596e-02,-5.388038906459590056e-03,-1.502136008259457103e-02
-8.456320446411961025e-03,-1.565711978624945199e-03,7.711576655269928963e-03,-1.264027765958501952e-03,-4.074905091487063778e-03,3.431441294844568383e-03,4.217947332367971355e-03
-1.506751807254792970e-02,-7.666794195303646732e-03,6.465418152117046076e-03,2.966920866730720155e-02,-6.026199251201827881e-03,-1.782633498704774139e-02,1.045221968667689114e-02
1.217553990617211389e-02,4.485648955827806726e-03,1.721848431652765049e-02,-5.765456003721147749e-02,1.681258271383002240e-02,-1.793003085623585198e-04,7.141604453416250907e-03
-2.054230659721605068e-02,8.697654342954972556e-03,-6.500157720326566087e-03,1.246411818146189732e-02,-1.881152403517523516e-03,-2.417940959234113948e-03,1.017978515587738414e-02
-1.259298268281913193e-02,-1.410526263547439568e-03,1.964090035129588060e-02,1.752983807938123320e-02,2.075891230050149784e-03,-1.862189696560566377e-02,-6.621223748755010116e-03
-1.489916841208760272e-02,4.296462638024050283e-03,2.258715782108090819e-02,-1.003054138208265113e-03,-1.369770877616613945e-02,-5.124515647656993633e-03,7.840826515014085590e-03
1.684573277294518570e-02,7.931461750383924161e-03,1.254360547217663914e-02,-1.570412581449661879e-02,-3.045198740399163162e-02,1.451450843368949292e-02,-5.679195210706915187e-03
-1.310945740179539701e-02,7.714192116041762928e-03,6.307147732851758372e-03,1.730454849172777948e-02,-2.648289804188961108e-02,5.951075712591640974e-04,7.671359531804618562e-03
1.122231006194191437e-02,4.882614867593549485e-03,-1.669384648359806538e-04,-1.424328229385441423e-02,2.204366737348226451e-03,-7.554070074630926841e-03,3.654999166437639200e-03
-7.801492742074182633e-03,1.437061865181421712e-02,4.131005854274809840e-03,7.232526412009061823e-03,-9.905806442418892827e-03,-7.056841893689108289e-03,-9.700098399159042721e-04
-9.184584188505923522e-03,-7.680171060072195875e-03,4.606159937013278027e-03,3.461976819367486302e-02,-1.795665205012404037e-02,-8.814039861918898308e-03,4.409519029932902276e-03
-1.418245108815769165e-02,1.867000309519212514e-03,1.955058708341776003e-02,1.710399831172989410e-02,-5.807314055583264606e-03,9.978351968599006444e-03,-2.851017252952486175e-02
-1.242173191354382228e-02,-1.259568062883209896e-03,1.549177775834737099e-02,-9.550494461538432123e-03,2.759281977049315646e-02,-2.064371565431641353e-02,7.909125634413059335e-04
-6.276460778621176413e-03,2.695082043264911305e-03,2.207022995290552903e-02,3.207197270562853978e-03,-3.291716470006308959e-02,1.251499837659724931e-02,-1.293882164646190450e-03
1.273960730374459720e-02,6.174944091861140141e-03,1.520326644032689821e-02,-1.107120326243452718e-02,6.023343494933807926e-03,-2.910729830994924702e-02,3.734024151738031197e-05
-1.021121538381758627e-02,-7.205453001013750400e-03,2.443898289973762267e-02,1.625060341160536022e-03,-2.485276361471718681e-03,-5.036307488974448889e-03,-1.125791005620709528e-03
1.718878702901159919e-02,1.418944009007303041e-03,1.996625087027309800e-02,-3.013388530920220812e-02,-2.036817833429600128e-02,9.403089669807922560e-03,2.524992065398198350e-03
-8.127134189015765980e-03,4.518764414884928263e-03,9.817529372597793083e-03,1.613425612837307913e-02,-1.943391694702107167e-02,1.825333847374339610e-02,-2.116283725356242831e-02
-3.229127630020796422e-03,2.948751834442030120e-03,1.860077071124363948e-02,-8.519257757975401760e-03,3.304053652004437791e-03,4.101055200481697367e-03,-1.720624601017553892e-02
-7.032036766280100326e-03,9.177049590977426341e-03,1.420016566035377757e-02,2.459937618181353217e-02,-6.726096864074422241e-03,-1.808625412648281680e-02,-1.613220367630733426e-02
-2.188800273879664554e-02,2.424650590275587506e-03,1.275423114145466351e-02,3.564731792861664667e-02,3.740843820742399597e-03,-2.789676205516702923e-02,-4.782278687125633351e-03
5.877243705603776673e-03,-4.731101348548603751e-03,7.747234569611884114e-03,-1.358635366855036114e-03,-3.277960269273214045e-02,6.565292663016871789e-03,1.867956846990320371e-02
2.347436943088675176e-02,5.946352654605521933e-03,-1.176687064699723706e-03,-1.623480268504145022e-02,1.844063472127205989e-03,-1.875269581467364430e-02,4.899400006795268277e-03
1.682607045507828955e-02,1.537925340388711197e-02,-1.626755327653725200e-02,-1.293414196566839390e-02,-2.081083346287180766e-02,1.722040449856417771e-02,5.868003475478461399e-04
-7.543663702296098811e-03,-6.925466786333656956e-04,-1.176417543576493280e-02,1.105948488257174275e-02,-2.218132952680672027e-03,1.751221937716269939e-02,-6.353185490359394491e-03
3.681684323287224420e-03,-7.014045625055051990e-03,-1.145079241836569018e-03,2.486457208918303394e-02,-1.383427989026532468e-02,-2.364731816964748753e-02,1.709446651433418202e-02
2.435068432559308986e-03,4.274464840381882527e-03,7.338039942433429233e-04,8.219624256596787248e-03,-2.998177418712968684e-03,-7.332630307361288034e-03,-5.332153797707091421e-03
-1.275325497768798949e-03,1.980845494544419914e-03,1.980696334265752770e-02,-7.371584286773081446e-03,-9.768388576060325554e-03,1.298573187097062801e-03,-4.671083663696822680e-03
-6.647309708680794937e-04,2.715065585311411765e-03,3.415311467849829925e-03,4.794627975976986818e-03,-6.117801310452165159e-02,3.387269556381934665e-02,1.704504348243210399e-02
-1.654943809719136225e-03,2.655387167639240535e-03,-3.738737628667389637e-03,1.229925250868991841e-02,-4.123994585012238923e-02,-1.355125731572654445e-02,4.523024492790632400e-02
1.437375017932447261e-03,1.081443709260098904e-02,8.683422214575015410e-03,-3.271403329932040527e-02,4.814461076188944824e-03,-3.810632439532998794e-02,4.507066229335286722e-02
2.788258293141303388e-03,1.206241421299546375e-02,-2.170467163039960581e-03,-2.920912393096312953e-02,-3.276682039777974870e-02,3.367249045995292234e-02,1.562324852569320528e-02
-1.540515495958016956e-03,2.820131280165152389e-03,5.124789513147281865e-03,1.810995955672679153e-03,1.181881304768871849e-02,-3.194464981816291099e-02,1.191043551744711167e-02
-8.515450073392355490e-03,-6.963705667740204865e-04,-9.089718853000420401e-03,4.261807706260645895e-02,3.733833704709835395e-03,-1.509782693200054093e-02,-1.295254434214895486e-02
-2.619485693754022935e-03,-3.196878115872743044e-03,-1.789178766124155037e-02,3.356657886126200585e-02,-7.121479041114360184e-03,-2.333619633079423231e-02,2.059924798151488434e-02
-2.520615800267551367e-03,3.445558776837753887e-03,-1.592308973441576916e-02,1.565526974024651977e-02,-1.087694917697026170e-02,6.590003091828361415e-03,3.629823102740943261e-03
-1.866258687760574686e-02,4.374410696896014437e-03,-9.638436881514033869e-03,2.582410114244523824e-02,1.341289862943783120e-02,-1.790775340236730809e-02,2.597366692707907786e-03
-1.056671743824874957e-02,5.440840262879734213e-03,1.475006771217789343e-03,9.124347755507021193e-03,2.236167085773697535e-02,-2.674536907720070217e-02,-1.089779131892082463e-03
1.243068794117789686e-05,4.706579508527575749e-03,1.263663254906315439e-02,-7.859624761822957967e-03,-1.383816563255080637e-02,-7.051521852869855299e-04,5.047299834128852677e-03
1.562546309814546661e-02,5.737257486694998757e-05,-4.984714024801161484e-05,4.985177422633186618e-03,-1.180816906303866834e-02,5.038375241922230831e-03,-1.384837213428117067e-02
1.897479773597867889e-02,1.317366323419343109e-03,-5.147242833902878397e-04,-1.192878133146511865e-02,5.928504640396428833e-03,5.876578797379214229e-03,-1.965374188231818614e-02
2.289417673719191387e-02,-3.540153224022954577e-04,-6.740256382075343611e-03,-4.579332900703286108e-02,3.690744450308523078e-02,4.916403002414874469e-03,-1.183042353118144742e-02
-4.638167387925698840e-03,-2.474340397342070490e-03,-1.400590215636150944e-02,1.180373599165295863e-02,2.912637170902133976e-02,-9.187995414274051711e-04,-1.889289821761751600e-02
-5.529331638609773746e-03,3.861591673333555300e-03,-8.576135691613641712e-03,1.471292331310516260e-02,2.334060443474011287e-02,-5.765683390464511164e-03,-2.204396870049074586e-02
-2.739879946007637429e-02,3.195940153852769913e-03,-7.789164801062214288e-03,6.540300419235677183e-03,2.418032964780315180e-02,1.915007388209126471e-02,-1.787867984184427286e-02
-2.911410852147751013e-02,-2.086914308528084634e-03,1.245951814138607922e-02,-7.468480950581172367e-03,2.631077179873038754e-02,2.539814827509636382e-03,-2.640600987039257944e-03
-8.480549957386587095e-03,-5.263066149470405075e-03,1.106876288595636318e-02,1.406478128235251587e-04,-2.244627669116776216e-03,1.324266656948699938e-02,-8.463833492293104319e-03
2.889674077066443567e-02,-3.076208487850401983e-03,-1.266381978458805749e-02,-4.759872510884322061e-02,4.287872307556204327e-02,-1.560679232764583535e-02,7.170081862701206503e-03
-3.801744236561663270e-02,-7.670101958976603337e-03,2.988653089218603828e-03,1.604472648000165869e-02,-2.416946829667000578e-03,2.990982673989440316e-02,-8.387151548543873110e-04
-1.064553811197595755e-02,9.358523175866299490e-03,-6.681536849085080096e-03,-8.569217316542766241e-04,-4.367334973616103164e-03,9.821552609815087202e-04,1.221065322948365270e-02
2.634623384407326629e-02,-1.086621439475164361e-02,-1.235240709721144130e-02,-2.474364112967094610e-03,-2.199250026754731580e-02,9.250608877756694159e-03,1.208864315064753919e-02
3.158345827907846348e-02,-9.926134686139830368e-03,-2.667777522154661518e-02,-2.919156869347530603e-02,-1.526768279786180731e-02,2.861567126643843259e-02,2.086403185350679118e-02
-1.080996873536493701e-02,-4.174407806627736597e-03,-1.183424019223606842e-02,2.160481999541336365e-02,-1.691105464324005672e-02,8.650880821915382657e-03,1.347397056013998652e-02
-1.670729267724444965e-03,-4.204808125505267945e-04,-4.012694193211133534e-03,1.646673126575729992e-02,-1.715784586902946527e-03,-1.214154734004785005e-02,3.494504934679595713e-03
-4.447102011932612536e-03,5.304387451012842125e-04,-6.070489195824185086e-03,1.571127276019788259e-03,1.258898774587576506e-02,-1.740388881343577290e-02,1.323092625419577256e-02
-4.624153431079486114e-03,-1.526621744880968029e-03,-3.821005601147541616e-03,2.169280065485336070e-02,-1.437343071480702908e-02,-4.200517088251624724e-03,6.852927925313162874e-03
-5.292482028795892149e-03,-5.094241250376002270e-03,-4.509482089369949362e-03,7.888911888641146966e-03,1.031358933281249779e-02,-1.253896284919063346e-02,9.232666996278750954e-03
1.136439418644862856e-03,-6.090278502571695165e-04,-9.869139689901360295e-04,4.048993066707710919e-02,-2.060242540969700262e-02,-1.509654230061229473e-02,-4.331460556165282749e-03
-2.720797096329531217e-03,1.155855205071138793e-03,1.379444087658854637e-03,1.429168948124372521e-02,-8.914089422287318001e-03,-1.178388118380733519e-02,6.591778928450418504e-03
3.429076481646915146e-03,3.831737337192588511e-05,1.847579868551857624e-03,-3.442534323017053255e-02,-2.194962912070013220e-02,2.039783857423450864e-02,3.066216005306542786e-02
-4.688639158239811316e-04,-3.363702220331861795e-03,-2.322926115862514792e-03,3.014608505324662194e-02,-3.306114443451861791e-03,-7.177687194782931407e-03,-1.350679116299347698e-02
3.704770509308244041e-03,-7.361111145710002700e-04,2.724937101333194632e-03,2.340568415080421238e-02,-5.298891835572847042e-03,-1.084297916971364156e-02,-1.295740964158824914e-02
1.454183167477393233e-03,1.268095758920690513e-03,-9.106254333579024904e-04,3.299688419083633695e-02,-2.014461748934461699e-02,-6.713838971425447645e-03,-7.950081223106395673e-03
-4.250969523293509494e-03,-8.575562340787389092e-04,-4.330488561178997761e-03,3.596168594597200230e-02,1.033366727789666699e-02,-2.256217986858144106e-02,-1.429415903673579916e-02
-7.298340217084573790e-03,-8.830876277589905796e-04,1.175585241178243520e-02,4.142401810053198546e-03,-3.639494693310877955e-03,-2.201635118717456402e-03,-1.875696564963729709e-03
-1.374452290292763404e-02,-6.020842308244709479e-03,6.243499863218793765e-03,2.805496136352491135e-02,-1.554218742239852138e-02,-1.262161689810982999e-02,1.363070830493691606e-02
7.948444434043076476e-03,3.740528808915118391e-03,2.156237129864931046e-02,-6.059765442360583176e-02,8.893307861176286133e-03,1.920099098799786519e-02,-7.479889671759517352e-04
-1.187208588235576408e-02,1.542452647681672416e-02,-1.116035877903932480e-02,1.431369013310669278e-02,-8.703747516418924510e-03,-5.536412648651691491e-03,7.534388216542325239e-03
-7.876129254235435598e-03,-8.354844896771953730e-03,1.793109984601659254e-02,3.511094993728098440e-02,-9.923621978076605475e-04,-2.100731070414964957e-02,-1.481140273033295686e-02
-9.557067793323038157e-03,5.180636074757483805e-03,2.435213630529871331e-02,1.100139425178428207e-02,-1.720277354249321114e-02,-5.055723990986134980e-03,-8.718601305038152158e-03
1.344117629630646460e-02,5.402867591419149330e-03,1.320690119258401130e-02,-7.579722801969632738e-03,-2.323173311656825599e-02,-7.245936930816611853e-03,6.006447769044910914e-03
-1.584421336045827369e-02,7.747693349953332746e-03,1.083623768650219393e-02,7.511239727596666360e-03,-3.699702759879456692e-03,-3.638947019223503360e-02,2.983821554852066071e-02
2.644859499578277803e-02,-1.505647263310479363e-04,-3.170240482411383360e-03,-1.989846752340177286e-02,1.870240445694100343e-03,-3.115645086448979705e-04,-4.787998200687706811e-03
-7.491571638938985308e-04,1.137342951612359959e-02,5.944756592473531866e-03,-5.399528616044381099e-03,-1.214915713111235258e-02,2.470709833468105743e-02,-2.372744153222750008e-02
-8.496762136183748024e-03,-3.471794457549640806e-03,4.087523508750829683e-03,1.590852598819376615e-02,-1.621174402413007656e-02,-5.966996732432310567e-03,1.415124785335118186e-02
-1.164902534228451532e-02,-6.553569397007669118e-04,1.804652043592364086e-02,1.405429022657679258e-02,-9.353290685139884712e-04,-1.510023149772027513e-02,-3.760867814280872534e-03
-8.006607784917099202e-04,-6.397779836111843095e-03,1.419430947193593869e-02,-6.472546566528169674e-04,3.363677601275318757e-02,-2.040117681545060985e-02,-1.958421339798218502e-02
-1.527742743270704869e-03,-3.158763633596788946e-03,1.176503450390145589e-02,1.875739618754955441e-03,7.087250710700325647e-03,2.582814742193035879e-03,-1.862433319868227882e-02
-5.086014324445489385e-03,4.742710011200110959e-03,2.739947683824438263e-02,-6.784867864884154727e-03,-4.234225338467938887e-03,-1.023618965218967176e-02,-5.800889669457217138e-03
-8.392123880143929557e-03,-3.774118960966267415e-03,3.216183253926065133e-02,-2.695456753556698531e-03,-2.151166044436391214e-02,1.293587290337377092e-03,2.917940209432800473e-03
9.225412741104421430e-03,5.231180806238159772e-03,1.380715094418473454e-02,-2.406164686279352316e-02,-1.199832227743423234e-02,1.017906353447332879e-02,-2.382838885772901177e-03
-4.993710848443449341e-03,4.256734333632841705e-03,2.867797316690919853e-04,5.105254661132376318e-03,-2.063290625049732374e-02,2.912587540301694866e-02,-1.314802703051052082e-02
2.747463070870674682e-03,4.325506985321055445e-03,1.367341055347410681e-03,7.531886959654924760e-03,-1.966206174842771714e-02,-3.351200519592674367e-03,7.041064196826408994e-03
-1.909703230655192610e-02,1.259058985767906244e-02,1.113468017698826182e-02,5.008985342306333972e-03,-8.016690443284282472e-03,1.195023300937221242e-02,-1.357076563650965254e-02
-9.335789240773881888e-04,5.799919015122657201e-03,3.626152691663841326e-03,-3.573398959399869644e-03,-8.533205324039531622e-03,9.021769662880683299e-03,-5.407658162150417308e-03
1.163497901082516731e-02,-8.976058965351581959e-03,1.386666995011004780e-02,-6.837419734328590085e-03,-1.351652851641350211e-02,-7.064571974138982545e-03,1.089293022929749277e-02
1.010454007072206055e-02,-9.635068084415235323e-03,6.074796829082984920e-03,-6.794080470804843980e-03,-1.576638026104821080e-02,1.681151283239659244e-03,1.433504063322360231e-02
1.284612242987082792e-02,6.218382845996014291e-03,-4.744735925182742842e-03,-1.264450577145207096e-02,-3.181406021770570580e-02,1.360826025739270140e-02,1.653053638108087711e-02
1.137371161222910411e-02,-7.571521435695237594e-04,-1.816112874758898238e-02,6.384098101214330696e-03,-1.238597352108498917e-02,5.539042269961683314e-03,8.007402428838385211e-03
-3.854419820423176865e-03,-3.748855614971425502e-03,-1.306318957800910348e-02,4.303688507412122694e-03,-2.404710906319434960e-02,8.201030942427472645e-03,3.220885462675847355e-02
3.260048289770522446e-03,3.695161178668310373e-03,5.508764034065967256e-03,-1.503306600466299513e-02,-2.604495294462599517e-02,4.247456200509277732e-03,2.436658924627491812e-02
-9.473002746863232182e-03,-5.106684600138119978e-03,2.264935670326225642e-02,4.061180033406179904e-03,-3.508530914199242678e-02,1.285988669738292317e-02,1.009457305494241945e-02
-5.485711585159239526e-03,3.497789250545811808e-03,-3.707666641451627144e-03,2.000099545992276712e-02,-1.615685496830709944e-02,-1.831948102661428227e-02,2.017092951106381690e-02
9.664476102559988900e-04,2.917364055327847320e-03,-1.486249909564053145e-02,-1.047406905497159577e-02,1.165433652298512738e-03,-8.450420413415638682e-03,2.873774324614544046e-02
9.264925314011246069e-03,1.944952292764739544e-03,-1.654420966998890012e-03,-1.105062850945568928e-02,-7.101457289885902864e-03,-2.228449945167121707e-02,3.088112861123573638e-02
1.206890016160309942e-02,-4.395176165424359745e-03,-3.295728388266461889e-03,1.173667683825428687e-02,-7.639369932493826100e-03,-2.279572795086546796e-02,1.432042543719272421e-02
-9.228954206243535638e-04,1.382363302423891436e-03,2.036630570063841395e-03,-2.750437275350226668e-03,1.541462543641982860e-02,-2.289213355608326825e-02,7.731846943150334425e-03
9.301667876734403401e-03,-4.358389383283265209e-03,-1.158194829521895508e-02,1.593117318769565402e-02,4.990397936890982045e-03,-8.782875133959144875e-03,-5.500026188859723740e-03
1.241041384905177888e-02,3.165764825232133227e-03,-1.159957360965300187e-02,-6.872384407331244300e-04,-1.930191987041669430e-02,5.127172099011093965e-04,1.549983603661784538e-02
4.832964441655034082e-03,-3.018427936700131264e-03,-7.395490291997070843e-03,1.255171873418160257e-02,-1.940071280163502623e-02,-5.664435751046531173e-03,1.809438360554217751e-02
-1.517523216866647692e-02,3.179219784016975854e-04,9.178084334419465626e-03,2.535083412820050841e-02,-2.967548807266210537e-02,-1.472425061067863389e-02,2.472813041098567005e-02
-1.181003978733395111e-02,3.300794272180245046e-03,2.527064055082857419e-03,5.742016978618130069e-03,-1.126616187008656379e-02,7.502492810366168628e-03,4.003833541173188772e-03
2.607802789625706524e-02,1.767197149887191066e-03,-9.077888759234912022e-03,-1.391834152232892304e-03,-2.002332190102273663e-03,-1.767787123666709689e-02,2.304701292092969315e-03
2.063277293525893688e-02,-6.860890433310978809e-03,-9.664616711323945064e-03,3.157946267524523037e-02,-8.543808753883842463e-03,-2.151928628608191021e-02,-5.623633425903510653e-03
2.649575829230505983e-02,-1.759545956113449036e-02,-5.127580703068794661e-03,2.335252011908667963e-02,-2.027179173465990664e-02,-5.759549821458683286e-03,-1.093896591069804230e-03
2.990298057082545896e-02,-1.785544877839073327e-02,-1.388090596196619834e-02,1.278895235404028767e-02,-7.752242614569618512e-05,-4.323477017890445251e-03,-6.554578740472697188e-03
1.910670117053446526e-02,-8.695949100436911952e-03,-3.291431909966269914e-02,2.836470040861092251e-02,5.747569517099203849e-03,1.209424723130352909e-02,-2.370295012744848967e-02
5.173335814925045240e-03,1.440598175582053810e-02,-1.803968645807371013e-02,3.139353409425385630e-03,-2.641307704912854507e-03,1.344391406050504320e-02,-1.548159087768947138e-02
-2.588309913262952251e-03,1.266555368163160486e-02,-1.039004138693581957e-04,-2.354108475900574052e-02,-3.900355455225795308e-03,1.974423600718855365e-02,-2.276139147456385584e-03
9.389575612814830829e-03,-9.513491662538883569e-04,1.884671175962195078e-02,-2.793083985343411749e-02,-2.199742211127382260e-03,-2.808998138187410783e-03,5.654641996566064227e-03
1.899890857870495040e-02,-3.566146874205937747e-03,1.036612731128518615e-02,-1.611875923391424895e-02,-1.515642679374722482e-02,1.853678358880113744e-02,-1.306048657692382084e-02
2.559201630980377853e-02,-8.280990569912095173e-03,1.160383662738030544e-03,-8.009827518870542631e-03,1.633994913728223711e-02,-1.798506442682502177e-02,-8.816466594216483543e-03
-1.107121415417920349e-02,-7.577508244378630339e-03,2.533151548006400220e-03,2.287604950344551257e-03,-4.556359608490857804e-03,1.581524358770211624e-03,1.680280114992750359e-02
4.729131794973013767e-03,1.327295782427895081e-02,-4.642012520867589559e-03,-3.424804113515095977e-02,-8.119473119087436408e-03,8.077564200946681788e-03,2.092987295490741223e-02
2.084990515556307822e-02,-1.183192609195333686e-02,-1.376451539450993140e-02,2.322095730082721077e-02,-2.135726402317971589e-02,1.067973841076630924e-02,-7.796895357513570698e-03
3.600491126561600197e-02,-9.465939349790382026e-03,-2.174115198742106875e-02,-4.832884529797738631e-03,-1.152970604792191191e-02,-7.841698799542792461e-03,1.940646944885784583e-02
-8.726659315629291258e-03,-2.637792700089398260e-03,-6.769688260161514128e-03,5.109926878272889189e-03,-9.852730902897077064e-03,-1.324273850369447718e-02,3.611968280419887434e-02
-1.877996298059030197e-03,1.501627603626909477e-03,-4.109293772817017819e-03,-7.231946260885723128e-03,2.782801576907769064e-03,-1.234171715679152799e-02,2.127652430801858091e-02
-3.612262006678359453e-04,8.781671884233777136e-04,-4.675859945179590069e-03,1.001219445940325532e-02,6.308880044006859138e-03,-1.551018227052470590e-02,3.348026724538645266e-03
-3.786776219645948509e-03,-2.238053330402045831e-03,-4.796928306099188313e-03,2.439416485126278539e-02,-6.244867585983868499e-03,1.872959373997343290e-03,-9.200498783129061262e-03
-5.880119075275596144e-03,-4.751571913890065627e-03,-4.975072412254455921e-03,1.846782815851022788e-02,-3.016626183567485222e-04,-7.564793230868778300e-03,5.005391092135418746e-03
4.698392705219368816e-04,-1.664030249818377726e-03,-2.091820587106665678e-03,3.845592757107184345e-02,-2.923567456822545596e-02,1.159363543830842745e-02,-1.752787687475169942e-02
-1.975328008798650330e-03,1.206635772146592714e-03,-5.314999628682789794e-04,2.509845485660188932e-02,-1.329336636861124313e-02,-2.832184510989725970e-02,1.781694882142680417e-02
2.475392322848332140e-03,7.530693239695466200e-05,2.135130544066347370e-03,-2.888790054207604485e-02,-2.702966793167864423e-02,2.763912925933393119e-02,2.359260941510906567e-02
-1.035164884720091985e-03,-2.728355778641639463e-03,-1.905184440588446456e-03,2.811173173835675512e-02,-1.024807105752361877e-02,-7.218026144745578153e-03,-4.976929432137428000e-03
4.010570913593542591e-03,-2.173500127152213431e-04,3.164036408596568317e-03,2.470874614590935422e-02,-9.047866269288211416e-03,-1.393470881212501879e-02,-8.683428373971100594e-03
1.504271451386007081e-03,-1.036890329567871503e-04,-1.978163342996169891e-03,2.674015964082071192e-02,-2.317556558003496664e-02,7.320096388035894110e-03,-1.030710952425464844e-02
-3.867450844306654680e-03,-2.015326721934601086e-03,-5.089661802853737149e-03,3.636203948765148047e-02,1.239187872980310320e-03,-1.145143483273675621e-02,-1.517735315879997944e-02
-5.429177552752286959e-03,-7.421664935095452368e-04,1.407356936417837774e-02,7.508670989162432793e-03,-7.295709108409991102e-03,-4.616495283425311839e-03,-3.498691915243691119e-03
-9.893230135708089984e-03,-5.185011236527068551e-03,9.294004447026613450e-03,1.887137542552336927e-02,-8.065134415131222645e-03,-1.791031429023191499e-02,1.288831020504840712e-02
1.882685836579063446e-03,2.045274858862945310e-03,2.455022428917049554e-02,-3.143757917995275430e-02,3.328067031845676361e-03,7.928634834688145366e-03,-8.297307671193637421e-03
-6.875393625239938425e-03,1.784280122509707481e-02,-6.545816529205362999e-03,-1.095959263168362792e-02,-1.267151929018492211e-02,8.531573997632884918e-03,1.067794685358388132e-02
-7.326399797476654090e-03,-9.069436433239744591e-03,1.907613137344051080e-02,2.212758371481866881e-02,1.186991590608937929e-03,-6.630992399172259966e-03,-1.936387804897954368e-02
-1.162300414428459440e-03,1.452696057300944870e-03,2.721649825735084072e-02,7.014289877773814512e-03,-1.647509081967675135e-02,-1.908279624910209915e-02,1.036703290781783131e-03
3.370982229828824606e-03,6.158392180275435585e-03,1.970903054446853167e-02,-6.742373620699074893e-03,-2.470927639792297459e-02,-1.509834743695893065e-02,1.731159250100817310e-02
-1.813014159062666456e-02,4.178183988666756346e-03,1.859033075869271539e-03,-5.585450926036854453e-03,1.012413121365890109e-02,-1.141872109010280516e-02,1.897296532857140755e-02
1.126296670041016142e-02,6.363689827454648701e-03,5.492657044812472925e-03,8.827140104831137507e-03,-9.615047487747728321e-04,-1.034380388706762979e-02,-2.064114504166600014e-02
-8.294287005036813862e-03,-3.448279087827025441e-03,-2.927110618207885619e-03,3.751509087616450300e-02,-1.913013564138433750e-02,1.789005692209924905e-02,-2.160533544580780022e-02
-6.244257862067619132e-03,4.695158162596031748e-03,8.804747698868452613e-03,-5.732018249610945811e-03,-5.448370590181073406e-03,-5.479462288436555938e-03,9.404203128831703853e-03
-6.445809742639528259e-03,-1.121464378617451811e-03,2.012401492376375209e-02,8.734263145858961117e-03,1.726398716247995110e-02,-1.280897497131550621e-02,-2.574601613953009238e-02
-6.278293075962573799e-03,-2.704826561612830478e-03,2.390683390621584775e-02,-2.774988761834282572e-02,2.017940661020010268e-02,3.282026497944839916e-02,-4.017349823994600250e-02
-1.510279727356170091e-03,-8.655120784108932819e-03,1.854583532048487441e-03,1.236550217953637405e-02,-1.308102529122732310e-02,1.924432224388678350e-02,-1.021798215277916477e-02
-3.055439684937562902e-03,5.413037629410815017e-03,1.831133926026949979e-02,-7.426053395811405521e-03,-3.977257868179793349e-02,3.136975802352191117e-02,-4.840063150655248177e-03
3.124605532949380725e-03,-8.244500199351213797e-04,1.934256955005143191e-02,7.052254093054956090e-03,-2.580777855552976105e-02,-4.126687895947191848e-03,1.239487295356208512e-03
3.619057000230404414e-03,2.548125118987677393e-03,8.613386549590869995e-03,-8.091051917505271557e-03,-3.145513325140041061e-02,3.503986398099111915e-02,-1.027424748089442175e-02
5.731241531501312346e-03,7.669986655776377810e-03,-4.289128262948182883e-03,1.523124585124919356e-02,-4.206800463986231503e-02,3.655378094901347297e-02,-1.882912208472988999e-02
2.008748264683136650e-02,1.679287160843942819e-02,-4.990637337578139078e-03,5.981541794811018158e-03,-3.784837740110264664e-02,-3.389771722230231973e-03,3.366890410829304157e-03
-1.070527730863867454e-02,1.907982456289409462e-02,3.168689235485416898e-03,-2.205210052979867871e-02,-2.986438754279741731e-02,3.497741730128417492e-02,5.395834281571061132e-03
1.899171818131857592e-02,-1.831574714180523623e-03,7.926415911087053914e-03,-2.941469005192848610e-02,-3.277032406212885413e-02,1.427840381933584424e-02,2.282005091649635248e-02
1.146549663727693428e-03,-1.318951278576777596e-02,1.352605658492001157e-02,-5.216534298580059216e-03,-2.175549583556849603e-02,8.430963551571461767e-03,1.705797311969705493e-02
-1.452993556083006762e-03,5.455469157974970245e-04,2.789730351265114466e-03,2.359927298571239812e-02,-4.400624134969548240e-02,1.323347013471518757e-02,5.291214518288359092e-03
4.032365738307009707e-03,-7.761134584137067104e-03,-1.492093547960942138e-02,-1.576769981301612668e-03,-2.358934034156609863e-02,5.214240959319316193e-02,-8.326594944885927843e-03
1.287739911163761353e-02,-8.274053542281824009e-04,-1.502603456118208232e-02,-1.995807939430782347e-03,-1.695579587241009085e-03,1.003146593253877346e-02,-3.364037602094340808e-03
5.555787897158085201e-03,1.675792892714203291e-03,-7.047108308774466777e-03,-1.636868277501773300e-02,-2.087314977433311555e-02,8.696408609174445135e-04,3.618771920733554470e-02
-2.634727505256259151e-04,-5.414216418060047858e-03,8.344485857218638530e-03,-1.226209065210775648e-02,-2.492780593221605168e-02,5.768234881353253955e-03,2.875486501433753561e-02
-6.494229377403405203e-03,-2.927862356091603079e-03,1.788436871856110069e-02,-3.575819042365330908e-02,5.589005136992963169e-03,4.651122941852084761e-03,1.705578535974221210e-02
-1.124382112163215854e-02,1.524687822740678281e-02,-7.879461068818517655e-03,1.027549519503285526e-02,-2.006373330751832010e-02,2.781027066391554906e-02,-1.414562858838622032e-02
-2.100781241322773052e-02,2.196360826825128829e-02,-5.593241981755547182e-03,2.253550186055039775e-02,-1.710709286087768941e-02,2.008809151979281185e-02,-2.087905439273357935e-02
1.192260260836167790e-02,1.217470917922561322e-03,-2.195753266365529401e-03,-2.463169492461549266e-03,-1.580288506596171441e-02,2.560355403040926250e-02,-1.828181973190473944e-02
-1.636762515212636165e-03,-1.437233631510659131e-02,7.863164921410852742e-03,1.512843414105265009e-02,-2.705554903862184696e-02,2.933421528836730949e-02,-9.261166481889564206e-03
4.323840336199642580e-03,9.215230813767153958e-03,3.093031802161315662e-03,-1.732176325448045798e-02,-6.609129743842284037e-04,-6.500506223152079793e-03,7.851079499888611798e-03
-1.011602808568022420e-02,6.185327073487154742e-03,-7.760328489573951188e-03,4.115444430716275193e-02,-3.313659445160051231e-02,-7.727236701090391211e-04,4.445903316313681158e-03
1.032012040939165806e-02,1.232513826416009942e-02,-1.409948841979124894e-02,-1.871905842584870028e-02,-4.961857324636492024e-04,-1.788082346517137072e-02,2.855029736972318488e-02
2.706773965539007940e-02,-5.593187086316994683e-03,-8.742330315524148455e-04,-4.345893103283104963e-02,-1.884595136132932031e-02,5.545152619869968269e-02,-1.374696334205997676e-02
-1.316239296403908009e-03,-7.910384487136819937e-03,2.440779332306612995e-02,1.875835077143606436e-02,-1.358791730540561196e-02,-1.412674747473554628e-02,-6.224855530820229410e-03
2.115192541679168647e-03,-3.168275884950001210e-03,8.576110572536854368e-03,1.724090449477785544e-02,-1.081286095104037198e-02,-2.633300286287417954e-02,1.238193208987063178e-02
3.408155595726473919e-02,-2.688508508758260824e-03,-6.626923220211738443e-03,3.033139321845817159e-03,-1.703285199113704906e-02,-1.798084876884291014e-02,7.214437209839515315e-03
2.039238284006116009e-02,-1.961523778989899755e-02,-3.075220961904474512e-03,2.566518334071832275e-02,-2.414062444509919997e-02,-5.938559389643207828e-03,6.712076405766288605e-03
1.305933039459851452e-02,-1.464139356863642522e-02,5.249851216359764129e-03,-3.592314415371618708e-03,-9.729743937695328401e-03,1.894569563540884558e-02,-9.291425324663753205e-03
2.501254809387462499e-03,-6.162349939475514869e-03,-5.057097847174561386e-03,2.102643078054451317e-02,-2.109889262841667737e-02,4.269683836622838527e-03,4.520970988511958076e-03
-9.460270682459671898e-03,-5.277291635687382000e-04,-1.583332288376695929e-02,5.217578621967774999e-02,-3.366522698395024021e-02,1.383572939091741970e-02,-6.524965896849553582e-03
1.276174725617443793e-02,3.898252085342605432e-03,-1.778614590134650411e-02,2.472943074412803626e-03,-3.232216829112841833e-02,2.630033304265191191e-02,4.675038733893030832e-03
1.127261812681966749e-02,-4.287049841656381116e-03,-6.493542662234904651e-03,-8.591432810341975354e-03,-3.747874962999457604e-02,4.157149500994942320e-02,4.006661807458899993e-03
1.864336401816242550e-02,-5.024924458381039780e-03,1.454478068127516496e-02,-2.946885613512117280e-02,-5.841251084048614851e-03,8.409560023344742757e-03,-1.262673045231565852e-03
2.066584200316560690e-02,-2.658856966433026294e-03,8.577880873529718578e-03,3.939180218423591305e-03,-3.579457972763180201e-03,-1.374862686134529881e-02,-1.319596129457735120e-02
2.415833824180869602e-02,-1.075175787575556596e-02,-2.736608184042258612e-03,-1.385742464239701592e-02,4.398420486500410898e-02,-8.377894979348455076e-03,-3.241885742526945391e-02
-5.622082391446090420e-03,-1.636305649590433751e-03,1.399999910888234493e-04,8.391272289024257619e-03,8.119071507475861954e-03,-1.018796682358710619e-02,7.960110770346755195e-04
5.319792930264499384e-03,1.319987867399741166e-02,3.549862081711060643e-04,-2.331116827100562089e-02,-9.615198754239079326e-03,4.207026492647057041e-04,1.363100656354693588e-02
2.249912854087643410e-02,-1.265429941839248985e-02,-1.105404544505293914e-02,2.677044490285913556e-02,-2.619330806776738740e-02,1.699968871361896838e-02,-1.636760922614162797e-02
3.666623118125513642e-02,-8.364022843243295105e-03,-2.017468380279981502e-02,9.819018898194030107e-03,-6.720162654041551831e-03,-1.643522701416026688e-02,5.208846234795781391e-03
-9.692618173178310301e-03,-2.302598146451049523e-03,-4.774267509453824186e-03,-1.845861049863421061e-02,4.483215137531279364e-03,8.939384653699218976e-04,2.985094072481618566e-02
2.627061768202149008e-03,1.586832389165609503e-03,-4.119976543415798491e-03,4.050578598436820922e-03,-1.022103773387561705e-02,-2.249263235768506411e-02,2.856917387917187745e-02
-1.524447893207075098e-03,3.243876773155756244e-04,-5.407836272033813944e-03,-8.083863464128227330e-03,7.990126194520236896e-03,-4.700329585929198008e-03,1.140196334346249910e-02
-4.535728827467026478e-03,-1.195210667992412622e-03,-2.972554108546715968e-03,1.318385145519724438e-02,3.198902033758616557e-03,7.721434322143140398e-03,-1.540069420709287359e-02
-5.271623674879254498e-03,-5.439061342077777805e-03,-6.575695545172651271e-03,1.524470240524287631e-02,-1.366989702979511632e-02,3.326517269219668015e-03,1.238505791746230197e-02
-5.954815237893476424e-04,-1.141810550248158066e-03,-2.797714766097997730e-03,3.521840600133792354e-02,-3.378137172103622826e-02,1.917204202487510570e-02,-1.607406946504122761e-02
-2.067290984637142927e-03,9.076843510831854919e-04,-5.105677547503964780e-04,2.503582032957485728e-02,-1.919653058301883444e-02,-1.161260021781816698e-02,7.443484859566386162e-03
3.452835436055396671e-03,4.372774708249988016e-04,1.233555055749007518e-03,-2.423438309035269231e-02,-2.486087396249055809e-02,2.754432430639332935e-02,1.642726478382061650e-02
-1.073870315122883289e-03,-2.311109937631701874e-03,-1.908347436466204449e-03,1.304444071741108976e-02,-1.536838946306118801e-02,9.286652828637085438e-03,-1.669376393766216441e-03
4.489575265515891381e-03,6.769464802836651536e-04,3.046915775763613804e-03,2.970176252332435221e-02,-7.323749772195962612e-03,-1.773987809185796280e-02,-1.285157218083349089e-02
3.538471549894553567e-03,1.306111839773241605e-03,7.582291176955135124e-04,2.533040357008429708e-02,-2.273027583123126555e-02,4.829650218176558853e-03,-1.303259046439292357e-02
-3.006021167301915157e-03,-3.016362784760394551e-03,-4.389902834074023603e-03,3.173581825336962980e-02,-1.947856428044333248e-03,-7.696262931336649016e-03,-1.167941210785230707e-02
-3.800972373865176782e-03,1.005846091932944674e-04,1.328829762100489260e-02,-7.586100688338060297e-03,-1.120487072082274396e-02,1.477302640528330895e-03,7.725758912299483458e-03
-8.072904848646476547e-03,-4.375264219179405764e-03,1.005694752516209621e-02,1.437657832132133509e-02,-9.362968030560712973e-03,-7.135869478811363367e-03,4.513480730714516942e-03
5.033168249688555612e-03,-1.728938859609112583e-03,2.016104528527423723e-02,-5.031612676459826065e-03,2.818283005253272629e-03,-5.474885825544911593e-03,-1.577705917860224363e-02
4.302061648608130999e-03,2.109377592466382678e-02,4.137763683222907100e-03,-2.453885961736528010e-02,-4.652349331365941156e-04,3.724496072550027501e-03,-8.254002778543084035e-03
-9.364611805082259655e-03,-1.339387942508147959e-02,1.619840702603751043e-02,4.886205833499841777e-02,-1.068919752853329103e-02,-6.876066640222277225e-03,-2.473670996211662851e-02
-2.337218828472191305e-03,3.765480610768063598e-03,2.102571208171443232e-02,1.239290460180901554e-02,-2.393756785202535292e-02,-3.460285154956133785e-02,2.369354093576731685e-02
-5.390505538040977519e-03,7.145307023621002770e-03,2.370788144964447453e-02,-8.146855005569508118e-03,-2.640124023647799981e-02,-1.460252200354071259e-02,2.368793431036365221e-02
-2.560530531341865049e-02,3.451438652517042818e-03,5.400158399270403586e-03,3.009371477409718623e-02,1.782540230504266058e-03,-2.875377206522559612e-02,1.363122532225541188e-02
5.351264042108733708e-03,1.226111902897577925e-02,7.282998445716231013e-03,2.445623100275626238e-02,-1.276191236113759404e-02,-5.773705602982485627e-03,-3.081599455543688332e-02
-9.360197404569402940e-04,-1.243845358966015613e-02,1.051379359179162656e-02,1.162416723609568936e-02,1.390791479441045968e-02,8.880413701513026684e-03,-3.155181599369374923e-02
-1.150794826971328864e-02,-3.726153502211634536e-03,1.129452797828957474e-02,4.641971734700631180e-02,1.032137308863027327e-02,-5.435070226303154867e-02,1.549185621030151798e-03
-3.063795834728840969e-03,5.179932624825161168e-03,2.612377644744767746e-02,-2.870732651657233875e-02,1.294061353335532703e-02,-7.521850535386904145e-03,-4.951349718940050576e-03
-7.297839686151923015e-03,-8.613039431142669160e-04,2.804198805925408114e-02,-3.257279739477483838e-02,2.493926279034474128e-02,1.345754759255737149e-02,-2.570685741811534752e-02
2.183112019182852645e-04,-4.727642503794497221e-03,-4.229762351477053817e-03,1.883042633483369283e-02,-7.197699985182415792e-03,6.661914811997426446e-03,-9.555547508295531706e-03
3.768593131587460315e-03,8.667681096792143524e-04,4.455948336005548520e-04,3.863872442920902178e-03,-3.916374137633292507e-02,2.307246028316372460e-02,7.146452575381164775e-03
1.886298419102624274e-02,-2.950550721355416940e-03,1.232375307755844557e-02,-2.996930118315569574e-02,-4.074836239537456273e-02,2.028288302663215636e-02,2.219859400466879171e-02
-6.540907475503394790e-03,5.643503474045267684e-03,-1.468688193084795009e-03,8.713935517766738248e-03,-2.841936166870148023e-02,5.098673989464359152e-03,1.697284435601330993e-02
8.592956781407342162e-03,1.499816915071341787e-02,-1.668041990078241278e-03,-8.377353068764969990e-03,-2.745570894552968114e-02,1.217992795072998617e-02,1.730050121522163763e-03
2.045392074739993404e-02,1.434715020335361642e-02,-2.108218892766470717e-02,-7.388304888913626786e-03,-1.959773180259005362e-02,1.309462191835832545e-03,1.195769247657900262e-02
3.295830579732466920e-03,1.261533525764406589e-02,3.106516192299382285e-03,-2.648802779450924044e-02,-4.182216228878744835e-03,-4.707841439870162799e-03,1.636040343358221433e-02
-2.637983913881195974e-03,-4.342700349532617812e-03,7.379484442329931754e-03,-1.316193995371456316e-02,-1.290216848848629687e-03,-7.762244509633787169e-03,2.181560113328081738e-02
-6.429545433790023051e-03,-1.034230100996273022e-02,7.712149539533487072e-03,3.073129406209301751e-02,3.227197561249570915e-03,-2.859167752426249390e-02,3.692882805139173844e-03
-1.322263274609625748e-02,1.868727804790488306e-03,-6.593519679303218653e-03,3.822451116283134831e-02,-2.711490098826289594e-02,-1.406278788108348611e-04,6.978442324851292199e-03
7.973021999084863075e-04,-8.606585983287702926e-03,-7.424103742559609760e-03,9.198231945391524252e-04,-1.545383429564207295e-02,3.477982018990222884e-02,-5.012421562860450500e-03
1.026912867289215929e-02,-6.733867507698335780e-03,-4.685863362277664645e-03,-3.474869227850097692e-02,-2.128441130792296711e-03,4.344936022764685907e-02,-5.421624621269773361e-03
1.095120265893261870e-02,-8.686646998298059794e-03,-6.924851017330318700e-03,-2.120611617404120908e-02,4.619055842825444368e-03,2.901771168207013460e-02,-7.770355994158571061e-03
1.185393435387873014e-02,-8.280927672500324951e-03,2.729998345843666829e-04,-2.714812965094452052e-02,-4.526535707841873590e-02,4.178807582091226269e-02,2.677940439248839219e-02
-3.239668748360577302e-03,1.682912748253827598e-02,-4.537366806868822766e-03,-1.359684055624248850e-02,-1.593383464458160773e-02,1.756213875705187576e-03,1.872236939780998546e-02
-2.940802896703507974e-02,2.132057199831266861e-02,7.979438679614264326e-03,5.659306595637908152e-03,-1.157379325351205919e-02,2.747980649300335934e-02,-2.145730154602101813e-02
-1.613650336566709032e-02,1.294686166923643238e-02,1.443146300710143951e-02,3.457688069207054404e-02,-2.704557968753864075e-02,1.758947175545298724e-02,-3.636259407065570853e-02
2.024417052094556677e-03,-1.691371400958941286e-03,4.133597253133319133e-03,2.381887628485562444e-02,-1.838022189728721542e-02,1.760680818894508684e-02,-2.751210548078249912e-02
-5.540338502841845973e-03,-7.449030864018254660e-04,1.170729752166414610e-02,4.047635684879909157e-02,-4.975212859516833785e-02,3.258025670964560805e-02,-2.872654089569673733e-02
1.606698720560013937e-03,1.547860765254374313e-02,1.287408104693873491e-02,-1.988800630667856076e-02,-2.823788816900515974e-02,1.820525743290660496e-03,1.634598131235045701e-02
-9.348014127314115823e-03,2.557280997388818380e-02,-6.298143312219444713e-03,8.063885964365240244e-03,-6.702753366087639553e-02,2.670243016391460680e-02,2.233456499824194169e-02
-2.158196299107131497e-02,2.987410484093848753e-02,-1.516795486952660435e-02,-1.542264226876833731e-03,-2.005387650841618415e-03,2.418443741202124572e-03,8.005021156175785163e-03
2.183362488575093727e-02,1.023508164112566995e-02,-1.615687639196502351e-02,-6.564907521533712431e-02,1.554458298380850291e-02,4.950146648662913373e-02,-1.530880439001220013e-02
1.550732023355130525e-03,-5.992838358873430436e-03,1.195735728249589479e-02,-9.406173492422319595e-04,-1.425834139682144799e-02,1.694116975311618298e-02,-9.257461954030102996e-03
-2.930184681869116986e-02,3.793199522901059828e-03,2.675590949832590271e-02,2.472195562264394020e-02,1.491085466858943932e-03,-2.193085506543279023e-02,-5.529448226605945121e-03
1.740790083299243243e-03,-4.051337962628920493e-03,2.141739768412174744e-03,8.927596905991905946e-03,1.515991989083121522e-02,-2.465622069803620475e-02,7.375120121306256689e-04
2.017375730174826229e-02,-1.132351842202196888e-02,2.833606918731299169e-03,3.309949434374667016e-02,2.042107636289351019e-02,-5.761453600167570910e-02,-7.589880503421907697e-03
4.225667207726757461e-03,-8.946643731453573709e-03,6.533114974973502562e-03,3.183188492186454777e-02,1.478826492670676229e-02,-1.773673432664290076e-02,-3.069555397317496465e-02
1.735334844469391818e-02,-1.081763218736882248e-02,-1.018738707326729024e-03,1.772245534637108613e-02,1.988747657288798820e-03,-1.695821854262546252e-02,-8.269962011032697818e-03
2.284947423639636238e-02,-4.193929272276329841e-03,-3.331795000495833652e-03,3.533467305128490388e-03,-2.194811010790233274e-02,-8.026045634267477830e-03,1.111693847341710742e-02
1.942975081056737621e-02,-8.320559893231127459e-04,1.739981446743496182e-02,-3.340042119611846827e-02,-1.499383086074715897e-02,-2.081139259416608933e-03,1.447788202760311345e-02
8.075315817437919014e-03,-1.618407079575927320e-03,5.111827628290674039e-03,-2.068946771226782416e-02,-2.788538575668881442e-02,2.416706152153711915e-02,1.283905558126685956e-02
1.607817508604581641e-02,6.012248065319572218e-03,1.063989928665135020e-03,-1.245046796932145969e-02,-1.800465339027917250e-02,9.183447827187831217e-03,-1.882739547617743063e-03
1.611360292399922553e-02,1.142349415674316984e-02,-7.108211073616493673e-03,1.074793596747295778e-02,2.308648411279897242e-02,-3.717732241612138611e-02,-1.708598367127649870e-02
1.197238566184907066e-02,-9.858891691260227713e-03,-9.050046118257968480e-03,-1.398593541687907782e-02,4.038001015097129193e-02,-1.361014708121996387e-03,-1.809650787830111018e-02
-1.037825479340518005e-02,2.138810763964299911e-03,-1.634379878484614737e-03,-1.218160039466186645e-02,4.447709710758291496e-02,-2.915734885541346189e-02,6.735676050417895022e-03
5.560110016947527635e-03,1.299421675459363698e-02,6.482805023982583618e-03,-1.461060320693907330e-02,-3.959372279632132618e-03,-1.722205736689087774e-02,1.075490105793825389e-02
2.037595115109532701e-02,-1.164299500819961086e-02,-6.774429150492000153e-03,1.225918289898626085e-02,-2.570636448801490864e-02,2.757571086868160215e-02,-1.608705627205673713e-02
3.043226406522436464e-02,-6.267262173586059595e-03,-1.951620584556695848e-02,2.525961168567619763e-02,-3.432975406991726347e-02,1.578400996517347402e-02,-1.136266362700369750e-02
-1.172435623486857426e-02,-1.504759710332594222e-03,-6.094910933210568975e-03,-2.718798205049328780e-03,-1.344538776136676092e-02,2.083892098957630667e-03,3.340432074587021405e-02
-2.124951142770325433e-03,1.075966639136463404e-03,-4.343508353330564724e-03,-2.030828356576099523e-03,-1.862980864028952396e-02,-9.165365637843691030e-03,3.521849549167373195e-02
-5.814301584262500378e-03,5.431902852273885101e-04,-4.511686516462915832e-03,5.860606223080871459e-03,2.621404162068191688e-03,-1.956170622520992872e-02,2.086249365555889121e-02
-2.848497154139764936e-03,6.820971139533836200e-04,-1.999731475343722968e-03,1.967058019354726503e-02,6.411321704163387529e-03,2.029247714326593618e-03,-2.394501809650720001e-02
-4.263851839429387038e-03,-4.517207333593216065e-03,-5.188390047935697268e-03,3.040244073021868693e-02,-2.019118953462839192e-02,1.024425427205163767e-02,-6.486056246683630580e-03
-4.580982893296140120e-03,-1.981738569689249583e-03,-4.581540296646672769e-03,2.599544305083420839e-02,-2.580610593610002668e-02,2.751834000037324535e-02,-1.656341535547521671e-02
-2.547335122510594515e-03,8.554338426831953118e-04,-4.902978480371816003e-04,2.823369365253934268e-02,-2.303229451813885650e-02,-7.203346601539980382e-03,4.184146595004011905e-03
1.042984156882037798e-03,-6.744537641841119200e-04,-2.468946827086914222e-03,-2.265006350702877466e-02,-2.988055782541833641e-02,3.450100651048688266e-02,2.013003125634925047e-02
-2.708116377843461484e-04,-1.725750473686936317e-03,1.417077548556165483e-04,-1.589232139073717270e-03,-1.527377339546532112e-02,2.172368914308920804e-02,-3.005829251934459198e-03
5.047479329837750543e-03,1.292234636414255891e-03,4.264921174843430175e-03,2.658284513287380996e-02,-5.261482560572507301e-03,-2.427800221186681220e-02,-7.647995501529961104e-03
3.779994877638708298e-03,1.971487399605485920e-03,3.451672151009603073e-03,1.915752368630314201e-02,-2.024299059263636250e-02,1.225904888754329389e-02,-2.037673640946391362e-02
-2.498878591826608070e-03,-2.572430941021617082e-03,-3.389978007967082811e-03,3.250460103136871420e-02,-2.767659293596932794e-03,-8.495382084873126863e-03,-1.278027211208335005e-02
-4.370613247571718089e-03,-2.497332826893319810e-05,1.212116392764642399e-02,-1.655655082128628525e-02,-1.480362198245157440e-02,8.662538285680651887e-03,1.497205716625139849e-02
-7.476968262587469632e-03,-2.483539757246961202e-03,1.058616683802716951e-02,2.542117320564999186e-02,-1.022026874275796561e-02,-6.438257707997194906e-03,-9.388305573087575226e-03
3.267844702250994552e-03,-2.932941901259416596e-03,1.995154058600079675e-02,1.348539608624156616e-02,-1.900297151010102003e-03,-1.476514496748868380e-02,-1.710639735473517414e-02
1.069113913561926116e-02,1.841221751035202608e-02,1.245991204137928722e-02,-4.011662854102181902e-02,-3.350679712523608762e-03,9.540654657790977045e-03,-7.636615091596230843e-03
-1.539334080348316210e-02,-1.699609065234151256e-02,7.685080696158036115e-03,6.276204666132752241e-02,-1.289475659617438617e-02,-1.527238336704368066e-02,-9.890555938442806630e-03
7.152598761034145887e-03,1.084173279730702918e-03,1.000250338000539981e-02,1.026710739982016410e-02,-3.580172879021717436e-02,1.095077225733056409e-02,-3.655426287703737818e-03
-1.992550323752346434e-04,1.219399796657472806e-02,2.805776716141616597e-02,-1.388308111318160842e-02,-2.652477363521700549e-02,-2.974267195745144282e-02,3.009801661023428498e-02
-4.466368800524234649e-03,8.762401438560555450e-03,7.833124178599291942e-03,-1.806129578613381928e-02,7.950209576031043793e-03,-1.424647439319420492e-02,1.222840378666129220e-02
7.813186204118742484e-03,1.305274971760291350e-02,3.352843714380712888e-03,7.961236198128791158e-03,-2.118325069907472935e-02,-6.235891642981483511e-04,-1.037317597085825327e-02
1.068127495809057317e-02,-6.765168140596964849e-03,9.272470282489980731e-03,-1.104649821133705211e-02,2.591211194689856459e-02,-1.576458496972429207e-02,-1.228960586582081467e-02
-1.861594924420741787e-02,-6.268630709816200471e-03,1.151989685574680844e-02,6.407534941312298393e-02,-2.945645712331212626e-02,1.008000277980047399e-03,-2.226220946951435256e-02
-8.367137232340645173e-03,4.547234786596082365e-03,2.098396940873803809e-02,-1.525472721438411337e-03,2.202622984171179882e-02,-5.317467472684151569e-02,1.550985064357472860e-02
4.739357961836502403e-03,1.806016000264436608e-03,1.498378273839047828e-02,-1.744405805709902182e-02,2.283840228833590100e-02,-1.619294386222124363e-02,-1.073055706950708753e-02
-2.770872717280784860e-03,1.179277010366207518e-03,-6.165504615257472176e-03,1.671199478091075705e-02,-9.097933143579877910e-03,2.171726355835117833e-02,-2.157422487350999299e-02
8.081608811194180078e-03,-5.686865268943361654e-03,-8.336032101949195777e-03,4.966684735136906587e-02,-2.455222014400361419e-02,-2.578163128364245604e-02,6.608292635975425086e-03
1.680598458788939986e-02,-3.706288295903839916e-03,2.474547259752960145e-03,2.519278291837383915e-02,-2.093906690155945133e-02,-3.596781724397813546e-02,1.613985767542513994e-02
-3.480499892374884236e-03,8.727396737742960584e-03,-6.980015261219811411e-03,1.123674299894000805e-02,-3.448722578666713057e-02,2.066837215317365861e-02,4.315229050405044141e-03
3.708641949073252647e-03,9.042101424385861827e-03,-1.690295004344912269e-02,1.054881398406827368e-02,-1.945324585681759352e-02,-5.761508968009809066e-04,1.363278943954030799e-02
-8.058280835481240094e-04,1.218340652751463866e-02,-1.764097598246615328e-02,1.773438764569556028e-02,-2.218523690838166210e-02,1.462516908693654687e-02,-3.910922285750732807e-03
-9.424549215281645756e-03,8.888830334909593456e-03,6.820792208890696408e-03,-3.106161843443480328e-02,1.759445989766665608e-02,9.096928539434494254e-03,-1.914843331185027376e-03
-1.939273126752382934e-02,1.652111948581499968e-03,-3.506996937394407394e-03,4.424334935009279998e-04,1.454479412308096360e-03,3.210919695233524496e-02,-1.275849360180753359e-02
-1.164874331345790853e-02,-1.780125271710550783e-03,9.626931257605960898e-03,3.840093213580648979e-02,-1.294017675838374931e-02,-2.257755372135070854e-02,9.187356714904159564e-04
-6.511156939747535580e-03,1.846924168157778939e-03,1.387994596103121541e-03,1.869004449480808107e-03,-1.612298501666650091e-02,1.421905901855410534e-02,3.311159724118240780e-03
-2.602366774155071699e-03,-1.072713535537173600e-02,-2.274650331284935108e-04,-2.725322771542057834e-02,3.139141013883410720e-03,1.966492144681343188e-02,1.800613241737915315e-02
1.161479983445309373e-02,-1.531679137186548606e-02,6.320250700945319496e-03,-3.313600583302203639e-02,6.789362508377326522e-03,1.855606702964760282e-02,5.172317131464145186e-03
8.691175600994398981e-03,-1.096453872626642137e-02,-4.847682790632192387e-03,-1.776099965317205764e-02,-1.751836064349609687e-02,3.144653828829579306e-02,1.095386792427657449e-02
-4.059390488021944431e-03,4.303743050299826435e-03,-1.687423455906210748e-02,-5.966604457860222310e-03,3.575153980349408175e-03,3.538931758797647805e-04,1.866743929841524485e-02
-2.020860093870426033e-02,2.808102064526552671e-02,2.864633940963878973e-03,1.360832378300073225e-02,7.705430581361439116e-03,-3.445814735293752096e-02,2.407339341050170403e-03
-2.523599266968869562e-02,2.081679722246479458e-02,1.835162427954941181e-02,4.352614364537063518e-02,-6.520204580395480738e-03,-1.028450661011085995e-02,-4.065386128718949388e-02
-8.668929794345768547e-03,5.762747594142934859e-03,1.422688052902071169e-02,3.117041845787415708e-02,4.997904793017972531e-03,1.066960503500447369e-02,-5.815862661471443706e-02
-2.255976541456091420e-04,-4.192645735114615066e-03,3.910370031430620945e-03,3.430822028939847085e-02,-2.006505206010907733e-02,3.794250733596553349e-02,-5.167780220742530101e-02
6.413977209593252002e-03,-8.660807994599079712e-03,7.935586122002654189e-03,3.328854187122187724e-02,-3.405932844272168553e-02,1.907476817295873997e-02,-2.399273693845561592e-02
3.290711446389045069e-03,5.648608619180811932e-03,1.864905086839542374e-05,2.170105633929003339e-02,-9.425760615736340428e-03,-3.561618265663993310e-02,1.438291781664800470e-02
2.742855288300987456e-03,2.328025690471687698e-02,-7.011793538966726823e-03,-9.539799155725075044e-03,-8.891529448304538036e-03,-1.357143450778313006e-02,1.299144445776156259e-02
-1.944032245381219909e-02,1.770249206869520253e-02,-1.156090843143951601e-02,-1.524392218008099051e-03,-1.001238440093041304e-02,6.405787212685857233e-03,1.842972822280922879e-02
-2.150648697426563866e-02,3.768979401916202482e-02,-7.428944219317066937e-03,-6.409769711836849071e-02,3.181099732182497090e-03,4.690583461889166750e-02,5.256399941714813041e-03
4.986577951851607800e-04,1.460424174881231468e-02,-1.632076003695533475e-02,-9.776486004624922871e-03,-9.718882459408427835e-03,2.899939264020723328e-02,-8.286163683216031528e-03
-2.374139874853173002e-02,-1.624477944497354498e-03,2.499128570227053189e-02,1.109164082174389152e-02,-3.704175433967516959e-03,1.001568150194531368e-02,-1.702855589896306795e-02
-1.389898654379017641e-02,-2.786708043299979207e-03,-4.050211944899531624e-03,3.567855516985259101e-02,-1.182979593126559127e-02,4.343230035720863774e-03,-7.456082742318190584e-03
5.047257413609289485e-03,-9.828026087940007829e-03,-9.221493161219366727e-03,3.557212122793337178e-02,1.344177084080506492e-02,-1.853713382155129305e-02,-1.647449641163721903e-02
1.894213255731937856e-02,-2.294338209130665409e-03,-4.976607741231136445e-03,9.203093436983790163e-03,1.933815460491332535e-03,-5.034367576203095315e-03,-1.777372792822963163e-02
2.630125597173582283e-02,-5.863483641314646416e-03,-6.256974880985177387e-03,3.215215656619065110e-02,-1.996161646515253602e-02,-2.004218138342298353e-02,-6.329156167051278037e-03
2.004014554585515848e-02,-6.097841369781383143e-03,2.745137770791002563e-03,3.238171238073516561e-02,-1.770238102748475026e-02,-5.271357515100071056e-02,2.134680185088555157e-02
7.870435320398870907e-03,-1.647113623260544916e-03,1.066943592672237734e-02,-1.292177940209946960e-02,-1.020791319816822043e-02,-3.427767737322700257e-03,9.664702713729673295e-03
1.026882355422688992e-02,2.075566609560605593e-03,3.471318307218125652e-03,-4.559248814078181722e-03,3.023711112892823669e-03,-2.172106647980222641e-02,7.440895709981934676e-03
7.176448323228041756e-03,9.493176391673515541e-03,-2.803499416902791030e-03,8.710691686751370622e-03,1.542022244606272401e-02,-2.445758516425161275e-02,-1.353945426656126896e-02
1.561556922588446146e-02,1.839028030822257784e-02,-1.791371410895091498e-02,-1.282614446985329455e-02,4.020328414037582093e-03,1.520368665496831320e-02,-2.249000602430873547e-02
-5.749244919865868081e-03,-7.137820362163276380e-03,-1.507909020975605092e-02,-1.065144553322860781e-02,5.527331937979416965e-02,-1.675394737544121798e-02,9.822902066065012240e-05
-1.644295152317526432e-02,2.433597619696994691e-03,-4.132933799962678657e-03,-1.287287903111877449e-02,5.354829177771495280e-02,-3.779292688772969977e-02,1.525980184457448666e-02
-2.408612243301103302e-03,8.657956357419272636e-03,1.061460679258468924e-02,-2.640646746845123558e-02,2.977202320728148440e-03,5.464337152780922129e-03,1.100977088239208420e-03
1.913392065339316120e-02,-9.430943311148236308e-03,-9.370784445673099178e-03,-2.572110511414751541e-03,1.171548506149422755e-02,7.175142160444512515e-04,-1.019308166269571568e-02
3.099714453181766707e-02,-5.240386498673717426e-03,-1.922454546807755502e-02,1.443532914161555804e-02,-3.431090801124141165e-02,9.639697783393562716e-03,3.703668521165878486e-03
-1.115299765358690812e-02,-3.315461202848498431e-03,-1.083715572655517302e-02,-2.590788554747923411e-02,-1.336259350562210742e-02,3.335758863743626401e-02,3.121850499865561415e-02
1.072563349928929945e-04,1.893292635042059715e-03,-5.715348510228102259e-03,2.161739531172279447e-02,-2.090650926049500077e-02,-2.368677892914383340e-02,2.669069241810914303e-02
-5.657137264140417454e-03,6.013336964892173307e-04,-2.789011426586660188e-03,-1.094952059254939011e-03,-2.058470361262067228e-02,1.123501442535302861e-02,1.828945624076051477e-02
-7.729373349718124571e-03,-1.989003715713225486e-04,-6.133694536952285885e-03,3.517587232295000393e-02,1.112843078536598050e-02,-9.822729736926584521e-03,-2.241960511314750049e-02
-3.747537274372704248e-03,-3.761855539202286266e-03,-5.869105782776828061e-03,2.033242519085019795e-02,-2.120563568224047291e-02,2.202901773375426711e-02,-7.777308646012274194e-03
-3.639659875169557433e-03,-2.138523115774553819e-03,-5.046045148397846833e-03,2.987038044405902412e-02,-2.370415827383525603e-02,2.137276136971733367e-02,-1.671475540059919399e-02
-4.054816585862759497e-03,1.665555558244769191e-03,-1.698591661052583496e-03,1.260834080213422102e-02,-2.180169327414371860e-02,-2.154376820969117396e-04,1.349664284277701971e-02
-7.590882948644220437e-04,-1.979355575230158995e-03,-4.449853944468640590e-03,-1.844242118284552395e-02,-2.433005977310354062e-02,3.396765366380201379e-02,1.599312510671033194e-02
-4.617968330500778619e-04,-1.817777882102700367e-03,2.389402315319515287e-04,9.342435526232139090e-03,-1.383984420496420231e-02,1.038870525650555099e-02,-3.850662094152614012e-03
4.929927385950109292e-03,7.871581377189246307e-04,3.942413782871982166e-03,2.461560965797113254e-02,-3.054497228141902707e-03,-1.797143632778813727e-02,-1.324917540858214574e-02
2.671431347863551051e-03,1.372610596872787542e-03,3.618123060232604493e-03,1.628731317242574847e-02,-8.276202429775678451e-03,1.142979721062538714e-02,-2.710307295824443061e-02
-3.302831792707286093e-03,-1.723492694976362779e-03,-2.841117711652295786e-04,2.934402158781949932e-02,-3.464767929636267813e-03,-1.110284373452827961e-02,-9.465973664806023521e-03
-2.957600576203918245e-03,1.029986430126530409e-03,1.206195039241105688e-02,-2.327068902328406012e-04,-7.539790983720891411e-03,5.197546305016469484e-03,-7.559384677396393908e-03
-6.194098356318214829e-03,-4.519738721649611195e-04,9.266337713763166117e-03,1.950509670289682362e-02,-2.425781253567693436e-03,4.542705508078333926e-03,-2.424228644268749608e-02
8.105603487670928883e-04,-4.135135516279937924e-03,1.702321444142707030e-02,7.265919923968119920e-03,-1.330072032168454731e-02,8.963495084380644976e-03,-1.662733396057850671e-02
1.445121840808880412e-02,1.553024014553715249e-02,1.713776885203768460e-02,-3.861638468496132737e-02,-2.314686126783303301e-03,8.789109914240655214e-03,-1.497726650815967182e-02
-1.692336012123570044e-02,-1.692006832071542635e-02,-4.107977789574123600e-03,7.941797939640271586e-02,-1.004594889924507496e-02,-3.228807044318248581e-02,8.674461775501422474e-04
3.197359007467013431e-03,-3.631414579447533268e-03,1.658337198904028670e-02,2.228973616415369854e-02,-3.270667877140107788e-02,4.266894086401958747e-03,-9.999267896214155890e-03
-1.674265546940795560e-02,1.517582482317693729e-02,3.431198988069700251e-02,-4.698177955976583914e-02,-1.694282907518455950e-02,6.388626053519374376e-03,2.479082334696493944e-02
8.625245227563107381e-03,1.316816831461112454e-02,-7.584456490248826614e-03,-3.878655455094634497e-02,2.522245433739331300e-02,-1.853075490566481395e-02,1.788589806729244669e-02
1.229742490941347719e-03,1.326968694877356768e-02,6.665304560102997553e-04,1.864256852638012177e-02,-1.656776803811757515e-02,-2.074810599859779406e-02,3.507345614610076195e-03
1.288303916473751767e-02,-9.431680584500948955e-04,1.273728228633483339e-02,-7.700569143128559342e-03,1.152083403352825025e-02,-2.115548014932621193e-02,-7.341938133695757700e-03
-1.637080967213770666e-02,-9.152150971089085402e-03,7.217992987095548860e-04,5.269288002886068911e-02,-3.363942535232205405e-02,4.649126030792126614e-03,1.098580637186422375e-03
-1.614542277137631307e-02,4.781959786728384385e-03,2.544461443674823475e-03,3.163324547699248711e-03,-8.291959133601580975e-03,2.573512215162190170e-02,-1.178748602474647203e-02
-5.001135981831988410e-03,-5.062413357165156157e-04,1.547633598548927257e-02,-9.631690497932701408e-04,-1.303759622787630315e-02,1.843517776942496522e-02,-1.440337115969616937e-02
-8.945831022940749569e-03,5.644162911203333584e-03,2.515016209814450229e-03,2.183616773434451583e-02,-1.164983238743554257e-02,-1.688940865303102928e-03,-7.710742579682974829e-03
1.269836686508971947e-03,1.155711580406299215e-03,-9.527775738748890666e-03,4.042802084875950219e-02,-6.005249339501471904e-03,-2.450269051332211456e-02,-2.817853524102330483e-03
-2.845510147902262474e-04,3.246083397613188769e-03,-5.803287634331140421e-03,1.696872536981195931e-02,-2.730112560072686656e-02,2.243417166902871886e-03,1.093073831552013493e-02
-1.894119194964334054e-03,1.162259640418539242e-02,-1.029807669601909975e-02,1.362980663357551969e-02,-2.243943333341610891e-02,-6.032011040659455287e-03,1.541123722729811213e-02
-1.254910151834283350e-03,1.515166119173100940e-03,-1.831510060249837493e-02,4.258637274429329100e-02,-1.307962661979448528e-02,-7.175304305541967999e-03,-4.276597183797341099e-03
-1.363411490047734646e-02,1.303215225848831406e-02,-9.886399767348523840e-03,2.314064680028738233e-02,-4.119192956861306154e-03,-1.488158647359196299e-02,6.348495039503473415e-03
-2.510478931181971823e-02,5.475119871815658373e-03,7.488419063063242627e-03,1.155960068546630498e-02,1.749227706766694548e-03,-5.506158310833878314e-03,4.338580295541695150e-03
-1.825021837776824932e-02,7.723449242635240311e-03,2.531248300676214660e-03,1.059018741225874714e-02,3.904609866976095807e-03,-1.662524753769308722e-02,1.012597109291501346e-02
-1.074310677556248976e-02,3.471979083585026958e-03,6.059748597736203633e-03,1.147052953074562641e-02,2.358019802445750299e-03,-1.738422180356523003e-02,4.767051564615177976e-03
2.568482760685837207e-03,-2.681469890054993268e-04,1.755985349859102897e-03,1.505330013769072724e-02,8.097800310249925193e-03,-2.277982419092313554e-02,-4.427597378556888223e-03
8.268948902185672663e-04,-1.296020432802909468e-02,4.585914030118559519e-03,1.916437821205517131e-02,-2.868538867105815612e-02,4.731097632110139485e-03,1.233730823458483936e-02
-3.084829023015713770e-03,-1.241950636333964859e-02,1.126670766329820016e-02,1.390671155847295363e-03,-1.248831176762339040e-02,3.111642142352267527e-03,1.222362619248097172e-02
-7.142853797806417507e-03,-5.485911150482980676e-03,3.605402282033985748e-03,9.568620383053075273e-03,2.514720839068015825e-03,-9.299804642651759989e-03,6.239826086786092602e-03
-6.686665841490484555e-03,7.396038703097177446e-03,-2.193781820345875808e-02,2.364414585385893330e-02,-5.789830138016457354e-04,-1.659525324938571425e-02,1.475853575118057058e-02
-1.051557059011118921e-02,1.974492147756055568e-02,-3.942771292513315082e-03,3.347438177027746431e-02,-2.434595913076050347e-02,-1.260659296705547196e-02,-1.808409267397620510e-03
-9.206808499617641015e-03,1.589908940937353674e-02,1.394415049560939618e-02,5.858040255178312283e-02,-2.680132542798807985e-02,-2.363002253780740330e-02,-2.878548599135284658e-02
-6.345075259718618507e-04,4.204685188281530664e-03,1.102984600436154698e-02,3.713637460301739274e-02,-8.678286494375455837e-03,9.006279042244498545e-03,-5.206439081755753068e-02
1.354381389405786033e-03,-8.460810443180807189e-03,7.120814334706164310e-03,1.389842911130468456e-02,2.364498070527161402e-03,1.906813253000659222e-02,-3.534544499276953688e-02
2.413995969973291734e-03,-1.096275869262475569e-02,1.351515975951511454e-02,4.822571810261149644e-02,-1.816838749513146126e-02,-3.163923436798225797e-02,-3.384493276361489819e-03
1.241645625163187959e-02,1.930072817824400556e-03,6.472249902926072032e-04,2.531088168318428033e-02,3.016603688462543022e-04,-3.321871606193970566e-02,-7.387580049839697835e-03
1.581490018957631971e-02,5.137029294481736293e-03,-5.996270869282175914e-04,8.141216173752701193e-03,-2.140784493199381078e-02,-2.504136153403170931e-02,1.795568789514298200e-02
-2.069802562471763103e-03,1.346534792568229505e-03,9.422366250485449818e-03,9.442385509550522624e-03,-6.773961840963996575e-03,-1.363409257060484549e-03,-1.000411289210795425e-02
-3.553876585756823858e-02,1.644449242331116195e-02,1.901100612591332187e-02,-6.877519060928843041e-03,3.758060457888285255e-04,-4.469359522062490465e-03,1.105433984554638101e-02
-1.880019588035156120e-02,2.084168061873172342e-02,-2.206610264680379085e-03,4.193955514482284111e-03,-3.251722171342558837e-02,3.052539249519455739e-02,-2.037000769950933488e-03
8.205330268758860915e-03,-1.369619968656587755e-03,1.747280531851616234e-02,1.135747327348574564e-03,-2.425759508848830681e-03,-1.168415442964265694e-02,-1.133434900747558836e-02
2.248945252030477241e-03,-4.575195092929550122e-03,1.116715644932502263e-02,1.851439707268634841e-02,1.151464073440928298e-02,-3.779158887414413304e-02,-1.078355541377464151e-03
7.631235819155790176e-03,-8.878463883418596589e-03,-1.095907841113066307e-02,3.312280352669415284e-02,1.758169640534374897e-02,-3.109526155549037843e-02,-7.402931901154069516e-03
8.219481020203768182e-03,1.171800021491622252e-03,-8.579312102254458769e-03,2.839986260526862830e-02,3.109602628320247766e-02,-4.458208932843983618e-02,-1.572576849947234651e-02
-1.977462404053814422e-03,3.769047006168154725e-03,-8.943708266086649109e-03,4.537069266885444124e-02,5.922424465656063973e-03,-3.905268660384010604e-02,-5.088306866698264277e-03
-3.126267637383815280e-03,-4.418363769877950691e-04,4.644367141694371454e-03,2.741595763667314251e-02,-8.075961452605001645e-03,-1.460142726965742155e-02,-5.814832041733534844e-03
-7.192809734499264022e-03,1.116042240351151731e-02,4.593292279487372169e-03,-1.326049194160110190e-02,1.469133312776090862e-02,-2.021517499852107727e-02,1.022342886386173356e-02
-2.893866396864000576e-03,1.273524551206455966e-03,-1.018576347939665304e-02,1.066423499900067892e-02,-2.787571280307166773e-03,8.362509041055809535e-04,3.093190702255095223e-03
7.565407767646726254e-03,6.444778270128604346e-03,-1.599844887371347155e-02,-6.753172349615594282e-03,2.248303231233101784e-03,1.787479696136168306e-02,-1.138166500704097112e-02
1.972594198521059397e-02,2.034310448281538217e-02,-1.953500434919086190e-02,-2.287323870220734495e-02,1.559496822552875264e-03,2.642678786279846134e-02,-2.564708810197917702e-02
-1.019582879893718950e-02,-5.010373700236081182e-03,-1.034560460984261174e-02,-1.234325529489550127e-02,2.534605543519008117e-02,2.257759400158370830e-02,-1.002858703286249598e-02
-1.072923534601711096e-02,4.959521917120113081e-03,3.923448845619733477e-03,-3.805436564844635189e-02,1.182045586733141036e-02,2.960226605251867898e-02,-1.522091688126565867e-03
-8.077877308493523062e-04,3.980817315792316118e-03,1.194127304273288372e-02,-2.975918367036858858e-02,1.925550663111279953e-02,-1.163653537246745785e-02,7.025909784047384629e-03
1.873933041838163338e-02,-7.412097145576171213e-03,-1.031314215062707589e-02,-2.168261108739882176e-02,8.868507864712967328e-03,1.196644694907864244e-02,-1.664348485711541527e-04
2.460010541178114796e-02,-5.003959317649793286e-03,-1.647587905866488428e-02,3.245383934443929041e-03,-1.443549334789734524e-02,-1.899686602175718617e-03,9.969528980162621276e-03
-3.117728932887902944e-03,-2.146046276903753811e-03,-1.303621982843361851e-02,-8.958791324390390221e-03,-4.770967850014879753e-03,5.903380333500175998e-03,2.612637387913041911e-02
5.055602298140370217e-03,2.973732066370198164e-03,-7.801711811680925833e-03,5.401120530376534931e-03,-2.988648496302999391e-02,-1.047436768385425800e-02,3.473210956367801805e-02
-1.234635140165626574e-02,2.089990268017305301e-03,-1.433106205796908341e-03,1.992450000460443960e-02,-2.891845129272435991e-02,1.946525059463386290e-02,1.218168032921942458e-03
-8.319968849339786504e-03,-7.445060482405596895e-04,-6.941329301508648332e-03,5.600420420445813285e-02,-9.325670614705919292e-03,-2.537345304922656447e-02,-5.299276341436506138e-03
-4.824859416739447557e-03,-3.632898685670702364e-03,-5.530401738938546530e-03,6.243233006752352092e-03,-1.087301060132635569e-03,1.912530636961936106e-02,-1.029307847489040369e-02
-3.516798018192547962e-03,-1.466750143486274466e-03,-3.217278847932506826e-03,2.888750704304518177e-02,-3.860500786999535722e-02,2.796532931104563080e-02,-1.004700147448410637e-02
-3.927991503390612649e-03,2.666658475700559375e-03,-3.194984326261429870e-03,-1.486449093066135284e-02,-1.028645176288814356e-02,2.843027784013742176e-02,1.176982207363469956e-03
-1.647827530931549522e-03,-1.179849340385507499e-03,-6.130023586389068448e-03,-1.079083570801601076e-02,-1.846104618277904369e-02,3.173756321919816298e-02,6.472019129302970970e-03
6.374538168493428967e-04,-8.063418165849443268e-04,1.350576570896031220e-03,1.650323015703930585e-02,-1.194452276733580509e-02,-7.607971904240323942e-03,1.867575943376437089e-03
5.276734684114742224e-03,9.542168508267077258e-04,4.488455142214988619e-03,2.307386237451540187e-02,8.279648981213456535e-03,-1.248060194881468569e-02,-2.959231608407060510e-02
1.479590719987604937e-03,5.564641143168163251e-04,3.216158991047271803e-03,1.407501542226705614e-02,-1.064836154737101338e-02,3.206224236253033683e-02,-4.074111006277812697e-02
-9.414468470606272323e-04,1.591311058896399027e-04,2.260656948455082044e-03,2.973753826135428283e-02,-6.904041966879191812e-03,-1.357889071413411440e-02,-1.073294678762506775e-02
-2.691057468689331440e-03,8.459325459289399442e-04,1.009904544669861827e-02,-4.450763965404135047e-03,-8.379771594460022274e-03,1.644826786198714391e-02,-1.187165282606118463e-02
-4.434973141437747839e-03,1.366608120133112501e-03,1.197297333849854303e-02,5.833878371862337604e-03,-5.117472439529338786e-03,1.421052141198110054e-02,-2.383153566150803329e-02
-4.179514519811121723e-03,-4.588220744824602661e-03,1.449676990863124279e-02,8.345686821715790626e-03,-2.113260872406769880e-02,1.712336493201037368e-02,-1.006547767365390672e-02
5.211271185850150332e-03,1.348293146593911029e-02,2.369285828618994741e-02,-1.284200809161719151e-02,-5.481341479762271394e-03,-1.953628826869464527e-02,-4.527423097905165783e-03
-6.866911892519251062e-03,-3.057380550543395761e-03,-2.998725599535491393e-03,2.512688954036369077e-02,-7.233011123960528602e-03,-1.812901729835105988e-02,1.315815692454605848e-02
5.027057145003339771e-03,-1.020350653812652879e-02,2.027142716313626303e-02,1.287971711304365663e-02,-3.420427836593029070e-02,7.649529666845031849e-03,-1.419946183971457481e-03
-1.712262656220830959e-02,1.436393361822091083e-02,2.983372652264381156e-02,-4.098466731645915295e-02,-5.815346313709293669e-03,-8.725278819797719883e-04,2.059750793349179876e-02
7.366014062756436054e-03,1.468197387487553060e-02,-1.245605294651442284e-02,-5.591932395458590332e-03,3.859784356311480452e-02,-5.213138510547435378e-02,9.533538946700398017e-03
-5.509281204188659457e-03,9.658764158379233578e-03,1.277494010766460969e-03,5.206035481886978587e-03,-2.070549770176279003e-02,-3.049860345545383697e-03,1.312234560046413728e-02
1.529654914125084218e-02,-5.873119827500076487e-04,6.840862937600157741e-03,1.329299207786676339e-02,-1.574068192929902604e-02,-7.986421589095854187e-03,-1.111598865557278382e-02
-3.201378003465682118e-03,-7.628144036576806584e-03,1.693549785063706240e-03,1.512244301122408867e-02,-3.452620045393942506e-03,-1.091661190558951625e-02,8.382761194738191576e-03
-1.305183094977730753e-02,4.025327511750814019e-03,-5.624917098477942058e-03,9.261282431623713354e-03,-4.733901707255548826e-03,1.098880803827281816e-02,-8.647682261365796479e-04
-1.564850923819456618e-02,2.388148004021955605e-03,1.366633958317826913e-02,6.295411170593282445e-03,4.542438891414715685e-03,2.225634217673700885e-03,-1.346946262868739703e-02
-5.968335134311769131e-03,3.515507035536675345e-03,-2.605161083776048533e-03,1.323297521383642351e-02,1.417008425826992747e-02,-8.219452840388863021e-03,-1.412561744916631702e-02
7.872227594101209938e-03,5.809120700163743038e-03,-9.499262742308740154e-03,5.743045622113961482e-03,2.493385793998984380e-04,1.630832692197827297e-02,-2.648279667544829047e-02
6.672697981938775086e-03,7.994009657689857273e-03,-1.713924458280327578e-02,-1.039141569598847105e-02,2.216089042777125346e-04,2.974141039413181510e-03,9.668202695472225688e-03
1.725578885739623104e-03,4.682853547774382119e-03,-1.268044368362456625e-02,2.669277335636837181e-02,8.284009896062772757e-03,-2.216018493871422038e-02,-6.544587063606409350e-03
-7.390995991956707777e-03,1.060454057762050435e-02,-7.923597556840559011e-03,3.978366389458967700e-02,-1.356035216089767313e-02,-1.206951999430484236e-02,-9.443738768210387796e-03
3.139672669376399397e-03,1.025774227306145564e-02,2.616364073990040152e-03,4.500084303401772137e-03,1.928894600321379204e-03,-2.186935981521546252e-02,-5.733981049355499696e-04
-8.906014781474607539e-03,7.416898876994180295e-03,6.490618368527512408e-03,2.188543692170729846e-02,-7.499073324405257195e-03,-3.270769523428944392e-02,1.331982917294017091e-02
7.082013570719325598e-04,3.368254518367975493e-03,-4.093701636624906375e-03,1.925516502834394945e-03,-2.512329616428648701e-02,3.010288526987706451e-02,-6.887859847239944516e-03
1.232399459905383866e-03,-9.185247191381752142e-04,-2.027070372736741819e-03,4.925819281415876050e-02,-4.226137672319135730e-02,-1.506458582752585136e-03,-3.777161876245270153e-03
-5.096732611747667799e-03,2.693792144575064568e-03,1.756750551802607795e-03,2.591038854120198895e-02,-6.630049618249709946e-03,-3.414658420489057045e-02,1.551243519730831529e-02
-1.158289967373471972e-03,-1.064108145783542250e-02,1.024137211022351120e-02,-1.243539336197228525e-04,-1.015552548240497392e-02,-3.348708204759508981e-03,1.518658693576958527e-02
-1.076982212901178050e-02,-1.022020104319096463e-02,2.135401083628682764e-02,-3.920023457861485615e-03,-2.012443837206880429e-02,1.957174141637953169e-02,4.108732749466709536e-03
2.205871219962679021e-03,-3.033361503237200652e-03,-3.329092830926481776e-03,1.841319393465808878e-03,-1.684574480533486060e-02,3.781463303392544693e-03,1.537954522267750979e-02
2.596267539718894336e-03,8.275589440304164518e-03,-2.419619992946792780e-02,7.082892032140505889e-03,-1.350422782677498934e-02,-8.639112729871367344e-03,2.838479147395074620e-02
2.072817997665295556e-04,1.946241510727502941e-02,-1.255833057417968419e-02,1.708836137816588732e-02,-5.959063026054253059e-03,-1.727021293785430123e-02,-9.704517471192626111e-04
-5.419295385680554522e-03,1.395204406421669992e-02,1.646029779117245614e-02,1.881311893255010678e-02,1.377467821286446591e-02,-4.449099972288930033e-02,-1.308984389223395023e-02
5.330794908113271890e-03,-5.751639817647920304e-04,7.379167857135649627e-03,1.067124283430295577e-02,-5.951567790515974350e-03,2.119019821662142603e-02,-3.804467204389240520e-02
8.570887702598208036e-03,-1.238411854744555889e-02,1.562782841439184361e-02,-7.345865114668951451e-03,-1.394496810834979124e-02,3.460294559443616996e-02,-2.512670994096196167e-02
8.144025128643735470e-03,-3.215513506920531298e-03,1.490505602441483286e-02,1.009794823304197529e-02,-9.116665815598126721e-03,-3.478651108708541873e-03,-1.733619895487334417e-02
1.085168064746589410e-02,-5.043750304040457580e-04,1.239242169129770510e-03,-6.291673559274426480e-03,-1.259207954466632674e-02,1.133998928561324830e-02,-4.042783967864132903e-03
2.556829436992721916e-02,-6.503411001415047073e-04,5.376410337819759015e-03,-2.155930241630709537e-02,-1.389396349158194925e-02,-1.343727472642761156e-02,1.859617702671101727e-02
1.293756663344691575e-02,-4.282549298581748813e-03,8.868905230434504655e-03,4.538009998334314489e-03,-1.551746092559824937e-02,7.104664696937934565e-03,-1.364913633497367995e-02
-2.120242790840066657e-03,-2.447582787652478951e-04,8.678391955157401666e-03,-1.126273714835059232e-02,-1.928994293842464097e-02,2.929431271183494806e-02,-5.055023510611844108e-03
1.089850937122654930e-03,9.569715254965855192e-03,1.646716209179124868e-04,-6.867276319349129889e-03,-1.466664503613127014e-03,-1.274649648540639038e-03,-1.215647341503521247e-03
1.647045573326125223e-02,-6.783911748367326550e-03,3.102190315352136227e-03,2.797251401832440490e-02,-1.196559474431365538e-02,-2.507909235865335082e-02,-3.716561215603335269e-03
-2.219728588229666170e-03,-6.730586227817878485e-03,1.827615291830051586e-02,5.503833015003999074e-02,-1.286327782977841373e-02,-4.157302993195271384e-02,-9.927860490561686915e-03
4.471796233847947187e-03,-9.449762775853366367e-03,-4.603117310731686361e-03,3.046125922282173423e-02,-5.210068755910356002e-03,-8.146489736265215276e-03,-7.523616877909076496e-03
1.759543672745869343e-03,-9.523322786888990680e-04,3.892654391688209811e-03,2.149111522151151560e-02,3.481696521906821416e-03,-3.462137642908227897e-02,4.948698899918734656e-03
-2.548398168237756087e-03,4.797164527931809842e-03,8.274228805192129776e-03,8.650264364031625547e-03,-7.680387804486306889e-03,-2.846824904207359910e-02,1.697537731764212771e-02
-4.653600339581728113e-03,9.963226419616619603e-03,8.999969912098461020e-03,1.409036925632394140e-02,1.421294262833385641e-02,-4.155763972696791680e-02,-1.055268149823153281e-03
-1.106379774397241861e-02,1.407839503402035126e-02,1.138230371618044337e-03,-4.181356516919456680e-03,-1.118683608183249946e-03,-1.037001493126345729e-02,1.151722739470018193e-02
-2.247262944456525444e-03,2.247911351890753955e-03,-1.680249378843402114e-02,9.710047231230733641e-03,4.716958918497564726e-03,1.870783402094386644e-04,2.187760891062011468e-03
6.817504626077685627e-03,6.378858559291301911e-03,7.013935924864974974e-04,-1.229618386527297873e-02,6.508915286531895966e-03,2.142742405620222737e-02,-2.953791225531667355e-02
1.601042066100467551e-02,1.209500023557244681e-02,-1.978225311930707775e-02,-8.708783533811041699e-03,5.768783511692036382e-03,7.879955188481448450e-03,-1.326312294363242439e-02
-5.685927014642479412e-03,-1.254672675330388261e-03,-4.235903781260320390e-03,-3.303024589902123220e-02,2.735776800884948470e-02,5.107244977197213272e-03,1.174173638420764228e-02
-1.234378137593066492e-02,5.109609382577691081e-03,1.080104848006838841e-02,-3.820412627306892656e-02,1.511187225734427278e-02,2.645340669009457399e-02,-6.928029161085532545e-03
-6.383273551778245562e-03,-1.765555815064417033e-03,7.372314357752418439e-03,-3.013549694363775594e-02,3.507333273881061992e-03,1.894316371186609629e-02,8.461514966980837257e-03
1.468635350639915967e-02,-6.236891076500568516e-03,-1.103303503955139347e-02,-1.529857999749823991e-02,-3.427170615053089925e-02,5.619114786130711275e-02,-4.037289103625141783e-03
2.005721774869171845e-02,-4.974097272936150484e-03,-1.590759171813040454e-02,-1.762200140748727134e-02,-7.187801521446877603e-03,7.451832650547984653e-03,1.818244152076101475e-02
5.361601916279965007e-04,-9.092960308548594418e-04,-1.187281021297287992e-02,-4.345699169596035634e-04,3.520828172818286743e-03,-6.888342620942374331e-03,1.604803041728338625e-02
-3.535357149258823006e-03,1.487542235027783377e-03,-9.586272595757519555e-03,1.559821455293853437e-02,-1.686738909654241642e-02,-1.727003635456690958e-02,3.017329840815931655e-02
-1.582836597074096033e-02,2.825397899298198300e-03,-2.796255803450326764e-03,2.301774140071817173e-02,-3.694475855107001022e-02,2.622490793834430373e-02,3.501333086900741080e-03
-5.800315586364893604e-03,-4.243126193326975934e-05,-6.689764260045153767e-03,3.272199786497845264e-02,-1.929135966046103406e-02,-1.176963592883909643e-02,1.087150883266494242e-02
-5.237555276814916116e-03,-4.599022118793301070e-03,-5.139265672410327571e-03,2.250471059098790860e-02,5.811339843742422719e-03,-8.263553881421383017e-04,-1.251385197856971949e-02
-2.604114184766079861e-03,-2.291628654302604699e-03,-4.247693331671636638e-03,1.748655452513461772e-02,-2.988488156922557495e-02,3.016250617725800207e-02,-8.620742962426774375e-03
-4.646429181036798930e-03,1.711206356592650645e-03,-4.698729451687464788e-03,-1.767383310057820886e-02,8.743656022414578698e-04,2.678278187018991174e-02,-2.349362095721576737e-03
-4.404619806441262969e-03,-2.084606250465737259e-03,-6.519293675446884845e-03,-7.818484421396864129e-03,-1.117673696429532550e-02,3.493577119912672641e-02,-2.932030081080572344e-03
1.256826497399263871e-03,4.248504865702306126e-04,2.766856420995315261e-03,4.331915189816649796e-03,-1.444904906539627373e-02,-3.152616880652535283e-03,8.821217351267370346e-03
5.041321443793054038e-03,7.849524790601817171e-04,4.481988654157574581e-03,1.266060949830532557e-02,9.332690708470909799e-03,1.799083434148247840e-02,-5.029239712526965833e-02
6.901767507130450322e-04,-1.212893398726688429e-03,-2.806739604105766973e-04,1.527001836494119164e-02,-6.020222555551364881e-03,4.483219030187455406e-02,-5.327859550284030216e-02
-2.171717463499053032e-03,-6.382736713882246034e-04,7.161443441822730070e-04,3.274473664586223520e-02,-8.169719395656251451e-03,-1.261810502314905094e-03,-2.121935995718590706e-02
-9.100361651605875981e-04,1.340844573466148156e-03,9.467958607495219336e-03,-7.042990474660783609e-03,-2.863824723473814334e-03,2.368717335889459260e-04,-2.288235512551343553e-04
-3.523395305303825102e-03,2.060197165263199983e-03,1.556954652288570703e-02,-6.432840847430197195e-04,2.161788276832149914e-04,5.964563468557637117e-03,-1.964380659434288717e-02
-5.218141768624052351e-03,-1.974004836740761003e-03,1.320533849529439800e-02,2.394521978271270998e-03,-2.470918291160017696e-02,7.294382218828678564e-03,9.007086824570648825e-03
2.472787331726518378e-03,6.947998012822587978e-03,2.583823055560276194e-02,-2.237235453018429632e-02,-1.066930049617425928e-02,-1.271636854996149868e-02,1.049900767616804634e-02
9.948999259723558669e-03,1.697520246658116780e-02,-1.049754015197788210e-05,-1.930120487787638506e-02,-5.948890429239288291e-03,-2.466365034561071763e-03,8.027561555240578890e-04
-7.035094831046798634e-03,-1.907512089647361506e-02,1.810237311184586390e-02,3.990229036247636141e-02,-3.314508895461346083e-02,-1.761434828913529052e-03,3.012076036725207760e-03
-5.052804822688566726e-03,1.010661523729350364e-02,1.915973817317687469e-02,-2.981010725801424080e-02,1.817931310508140528e-03,1.680348715193633741e-02,-1.302485979221211683e-02
1.117545290615275721e-03,1.787738829356656789e-02,-2.748576317129538746e-03,-1.494734465220664416e-02,2.361858554685529812e-02,-6.080208625197203176e-02,3.588448809027091485e-02
-4.989596465038291517e-03,9.662396528631536294e-03,1.508123079000439973e-03,-3.728634368034670649e-03,-5.451115916329528181e-03,-9.341427375575715730e-03,1.234025451734624586e-02
1.650054968133793376e-02,1.010397503131731708e-03,4.582001773262509188e-03,1.675791501007641709e-02,-3.515137953078461414e-02,-8.508387771890283530e-03,4.808903334866366196e-03
-8.486928550384915948e-03,-8.320471777386219273e-04,1.717800271687722202e-02,-3.391868911025617411e-02,1.840819304003135995e-02,-1.997000474077219659e-02,2.762147382224330872e-02
1.221675756163405520e-03,2.270987506576791718e-03,-6.160194469611105991e-03,7.831585174782404110e-03,5.505197823840075888e-03,-2.692314211076428029e-02,1.625389031901271555e-02
-8.453339179205172221e-03,2.206779948863666642e-04,3.359300809235741744e-03,-8.082771656526337514e-03,2.000779995770671227e-02,-1.078680264490632784e-02,3.735134718808995596e-03
-1.615835994645703488e-02,2.197885993573761576e-03,5.152857045463794458e-03,1.287631690297871834e-03,-7.513718078933003322e-03,1.850615962067467257e-02,-3.472456324620115144e-03
-3.162049501873952229e-03,6.156151129093860065e-03,8.851371777443798813e-03,-6.264678193135851149e-03,7.573983880780752430e-03,-4.356804085236383689e-05,-1.311121105145630385e-02
5.821161673144938271e-03,4.079420970062004083e-03,-1.079374666155985540e-02,6.545672650876048146e-03,-1.774426704287567283e-02,4.285333808853607207e-02,-3.076157967818358638e-02
3.713333215826773639e-03,2.467799641870825709e-03,-1.244321083963569573e-02,-3.096383446500730347e-03,-1.050766486206326138e-03,2.386504123844203351e-02,-1.345581332379690818e-02
7.168866067951485885e-03,1.021311677737955781e-02,-5.233726986721073948e-03,-1.382289570332512901e-02,-1.430542780112805355e-02,3.348814134454990155e-02,-1.750807369870674077e-02
1.006096793676655894e-02,4.084445799854531482e-03,-4.081198877048977137e-03,-4.917966609384497902e-03,5.563111914436233256e-03,-8.231680488836261300e-03,-2.477679675787554381e-03
9.539552785143600930e-03,2.717082078264709388e-03,-5.887778742896563472e-03,-3.114733713671731258e-03,2.581593110836336025e-02,-3.007122790748432278e-02,1.001174392280888403e-03
7.835450833575832372e-03,-2.667517498011295288e-03,-5.536283345512282329e-03,-6.835088156784966534e-03,-2.014487717275428164e-02,2.090009335307046676e-02,6.448221986416508011e-03
-9.294824722204280895e-03,-3.179166856070591999e-04,7.446910379612086718e-03,3.584688680136272065e-02,-4.495447599484884114e-03,-2.650919373551264419e-02,-2.676414438165940820e-03
-5.755264404792421323e-03,5.685585763656126126e-04,7.853684840580065288e-03,3.041803360752148248e-03,3.092822382720220378e-02,-4.248310141367583892e-02,5.846095213568264573e-03
1.200805366670525468e-02,-8.227994945028776347e-03,4.496497116152537582e-03,-2.333965642309780361e-02,1.698398849585749590e-02,-1.112718972723163342e-02,9.206301816642926961e-03
-4.031366305824848721e-03,-8.603158024432532025e-03,1.316399190694810678e-02,-1.526386789838729552e-02,-2.181796219537052335e-03,2.242130515807381347e-03,1.467406602542621966e-02
1.245080363657127299e-02,-5.846920215072778405e-03,-5.652638598813038845e-03,-3.504143520829626490e-02,1.340673901196348574e-03,3.452236205508012884e-02,-1.772845570665685603e-03
8.572880797733861344e-03,8.151706340987706703e-03,-9.561327905388132195e-03,-4.013964948575723252e-02,5.596441736162077654e-04,1.350586880112148065e-02,1.891087727768606119e-02
7.389834145765273622e-03,1.499718771680261242e-02,-5.679992056345855092e-03,1.239863553365717734e-02,-4.155777546798169499e-03,-1.172678348465213544e-02,-1.322310430842886173e-02
-1.052838491449563027e-02,9.339703631837241796e-03,1.269226526745590410e-02,2.438409556524713875e-02,3.220394503500537825e-04,-1.208799858931274007e-02,-2.412172041108209819e-02
1.706250393930027615e-02,5.435658616750829340e-04,5.325977287149618287e-03,-1.231202661381010019e-02,2.122881399227376491e-03,6.822520545137890011e-03,-1.956542241868019713e-02
1.179074099756930588e-02,-6.086311070961539227e-03,9.926713025207995617e-03,-2.061116432552811267e-02,-1.519872572259963394e-03,1.994781200614482650e-02,-1.344791806017251942e-02
8.842017131891361306e-03,4.367031351920456703e-03,1.236495779589071378e-02,-1.479228322167881401e-02,-1.047054723366233620e-02,2.116373698239390130e-02,-2.147491280675537309e-02
6.198348310474641881e-03,-3.877444908939710138e-04,-8.964880338957142243e-04,-1.072279319808832482e-02,1.085648695093762231e-02,1.439742756603749722e-02,-1.944523710457179977e-02
1.167599325421287207e-02,-2.123886020129073498e-03,2.747926766038720665e-03,-7.905438291816398177e-03,-2.375933376507510797e-02,1.313795922125361032e-02,6.226778835515405647e-03
1.014892108464994329e-02,-1.493201296084857577e-02,-2.263609814667846398e-03,2.183164835911392126e-02,-9.872636958509902264e-03,1.896020016858855975e-02,-2.387250987832600230e-02
2.022924681618352982e-02,-9.121761760974098771e-03,-5.013373846363725420e-03,-3.024885512609358333e-03,3.195495550638085408e-02,-2.514348615676801485e-02,-9.880695045849223826e-03
2.301642050893533756e-02,6.380396009415394663e-03,-5.304731245939478881e-03,-2.956270619361197130e-02,1.025270145402853821e-02,-1.009889609491378994e-02,5.316815562086078112e-03
1.325342718143689147e-02,-6.051282470555452084e-03,2.373454153887894717e-03,3.838724039480116701e-02,1.561140016167912765e-02,-5.653400226088810959e-02,-7.040237160361435473e-03
-9.812609303492781168e-03,1.168604233322640545e-02,9.043888930192785572e-03,1.156472867739366528e-02,1.206956129454731137e-02,-4.205407738952682967e-02,7.502465457659474382e-03
-4.172009684189148006e-03,1.919411042687506298e-03,-1.182155489694183999e-02,1.475513763563938551e-03,1.126302633515517855e-02,6.157235264142059405e-03,-4.821621824417705003e-03
1.418914166529641058e-02,-4.022046261508266634e-05,-1.495041337114707148e-03,1.488541891791356035e-02,-1.918385057230065360e-02,-1.355852125196900688e-02,5.203073040789544385e-03
1.051281190498342538e-02,-4.450448162483364514e-03,1.259209881488813562e-02,-1.574180579185611994e-02,-8.034095798778484107e-03,-1.801714179692581177e-03,6.923153212938929109e-03
3.320300146538649692e-03,-2.045986622600872188e-04,1.335693760251884833e-02,-2.536664314627110062e-03,-1.744440307398791717e-02,9.875624107327870063e-03,-6.367195805510273907e-03
-5.685631665777248238e-04,1.078147513850877259e-02,8.690237238568673458e-03,-1.488346565983962762e-02,-2.275111353564918896e-03,5.992167490841055801e-03,-7.736739687936220432e-03
4.707417853417515674e-03,5.020162173531188439e-03,-1.862960334859193462e-02,1.105611431884324751e-02,-5.089084629888569918e-03,2.697143002029539494e-02,-2.403643638760686110e-02
1.079871386090025011e-02,7.852810438501821658e-03,7.566945606662697776e-03,-1.567840496154284530e-02,5.718497936873437673e-03,-1.605639800895764056e-03,-1.465292308049958789e-02
1.161586305172475353e-02,3.546208678168447960e-03,-2.616704929895850504e-02,4.751322769836779057e-03,-2.576218233924170223e-02,3.643601542967490892e-02,-4.420178291204787148e-03
-1.796871034624774634e-03,-1.640473059333815353e-03,-1.294860537631371605e-03,-4.067995464795023941e-02,7.029730704119519294e-03,2.919683611523621325e-02,9.185592460184377819e-03
-1.392302870976722985e-02,6.543038515585498927e-03,1.145702215323807054e-02,-1.350724649337427426e-02,2.703215683921662837e-02,-1.656876291604985826e-02,-1.033179388848774749e-03
-1.053174709660770203e-02,-5.977062950602025047e-03,2.965222851820759759e-03,-3.713317972699708286e-02,1.116788598532248399e-02,1.295548441295194322e-02,2.655339652411159435e-02
1.093080743032850619e-02,-4.401437421821735758e-03,-9.219198531037217301e-03,9.748159467505420825e-03,-3.044065507570809653e-02,2.140083756531552250e-02,1.981486565417502933e-03
6.336184458464614276e-03,-3.924074736983512030e-03,-1.409793644052953661e-02,-3.353770552368034834e-03,-1.682241673993370087e-02,-2.984701826779085493e-03,3.484671583812919138e-02
8.637639667559964679e-04,-1.137719482027809955e-03,-9.754854448671875997e-03,-1.842649114845988992e-02,3.987394876782666443e-03,-1.502722879468322038e-02,3.949513503030413486e-02
-7.804764820815107782e-04,-9.077673600452680928e-04,-7.431038583268966165e-03,1.458301076729037055e-02,-2.528949236451159127e-02,1.291088732996562537e-02,6.914876692651300387e-03
-1.203714026580808213e-02,4.085574178093920490e-03,-1.809197228354025161e-03,4.032771790442770538e-02,-3.731597597652777654e-02,2.799097573383267038e-03,3.949923814784973147e-03
-5.104274903462631754e-03,-1.022851464253755850e-03,-8.327776661879079598e-03,1.165173486503894018e-02,-1.817441373129877885e-02,2.030545268151284083e-02,6.721292143424965936e-04
-4.813344057136595584e-03,-5.136188692020779087e-03,-5.982319569232142156e-03,1.569737196531943019e-02,-2.661212011925804134e-03,8.971277558309195474e-03,-6.075585193313284317e-03
-1.785226457800491743e-03,-1.913014849472541128e-03,-6.480220549690160654e-03,1.292758887009281925e-02,-1.330539373181425893e-02,4.450246612027025997e-03,6.106020106657601351e-03
-4.894316397363518943e-03,7.051373569739805350e-04,-7.992841371278633367e-03,-1.653584615684751749e-02,3.422190823881874483e-03,2.829045526203196464e-02,-2.994779517398183689e-03
-3.056313063177145111e-03,-1.379726031523403635e-03,-8.239238797052853697e-03,-1.793095560131879526e-02,3.838505529964708271e-03,2.238973820500265305e-02,4.377989758104855467e-03
6.820258093271989574e-04,-1.144504582259259977e-04,1.600559556959982354e-03,1.754111872162620158e-03,-7.141913803073416528e-03,3.987879138220020228e-03,-7.682121153704474584e-04
4.656562193564155530e-03,3.098989969256340111e-05,3.846423791142377594e-03,8.050208004275017509e-03,8.335386182281785336e-03,3.808246840460590560e-02,-6.300203847556196113e-02
5.188503178543681050e-04,-1.479688066824317617e-03,-1.849355019010573073e-03,1.437823247583351269e-02,3.678033645365520396e-03,3.387741448624254081e-02,-4.912348783946104969e-02
-3.985502264983628145e-05,7.408735293550626792e-04,-4.090604999101898941e-04,3.021535665374439072e-02,-2.456733888297482453e-03,-2.801140984387940139e-02,-3.917092836246069003e-05
-2.574881267948201931e-04,1.224730587583226478e-03,7.766782273084428187e-03,7.029808380857704118e-03,-7.704280804596466692e-03,-7.006621779856257032e-03,-1.052930530277811560e-03
-3.883030539364643648e-03,2.263764352916717692e-03,2.251244081909794387e-02,1.221895375497450810e-03,-3.948122960353965712e-03,-3.518437265452935801e-03,-1.464850978234049847e-02
-4.656826299032000745e-03,2.135356835049305457e-03,7.666658619727079356e-03,-2.235794958357852861e-03,-2.619285892302359794e-02,1.216590853693557892e-02,1.111755618870149953e-02
1.448273758747473409e-03,-1.094314216605199799e-03,2.744003081102102878e-02,-7.711060705956540237e-03,-1.592599797214587498e-02,-1.541168736721348215e-02,1.125475569215269277e-02
1.940627017680532015e-02,2.814802175863333894e-02,2.153357050311120616e-04,-3.244682267102575596e-02,-3.167696923854401193e-03,-5.328466465236011626e-03,-6.826641580353607665e-03
-2.090007587254595969e-02,-2.077518254791260038e-02,1.133920377091396370e-02,2.061024721752066288e-02,-2.258530769933314933e-02,2.326695625513153926e-02,9.044158876225536631e-03
8.679561948620139605e-03,5.504378666510867206e-03,9.156001609115596920e-03,7.069931516392769476e-03,-2.882904157467509020e-03,-8.740716267429903680e-03,-1.878625331574201168e-02
-1.049520209945802203e-02,1.457637932202350377e-02,1.441030141063126720e-02,-2.993338049716381954e-02,1.726494114658394877e-02,-1.797257156967328393e-02,1.214953228705643352e-02
-6.166482265835843829e-03,2.250334353223415029e-03,8.323947779526259024e-04,6.856641117659873289e-03,4.471054300385130962e-04,-2.970920956594625198e-02,2.548921615290764345e-02
9.171234920394360449e-04,-9.993229077365071988e-03,7.540888918265145277e-03,4.317600748348000839e-02,-3.150547798312267750e-02,-5.953633958994435788e-03,-4.181678874302537791e-03
-1.678878101180863655e-02,-8.060090229430784056e-03,1.051777543297904155e-02,1.721259044382815939e-03,1.323654638800177662e-02,-4.120201288578567711e-03,3.493491664454348358e-03
-1.465872658041512955e-02,-5.225542324647973122e-03,2.649851060053415308e-03,2.982009831226800807e-03,-2.173142376310038121e-02,6.475811669421117217e-03,2.950802010746209070e-02
-1.541038495910161156e-02,-6.411137342561612669e-03,4.042614891199918480e-03,2.201679112789683285e-02,-1.733135667576093594e-02,1.117824844010473218e-02,1.915224518222729795e-03
-2.341762730341128557e-02,-3.331996949123828405e-03,7.045998483219988694e-03,6.379363694282318142e-03,-1.105337782122446525e-03,1.140181369172851324e-02,3.027786165426682094e-03
5.593568036971474644e-03,-4.098718828709502389e-03,3.266397634128210322e-03,-1.537703864597636701e-02,2.236085244022591179e-02,-1.416927973360136706e-02,2.424219096961627556e-03
-9.184952456737166884e-03,-3.888525671117129632e-03,2.418713571676444751e-03,1.511661403342416318e-02,-6.052133995525457548e-03,1.406762997500155812e-03,1.835215207789512063e-04
1.119522056128991611e-02,-1.213985415469406816e-03,3.744262773748195227e-03,-2.099694035442735418e-02,-9.091644407232238670e-03,2.789238267600842661e-02,-1.152929583391757579e-02
1.148646967682163955e-02,-2.369939399103947533e-03,1.131682967873014201e-02,-9.309160870835048521e-03,-1.980058316287016881e-02,1.366196632826262650e-02,-4.985582251005261402e-03
1.807316969769530088e-02,1.654516637511883968e-03,-7.109653205309110491e-03,-1.459419961900089088e-02,7.700239689196799672e-03,5.388819182163270133e-03,-1.111289238225730315e-02
8.524807190744037450e-03,-4.009401519852438985e-03,-8.569409373907592442e-03,-7.826635328845360853e-03,2.125791983106573718e-03,1.888987199713395432e-02,-9.135024948379227849e-03
2.329062554140502381e-03,-5.948223977150307595e-03,8.195140842468900261e-03,-3.386874755943648785e-02,-8.932087701297887830e-03,2.321102777573479103e-02,1.501382806554041847e-02
-5.475677494820129073e-04,3.757655341975552413e-03,8.956709024340784794e-03,2.127390916026144965e-03,1.204899987528803076e-02,-1.022672520832610538e-02,-1.611646219982241710e-02
3.855570540333497134e-03,2.685592073792384630e-03,1.131197723568030424e-02,-5.102633959946009483e-03,1.285723631840583747e-02,-1.194148842841011651e-02,-1.366625377985596426e-02
1.058435518711381938e-03,-9.280893142230774162e-03,1.761780427874020533e-02,-9.103282661032939191e-03,1.217043061710037719e-02,-2.016995949116440201e-02,7.707464879876158720e-03
5.324941329483131669e-04,-7.566757957239174555e-03,1.113846432072782694e-02,-7.805111835779869785e-03,-4.151953456715131753e-03,-1.182847608018514074e-02,1.968134087624317727e-02
-2.493921786022654154e-03,-7.393056682019941671e-03,3.552115264908420507e-03,-3.386450915700891379e-02,-1.170713088598585895e-02,4.421883484550839100e-02,7.687668400620798620e-03
5.956172504045246542e-03,-4.788621648947791838e-04,-6.213097162439771594e-03,-2.790697653319750005e-02,-2.284214867032344914e-02,2.300421775243952777e-02,2.848069427437078735e-02
-1.216468411523138546e-03,1.274969568417092317e-02,-1.033622413094522838e-02,-1.464195547193638224e-02,-9.911460033655821594e-03,2.989979174082964611e-02,-6.543379376940030613e-03
-7.022692173521851268e-04,2.797813402716312677e-03,7.483633093456089173e-03,1.005753863563564263e-02,-1.085562304692824429e-02,1.636108117768970277e-02,-2.514217404521737129e-02
1.247361654287975491e-02,1.356280985000968286e-04,9.903185371634332795e-03,7.558995446214575482e-03,-1.941922776465769204e-02,1.970371222930699870e-02,-3.035590992387804735e-02
1.311018417723001407e-02,-2.837436494324638986e-03,2.495905616100069484e-03,-1.361257206460930215e-02,3.150682382174846917e-04,1.486923660463944884e-02,-1.434038607725303220e-02
6.229523750454781482e-03,6.465526875598125341e-03,4.950999935986168977e-03,2.696821377610338771e-02,-3.975671878067069641e-03,-1.441923653693595944e-02,-2.621935592313950902e-02
-5.727242845144347582e-05,-4.790946393346749189e-03,-1.911119961135000983e-03,3.550131086430023675e-02,1.282887739901650802e-02,-3.183712820338853444e-02,-9.733721276994967628e-03
3.511448130036363535e-03,-7.639634257752907741e-03,-3.356546095026359360e-03,1.597057808481189972e-02,-3.600855625597075560e-02,5.790627689885100016e-03,2.173208270401665726e-02
3.291772191332225771e-03,-1.064019950364035981e-02,-3.723476164063009575e-03,1.833862689761391399e-02,-1.652576944982014559e-02,1.876780820289266488e-02,-9.508762174315224178e-03
2.289137428224946504e-03,-1.215704936541956403e-02,-6.897284255287896779e-03,2.493962743618841158e-03,2.566419930524780138e-02,-5.883020959562975175e-03,-5.509944896821174741e-03
1.029235318086389218e-02,4.813009791307398984e-03,-6.771901844194587808e-03,-9.243267579488782804e-03,3.321654681881607007e-02,-2.413837880290071319e-02,-8.168361564403250549e-03
9.962248368942827614e-03,-3.921517063358272853e-03,-1.076776137089118304e-02,3.971686139789596531e-02,4.452350283866540401e-03,-3.448112901208732345e-02,-4.961052604368668476e-03
1.579319071022661745e-03,8.157168164168194027e-03,3.867433715305444199e-03,2.096728501871348085e-02,-3.079399039457267231e-04,-2.986462174532863653e-02,-4.398644319935420335e-03
1.946415104104048683e-03,9.947971935214251424e-03,2.093302671177280593e-04,-3.708952548888787976e-02,1.002158241864215503e-02,1.689079614865027223e-02,-1.926570384840577219e-03
1.711814009492288943e-02,1.731817127520665633e-02,-1.428896983003730137e-02,-2.958081617807595222e-04,1.113732812996954223e-02,-2.105908453536833175e-02,-9.929776972912600710e-03
2.554584137994520693e-02,-7.223560393867791210e-03,-1.642959356580287909e-03,-6.239744553186926147e-03,-3.437590732653001985e-03,2.058869757195443129e-03,-9.060856100852670778e-03
2.415310981755770369e-03,-2.752567783168720448e-03,1.310148366065544065e-02,1.638257823532656907e-02,-1.085866756343417151e-02,-1.070510184116726937e-02,-7.583035689967599670e-03
2.550621341646472709e-03,1.702418222212867549e-04,1.320358011456829704e-02,1.809903475471233078e-02,-4.907431972522555835e-03,-1.476829276848784511e-02,-1.434775329213795921e-02
1.191512140343033458e-03,2.642869357893812624e-03,-6.266910775127062030e-03,1.441011802775000496e-02,7.263159181318368240e-03,-2.054289771270886508e-02,1.302149780530754237e-03
1.838928167138963524e-02,8.626356003225241209e-03,-7.142384163051982392e-03,-3.272053532561616795e-02,1.664722404307973982e-02,8.740201746890188111e-03,-1.254014397591665143e-02
6.367199046467712960e-03,-4.231014924455702049e-03,-2.120188725092314250e-02,1.162044571279743400e-02,-2.062364708567741498e-02,2.978572902557919885e-02,-1.716824523788214665e-03
7.063146018773928557e-04,5.641964948617191923e-03,-3.796180968389915693e-03,-2.721732115831753535e-02,-4.529074119124828178e-03,1.965546982675856966e-02,9.538826868579127274e-03
-1.026418255359459221e-02,7.248920497302451665e-03,1.519557299232285504e-02,-4.425673374910590180e-02,2.893296504118334639e-02,-2.067001453405703168e-02,2.381347230594884137e-02
-4.036109961985246200e-03,-7.307141510240627164e-03,-2.982824613301912533e-04,-2.711007588665617640e-02,2.523877228364588415e-02,-5.876240904808129701e-04,1.410046162704711725e-02
9.153287032886835151e-03,-5.556556497108580683e-03,-1.128351005513529570e-02,2.648190503220161987e-02,-2.436038602127165234e-02,8.751269593199897077e-04,4.690133549107051471e-03
6.322053406669706811e-03,-2.678918093257814416e-03,-1.423814702094569618e-02,-2.755786608740325161e-02,1.467886989142882896e-03,1.334464045019935312e-02,2.334035035559484453e-02
1.638387654834217062e-03,-1.224129020269859374e-03,-8.484230031700495250e-03,-1.321802849809474746e-02,4.147029960189313469e-03,-1.001254647829922205e-02,2.715351641334086408e-02
-8.654608389381465705e-03,-3.688932759696209821e-04,-4.353364447122722719e-03,1.833692310433274880e-02,-8.407989562374082460e-03,-6.138147573557218260e-04,4.061747327870792248e-03
-9.501754444286955592e-03,3.302990398829080444e-03,-9.091208278617048848e-04,1.089164403872533264e-02,-3.193652741189970806e-02,2.830315981853508828e-02,-1.503915720410947134e-04
-7.851761398282362456e-03,-2.881529485898487539e-03,-9.020511672799496825e-03,1.207597097622174070e-02,-9.891560988043529568e-03,1.790257890454899359e-02,-3.331863357468227232e-04
-5.803240431933311474e-03,-4.424292514931327421e-03,-5.587442024522204335e-03,1.346994208928105861e-02,-9.418806482062757821e-03,1.078332377745751247e-02,9.805155867110622748e-04
-2.560794950826094426e-03,-2.321173503562527773e-03,-8.413946251856549777e-03,2.876976927223050956e-02,-2.626550626826683506e-03,-1.364634773033540117e-02,7.990437911766624197e-04
-3.092257892345708775e-03,8.247010355579904211e-04,-8.516140968647313569e-03,-1.409648775730201406e-02,1.204993728567553893e-02,1.115197224292009334e-02,1.678276054141414038e-03
-1.941764877058745195e-03,-1.132621209774326270e-03,-6.174435693523722644e-03,-1.877625257623658644e-02,1.792137156124592318e-02,6.125051235946882104e-03,3.978651559400591536e-03
1.440865036860113644e-03,9.219021208138792429e-04,2.414188390645472405e-03,-1.238179448723308700e-02,-1.064790249060279005e-02,8.890960420695551147e-03,9.361781008820872427e-03
5.041437781455615670e-03,1.723935368253127869e-03,3.259505923700011226e-03,2.357549151811562198e-04,3.481410775316348336e-03,3.725819395698059394e-02,-5.100023872088680493e-02
3.307613124774238188e-04,-2.109993852837156042e-03,-1.829912519582093441e-03,9.909823734886483160e-03,1.368089552023934140e-02,2.644637961789103597e-02,-4.642795381307497637e-02
-2.269221004778774900e-04,-1.548691802213634377e-04,-1.717708431210898234e-03,2.494281619267968431e-02,-8.041842749228008194e-03,-2.291459417663955014e-02,8.113120445098010239e-03
6.831285065740606626e-04,1.238158929025259987e-03,2.690936150082875924e-03,2.217868246321260187e-02,-3.680813560571379473e-03,-3.503854360527039469e-02,1.192845111694693615e-02
-3.374164216877855761e-03,6.932706137444394475e-04,1.932013942885778962e-02,7.613695089673213484e-03,-8.610753707199322177e-03,-1.973566521836781981e-02,4.093478010169594554e-03
-2.437511889397390649e-03,5.648645747362843368e-03,1.221755101700120784e-02,-1.166184902924426343e-02,-2.203286882229178734e-02,1.544645398309039616e-02,2.819578993478993618e-03
5.567810509833540263e-03,-6.250701787884819019e-03,2.168683051100177631e-02,-7.682214255330945332e-03,-1.201225325426904557e-02,1.169614477853731004e-03,-2.479086201204225293e-03
2.063308979412062719e-02,2.845122187108700337e-02,5.395263533928188956e-03,-3.271912333836966835e-02,4.569682721054521037e-03,-1.622489702962850305e-02,-1.010523755219224808e-02
-2.483148002204502852e-02,-4.789368016610475592e-03,1.586187248777709211e-02,-8.982626910294397651e-03,-1.632613815552974579e-02,2.884527916437184397e-02,1.022246145233073923e-02
9.767497442633645000e-03,1.611095613049870305e-03,6.691577592361579695e-03,1.834350403170029176e-02,-2.482642759209499617e-02,-1.525572737835105379e-02,3.668480290700744297e-03
-1.489653559514947899e-02,7.270714162232573032e-03,3.317342553241448000e-02,-9.225158532955850255e-03,6.544018236062892728e-03,-2.478695436281391773e-02,1.920490560209341113e-03
-4.122107285572116156e-03,-5.041644884985186335e-04,5.102131352744076337e-03,6.424754007540683758e-03,-2.555235124548099583e-03,-1.946689538115691995e-02,1.512151691949087731e-02
-3.928186853725173198e-03,-8.836631981448532860e-03,1.441768972399627789e-03,1.421556415252582702e-02,-2.472589120867491053e-02,2.184103476406365138e-02,-7.657845140537065083e-06
-1.325270000878764690e-02,-1.067998938123677216e-02,3.751879680323269139e-03,4.125998520665091068e-02,-8.375522213255588364e-03,-1.303506408347005797e-02,3.314107997760117204e-04
-3.148601701646734641e-02,-4.651139327103014261e-03,3.629562969347631483e-03,3.615486193649108146e-04,3.173274362529134029e-02,-2.467938307486816293e-02,2.509268420443473355e-02
-1.261855589397428007e-02,-3.318678895009489951e-03,-9.160027420049154587e-03,6.853379916078588575e-03,-1.516777972050798937e-02,3.506134879448302710e-02,-1.649686781020650748e-03
-1.416173493083399022e-02,-1.162215322236737590e-03,-3.807936565522227184e-03,-1.699682181713981291e-02,-3.534815898319249462e-03,1.330543034640309201e-02,2.635809418764886378e-02
-1.643344982253704123e-02,-1.471914223182238914e-03,-3.418441822455190252e-03,2.371052018624858135e-02,-1.548097983224853980e-02,3.559159338474460199e-02,-2.249732787057016903e-02
-2.751004732972480923e-02,1.052133824564117307e-03,6.056482747291393881e-03,3.316026547222418464e-02,8.950180506677703554e-03,-1.477326290881556155e-02,-6.935752312217026427e-03
-5.994005781592562539e-03,-1.311279209558527392e-02,2.340877779025787864e-02,-1.541012669093930199e-02,-2.138710852165820464e-02,2.686604405576889509e-02,5.629211243748499099e-03
3.732390481312335834e-03,-1.113982639539516477e-02,2.273295185416522243e-02,-3.464531611142110390e-02,-2.613221851363945955e-02,4.303355348909444766e-02,2.418465195883795580e-03
1.547028523730393026e-02,-3.672775625830314306e-03,6.500758669834706509e-03,-1.656721612552151945e-02,-3.354370181597473351e-03,7.051662658868960466e-03,-5.428344633058297501e-03
5.089925597369386080e-03,-1.167168390739053204e-03,-3.404224279608338184e-03,-2.236723596525175967e-02,1.392198994991716322e-02,1.563810106668217861e-02,-7.711387978369509642e-03
-6.964862494092694326e-03,2.132633380725643818e-03,5.302083756717352811e-03,-2.989947292892697339e-02,-1.237965955952590250e-02,2.395944030644187386e-02,1.784983753866072401e-02
1.554433181006846694e-03,-1.181115549259559652e-03,1.919634643662211648e-02,-3.413744519092422325e-02,-2.875491498306455285e-02,5.715341350770898610e-02,-1.383071740208957276e-02
5.524318881160969778e-04,-1.643402783459024623e-03,1.392293710902263101e-02,-3.061460681294658759e-02,1.370398382334378842e-02,2.418072355571638729e-02,-2.010206677979351625e-02
-3.812510143820502673e-03,-1.200860778566433494e-02,2.017041167613147640e-02,-2.329621392757113413e-02,9.690253717967620486e-03,5.218277094598355523e-03,4.038389368358603904e-03
-3.260416336008093666e-03,-8.182459416345554820e-03,1.468308143545336668e-02,-3.031585981098759795e-03,-8.513935654280801665e-03,-1.315537812780006623e-02,2.146069408007993812e-02
-1.679032211902014085e-02,-1.487265709194375563e-02,9.807106668701494681e-03,8.289012106282855896e-03,-8.907001230573200617e-03,1.201968912101338341e-02,1.045417254553936831e-02
-8.517551886255376320e-03,-1.943124322282522437e-02,1.565874517778369961e-03,2.092857271246290410e-02,-6.424605914595503398e-03,9.457986241106107125e-03,2.420967552328739166e-03
-1.338218598569930300e-02,-1.427724870237289528e-02,2.756778690820263500e-03,7.379072954190649646e-03,2.497251118319456648e-02,1.855846988002710432e-02,-2.600739802016044724e-02
-1.570717175256810746e-02,-1.150567065340041446e-03,1.719203271133945207e-02,7.919858721402257482e-03,-4.366754625080816569e-03,8.659648900873466795e-03,-1.254704689062622995e-02
-1.106217528793851899e-02,2.368140924369357015e-03,2.443039677040002508e-02,-1.341379315809163551e-02,-1.457503860525235020e-02,-3.530237865777417945e-03,1.578270722229054707e-02
1.436833803146478697e-02,4.111956042834210949e-03,6.775280171758647080e-03,-2.717460997479119456e-02,-9.474076075227117616e-03,-9.732575359331944662e-03,2.112568716329264046e-02
-6.666029708234075951e-03,8.824302607699575571e-03,5.289616619462352530e-03,2.595754246133255908e-02,-2.478882274077776927e-03,-3.061369037119449424e-02,-3.128593349881467266e-04
-1.718070725026848641e-02,-7.512515236905222861e-03,7.024562528845880102e-03,3.782025930962420318e-02,1.592862738852755811e-02,-2.868756576728072674e-02,-7.392660972543132515e-03
-1.136680261820635467e-02,-6.966443710857080779e-03,-5.977257917298175712e-04,4.111751971440566304e-03,-4.268409405284766603e-03,1.492149261362339489e-02,4.166136941013992394e-03
-2.105269802607670753e-03,-5.587856018401379798e-03,-1.184696055668703644e-03,-9.427177256008214754e-03,1.291516290016416629e-02,-9.022089463854349525e-03,1.441192569637614156e-02
7.806037281384640460e-03,-3.001446250857409126e-03,-6.421992812492472238e-03,-1.455116672273721636e-02,-1.323277143547692096e-02,6.063895817822226308e-03,2.333744412235705390e-02
2.910663191586483622e-03,-6.055992088023345182e-03,-9.771465609194769295e-03,2.870052943542720017e-02,-1.215435378056725288e-02,4.585520612156116643e-03,-8.214901761384393181e-03
7.046433084744827859e-03,7.775031432805114620e-03,-1.649114028899088553e-03,1.718919728930045840e-02,-1.143987413816072336e-02,2.629360982041444982e-03,-2.155103462183204435e-02
-9.852328896313388568e-03,4.139684315700226623e-03,-3.209643270667065021e-03,3.131727678015672894e-02,-1.792749070606469014e-02,-3.003490216915657030e-03,-1.464008005896093659e-03
7.751332098318187459e-03,5.170605418541322253e-03,8.586564126819304713e-03,-3.460770177255670377e-02,-8.546789009901200685e-04,1.113977266234800027e-02,2.814106367520010765e-03
1.681703004300496088e-02,1.617563786795356284e-02,-8.684308356172764851e-03,-1.015032344009181818e-02,-6.519155237634933001e-03,9.509115856257380379e-04,-8.589792462684729679e-03
3.759519013581483216e-02,4.812885130131758921e-03,-1.409805635911013690e-02,-2.702453511631192767e-02,-1.116295039078915238e-02,9.731460653464410124e-03,1.460059468001895146e-04
-9.615482974768671878e-03,6.073301085599361500e-03,1.721375299693251801e-02,-8.484698463918537853e-03,-1.075571353120970651e-02,1.166599163453335176e-02,-6.097150747168382685e-03
-3.507341018435384487e-03,-2.677059989161994797e-03,1.034232233435857136e-02,1.891347455514728534e-02,-1.898004882989848263e-02,8.587454986932774662e-03,-1.267880203894284491e-02
3.711687208196231928e-03,3.719333263683169389e-04,-4.229070977372411332e-04,2.474514306562104402e-02,1.273730402345753937e-02,-2.780894981905364383e-02,-1.333421070685218528e-02
1.156276322637027169e-02,5.741037880519333711e-03,-2.168671672769850386e-02,3.261382492752620127e-02,-3.184309577602411484e-02,5.256909356295783389e-03,-1.644722886988898717e-03
-3.431811993988748838e-03,-9.233579123621996759e-03,-1.953910267129455383e-02,3.325513559608944680e-03,-1.362856787173398997e-02,1.938595836724970808e-02,2.312158973378051693e-02
4.496403712152164008e-03,1.117545184798595694e-02,-1.192971356896151483e-02,-1.249254794604379680e-02,5.961221585938056809e-03,1.329857740702453973e-02,-1.050939303809538157e-02
-5.892660255384413355e-03,4.328533630321036545e-03,1.286435828400058975e-02,-3.995881259272068137e-02,4.371230697622562750e-02,-4.877535324710113862e-02,3.372162720465875924e-02
-6.269282296756291568e-03,-6.544590948048447342e-03,-2.344826675381528856e-03,3.219237331083934801e-03,-3.059827009298415109e-03,-4.033493031155900750e-03,1.903278262955666184e-02
1.379862647406566653e-02,-3.778988721358416195e-03,-1.264135588230163795e-02,1.391653811932087002e-02,-1.911195466099339935e-02,3.892178697107395290e-03,3.924955974159568053e-03
1.107155469643924519e-03,-3.395231846085154919e-03,-1.330909030395241617e-02,-7.260869662254801002e-03,-4.471737157147785170e-03,1.964434231405831968e-02,7.685431185737883787e-03
3.526799910648420661e-04,-2.011376266780400771e-03,-8.228860509554276545e-03,4.314711736552344010e-03,-5.611449792750707218e-04,-1.104532367895854662e-02,1.717931370695109650e-02
-8.632551631183345633e-03,1.367601272181503220e-03,-2.532891920725111826e-03,9.167410954129510611e-03,-7.764293405217854299e-03,-5.530776477326959477e-03,1.392550120814223767e-02
-1.079373207168551375e-02,1.102479056259459507e-03,-3.674760131487570837e-03,-2.734436214415159050e-02,-1.319177425652426176e-02,3.298110549327600005e-02,2.092104405431347361e-02
-7.329209832042771211e-03,-3.712293988172031371e-03,-7.594502523268490540e-03,4.114471736638531177e-03,-2.322307313586277296e-04,2.232893322487686932e-02,-7.575167886673470595e-03
-5.227766297497649789e-03,-4.786923124525609662e-03,-5.326287863973064828e-03,1.256376987942045033e-02,-5.646368572718780086e-03,1.774228349412170641e-02,-9.318707514827028957e-03
-3.591198092379985912e-03,-1.391010761998571479e-03,-7.250758256108275589e-03,2.524296129387973084e-02,-4.150263271544915415e-03,4.122527551094936141e-03,-1.298225846294294092e-02
-3.713062294414263740e-04,3.345954511880064211e-04,-5.462476471134809081e-03,-2.215063297155368122e-02,9.373155307487293642e-03,1.330286277555358353e-02,4.973802137900966945e-03
3.146303363361552577e-04,-4.209076904972267660e-04,-3.980492621141497149e-03,-2.180452240038363576e-02,2.758366417814863206e-02,-1.017634224888069004e-02,8.483970446418277744e-03
1.303909341337420149e-03,7.220589206780762348e-04,-2.408523653840159077e-04,-1.273331484608856978e-02,-1.937035859944259003e-02,1.686537940115165682e-02,1.345317814774796630e-02
4.729839086809224311e-03,2.144711774167518820e-03,2.585016207320673092e-03,4.767578897560028652e-03,7.884932007052177297e-03,2.992872810102216452e-02,-5.204080607393173075e-02
-7.301165465451460012e-04,-1.092284202328289763e-03,-1.170443593852215844e-03,1.295939009934175996e-02,3.644580992744354819e-02,9.198883521480224383e-04,-4.733224403620759496e-02
1.668165908527462292e-04,7.211798939186343880e-04,-1.530524002329107514e-03,8.201705187686874829e-03,-4.054886284190923132e-03,-1.293555268095810534e-02,9.431261295019893742e-03
1.824482066530959228e-03,1.618067508677865614e-03,1.018302942287542924e-03,1.234518189699275112e-02,-5.889461528399034078e-03,-6.873410783752854220e-03,-4.043162102337163367e-03
-1.878512651444605658e-03,3.618001631720377969e-04,1.350350121992393085e-02,1.297790148507449795e-02,-1.525738553281664502e-02,-1.303364459429250284e-02,3.326339910383245991e-03
-3.107313291283708961e-03,6.633998859371320958e-03,1.356364796279038547e-02,1.143728804197050725e-02,-2.278390308120008950e-02,2.326408596493758328e-03,-8.070127088142187849e-03
-3.834368201777709449e-03,-2.279593275899569147e-03,2.003927918803840094e-02,-7.984061838649204532e-03,-1.765193042691791739e-02,3.356638861858509803e-03,8.354035693347514058e-03
1.016775226131109988e-02,1.277912208885669844e-02,1.621519452229329070e-02,-1.304999420904649245e-02,-2.373308722693920954e-03,-1.591314945874215681e-02,-7.825616481978563480e-03
-2.861160469867595965e-03,1.587824619037406237e-02,9.180656779360189812e-03,-2.682031365912316070e-02,-1.477848093958913922e-02,1.718298517451148297e-02,2.218066924334113899e-03
4.811999600282898006e-03,-1.058336697606321840e-02,6.635773413396535945e-03,1.977240438906685202e-02,-1.782912389099843703e-02,1.068582950066276557e-02,-1.349351603634739438e-02
-8.492412292072924404e-03,1.548573741961413626e-02,2.371101019793516937e-02,7.040952699618852929e-03,-9.053075616818220470e-03,-1.423433037354742380e-02,-1.445788203472948494e-02
-3.572236278990461710e-03,6.982701490259183089e-03,4.103890227854432166e-03,-4.105526959527814809e-03,-7.817108311800531270e-03,-6.534383914892728036e-05,4.473623671354101140e-03
2.153388775748152784e-03,-5.602093010469060344e-03,1.285584333729629641e-03,-3.098428274367826061e-03,-1.937904718585963318e-02,1.895236343085228772e-02,5.688231930366436859e-03
-7.923765094622262431e-03,-4.123211521336267449e-03,-4.703649170285785323e-03,5.730984887328580829e-02,-3.411740950695883734e-02,-3.305334119661090982e-03,-3.136479460421673620e-03
-3.125311796428167921e-02,9.490237346302318744e-04,1.221360842225426881e-04,6.433949980729744382e-03,1.085329429675952959e-02,6.256716275024164740e-03,6.637997592915429942e-03
2.171111566359885080e-03,4.262606555757869793e-03,-1.041314185755979303e-02,-1.186685585456513647e-02,-2.858614488182685456e-03,1.852123186767770310e-02,1.836622105121341910e-04
1.111188413166739296e-02,2.926813138484230491e-03,-1.102861472298366334e-02,-3.078132346068326516e-02,-2.754502133916526471e-02,5.738251987051826847e-02,-2.066257617837788038e-03
-1.033506952665765380e-02,8.955985019605386399e-03,-1.877545706292063133e-04,2.104962694235074788e-02,-1.457140708673043163e-02,-1.522609762598078724e-03,-3.388771015340718770e-03
-4.126621824184660559e-02,8.931838109704779219e-03,1.237860867976937375e-02,2.736471626271599206e-02,-1.122787014843550091e-02,3.868919237358570129e-02,-3.487026703549369472e-02
-2.392177422385295682e-02,-3.258766805654424864e-03,2.060993020645097984e-02,-6.034244248953077143e-03,-5.598262395230417521e-03,3.142548358180435875e-02,-1.322236611456451515e-02
-9.191285189877535997e-03,-1.420067477149442210e-02,1.687767848479314672e-02,1.739241940828703537e-02,-5.926857080262920227e-03,3.982350934748805221e-03,-8.933631786194155822e-03
8.009880975711378484e-03,-8.792757252449621974e-03,8.841648942008265358e-03,-2.545352090721024127e-02,-7.494653036792934576e-03,2.054072369634915574e-02,4.348677582383916711e-03
5.012148716604770439e-03,-8.302250126172074909e-04,8.738045889928143170e-03,-3.599196401642914406e-02,3.251290079742325152e-03,1.316718535811787875e-02,6.653518984653238912e-03
2.867080153506117255e-04,2.027685021956909372e-03,7.974800424929226125e-03,-2.595066405522962819e-02,6.553299190522432309e-03,5.016433635277419041e-03,4.091737767193103989e-03
-7.553895530125801470e-04,-4.989949198299670555e-03,1.060482734779166075e-02,-9.265249847868556321e-03,-2.473444785978665475e-02,4.107226248503087485e-02,-1.193205337385521564e-02
6.850976438537695248e-04,-9.539644683872710099e-03,5.676372115308955801e-03,-1.464408657980837379e-02,-1.814757996115532249e-02,4.786693918467236492e-02,-1.189709771899861296e-02
-6.539705198125692759e-03,-1.139395194272400415e-02,1.581718718349226990e-02,-4.311617671042570696e-03,-3.211876378759553029e-03,4.731435471431957689e-03,4.908528535727599111e-03
-2.271376758942137298e-03,-1.514224879400023586e-02,7.251770910392514244e-03,-2.897501455043881985e-02,-3.805105792581259770e-03,3.401921583770056712e-02,8.922759147869368385e-03
-1.084368963586681243e-02,-1.518387869640881738e-02,6.703932562332331861e-03,-2.165608821425037134e-02,-1.044071830328245631e-02,5.068500149238438363e-02,7.354407950918912711e-04
-1.352359781073852324e-02,-1.713373071170870912e-02,7.925833227963487030e-04,1.152252461913447559e-02,1.503770607667043700e-02,2.899236864330533014e-02,-2.568785413945931170e-02
-1.266736103517347029e-02,-1.418816671028413565e-02,7.840574148254489742e-03,-2.208761531337471041e-03,1.782870122212290576e-02,1.522094440464575454e-02,-1.182593049822808391e-02
-1.101302303262012908e-02,-1.027456169983943443e-02,1.090922065950617435e-02,2.918951439574049567e-02,-1.183987372796809108e-02,-3.797813375807282139e-03,-3.173463219011715079e-03
-8.176773567735769882e-03,3.374109709299368074e-03,2.107019618483265549e-02,-1.147380079141936855e-02,-3.797848842573231607e-04,-9.260567792501093326e-03,4.846621141781459578e-03
3.596568260311021076e-03,4.346771375870819853e-03,9.602372240353042668e-03,-1.278917371924274439e-02,1.351021937946893063e-02,-1.522691883414604638e-02,-3.039838702614997869e-03
-8.144123093222129309e-03,-8.013906528861861099e-04,3.369543412516471086e-03,5.611082870636833336e-02,-3.457317575085670780e-02,-1.358049103395941176e-03,-1.460363351852397330e-02
-1.227590209329585541e-02,-3.161495888958646121e-03,-8.045798029200965486e-04,1.657518885006616441e-02,-1.470598810634777404e-02,2.378169497765310336e-02,-9.408917936196947371e-03
-2.114875468086405835e-02,7.254090297979887223e-04,-7.460039807030600240e-03,6.379986809705648701e-03,1.124748302031147208e-02,2.194605443694980923e-02,-1.169013880887036921e-02
-3.999539540852682824e-03,-1.464142341551031038e-03,6.195307603747276723e-03,-5.315082071114298617e-02,-4.521737278023224733e-03,3.408262949543011677e-02,2.285830277239255318e-02
1.110049581655185358e-04,3.429736790693199786e-03,-8.122692762000395875e-03,-1.083321296794195060e-02,-2.811990511392811407e-02,3.345103181773154827e-02,1.008403727728022711e-02
-1.088194785987704576e-02,-8.619915668947082318e-03,-4.821848570427780638e-03,4.185698841306868812e-02,-4.976690539916468065e-03,3.543518704904705195e-03,-1.610010447880489901e-02
8.556605379748021337e-03,1.311190721184447719e-03,-2.454768417100157332e-03,2.422359373423929249e-02,-1.261025835273965091e-02,-1.962875126381797165e-03,-1.706348793895016633e-02
-3.009371794461592484e-04,1.228552323753175947e-02,1.815811779933669805e-03,-1.873348510703583530e-03,-2.550190970860832795e-02,1.937851894859813490e-02,-5.803658567305450613e-03
3.081881263723534431e-05,6.463761706356344235e-03,6.066326763144566127e-03,-2.166308578578574409e-02,-6.940164106202827317e-03,7.982993369154180174e-03,8.059349240696267111e-03
4.364432928352127497e-03,1.350225787900761858e-02,8.546474946563898528e-03,-5.256881698850859701e-03,-1.976723650912069405e-02,3.997890021037923611e-03,-5.386937566990022269e-03
3.068641866842117955e-02,5.668103696617124085e-03,-3.708024482358729217e-03,-2.637634511485738298e-02,-1.194039717673094601e-02,1.172612581298966387e-02,-6.055881404080971746e-03
1.063284381982412992e-03,8.487962474781335712e-03,-8.861071135701247318e-05,3.136369404600726149e-03,-3.147155493908217888e-02,1.904725628143919339e-02,-1.747068923644145709e-04
2.153174209600058984e-03,-5.153745786391576364e-03,-6.961775271191581252e-03,1.358923822397322193e-02,-7.175960584441150314e-03,1.541445525243610379e-02,-1.186538604398506939e-02
2.418756642159625506e-02,-8.319399669540261666e-03,-5.036678847543788785e-03,-4.126711205849498826e-03,-5.140399107315765138e-03,4.786288348003159797e-03,-6.350665939350129061e-03
4.072373157602428295e-03,1.574430405956588367e-03,-2.319205353071468467e-02,2.738355756166043972e-02,-1.924050820726339386e-02,-8.617197436146414175e-03,1.801939804890502483e-02
-4.064016060978252985e-03,-5.094803303046431878e-03,-1.448990130043219943e-02,-2.172479350764241687e-02,-1.546841104475865820e-02,6.113813855370553441e-02,-2.962133368474853209e-04
-7.899148763333032133e-03,1.026951074151547828e-02,-1.076074026397731004e-02,-2.748695912350600928e-02,1.139040390941549116e-02,1.638165376614365495e-02,8.105279733741697565e-03
8.771853284273401288e-03,5.147180741065805407e-03,3.866675311423593917e-03,-5.443261955581234907e-02,3.223888499602359757e-03,1.855089831125917785e-02,1.487212340818793756e-02
9.291011760089764844e-04,-4.911031698286197691e-03,-1.215167356897331637e-02,3.741090205814245895e-02,-1.475093853758483071e-02,-1.422156215330215231e-02,7.695202723995030539e-03
1.557503363751227936e-02,-3.559619233824616764e-03,-2.102004048178017157e-02,2.120857255159092417e-02,-1.577868869976336783e-02,-6.773979627751629609e-03,1.034872185401657096e-02
-4.355910679974315733e-03,-3.419531574081167979e-03,-1.174128188919457139e-02,2.738217722414245173e-02,-8.220276758879072748e-03,6.192402125814542441e-03,-5.837578447827853310e-03
-4.215992859194467313e-03,-2.029801568952064195e-03,-7.694166745156960988e-03,3.260886159543296709e-03,2.421846575389053745e-03,2.878863385244369126e-03,5.378365053126790696e-03
-1.311284023023957628e-02,2.717693885428892724e-03,-2.790920799402530402e-03,-3.088778685760172529e-03,1.361082880119697611e-04,1.615167708873495658e-02,-1.293954677357757535e-05
-1.112770375094893766e-02,8.718020378048773917e-05,-6.513574172161392187e-03,-3.043524096789402070e-02,-6.456743013079971165e-03,4.171889954093285086e-02,1.272718215937103901e-02
-7.439680743020955257e-03,-4.052627645576113019e-03,-6.161570679088424277e-03,-5.461225919568334780e-03,7.807851237665054504e-03,1.671012704010324534e-02,-1.402873290514457770e-03
-3.364270963383762456e-03,-5.257303218898170052e-03,-6.312331699927868287e-03,-7.133450988651333924e-03,-3.615962078629722867e-03,2.457222375624473418e-02,1.111095193246126444e-03
-3.104428148649542550e-03,-5.871465924706461984e-04,-8.519463839054363871e-03,1.582659759427809329e-02,-9.144921820895872411e-03,2.297366518747925163e-02,-1.744430238068693170e-02
4.922476133307368031e-04,-6.122544062996049729e-04,-3.384119671086147692e-03,-2.953999972270355753e-02,1.640835868091562386e-02,1.599129938120656680e-02,6.444681246363801385e-04
1.706204002760850153e-03,-5.267242174382976263e-04,-4.162163348807632925e-03,-2.003208753952243071e-02,1.936054417155079824e-02,7.901734879611975806e-03,-4.247507948155219461e-03
1.129949130249782415e-03,4.153011665146228099e-04,-3.859877144653580620e-03,-2.005402197854140242e-02,-2.620285427670258210e-02,3.029386535583522555e-02,1.827763774729795551e-02
4.295992376662426289e-03,3.679395081658701303e-03,2.797886101271938181e-03,1.078654388956578475e-02,-2.302630588752560981e-03,2.135202858993640734e-02,-4.060921545034267000e-02
-5.693300328525487510e-04,-2.359239648626644970e-03,-1.505249899539340972e-03,-3.661791819685374441e-03,4.246651782416595994e-02,9.828741464550282136e-03,-4.419964788801237360e-02
2.479022122752023928e-04,1.736997800361590695e-04,-1.580014186661114761e-03,-2.033401538701721904e-03,5.353235046444728730e-03,-7.662141404332178767e-03,5.500720090938898514e-03
1.229917251473732756e-03,9.122713892192462230e-04,1.354850015600720043e-03,8.875079708788920912e-03,7.002318170336948753e-04,-2.814811650959262584e-03,-1.025753853115703683e-02
2.046093128145406743e-04,1.595819655155437337e-03,8.897072901039875317e-03,1.178687688572356736e-02,-1.580062811786147117e-02,5.798026208708863087e-04,-7.263553257742840809e-03
5.798944188041188410e-04,5.258478178111197256e-03,1.164387110966820862e-02,1.938839825475596398e-02,-2.265222824748005029e-02,2.919046097127947405e-04,-1.451031832357232813e-02
-3.996878466612643205e-03,3.387541264152417811e-03,1.584455828145652986e-02,-4.638562676073178064e-03,-1.502362474007284433e-02,-1.341096579777358369e-02,1.783793213492332677e-02
4.325596806736700141e-03,-3.868727141190742447e-03,2.444694229456699508e-02,7.007063431781567105e-03,-5.244902523512936197e-03,-2.975602951583978736e-02,3.090056647458205418e-03
2.525536785783239965e-02,2.676055924679252712e-02,-8.081656785220422967e-03,-2.639024661736579652e-02,-1.146301192877144728e-02,1.334637063248827571e-04,-6.214475479592098360e-03
-1.770241997578057835e-02,-1.135765403993553926e-02,1.565776125478484868e-02,2.118212739804378741e-02,-1.035993790665901658e-02,1.106479671695635020e-02,-8.484673447409883315e-03
1.167825942853836611e-02,9.485415963796624619e-03,9.308115312919054002e-03,-1.285785400990457211e-03,-1.375609764359057505e-02,-1.038320734344747205e-02,-5.046700317225549098e-03
-7.243032216938914691e-03,5.370799838978855024e-03,9.913096621029980626e-03,-9.170465258972136310e-03,1.499078322563434556e-03,8.408190458703650866e-03,-8.777667765364854241e-03
6.896281148355755397e-03,-2.708424747444746795e-03,2.717447587919337784e-03,-6.881039503208558842e-04,-1.182362126827491561e-02,-6.552736916565608111e-03,1.215915814633103734e-02
-9.755368742652650469e-04,-5.154174008970590845e-03,-9.683781214435978335e-03,2.571052706437964089e-02,-2.648433930302754660e-02,2.394921749324899207e-02,-7.361913156929249420e-03
-2.112048937345549493e-02,-2.414041611162004702e-03,6.776013663302269015e-03,2.240370286300660471e-02,-1.564124924180455151e-02,7.209008197008874748e-03,2.787055503104316975e-03
-3.609987913366927495e-03,3.877541665911154751e-03,-7.406095574910208541e-03,3.889642479290073354e-03,2.582319319982386962e-03,-2.300220355941910017e-02,2.366878358251262374e-02
1.616214954006465684e-02,2.239809127159308848e-03,-3.369912846488830934e-03,-2.833997611992444821e-02,-3.046862591170382273e-02,4.951270931188367364e-02,-5.736153100990597740e-03
5.884414279776392295e-03,1.999440211820975154e-03,5.268223620772184354e-03,-2.076582082172756527e-02,2.707327175161122843e-03,6.772621509774551934e-03,-1.866205975577626399e-03
-1.704398903029449505e-02,4.872523951568482128e-03,1.304806856642224192e-02,5.252140652775862117e-02,-1.917239347826830628e-02,-1.518021179975114800e-02,-1.904540473743539936e-02
-1.809572589409249449e-02,9.251992752223632890e-03,2.781168713812341362e-03,2.715123918581112492e-03,-7.482911413019042654e-03,2.628411537899796521e-02,-1.545376345650344672e-02
-1.813327085025397134e-02,1.833918225524930031e-03,6.418916190000793949e-03,3.279956323570506344e-02,-2.010010201913028233e-02,-1.259846898780261557e-02,9.779444205955946726e-03
-5.997160698522570159e-03,-9.512226831346776504e-03,7.101836427144121548e-03,1.023091942384502483e-02,2.553191757931335543e-03,-1.111932855810998134e-02,6.742768479058899866e-03
-6.618626841918233764e-03,-4.287778479585732140e-03,1.725978090386061370e-02,-1.791336796721424568e-02,2.583133795583123296e-02,-3.016633943387561634e-02,1.589499386290205499e-02
-2.586671094260127937e-03,-2.864727285094158856e-03,1.504776186146953437e-02,1.946918994774909928e-02,3.048103614801718139e-03,-3.066080630182551822e-02,-1.452850742840495167e-03
-1.182627345284121244e-02,-1.081785302183861999e-02,1.192762526034832349e-02,1.692738585581491859e-02,-1.942155180644907636e-02,2.031257402264219011e-02,-7.101906857676486967e-03
4.463814424194980333e-03,-1.095111650998735996e-02,2.286874994972206560e-03,-2.475179989996904861e-03,1.261199010124047608e-02,-7.271325767766475753e-03,1.334942747343023607e-03
-5.153632978288364384e-03,-1.110298246470709741e-03,2.853638962281735119e-03,-2.031884162213520861e-02,2.880287244078297629e-02,-4.794579400805088105e-03,-2.791591553653219142e-04
-1.309085618529398989e-02,-7.397846212892988417e-03,1.468465022117730091e-02,-8.933090795383428692e-03,-1.047983601556537600e-03,1.487683355753267704e-02,9.082930164169667571e-04
-1.183024014734699106e-02,-1.381722929184079664e-02,8.722395812123476949e-03,6.889001312662786786e-03,-3.349878994227332984e-02,3.848976597483153711e-02,5.045096281843158836e-03
-7.508507046294841426e-03,-1.414163405618116057e-02,-1.507148136671836430e-03,1.171242964752948999e-02,7.852209946295079374e-03,2.593187791462793143e-02,-2.233922826930466454e-02
-4.273044675016500309e-03,-3.503516878212980124e-03,-1.527129978686401189e-04,1.054813516991502838e-02,3.699121101705316744e-02,-5.786677209912872294e-03,-3.382339442595716505e-02
-7.171134066955652843e-03,3.927822863371137905e-04,9.817688146172185229e-03,-2.558176099549987290e-03,2.084190806188836870e-02,-2.258564705281785809e-02,1.262578724925821723e-03
-1.190785594292095330e-02,1.110630906239744309e-02,2.095982059254761221e-02,-5.245984302377136761e-03,1.279167850206485053e-02,-2.148399492613237496e-02,-6.219972985579315904e-03
-3.775749285748248966e-03,6.342119448098501241e-03,1.026495092768781557e-02,3.036413602387964122e-03,3.299246069404471182e-02,-4.330309390933095859e-02,-5.557101477139708874e-03
-3.532622859112916243e-03,-2.038001738510118298e-03,6.923041903394619966e-03,3.498725846405070783e-02,-2.228319664886437707e-02,-2.232405067926179678e-03,-1.182407405303192126e-02
-1.010711920039414694e-02,1.326758112126769605e-03,-4.638717881005513868e-03,2.349984022353812999e-02,9.011543748353528782e-03,1.981021469026338945e-03,-2.107332647164510478e-02
-1.287592630522419422e-02,3.979225809891376482e-03,-5.614902500303995889e-03,5.861944915575983961e-03,2.832459897534418680e-02,-1.266838669909377702e-03,-1.840810222537395124e-02
2.546620971999011968e-03,2.709720211152614154e-03,2.522602261597192783e-03,-2.344664648900460224e-02,-9.536047531601960989e-03,1.201653925975808279e-02,1.318721131609961079e-02
-1.763456467981223486e-03,6.096954601345028375e-03,-1.065939176711039327e-02,-2.792307732950246018e-03,2.133375767889063301e-02,-1.300900744964278433e-02,7.934511374489627237e-04
2.855915770578722895e-03,-6.448753917699175109e-03,-7.205487440169878847e-03,-4.262085108648897886e-05,2.574067324602351270e-02,-1.385286635862687920e-03,-1.351444017178397156e-02
-6.506964475136197811e-04,1.504546628081709306e-03,3.908026902607919170e-03,3.358138507120682348e-02,1.469458466653827435e-03,-3.249248097361480403e-02,-7.320239647421876612e-03
-3.535330351655982268e-03,1.256769127216741076e-02,-2.499254971238821371e-03,-9.630403628843351577e-03,6.418827069277517963e-03,-5.136868330549965167e-03,1.815338940843131375e-03
-1.875378548194652981e-02,3.846095107155978864e-03,4.428123331196062419e-05,2.373220581643969290e-02,7.962945068118141038e-04,-1.534648961588995844e-02,5.681398434117033817e-03
3.421765964011948963e-02,2.371487517451083271e-02,-3.365775166970257082e-02,-1.356903253745135596e-02,-1.160072579526296409e-02,-1.476081346087868007e-02,1.565578864866524686e-02
1.991879410996228242e-02,2.448311448283443589e-02,-1.840871149181780297e-02,9.818285264010148325e-03,-1.968707090246801447e-03,-3.197925729548098395e-02,-1.863517979261228828e-03
1.193320064336720471e-02,1.420920099584948963e-02,1.249840026342123687e-03,-1.738920449912824059e-02,8.493134572652832328e-04,-2.142848386565363375e-02,1.057613324195772093e-02
2.084056031599282148e-03,-1.355283416074332462e-02,-2.898128029568197966e-03,4.074091696989094735e-02,-2.117294313520934335e-02,2.677780728480571595e-04,-5.468845748817381322e-03
1.281349559588609681e-02,-1.285713826948963780e-02,-1.541927368252556628e-02,5.791147032503012743e-02,-1.105726793917427737e-02,-4.165629635881637483e-02,1.026501032908952969e-02
5.533942312893288563e-03,-5.148620780568949340e-03,-1.109209254846218670e-02,-1.336354604481293160e-02,-3.799770458911963175e-04,2.564522922151188031e-02,-1.194935114669929202e-03
1.201276763609135205e-02,-6.093331920250722421e-03,-2.112150282632593162e-02,-2.591061058102582873e-02,-3.304829385187294400e-03,5.484798196041820728e-02,-1.043047488371967590e-02
-2.000823501768245541e-02,4.829221821250458992e-03,2.017547028000212840e-04,-3.840029281325180871e-02,-1.323725982370745069e-02,3.201298080243199923e-02,3.460183032815920823e-02
1.926984314687034405e-02,7.665760038843632933e-03,-7.458222639661671316e-03,-5.916730285605773659e-02,-1.398106666446769474e-02,2.123691145326122437e-02,3.243407752121188481e-02
5.082529858510151551e-03,-3.488302469123712515e-03,-1.575611005166583853e-02,5.622563186643385336e-03,-8.614812020045379756e-03,8.816025824200398806e-03,8.338105671480973424e-03
2.292778039854038302e-02,-3.268135506783086553e-03,-1.700046601963440054e-02,1.383531602575700618e-02,1.779414742544369521e-03,-2.278598015861848722e-02,4.512070518194273919e-03
-9.712492065198381069e-03,-2.637663179099827143e-03,-7.450541960573616070e-03,2.181177913466307572e-02,1.651291690513089893e-03,8.769849778004922339e-03,-1.243222339830930834e-02
-9.768469113944589985e-03,1.888288773742060451e-04,-3.125000535897490186e-03,7.967505465591486966e-03,3.831895071255983845e-03,-1.346895167233447960e-02,1.437419190795490367e-02
-1.028633572966165637e-02,4.010803257115050889e-03,-2.644254593061485734e-03,-8.536124945035215850e-03,1.424287870946244240e-02,-4.650197721336143605e-03,7.863231022517047294e-03
-8.266160184601183125e-03,-2.061700883666632133e-03,-6.066934981816397669e-03,-2.973938478453306677e-03,-7.762613958716217330e-03,2.727743477206392639e-02,-1.460862848101060517e-04
-7.640084436893333254e-03,-4.886452057233034614e-03,-7.255301401374105418e-03,5.891966936992944388e-03,1.328740416782222232e-02,7.076548019492579205e-04,-1.051880112639214327e-04
-4.252975519179190075e-03,-6.145838217030795067e-03,-6.709261037092336365e-03,2.420567038566311807e-02,4.359504799149495867e-03,-3.452855291182429631e-03,-8.004245120327841551e-03
3.000360555371608604e-04,6.546944366979825342e-05,-6.800552205665101775e-03,1.036857060665374343e-02,-9.365781563376997937e-03,1.730272912402376281e-02,-1.187047146084235262e-02
1.976554816908029715e-04,-8.935253946330492690e-04,-1.049879560988491427e-03,-2.936724958648988942e-02,-1.186165553354810893e-02,3.826404786145308490e-02,4.710606732515803217e-03
2.143691416813482253e-03,-1.346721141343697106e-03,-3.374905954240180455e-03,-2.726347351507785524e-02,7.773675032101467174e-03,2.199798691816514176e-02,6.974724358163771065e-05
1.136268967759620444e-03,3.295806201217165083e-04,-5.316333078754654183e-03,-2.727513589945015568e-02,-1.191365895152056952e-02,2.152468714256402377e-02,2.151459119928007119e-02
3.365577372133387712e-03,2.921231268390302432e-03,1.229364761549962999e-03,2.609894475329326870e-03,1.214356114786325873e-02,1.308644591518220816e-02,-3.535607494044847726e-02
-1.813616974244364535e-03,-4.470895239491429196e-03,-1.060708967649320314e-03,4.431912322800911526e-03,3.475640842381513135e-02,3.418538005291239714e-03,-3.526163757052227371e-02
7.073806408602955698e-04,4.297863123035125131e-04,-6.982503423488688491e-04,-1.274444432772453388e-02,2.394805011892292904e-02,-7.178491982508763102e-03,-4.464030419504561205e-03
6.833035819509862205e-04,1.786529729867607349e-03,1.893949704337639234e-03,-6.313466369118510280e-03,7.103734165217928317e-03,2.015247922718237279e-03,-7.169298734973890939e-03
2.497188447445955733e-03,3.237646856386666716e-03,9.355883527069735681e-03,-2.038866243753259880e-02,-1.367677006954170355e-02,1.124598004834628968e-02,7.728733627825685321e-03
4.328059517259279232e-03,5.246971554368914936e-03,1.392274078756362311e-02,1.451984032190646763e-02,-1.626221100221023411e-02,-1.264371049677951928e-02,-9.111690682108536735e-03
-5.281550723787258733e-03,2.635848209423139517e-03,1.062235925397243645e-02,5.920459384038892145e-03,-1.549817447925140070e-02,-7.379746295951069603e-03,8.980804651555249207e-03
2.702498684379102661e-03,-1.087376660925246444e-02,2.205340009343858057e-02,-1.592511768706918532e-02,-1.595755447965409995e-02,1.395452919742243975e-02,4.046010800735651454e-03
2.209023064360306557e-02,1.635871476925205778e-02,-2.197642962528141043e-03,-9.950875860674597215e-03,-1.612867389716197281e-02,6.495369099978779565e-03,-1.666712179246923262e-02
-5.363141395680974186e-03,1.334599192786999414e-02,1.685611571871943951e-02,-2.276310678012567063e-02,-5.655611706232167857e-03,8.225589892787234280e-04,2.757193246170653537e-03
1.428184909713104724e-02,-8.487498414932825516e-03,4.088613870256995429e-03,1.440440230544388130e-03,-5.153429521778571040e-03,5.643780064872413148e-03,-1.181375532609350333e-02
-1.812719305436273631e-02,1.745479835492203674e-02,2.404373718836425380e-02,-5.587178560649289950e-03,6.179981232399436690e-04,-4.895425104146928184e-03,-1.350673694736730622e-02
7.094110312032691178e-03,-4.362778402167926881e-03,8.459828791180524707e-03,6.320915028658368948e-03,-1.938345686647672747e-02,-1.157174158476541315e-02,1.344312272153854772e-02
1.345480375030695848e-02,-7.795712600813926169e-03,-6.565224179691701335e-03,1.520953607004933857e-04,-1.589211114216923862e-02,1.716383485794509278e-02,-5.176860462777121887e-04
1.607427241179652019e-04,-9.009409190754519292e-03,3.304376534861446727e-03,2.468334925106072456e-02,-4.641199145477971182e-03,-1.696698041865957879e-02,2.469120244851990241e-03
-1.168776167903531893e-02,2.623176067839854894e-03,-1.535661021117557369e-03,3.825188132440455330e-02,1.203184587323961538e-03,-6.214840687382170575e-02,3.329358759440607246e-02
9.679628073472428679e-03,-2.681457984492699106e-03,3.508332890916188770e-03,-1.713521043985794662e-02,-1.153461597776458090e-02,2.366476544667698093e-02,-5.501442008950380852e-03
1.264382359838070111e-02,-5.213647318712222485e-03,-1.855318976887397045e-03,1.053705320628183124e-02,-2.143920411318762584e-02,2.364521540872592878e-02,-1.831792180460124070e-02
5.788405328798994914e-03,8.098008169798810718e-03,1.266333548035707655e-03,-2.309745629016560220e-02,4.806993579329879064e-03,-6.250937695851535927e-03,9.388653360053818633e-03
1.379262083005062048e-03,6.145146416632813087e-03,-7.160750302808455842e-03,-1.231819236685552203e-02,-4.811108321751996278e-03,4.694930775498987185e-02,-3.018366526321185350e-02
-6.083524058194697201e-03,3.636420967064451972e-03,-1.971275046806849392e-03,3.950738670322645127e-03,1.471130063370823353e-02,-5.353271195599192817e-03,-8.890389970494644994e-03
-1.639064689923200660e-02,1.948189389343193880e-03,8.066431693607177544e-03,2.426041669163058606e-02,-3.707524665203383064e-03,-1.873047066067002470e-02,4.553604450524508483e-03
-1.177130300787370548e-02,8.496063256738500130e-04,1.109828780074805475e-02,-6.394026934835833446e-03,-6.758240762554387250e-03,2.453237190222362293e-02,-1.155669532338171775e-02
6.823852040668380598e-04,-4.930989314232820525e-03,1.157508260162630302e-02,2.174400655591017528e-02,1.667274230361874207e-02,-1.606772120803203613e-02,-2.967550614295736203e-02
-5.590412952868004451e-03,-8.825421868904018141e-03,1.801881199222503047e-02,1.633223854777158743e-02,2.484959094374653010e-02,-2.989951170197797589e-02,-1.488529495999311655e-02
-2.001325064332989002e-03,-6.546705036437712108e-03,6.497712722917789105e-03,1.811848409234057336e-02,3.625506585061205600e-02,-5.203871598254093678e-02,-2.845165825587009974e-04
-3.253997748554234015e-03,5.181496833051294458e-03,-8.456948106004835708e-03,5.194382281296708141e-03,8.506224331676838502e-03,-1.656113161312828749e-02,9.389974021662497033e-03
-1.974336610052285571e-02,3.691615272560327368e-04,7.058224473238664497e-03,-5.475737213538101750e-03,6.475778902306291059e-03,1.894943790356664118e-02,-7.633499492306718148e-03
-2.271062651478402208e-02,-8.244617030445726760e-03,1.112931893582955883e-02,-4.887705369554893632e-03,-1.688169691063095071e-02,4.146167425360824943e-02,1.336526359777996664e-04
-7.620460991317434297e-03,-6.049759245472303114e-03,1.681690210050262565e-03,1.307132222670997004e-03,8.623484614925940733e-03,1.229082921946527025e-02,-1.023291603032270777e-02
-1.152283933910286211e-02,-4.252051501408319126e-03,-2.874283249196783047e-03,1.110792647850094954e-02,1.455332801157184323e-02,7.657631088480997515e-03,-1.466971148884580259e-02
-8.369526999143735158e-03,5.201987975072069892e-03,-3.320731601105526409e-03,3.144357966828587730e-02,-2.789473442716487381e-02,7.510455372830428938e-03,-4.571029988774288032e-03
-2.026782388268649846e-03,1.502463894882829186e-02,4.659233501207723366e-03,-2.053490269822944372e-02,-1.650813105558896279e-02,5.896619817874691229e-03,1.348932387417630697e-02
-7.357520075400850700e-03,7.550748687710917215e-03,8.774411928276420330e-03,-3.264208586180841060e-02,-4.567432131254851868e-02,5.452186367038218406e-02,1.482690296338833730e-02
-5.646941028702744114e-03,-1.931536136039471111e-03,6.362863336709955776e-03,-4.814527637272497662e-03,-1.213447330748991700e-02,2.774843978809052314e-02,-9.583825015295867680e-03
-1.242485514968080969e-03,2.849537482171637329e-03,-1.537004812119993017e-03,-1.359730102530688767e-03,-9.770743294397260179e-03,2.327998793029248045e-02,-1.221956168844805755e-02
7.095343142980886295e-03,5.105889344526384592e-03,-1.581575218554929357e-02,1.530826940989922806e-03,-4.559726459460180462e-04,2.025191318204559721e-02,-1.771224777904746236e-02
4.115855911839760243e-04,8.140930818613370881e-03,7.158427537725536600e-04,-2.272212488343690329e-02,-1.304962212483397853e-02,1.450492228334912710e-02,1.199846556135173749e-02
-1.154426069706184291e-02,4.260743380922378705e-03,7.931449595511552968e-04,1.143035397657246426e-02,1.279676729564544965e-02,-2.733220619973439694e-02,9.595457284104793455e-03
1.168350155209183991e-02,-3.594897740596396385e-03,-4.060267398700898142e-04,-2.275962331031168573e-02,3.790456637797331302e-02,-3.361463165955858035e-02,1.078711152027163334e-02
4.852978809045611734e-03,7.650248705584954297e-03,-4.833992502966619371e-03,-6.960948120287627737e-03,1.386023830413928536e-02,-1.632114332918502275e-02,1.752618133669419992e-03
-1.019758682087645515e-02,5.455554683643045431e-03,2.522853888077493303e-03,2.848470790135523845e-02,1.513987701777233519e-02,-3.167291101536878067e-02,-9.732495654602810187e-03
-7.599624756416615678e-04,1.106440968998611586e-02,-9.490861423641264172e-03,-6.711978876733078019e-03,3.521695066199223567e-02,-1.239791882051460674e-02,-1.692063875544764368e-02
2.342999231336028929e-02,1.418397850965693284e-02,-2.214608383705957834e-02,5.936103969154443195e-03,4.774679082909720311e-03,-1.408188122076679989e-02,-1.209678881725495189e-02
2.623468218790787551e-02,3.153026511454347369e-02,-1.898395777115804983e-02,-1.202404825737629808e-02,1.620573131349311094e-02,-5.056192063024653877e-02,7.599248042836340665e-03
1.601753415400574559e-02,1.863497710486456890e-02,-7.673041953814237898e-03,-4.280112198246301819e-02,2.449854123777706408e-02,-1.375517870027657616e-02,5.078290139906429385e-03
1.090511881634378434e-02,-1.329331653416206648e-02,1.239407355849218330e-02,1.233792892108230045e-02,-1.711961004705492284e-02,5.022629965063619105e-03,-1.024682467976495079e-02
2.610650937739586995e-04,-1.452497142991894183e-02,-1.931064288274906421e-02,3.627720130627288403e-02,2.016887648211327690e-03,-1.540442789597019392e-02,1.068488816038000444e-02
7.756365881443562545e-03,-5.125652328505366645e-03,-6.901248029586323426e-03,-1.317961311829677143e-02,-2.249047393732910537e-03,4.707119692339804123e-02,-2.737200193472024909e-02
5.010453523168476333e-06,-6.004855109387936124e-03,-1.843026486213291890e-02,1.090511961871464160e-02,-1.978794783278664537e-02,3.077321562997746562e-02,2.539722102092120248e-03
-1.570641259686983773e-02,6.418019984692551957e-03,-7.094947940363281053e-03,-6.982281426185318711e-03,-2.922519754453253155e-02,4.509136941970753529e-03,4.808168258128758810e-02
1.293715877823078259e-02,6.144087782226191272e-03,-1.217348748558718524e-02,-5.023299257951785966e-03,7.394656629916124789e-03,-3.016701711253237314e-02,2.088790066569824397e-02
1.251514417665448159e-02,-5.534927447733061569e-05,-1.931235980222887824e-02,1.742585495345794558e-02,2.018053725206525248e-02,-4.254411077498946453e-02,1.179028346951778786e-02
1.216700622837358151e-02,-4.370809931832815576e-03,-1.359145305932359452e-02,4.006120273744413068e-02,2.642898710639651153e-03,-3.129859513826085265e-02,-5.610249547039833883e-03
-9.965312232875262952e-03,-2.091976419696907168e-03,-5.728813650330408583e-03,-8.781376158784966537e-03,1.195628035052560649e-02,1.354882738105903962e-02,1.062370730102931869e-03
-1.198990431713395192e-02,1.595525512334849657e-03,-3.369465598078137235e-03,-1.549324342865503190e-02,1.493610999394037221e-02,6.999493073450393198e-03,7.321484764141476288e-03
-8.852668904340379660e-03,2.506836727038660312e-03,-3.052734136241088379e-03,-3.704864308257081046e-02,1.580966528794672254e-02,1.020434076018275973e-02,2.043320334798397198e-02
-9.125723808829163883e-03,-1.077244872883007399e-03,-3.342838708979449253e-03,5.395919760016458511e-03,-4.238907327719874767e-03,2.961683541882045509e-02,-1.722804046042538881e-02
-7.414838069500113982e-03,-3.948012836309014971e-03,-6.572601156179252654e-03,-1.941107000107331971e-03,1.630317439485946124e-02,1.598422484013948749e-02,-1.241084017290321542e-02
-1.524378945275308176e-03,-3.607299773480572135e-03,-4.994293857793732222e-03,2.578783413832354612e-02,8.962118555984168247e-03,-1.301220594538706615e-02,-1.161177417237104284e-02
3.203666529922121354e-03,-2.498965209568267164e-04,-3.821450336259007725e-03,-9.838612340701324843e-03,-9.881584669441861868e-03,2.393399784069774605e-02,-3.346120503260755288e-03
2.861228522045452388e-03,-7.369829061063555955e-04,5.573850950587198785e-04,-2.892029825725954406e-02,-1.530958815127398710e-02,2.676890046634136655e-02,1.477935523119433200e-02
2.298334951955245935e-03,-2.319156129279476616e-03,-2.094051821669826782e-03,-3.050543082425827279e-02,1.019231662859894187e-02,2.522045710610024485e-02,-2.792469911446847797e-03
2.082664607421877249e-03,1.374402173332570998e-03,-3.082911557418760266e-03,-3.905153072294401118e-02,1.964238382057259188e-02,1.297163039620722290e-02,6.063361282828473066e-03
1.670007391846413435e-03,1.677718429082440937e-03,2.977280383595506496e-04,2.874154304604043236e-03,9.209896780801614738e-03,1.459127100606158640e-02,-3.032077595075568371e-02
-1.084316664507455237e-03,-4.514866148484610216e-03,-8.309132154277553512e-04,9.698721025278779495e-03,2.194444401072094541e-02,1.559633553311197407e-02,-4.080940454069176271e-02
9.357687432256741634e-04,5.579431158467983891e-04,2.010185809231706221e-03,-3.563760994735245408e-02,2.223408090331912418e-02,1.672879223796585116e-02,-6.829160862236719441e-03
1.683632620352755720e-04,1.880965658021488711e-03,1.612529960856564368e-03,4.464130250252688545e-03,6.885629144715961318e-03,-1.522855654573708646e-02,2.169382698551320710e-04
3.602778661299048130e-03,2.870992360515459228e-03,5.722274077865974369e-03,-9.793877735645909952e-03,-5.608713579229286476e-03,-1.411948423277236027e-02,1.732603044796702033e-02
8.962326764897689951e-03,4.372451675399646222e-03,1.385542823025476961e-02,-1.573684487084943059e-02,-1.124838770958943961e-02,4.171057529416050645e-03,-4.376031619529276682e-03
-1.597302449929842612e-03,2.852778944493919531e-03,6.720048616407304706e-03,1.761194955552115513e-02,-1.562128557443961951e-02,-1.592052507193291930e-02,5.954335979880054537e-03
-2.122005606204795287e-03,-3.248880986410301527e-03,1.855509590080358512e-02,-1.789207981199966713e-02,-2.862817236462784215e-02,2.280534108256748391e-02,1.053070178587155355e-02
1.731477234495547909e-03,1.175471403347716536e-03,2.158605461147882279e-02,1.241380995643183958e-02,-1.865050302320508599e-02,-1.819543397965739428e-03,-1.643676678458312612e-02
5.742292810422157737e-03,3.336027583021669574e-02,2.846631289614680402e-03,-2.442098045662481620e-02,2.137018458730209278e-03,-1.723088688940185159e-02,-2.434351042957169902e-03
-1.281856793800486985e-03,-4.663944325344280759e-03,6.326082641562316092e-04,-1.833514030732096706e-02,-6.942843034783392070e-03,3.015246359457007808e-02,4.387126025228481937e-04
-3.734412126386388656e-04,1.701235792991052931e-02,7.230176837281708860e-03,4.691755021627488573e-03,-2.235172000318401062e-02,-3.385468447285359776e-03,-2.823660125711707509e-03
-3.076771985750130240e-03,1.174231403128319978e-03,1.745798206754513651e-02,-3.171669866727237514e-03,-8.666086194950241642e-03,2.322594612668962312e-03,-6.040280035914741101e-03
7.787359720278985535e-03,-5.862834155646846034e-03,4.815688390185178698e-03,1.006757674877423354e-02,-1.264869550083710936e-02,-2.215654186191221356e-03,-1.943441016563210401e-03
1.451038009946328464e-02,-9.869229117663342807e-03,-1.053499821413274654e-02,2.022217326185375696e-02,2.226437741725883785e-03,-3.106552883085885244e-02,1.451076505961199949e-02
-6.621742334562953636e-03,-5.440669041942078690e-03,-5.931914271112847820e-04,2.874326906945017662e-02,-1.694816168521306662e-02,-1.957387467231327949e-02,2.043437009169252888e-02
1.639856908224394255e-02,-8.025051742365179805e-03,1.217695869609162693e-02,-3.417275757249477186e-02,-1.203693969884027902e-02,9.959202948090642785e-03,1.570001828727395424e-02
-3.584075750685772159e-03,-3.767127504073377979e-03,-2.294382338886011351e-04,1.641880545773090339e-02,7.595925058447111633e-03,5.829539768582206460e-03,-2.226362879611245432e-02
3.271589535011500474e-03,-2.114057639767565229e-03,2.471179248218745468e-03,1.573834532351960427e-02,-7.482335249109890382e-03,-8.743470931255891559e-03,-3.141250286616488301e-03
9.729400988051674359e-03,2.369690281198790199e-03,-1.430307092764047591e-02,-2.358269710943871819e-02,1.315917258140668691e-02,5.892197457794561000e-03,6.735306728627481199e-03
2.606743982114629980e-03,1.678818542429372359e-03,-2.301481075955747954e-03,1.041536635169223839e-02,7.834343881058131740e-04,9.096963279135424421e-03,-2.227984546752172570e-02
-3.981224781333290823e-03,2.987174291287289854e-03,8.751597367095699173e-03,-1.151036479302238770e-02,-2.038909573012152171e-02,4.049490735198438274e-02,-1.635299370589035281e-02
5.639143011194901233e-04,2.347560224129398472e-03,5.640478086990990784e-03,-9.208894735351545735e-03,2.504128431724192416e-02,-1.340644518236038148e-02,-1.097789701176994474e-02
1.411702594516497759e-02,-1.145397300674038657e-03,8.052224850790212773e-03,-3.272074887296480029e-03,-6.875431293058602983e-03,1.042175844937490332e-02,-2.129810576430093971e-02
-4.001248007493036899e-04,8.044044519148510182e-04,7.487169439639013678e-03,1.160933277915625166e-02,-1.784709928324040504e-02,1.103879270426538425e-02,-1.269247529098578749e-02
3.199442054267123171e-03,-1.621050460928914142e-03,-4.352005829373110923e-03,-1.172093020272311353e-02,1.786992393301067850e-02,-1.491275673884038741e-02,1.153737724458765886e-02
-4.145565454550242425e-03,3.837151820029120579e-03,-1.114882636549878112e-02,1.704056155846494364e-02,-3.126935884554457850e-03,4.097172600226271083e-03,-6.553558274116838729e-03
-1.729018153923386758e-02,1.518799003551462060e-04,-6.800975985012383193e-03,-3.048632882497291727e-03,2.130810370509488992e-04,3.296545297878775843e-02,-6.190623509450268562e-03
-2.139760523685357504e-02,-4.422264407733799167e-04,-6.501167571444499763e-03,7.294368733378999749e-03,2.339294577293650132e-02,7.588324152458515888e-03,-9.934639409702598553e-03
-1.040063863009223905e-02,-5.254905183712714131e-03,1.015900458257843614e-02,-1.139648289613367366e-02,1.031679493248032972e-02,1.072674639179627479e-02,-4.150519196916370446e-03
-1.170312809934025838e-02,-5.502156913943847920e-03,1.258293107779649526e-03,2.219661780153956571e-02,1.121619253201486949e-02,-2.346504932383223704e-02,5.999230895782289852e-03
-1.273992646175503389e-02,1.159852582669489325e-02,-1.574153725122439187e-02,4.099986640112852215e-02,-3.057872296054276948e-02,-8.107133054083890886e-03,1.456892749978263603e-02
-9.092797324283098323e-03,5.073731228650451598e-03,1.268030326467931099e-03,-3.643784958338359362e-03,1.363646575206782854e-02,4.780793064823001329e-03,-1.202243808938784943e-02
-1.772558145289700876e-02,1.587241978079089594e-03,5.778362658987639192e-03,8.979920818012127395e-03,-8.515030081001889045e-04,1.163610803676783795e-02,-9.404549030849545035e-03
-1.767501893372862634e-02,-9.995848301755417414e-03,4.337623929689602732e-03,4.486434244285468498e-02,-2.526486400944255237e-02,1.032476365788801038e-02,-6.590998785505811260e-03
-8.022073071399970362e-03,-4.098695217857536446e-04,-1.992626769893737250e-03,3.349557587398300368e-02,-2.614711826999406227e-02,1.289442362752275069e-03,1.786669396338217081e-03
6.164219127940163100e-03,9.545610963172785832e-03,-1.325482693788829734e-02,-3.076029191140818367e-02,-3.034027967276804131e-03,4.181011008974630516e-02,-1.047079336428584882e-02
-1.875027723437987931e-02,1.323346031380149418e-02,9.312496995293214133e-03,-4.280975191572225329e-03,6.630406988352391395e-03,-2.554412815213940018e-03,-3.590699056281035969e-03
-8.946012846995447451e-03,4.240556129836814403e-03,-5.125770669029316301e-03,3.433594963412294268e-03,-1.747141868932756276e-02,8.887735683979434628e-03,1.498131542812381790e-02
1.232795932506337150e-02,5.190775423586750648e-04,-3.311371032911975248e-03,-2.825881027861252420e-02,-2.968887974422226850e-03,1.936651263016521060e-02,2.325519788359451789e-03
9.988765836548075313e-04,8.933551246964457210e-03,-1.006458397944887638e-02,-2.130575788282458236e-02,8.423051072164983166e-03,4.553034210973056807e-03,8.461828748516034976e-03
3.018666152920884433e-03,9.784437149201269390e-03,-1.330870632840900399e-04,4.279424902055865322e-03,-1.946053288841855661e-02,1.958298123953679248e-02,-1.707188949201214265e-02
-2.973358960081843184e-03,1.734038417625574646e-02,-3.560435683888385841e-03,-1.063262683774781128e-02,-1.217288149742470037e-02,3.072076780686429712e-02,-1.872184900397729987e-02
-4.031481189836687122e-03,3.190947476761121088e-02,-2.665376420828327597e-03,-1.602656478265333459e-02,4.033941756317511312e-03,-2.927104906979155659e-03,-1.029288922363119120e-02
9.312080746295358334e-04,2.891726911357639720e-02,-7.642684667639673864e-03,-1.049251807697930243e-02,2.321909750748255008e-02,-2.913554522145984232e-02,-5.796826729609782895e-03
6.220372299500461812e-03,1.798814807380795869e-02,-5.147141864745655333e-03,-5.846756737002316642e-03,-8.667001980304300107e-03,7.440359977204518164e-04,-5.291655788976597739e-03
-1.311994620374513053e-02,9.643213154664168063e-03,-4.405823223338133261e-03,2.109855349293437640e-02,-5.201270853953948595e-04,-1.151743991906694492e-02,-1.178430216052939053e-03
-5.266123383666137213e-03,-5.685198337595185995e-03,-1.630674367652652085e-02,5.357607299662042744e-02,1.908637231893202260e-03,-1.150447881502049755e-02,-1.672216601570529135e-02
2.065353395708893064e-02,-7.388649331298861346e-03,-2.639549708612518725e-02,4.104235074034309413e-03,2.300736775526516023e-02,1.230166481351043818e-02,-2.628265518247463808e-02
-7.341858062824358280e-03,2.336514213326357052e-03,-9.237896464351528364e-03,-3.004050949714816418e-04,-3.680301414382506492e-02,1.481889726862100493e-02,3.652776228402495468e-02
-1.294425132445872588e-02,1.216564971410089707e-02,-1.640631869126159964e-02,-1.437664257860903419e-02,-5.801377290871398938e-03,-1.370845017398737709e-02,5.107139034508713371e-02
2.860515115852605393e-03,8.319974944613478529e-03,-1.521846652017501411e-02,-1.451928670687156232e-02,2.824017230218737670e-02,-3.683172231334645025e-02,2.714881317773955305e-02
1.674802675947573150e-02,7.393657813602550009e-04,-1.922923311239774224e-02,5.304895835199108234e-02,1.036806436102828861e-02,-4.910773714024532777e-02,-1.256744500121262549e-02
-3.236200673482121041e-03,-4.620314612593425137e-03,-9.384186832595158706e-03,2.331994912859185198e-02,1.528932367368037934e-02,-1.488204936276087305e-02,-6.486521320840599181e-03
-1.269674028909924951e-02,-6.494538835245611610e-04,-2.936680823188704808e-03,-9.513272787585373355e-03,1.950543953732736605e-02,-6.329417841099789152e-03,1.262012608717030804e-02
-1.471516785885025776e-02,3.465141707801876712e-03,-1.970369406245712010e-03,-1.801484443805314445e-02,1.693386070369867422e-02,3.313902453602771310e-03,1.098747683804577983e-02
-1.237558276303604536e-02,-1.523109100738489954e-03,-4.318491657981261313e-03,1.595660074808711573e-04,5.326503315110822645e-03,1.234002503066074360e-03,1.149711169609806023e-02
-9.401266437252546807e-03,-3.385759384735708040e-03,-5.512112260488014406e-03,6.144389954371380635e-03,9.293212560829593183e-03,2.669249174508563777e-02,-2.383095617781032932e-02
-3.071470074664226814e-03,-2.998859875462069145e-03,-5.116093941831494248e-03,-6.829371406594797640e-03,2.920000747995468368e-02,2.570229784888296114e-03,-1.375444196629036983e-02
-1.760043941341343614e-03,-3.176594940279803270e-03,-4.868378662188491135e-03,1.364013570899545030e-02,2.396641266416016727e-02,-2.092609351814268132e-02,-6.875437311203313855e-03
1.967728079609307613e-03,-1.438723850794857784e-03,-9.277631854081335762e-04,-1.390421506379684556e-02,3.240121881640065093e-03,1.352253516910007815e-02,-2.459683030349594200e-03
3.885984977264023491e-03,-1.102924932088783895e-03,-8.775368754630521453e-04,-2.915314961502448593e-02,-8.281229846071698139e-03,1.801485170976844033e-02,1.751400458161554360e-02
2.196582387609796131e-03,-2.261637618334310772e-03,-3.761832119439827062e-03,-3.504186105498882653e-02,1.437454362325249653e-02,1.148090811669803292e-02,1.301329666520271294e-02
2.220040785779500443e-03,1.225737064669573046e-03,-3.572651313232439590e-03,-4.775878310991328590e-02,2.067605431041344075e-02,1.803335572804671411e-02,9.176246534236470048e-03
1.828161963372991429e-03,7.057519141670449189e-04,6.632391058166080093e-04,3.429745307323932898e-03,1.197319434470384657e-02,2.020318912502137507e-02,-3.880328176040578891e-02
-1.438743059979037447e-04,-3.178826941802274670e-03,-2.510050226077059632e-04,-1.092721207396725111e-02,7.927267905028144435e-03,2.486314422949531533e-02,-1.828949379014833607e-02
1.659961928320872375e-03,-3.998529765215700065e-04,3.899646736783145013e-03,-3.168406630471504171e-02,2.195113920812626768e-02,-1.572689521051321218e-02,2.030006661851957786e-02
3.367775394553310531e-03,2.138512125322370502e-03,1.543096947461069330e-03,-3.596623226311485792e-03,1.059786381211754759e-02,-2.432273637914005027e-02,1.027211132599720710e-02
3.244285466030722657e-03,3.885775993369501406e-03,5.408555963075193165e-03,-8.823663949969843059e-03,-3.786384893574771312e-03,-3.235256379693944584e-02,3.242399521800858747e-02
1.235743089882134459e-02,3.017818312281689026e-03,5.406141914220933924e-03,-1.117916097041843013e-02,-1.303075919013031020e-02,3.350595421402696641e-03,7.793361382206008927e-05
-2.018757887663926831e-04,4.441297007947768612e-03,1.193258412354311279e-02,8.227453100819650395e-03,-1.783340488123671616e-02,-8.463022433341892484e-03,1.896968871034324490e-03
-3.208875771683047679e-03,1.246409622730662798e-03,8.953502710189699051e-03,4.474591893413412680e-03,-3.698823526843198622e-02,-1.101211660310981631e-05,2.553361893038449265e-02
-6.533001582065570308e-03,-1.516212225528917532e-02,1.831316320801282954e-02,1.543320114984127016e-02,-1.967996077055752385e-02,2.083020838890572296e-02,-1.320148813884752803e-02
2.049223433487523324e-02,1.548412162236264579e-02,-5.783416905004603800e-03,-5.903604402111508817e-03,-1.206292511699605559e-02,-1.485769318595990367e-02,2.631283652834222764e-03
-3.748464449161325283e-03,3.180105374500003662e-02,5.024260350090690823e-03,-2.945533190537402007e-02,-1.134675146048719913e-03,-1.453327531049706904e-02,1.204643271599048493e-02
1.316056844595547143e-02,-8.308556658443686654e-03,-1.781130438086308892e-03,-1.604502891095431136e-02,-4.949896882460114167e-03,1.150307978238892213e-02,6.420964661600030328e-03
-7.153361722452194864e-03,1.973377678648783468e-02,2.878299358956769305e-02,-1.360403587630555806e-02,-1.465007757934855444e-02,-1.072129497503711455e-02,-2.388000222912079352e-03
9.362850281510258499e-03,-1.539954283774312704e-03,7.753756438783314039e-03,-1.120683865039909938e-02,-8.956417890043739602e-03,1.489068112808736440e-04,4.437697292642699132e-03
1.268022620690942119e-02,-4.435822762865705357e-03,-7.382507097358523111e-03,5.846508497093256575e-03,-3.388265574978162852e-03,1.209816544229935613e-02,-1.541830471109957926e-02
2.135032110445381909e-02,-9.397855089800956699e-03,-2.236668320998861856e-03,1.185534857799257213e-02,-1.158699528237628999e-03,-4.708575888893076766e-02,2.667331214552196711e-02
2.145004547507468884e-03,-6.580484537123577546e-03,8.864603734598523049e-03,1.773019940096409166e-03,-2.251784673536311523e-02,-2.173723763430725209e-02,3.805294068459162682e-02
-6.077278601034321465e-03,-5.022492940226760960e-03,6.272886568592346904e-03,5.036415606234224095e-03,-7.408749844396246564e-03,1.761971758560137991e-02,-1.042049837477065054e-02
3.539364611167761937e-03,-9.158602955428883641e-03,3.635022712232685495e-03,3.755599055980035628e-02,-2.004833982708155785e-02,-1.425760715781251679e-02,-1.265827942877801628e-03
9.573322730413640156e-04,-1.552991500372007810e-03,-7.524346943456940726e-05,-5.557078900573275693e-03,5.420421717181135579e-03,-1.945640294032593975e-02,2.026396282048326808e-02
3.065741501201405981e-04,8.137319105683606677e-04,-1.956707667065939616e-03,-3.340543625039690129e-02,-1.460675514710038821e-02,3.634801633032084395e-02,1.250057667355378849e-02
4.616955104180177349e-03,6.388748234311020756e-03,1.077321548613231934e-02,-4.998548328208581026e-02,-2.432069012871350064e-02,5.601953431273699185e-02,-3.492279726561309857e-03
2.136832126121615549e-02,-9.446191881178549014e-04,3.486779336955526595e-03,1.452908372331654320e-04,-9.708414630627748218e-03,1.065859173117282913e-02,-2.500594934783208559e-02
2.091350471198001604e-02,8.191325940137951598e-04,1.114126963271782310e-02,-1.469686289880885698e-02,-6.443948302596100644e-03,3.081863984229293862e-02,-4.255173557959979896e-02
-3.028218154016314081e-03,4.881516382266296548e-03,6.346258431389903421e-03,-3.695501485257517670e-03,-8.324929083889237580e-03,2.463337240452984078e-02,-2.081249849502296231e-02
1.164537181275234097e-02,-1.621736352275545464e-03,-5.153603995004344199e-03,-2.928651545759875310e-02,-9.943634140633138621e-03,1.845759399198913103e-02,1.590252414077028900e-02
1.628908142947016469e-02,-1.165788027646630712e-03,-1.316909844814814420e-02,-1.403398546600240736e-02,-1.508513168482940835e-02,2.103610598395247444e-02,6.128816213204005270e-03
1.715397479542792036e-02,-4.877284097207150275e-03,-1.503207764484235445e-02,-5.638263444385126048e-03,-1.516317608631579045e-03,2.414756463695320182e-02,-1.423759663731496289e-02
-6.564909280424334644e-03,1.298490307677683912e-03,-9.486203810603225511e-03,-4.226276684455635129e-04,2.918487047409921639e-02,-3.604282125759878958e-03,-1.040533789654386060e-02
7.737757775119010265e-03,-3.780187250011626376e-03,6.304980916373842219e-03,-2.236559187796959003e-02,1.405322995095563757e-02,1.262145832655069480e-02,-1.457164784101794806e-02
-1.306094783882796179e-03,-7.411265433111527759e-03,4.757906168168510481e-03,5.357910958640357650e-03,-1.220500197071663732e-02,3.049993379697679089e-03,7.756551681204340749e-03
-3.639571448647028248e-03,1.571239500818002316e-02,-1.580581643702340736e-02,1.678459075716113094e-02,6.586916057059872404e-03,-1.815619030635627282e-02,-1.482323630374327624e-03
-1.044539180444228020e-02,3.070717005106061558e-03,7.313127987603217951e-03,-2.957823998212129758e-03,3.098601180095646602e-03,-1.072625874221962670e-02,1.064702837206910058e-02
-1.143198195459192539e-02,1.100615279505310923e-03,1.343046467693422355e-02,-1.487548484672351727e-03,-3.541949128468885235e-03,-7.098407714235226021e-04,2.640240382717105264e-03
-2.867510186464379204e-02,-6.120022638794736861e-03,1.425375580039048989e-02,2.438605984786963374e-02,1.216546948167039274e-02,-8.909929837066874608e-03,-7.100230789425177914e-03
-9.388127876603213212e-03,8.795391342502874646e-04,-6.392049845438800039e-03,1.977653469943319378e-02,-1.657598758372546763e-02,2.139055263678252619e-02,-9.690461164698415536e-03
-3.251068886737777143e-03,1.986979469575792662e-02,-1.297273068560325995e-02,-1.291526215449223178e-02,-4.937126335007355205e-03,1.852251952475055322e-02,-4.316126158667880908e-03
-4.199502116966916804e-02,1.125653564692691809e-02,1.660720494284224566e-02,1.613973578261449632e-02,-3.818404211001176236e-03,1.043363961299506593e-02,-8.623690604708453278e-03
-2.622944970518691771e-03,-6.378726363068512248e-03,2.529301020860770435e-03,-3.950685456216363606e-02,1.992431906284335488e-02,3.754457479660533448e-02,-1.148966898455857158e-02
1.118622559326221122e-02,7.616854074636126432e-03,-8.877962286884446413e-03,-6.219186823594326924e-02,-8.439328203674120385e-03,4.508514183974825229e-02,1.562093721885547681e-02
7.673596987992215143e-04,6.420619268261392940e-03,-1.231282632101707991e-02,-2.073139902659621586e-02,-3.302138922907050730e-04,1.738717906036487543e-02,8.799281212478506087e-03
1.333644658321083776e-03,2.294238546639232670e-02,-5.255000391976852141e-03,-2.473449250146126863e-02,4.734529109807637283e-03,2.889129598170098873e-02,-2.791236232278391377e-02
-1.556389495426438799e-02,2.905990980755953149e-02,-7.709215168635184107e-03,-1.231242343382489904e-02,1.268106189891066680e-02,2.397461786940536729e-02,-3.013005601915108231e-02
-8.472639539013802901e-03,4.249748185749835372e-02,-1.183297962962272937e-02,-1.888031099573062727e-02,1.757394383234393148e-02,-3.095133236614998774e-03,-1.779036228886014120e-02
-7.403743591553530075e-03,2.684287214072739181e-02,-1.482333341216741235e-02,7.817196011724517404e-03,-2.332911314407006345e-02,1.196535254585954881e-02,-1.069230550520440873e-03
-1.207495300861072263e-02,1.193140185957954590e-02,1.014532547276870804e-02,-2.199054820250996231e-02,-2.303965895149757276e-02,3.035616463667337867e-02,4.672268193596614688e-03
-3.408092939113931130e-02,2.065644413682560937e-02,3.345050443806982937e-03,3.344419154003580585e-02,1.848037277050382763e-04,-3.118712069058060879e-02,7.637560233346421881e-03
-1.452874558192859301e-02,4.038939603369735322e-03,-1.264455751000703948e-03,2.243039961209626967e-02,-2.697169629093795415e-03,-7.876165802526154114e-03,-1.028024509167661885e-04
-4.231391145207837002e-04,7.116920659098564458e-04,-1.432739821150955800e-02,1.141999087541237939e-02,-1.819154874060966223e-02,1.410543128945853340e-02,6.704971835859316331e-03
-1.607163041537992831e-02,4.404934308058760248e-04,-1.219312296216270609e-02,-1.322040519067027575e-02,-3.101030575789007898e-02,2.243273137013351154e-02,4.962223952516357783e-02
-6.536245866735549206e-03,1.280273889206208666e-02,-1.659530160216566089e-02,-8.197943897187618539e-03,4.328615067367208233e-03,-1.761875392260040668e-02,3.181689132925995950e-02
6.528870452619112315e-03,1.044242506776492732e-02,-2.057433159951172624e-02,5.588009152132032351e-03,1.797571911579353560e-02,-2.200251114682644921e-02,2.041818958028557892e-03
6.841464279741745619e-03,-5.089594767806134880e-03,-1.782333291607280865e-02,3.440568154516537858e-02,8.746945450929691918e-03,-1.985359418659437408e-02,-7.227569405363420442e-03
-9.082928421066187655e-03,-3.245643449952620614e-03,-5.110773905281956915e-03,-1.630009338105411001e-02,2.332889382416938884e-02,2.456796160391907721e-02,-1.415741627073360646e-02
-1.054624853481408130e-02,7.174563631555538022e-04,-2.403004736016419070e-03,-7.279016101806581873e-02,3.113940254374078856e-02,3.298016542769584281e-02,2.090238995430419508e-02
-1.383159504780711625e-02,1.876234007317734587e-03,-2.282929313289242153e-03,-1.175932580537414340e-02,1.197166401094211866e-02,-4.793904217653605949e-03,1.881985636586420291e-02
-1.138727332734248109e-02,-1.539618551399351502e-03,-4.103036919762188296e-03,-5.123404485925586033e-03,5.204560980389226835e-03,1.788672613150893431e-02,-9.379538274685535800e-04
-8.480294878097569683e-03,-2.332103193007350420e-03,-6.098477889976311982e-03,-3.707054987874149662e-03,-2.511566036677901400e-03,4.548569879769185503e-02,-2.235620181205863477e-02
1.507677835931533648e-04,-2.791680416673657868e-04,-1.901509192100815301e-03,-9.818350972822428510e-03,8.331102914939828713e-03,3.616586607701290090e-03,-9.942909964367314078e-05
3.247023617552777935e-03,-5.940956035468977856e-04,-3.099512267615206051e-03,-4.525458615042988325e-03,1.973362702588431217e-02,-1.818923313890421709e-02,3.427648981672185534e-03
4.374596602332562860e-03,-1.380524786893942094e-03,-6.284032277780763015e-05,-1.724350940075659519e-02,2.015250987974814487e-02,-7.647510997502602811e-04,-5.075480871902128890e-03
3.511817766129112818e-03,-2.224236840762715620e-03,-6.151139123670225015e-03,-2.547202084429955535e-02,3.918190335383197123e-03,3.872559042013004431e-03,2.254482966520713130e-02
2.203854288561700892e-03,-3.190824070998931217e-04,-5.652853101406020084e-03,-3.146103356215763924e-02,2.168628133178514272e-02,-1.454308946406247631e-02,2.808592291437927643e-02
2.130775581603197577e-03,1.459795103205434276e-03,-2.027486460961114983e-03,-4.861340739143017037e-02,2.941545393371371858e-02,-5.646368010764128004e-03,2.328123724463321276e-02
2.250386621206613980e-03,1.833503097618042555e-03,9.119514806219582853e-04,-7.519172991333294281e-03,1.678224377419353878e-03,1.758649383586569429e-02,-1.674138642139841315e-02
1.647561082630174699e-03,-1.118418900828151152e-03,3.694748931834457230e-04,-6.326923216008346548e-03,-8.889912304709965624e-04,1.432206302065038538e-02,-8.004765649156482532e-03
3.264088859144710728e-03,1.660501462264305316e-05,4.019589871517550463e-03,-1.081110650771484848e-02,1.623890547563811362e-02,-1.871350899194169567e-02,5.985426278733468886e-03
3.594942139540029547e-03,1.793491594418230271e-03,1.544752163478451410e-03,3.319680070341210921e-03,1.022460393658264355e-02,-2.467434516254307653e-02,4.196875258182510178e-03
4.821997580583980807e-03,3.579900446636806541e-03,4.830930394548624447e-03,-2.078802207224624346e-02,-9.049898400442958971e-03,-1.097737848970970105e-02,2.758247054062948692e-02
5.159299846247823555e-03,1.879334237539713459e-03,2.964041669696623835e-03,-4.361187014294947914e-03,-1.249507914046381514e-02,-3.449698367203397637e-03,1.030328876847800938e-02
5.731961834643337778e-03,1.714971555294925740e-03,1.271991695502956016e-02,-5.143293257603231451e-03,-1.799191676641092794e-02,-7.279756100650486283e-03,1.024811577969682481e-02
1.228958912008088508e-04,3.379353912390054004e-03,6.511134580823066745e-03,1.146806413334553430e-02,-3.586093717253774349e-02,-5.580827149685468024e-03,1.996031580446374493e-02
-6.038192300269242148e-03,-9.258955290896575194e-03,9.944245637295298992e-03,-1.300528656217921596e-02,-1.815804532309947192e-02,2.984017307884889725e-02,6.676060760300221372e-03
-2.167719986883042977e-03,2.235856819378510395e-03,1.587090147732495363e-02,-3.256598817838133025e-03,-1.071454246720764981e-02,-5.851665692357006614e-03,3.883768667582354096e-03
1.053174133406542881e-02,4.704715268087456687e-02,-1.388078893261527301e-02,-2.478870265931761713e-02,-5.985934347084120172e-03,-2.670589120972068770e-02,1.378242313379757396e-02
8.145552758916723649e-04,1.257037116640646879e-02,-1.062514599108642377e-02,3.376150721126000998e-03,-6.905210913858628695e-03,9.568019731203868811e-03,-8.798739989682944837e-03
7.430658704727229839e-04,8.425202148254333848e-03,1.095945742169748306e-02,-1.628920121113820729e-02,-1.690054330524659934e-02,1.908067692006292643e-02,-6.018657844102708911e-03
2.958742781019714930e-03,1.022703610481698333e-02,1.609328596739314360e-02,-5.558877640849078927e-03,-3.664450109531717115e-03,-2.022883190797429911e-02,1.730948051252232658e-04
1.860734321532476381e-03,-1.025904518782081234e-02,6.070394330793039452e-03,2.041627387134702619e-03,-1.658855490809998598e-02,1.179939250309192458e-02,5.075451553368678058e-03
2.355156502645460934e-02,-1.080507482495494942e-02,-4.809510525571956963e-03,-1.070699321282819229e-02,1.892067061366606295e-02,-3.517709384442130327e-02,1.902643676765576955e-02
4.515383320156925694e-03,-6.497441005920850249e-03,-1.998149229483457689e-03,4.078263912255456446e-03,-1.967837618778289083e-02,7.530979817923464346e-03,1.204933937285135315e-02
2.696120402031493691e-04,-5.253985570177276999e-03,6.003152387673750187e-03,1.229585904463150609e-02,-2.733240330474068225e-02,-1.271611802645659234e-02,2.673388342886614394e-02
2.219942187095624506e-03,-8.526086078099390231e-03,1.029045468645492165e-02,-1.175148772944361805e-02,-7.525638078942746730e-03,-5.182846625531544165e-04,1.581109967548837217e-02
-1.578172608004288838e-02,-2.112489965142388699e-03,1.451923922744154452e-02,3.637952089395422167e-02,-1.134260309482915206e-03,-3.117756709154415745e-02,-6.927166751833820904e-04
-2.066584659397091919e-02,-1.214829253006565303e-03,8.790014429627405340e-03,1.487476912937184606e-02,7.867880879530974800e-03,-3.080611107211473146e-02,2.115412248056196959e-02
2.099152997823000404e-03,5.554327506641596260e-03,-4.094561545301605987e-03,-4.127769085719603520e-02,-1.480059963391302906e-02,3.875657095139627834e-02,1.376280058054961224e-02
1.996266720482895926e-02,2.656661007098630543e-03,-2.496208574092987319e-03,-2.291187610176388667e-03,-3.269519396067507855e-02,2.127000761600331483e-02,-6.406745682986384610e-03
8.906467150383158560e-03,-5.092868433543685722e-03,1.558816635514227375e-02,-2.165928037234633730e-02,6.753032182582493353e-03,8.096301940653794198e-04,-5.305147076283219833e-03
-3.522348372014499733e-03,-1.303309035672327613e-03,1.083361558954520909e-02,1.105380755085843061e-02,7.084132662289102829e-03,-7.583451809853612724e-03,-1.656244658515231352e-02
2.548912597449566261e-02,-4.155309305897234018e-03,-7.728969683027444313e-04,-1.117863622784187431e-02,-6.499971142107294035e-03,-8.563050732284414532e-03,5.680738401937864349e-03
2.993255316620109865e-02,-1.330839721797114072e-02,-1.007181202687714057e-02,-1.115939314066482363e-02,1.814972841656315936e-02,-3.825234589429846784e-03,-9.717444607821385666e-03
2.865273097669227345e-02,-7.425065259736930538e-03,-1.888980498813324499e-02,-2.724021135766651128e-02,4.823418206731008850e-02,-6.460252870927132157e-03,-1.687157856753849702e-02
-6.512587362257620839e-03,-4.807265307064346842e-03,-1.222008124490380626e-02,1.373856904720105595e-03,-3.317861780612624961e-03,3.830268715277524577e-02,-1.281874836265701513e-02
-1.341293815856550416e-03,1.013740322114960093e-03,-9.318608728623294438e-03,-1.306731796510138006e-03,-3.361101274084860296e-03,1.886520042278827872e-02,-4.551205129828445745e-03
-2.346807799470640096e-03,6.523924919198034918e-03,5.311203085145824003e-03,-2.366933806125865944e-02,-6.045862721877716395e-03,2.137744825570593935e-02,-1.150567677442800984e-03
-8.845584303998475784e-03,1.654702799544706740e-02,-3.056185710874802057e-03,5.374367716681528045e-03,-2.827473807425128112e-03,-1.687115833167556617e-02,9.679006441845459940e-03
-4.800912565326879988e-03,5.054018709991388997e-03,1.006736823956029016e-02,-6.189050154826053647e-03,-3.199571186353186367e-03,-9.796527148749956983e-04,4.779967182942238327e-05
-9.278689824763127272e-03,-8.695357764494051527e-04,9.663900438018964423e-03,1.884206327595707581e-02,-8.305430389529959434e-03,-1.020707886705817663e-02,1.547711438247009275e-04
-1.844896715534591336e-02,-7.108161728812398676e-06,5.774901206028289951e-04,1.146353472098235286e-02,-9.645837743350022366e-04,-1.164514503919511848e-02,1.902477928901983445e-02
-4.289601955550792663e-03,4.065318514686912070e-03,-1.395251161491702606e-02,2.196256465015312270e-02,-8.809972013133856097e-03,6.533680894179634893e-03,-5.509478475417926326e-03
-1.587599679491635135e-02,1.340646297020857067e-02,-8.228714301377518248e-03,-3.462775981197452682e-03,-2.309384808473540981e-02,4.048456783767855754e-02,-3.229695645660364458e-03
-3.577335962510996836e-02,-1.708528979296618146e-03,1.175472269194938711e-02,-9.254387070363986542e-03,-8.410494502027438630e-04,3.292721711291825282e-02,2.895385320105551327e-03
-4.239194874381469955e-03,-1.928278735949289207e-03,2.384567755870346979e-03,-2.819135583024676150e-02,-1.583161705097923654e-03,4.367909492286602829e-02,-1.012167153306085636e-02
-9.556767314334215641e-04,4.816397836940633156e-03,-1.197149931496188820e-02,-5.737437434421222698e-03,-9.515924340748049826e-03,1.376007923763125293e-02,9.604060746992666708e-03
3.168646156722698735e-04,7.790550781961640657e-03,-4.704959092830342249e-03,-1.870772336565225749e-02,-1.198780296966682826e-02,1.054585767791778664e-02,1.674721235259775745e-02
6.222552308170288017e-03,2.794357930170600704e-02,-1.607918022544939027e-02,-1.471970266386896662e-03,-1.457595549167019222e-02,1.560972417767567469e-02,-1.764874980404545698e-02
-1.491947210078425554e-02,3.771083422175332267e-02,-1.641220440532566507e-02,-1.535587402466372271e-02,1.878091799894724204e-02,-8.121712774540259736e-03,-1.682488915386653626e-03
3.340472314783467234e-03,1.076902346362967021e-02,-1.972304410738429797e-02,8.788796169849819734e-03,5.157617212225430563e-03,2.955374312274200617e-03,-1.128823936537828518e-02
4.824997315631696267e-03,1.634706314501469665e-02,-2.400133494197682384e-03,-2.730304281100442293e-02,-4.460861137111460199e-03,1.253732297262021185e-02,4.546540090468927662e-04
1.749192886112011999e-02,8.543965733450020056e-03,1.958259202813099006e-05,-2.666163546577778390e-02,-6.130665953723332499e-03,-1.249416117873029287e-02,1.923098541163307390e-02
-2.523947388822870078e-02,1.409141970218577393e-02,1.151860709380383464e-02,3.804185009711896770e-02,-1.518592164613448989e-03,-3.083391919029662351e-02,-6.059891649969777194e-03
-1.143057207930788834e-02,1.316808537669563253e-02,2.395744357767430697e-03,-1.023966753257883784e-02,4.588193452728295783e-03,-1.911924268754080711e-02,2.063745911223621721e-02
-4.343477518003202066e-03,8.101370059494255108e-03,-1.050803001127631475e-02,8.714120889358901306e-03,-2.227459222183043874e-02,-1.933511118626395076e-02,3.964571998852077506e-02
-2.402772512512920886e-02,5.900516021132955376e-03,-1.104249495910331925e-02,3.913751454211966685e-02,-2.455038418823971696e-02,-7.411504992711969234e-03,2.199407870193140907e-02
-1.066601922258511885e-03,1.345014302469555237e-02,-2.109914496780021520e-02,2.316791900826090111e-04,1.869695339405338941e-02,-3.655919174035609370e-02,2.634616302158328954e-02
4.466707919580267284e-03,1.006090244587836031e-02,-1.431062127931215407e-02,1.869941605609136415e-02,9.853182042304176047e-03,-3.699039830527657557e-02,8.220811120734489857e-03
2.636704270083391113e-03,-6.647408412381161820e-03,-1.507646931022943448e-02,1.219715564502786391e-02,1.724079282916562636e-02,-6.517190976748662816e-03,-3.833584044917634406e-03
-1.485742900626075072e-02,-2.798924366450302337e-03,-4.291669105653758871e-03,-2.878781848168632945e-02,2.457989883085899205e-02,3.134496244276822191e-02,-5.189020313576132859e-03
-1.164388415410916658e-02,1.251397785747592872e-03,-2.886676264404962680e-03,-4.286161850238764948e-02,1.167304401417105369e-02,2.596283332338434474e-02,1.850490379759869852e-02
-1.279540746901332467e-02,-1.303654164074727123e-03,-4.342851151901278017e-03,6.241977063194588567e-03,7.849790794886662287e-03,-1.386628008065479006e-02,1.821642500756295510e-02
-9.860725484162358515e-03,-9.267762960693811747e-04,-3.720722676860468373e-03,-1.375689400337731620e-02,-1.414484490856332717e-03,3.137224606854099179e-02,-1.692643117215133402e-03
-2.773925381647531722e-03,-1.642704382925184222e-03,-5.477835134647785452e-03,9.959469965177632136e-04,-1.934389577293590262e-02,2.133378079840755892e-02,6.908632877231159729e-03
3.853993274654462370e-03,-2.362029462428998916e-05,-1.168148362640446030e-03,-1.853456121860845227e-02,-2.818116306215126456e-03,5.665193668092595794e-03,1.302525923934127507e-02
3.636561151634333522e-03,-6.573972138429815112e-04,-1.960414698728135251e-04,-1.541024639607826638e-02,1.056831991864326005e-02,-7.744635279416157460e-03,9.803439288932649237e-03
3.352332699275290852e-03,-1.492978995161500138e-03,-3.817429623245177043e-03,-1.042230498729991052e-02,2.154939573920543541e-02,-1.453644110790256946e-02,5.367426275128484026e-03
3.441786540838747115e-03,-1.737572815677337901e-03,-5.238419713801828644e-03,-2.850918116369763333e-02,1.370693508891643667e-02,2.431752868941517397e-03,1.590469919448003408e-02
3.143399021008479524e-03,-3.214864580161146232e-04,-2.711559754337197412e-03,-3.075023345239276049e-02,1.565151215533825552e-02,-6.187856382885022558e-03,2.117622487128439229e-02
2.727880353587851508e-03,1.231142068681567335e-03,-2.158424890298637263e-03,-4.186824199581061501e-02,2.999047416380498307e-02,-7.980657519363828362e-03,1.805782781939867590e-02
3.109402986131356086e-03,2.304768989825031408e-03,9.358742635425100313e-04,-1.064671373364200514e-02,-3.165488027290330741e-02,2.354559290310220473e-02,1.240595486394431395e-02
2.344585193485460451e-03,4.183003516379616853e-05,1.848406888980374911e-03,-1.941573308483290905e-02,1.910935216440582882e-02,-1.829413175789106148e-03,-2.099028021413487481e-03
3.677425845467591561e-03,3.756968419054537343e-04,4.379278032228743449e-03,-1.952450712812627692e-02,1.469140554201973058e-02,-9.347721079016744344e-03,5.748421945521491050e-03
3.996204353112010714e-03,8.570550811531064917e-04,4.505590809816596015e-03,6.916304083614263154e-04,4.650270325843651833e-04,-2.168177016463114157e-02,1.116626247960364644e-02
4.335849074717475389e-03,2.546174027237117082e-03,1.993460955805837539e-03,3.284952620889173246e-03,-9.100623911803185431e-03,-1.907831424178017127e-02,1.601850147493376342e-02
2.159541663050769736e-03,3.872032095125628372e-03,1.181761170399849969e-03,-1.363186258791673766e-02,-8.747375241542513363e-03,4.484764922920419367e-03,1.068113797796262088e-02
7.117029214583113841e-03,3.708989026894981677e-04,-2.567325177558638658e-04,2.042037629516728001e-02,-1.868675228104610744e-02,-1.860569780475744908e-02,9.640878191119476442e-03
4.865581272823067097e-04,1.933610529763940067e-03,7.833090482895469289e-03,7.172696626097994736e-03,-2.981576138418264021e-02,-4.376939186834667359e-03,1.676674480497762978e-02
-7.056420868227619020e-04,-1.343552440186091760e-04,-3.838016922665924867e-04,-1.250993521255923564e-03,-1.159209882290593470e-02,1.940143175532867831e-02,-5.334540388058865885e-03
-1.469991841767167608e-02,-1.273427075327137475e-02,1.295217818401806290e-02,1.716396098967615941e-02,-1.032374769795892273e-02,6.690124243769443417e-03,9.516734514384619101e-04
1.936787195747441057e-02,8.430699090515624342e-03,4.897229972707798978e-04,4.485488330893819438e-03,7.625372744907817774e-03,-4.652497910655208069e-02,6.125823985489503229e-03
-1.260868170199760767e-02,5.234381847384869668e-02,-6.190324563851307312e-03,-2.349252555762665687e-02,7.459561700989362229e-04,-9.549103403125501705e-04,-9.843332480159465783e-03
7.256874863979532846e-03,-2.027998148251192179e-03,-5.397430985202462950e-03,-1.449523178576212282e-02,-2.041699805999089290e-02,3.557119395156698588e-02,-4.904098363398084158e-04
-1.106649817228931923e-02,2.233939054958409068e-02,2.683995928126662114e-02,-3.678417623144612791e-02,-1.606173077216161002e-03,-8.872201748925523726e-03,9.149699399026354346e-03
4.901361277544962619e-03,-1.725603488905303427e-03,1.416242056313423564e-02,8.230111363200669217e-03,-1.833012728310149525e-02,5.429135603052580826e-03,-1.266729803492563575e-02
6.613335796970752981e-03,-1.076219970092464132e-02,8.956663292323837136e-03,-5.739600603119882245e-03,1.170437474644489377e-02,-1.983796451303786873e-02,9.065390981342973456e-03
1.263969657670513391e-02,-6.253050128768876219e-03,-7.427162137864836040e-03,-1.491694939435958935e-03,-1.049811781547943523e-02,-2.505951831670289245e-03,1.553628027651421384e-02
1.209252817964736118e-02,-6.474614351262087189e-03,-3.573079945208397067e-03,3.698915080561981233e-03,-2.942636350965643216e-02,4.198554564229461938e-02,-1.830293109637708832e-02
-1.099154439325963038e-02,-9.146693484415250111e-03,5.146922328065280626e-03,2.605079761066406499e-02,-7.712124667790296907e-03,-2.491952819218923310e-02,2.157217079892506661e-02
-2.159506616077408112e-02,-3.280125532528634091e-03,1.006090568807756908e-02,2.008720102828394707e-02,-2.001458171130606964e-02,-4.890126401157487285e-03,1.963179308940478374e-02
-2.658982062558201340e-02,-5.157548344354792591e-03,7.529091743929725890e-03,5.793848270717159160e-02,-2.268898514688322439e-03,-2.632144755622645854e-02,-5.129859410249638582e-03
1.189334827023288445e-02,5.562814417004057280e-03,-1.476386931315228947e-02,-1.627619850555336173e-02,-4.681535799532780817e-03,1.406211347089557535e-02,4.203327460105970442e-03
2.847106102227831958e-03,-5.617491648627669434e-04,5.885249761039669167e-03,9.818155296320499673e-03,-2.343305267393560373e-03,3.062743635581783534e-03,-1.870820036291343316e-02
3.015298385737821157e-04,-1.312445775565395864e-02,1.564885622192434267e-02,2.745661254896088199e-02,-1.955657184379863689e-02,7.920081747920941148e-03,-1.864605075792731895e-02
-8.484717967799657382e-03,-6.854779184445299392e-03,7.441756550892023730e-03,1.584552909121476547e-02,1.438960349063267766e-02,-1.855002852181121195e-02,-3.787363458683325017e-03
2.056921678182464450e-02,-9.174868973845690156e-04,-5.904054366140503059e-03,-4.051078644492539516e-02,2.850141228240268138e-02,-7.716702123645609139e-03,5.978400767868747787e-03
2.892208960130912207e-02,-1.016835288815621206e-02,4.073204063568422418e-04,3.941681439091170562e-05,4.170937234555597596e-03,-2.398274742753746594e-02,6.113362590812560990e-04
1.426216308970823521e-02,-6.431432958031202060e-03,-5.524587962595052353e-03,-4.459734922257879361e-03,-6.677674873606746601e-03,3.367736221737845786e-02,-2.484609459059576933e-02
5.309724965693277148e-05,-8.628473798008424317e-03,-1.326502852051663316e-02,1.967070000633177468e-02,4.539696899414302766e-03,-7.305020041941457862e-03,4.935028205063538356e-03
-7.149402800600162568e-03,2.254338379229453657e-03,-8.955660058024131343e-03,2.313429101665715609e-02,2.206886591924834759e-02,-1.643710549223819165e-02,-1.491532696427242538e-02
-4.077980686322859802e-03,1.142170862186075476e-02,-5.272966441115859576e-03,4.537056874172290533e-02,4.986322398406131499e-03,-2.550318024725361024e-02,-2.692447238729750447e-02
-1.359711020654962542e-02,2.275760120363585701e-02,4.101531158765532245e-03,5.139902837687128877e-03,3.969010155797721325e-03,-2.339716591839778939e-02,1.026230769061255805e-03
9.408609476074794239e-03,1.951677496972175838e-02,3.948221857925752489e-04,-6.920429494119438585e-03,9.859977998607319036e-03,-1.264202195998722494e-02,-1.961773317608984241e-02
-4.983741670651474324e-03,2.348437474995882564e-03,7.607307967792161299e-03,1.516582375712112636e-02,-3.956152687244553906e-03,-6.327548219271636985e-03,-9.854126622741488095e-03
-1.871851956598795733e-02,2.131397842926885562e-03,1.256532605506934484e-02,3.677425061734410083e-02,-2.337815247809578098e-02,-1.074494943628262304e-02,1.370646965026014932e-03
-1.156572287274095813e-02,1.050033669690337949e-02,-1.267549530558250044e-02,7.180724186876923099e-02,-1.765382287108507864e-02,-1.325297186333135660e-02,-2.715956565293261432e-02
-2.260423686142828958e-02,1.236280130757324777e-02,-1.598755279757194461e-02,4.318761179900057479e-02,3.909935166052038238e-03,-1.768911631747512037e-02,-3.179442296150502764e-03
-2.480474239283613977e-02,4.184989529379414507e-03,7.965600453382973289e-04,3.281795572098723107e-02,-1.475969634005787692e-02,-1.387038827285247411e-03,3.151972264474404029e-03
-1.156302611178859152e-03,1.008274169219011696e-02,-1.305409172279354060e-02,-4.505500905404731180e-03,-1.774798027351245922e-02,3.467100979060162153e-02,-8.289875969901985484e-03
-4.512332551163061346e-03,8.194443798658716457e-03,-1.052237390400059466e-02,2.915756421331413151e-03,-1.620205619566435218e-02,2.964462749707913458e-02,-9.518065066241211333e-03
-1.198816675791925662e-02,2.158706061018102890e-02,-1.156233225488658561e-02,-3.151343171520922665e-02,1.579855574490679005e-03,2.966952583882253441e-02,2.227488704520813340e-03
-7.384446200057188936e-03,2.680456915005902802e-02,-2.692330171969456107e-02,1.123183785545125470e-02,-2.126660737063047410e-02,2.946627596202743005e-02,-1.192832767715558753e-02
-2.129094167232290728e-03,1.398329761818350482e-02,-1.590992964222672293e-02,1.864695961130241261e-02,-8.078865296986838945e-03,1.127492598291169636e-02,-1.778729410595167315e-02
-6.416501094479654804e-03,1.122590759604087315e-02,2.204867239221666459e-03,6.891987467018757460e-03,5.992828529137147683e-03,-1.166200105341481247e-02,-8.237088683523980520e-03
2.143828572229612359e-02,5.740353104389638982e-04,2.514075118290393703e-03,-1.680044988213445084e-02,7.175219055182892151e-03,-2.350234500718260608e-02,8.601179683108726298e-03
7.399729841225565624e-03,1.240157960848883682e-02,8.307750574169270319e-03,7.631717210584947585e-03,4.661953288551646916e-03,-3.278922982808411130e-02,-7.613500694936149900e-03
-1.718554964544751970e-02,1.582992152163697347e-02,6.876896361052696818e-03,-3.807844268731467533e-03,-7.486000300618968553e-03,-1.739193108440452787e-02,2.316450741651282161e-02
1.088426031275816289e-02,9.459548539977352677e-03,-8.539868910392330037e-03,-2.081256603733045926e-02,-2.472730148919388346e-02,4.328144890640313151e-03,2.940778269354090216e-02
-1.073779069504071128e-02,4.098861505125422910e-03,-5.526782847670932627e-03,2.399476921910136118e-02,-2.257021641197530515e-02,1.969770546424225166e-02,-8.956546233782095370e-03
-9.759631309458267553e-03,8.009410956098934192e-03,-9.335967641593792554e-03,1.100472875293810431e-02,-1.195495780317632969e-03,-1.811122201439869031e-02,1.938817703673140908e-02
3.658041754684637163e-03,1.766258450607696706e-02,-1.767308533254558986e-02,1.825783304248619274e-02,7.827501690713375981e-03,-4.130721986671412327e-02,1.157434420529848684e-02
-1.250915247687600478e-03,3.036601976920254645e-03,-1.248993534942828207e-02,-1.454970251388924482e-02,2.542938601151708763e-02,5.953370976574124881e-03,-6.128805854006394438e-03
-7.396464808973873296e-03,-4.795815749350121164e-03,-5.959502827365525252e-03,-1.108044395045857007e-02,3.435519490910974444e-02,-2.568836699894449377e-03,-2.554130873067194437e-03
-1.463413036886465450e-02,-1.002556821390940874e-03,-5.006420757856121749e-03,-4.014036791251672509e-02,2.234671273131803512e-02,2.461185644250228968e-02,1.382490668680813432e-02
-1.477184589357661768e-02,-1.695989962509502399e-03,-4.509381033037531718e-03,6.244577197782497265e-03,-1.593234127910150150e-02,1.814269882912777215e-02,1.252228214131483400e-02
-1.083999431688797283e-02,3.480511973642923273e-04,-3.503014687392864458e-03,-1.049382187824459724e-02,2.852608460880257449e-02,-2.342498224123558750e-02,1.938767731759416871e-02
-8.104555800249190964e-03,3.641516846688362783e-04,-5.049214594909490379e-03,-2.366346891010016537e-02,1.012923975293990655e-02,2.985416086502037589e-02,-3.530312997370198876e-03
-1.824439773755374516e-04,-1.087741788030819777e-03,-4.731714880537886241e-03,-5.013368592164506483e-03,-7.560902421937138428e-03,1.448329901357351367e-02,4.092872646472361757e-03
4.300132676801294608e-03,-1.124383838835136401e-03,-2.298446791374962085e-03,-2.599931932985122610e-02,5.777510020978688862e-03,9.664423804185208119e-03,9.680083458096152074e-03
4.975781101226706138e-03,-5.405132806435804845e-04,1.123742444105555339e-04,-1.071983812319348035e-02,2.378480554753373277e-02,-3.361784724886170139e-02,1.600523775952768235e-02
2.348268562255710016e-03,-1.689287878476168582e-03,-2.422263898064793124e-03,3.925847088024398204e-03,1.779006931545515022e-02,-2.311766110755456016e-02,3.165027918360313521e-03
2.476823644446356047e-03,8.497976224402188422e-04,-1.169136113310332127e-03,-3.521325303284897346e-02,1.630148072885039337e-02,5.722177266695552961e-03,1.103210988372668559e-02
2.515708402546044421e-03,4.781728076866109136e-04,-3.012193643943241860e-03,-2.501290679020599581e-02,1.371280748083199968e-02,-1.030638485840003858e-02,2.162479660148459645e-02
3.024217531398686390e-03,1.393719620793649203e-03,-1.769785753370509921e-03,-2.892940022478860881e-02,2.392186368269082902e-02,-7.037942100641471875e-03,9.397327243917443992e-03
3.386139003551947614e-03,3.062443349187763102e-03,1.007504786133248120e-03,-2.251951389527672570e-02,-2.305204145647338568e-02,1.600735278794419153e-02,2.210811542493293716e-02
3.249464624192672894e-03,1.448147013695062985e-03,2.348191655526481961e-03,-9.620477629875707690e-03,1.620983730609399515e-02,-2.766908451099380981e-02,1.403392154136127827e-02
4.498176053378972680e-03,2.569184365775363521e-04,3.446235360532436988e-03,-9.254942134604954296e-03,6.133002586445987503e-03,-1.859930520792545117e-02,1.351991490559552658e-02
4.303706118187016622e-03,6.796125884444375025e-04,5.123688510825083996e-03,-2.072656580393191991e-02,3.064519085876968654e-03,-1.216335295511376466e-02,1.971839245571225391e-02
3.641468292962005918e-03,2.320093735772069208e-03,1.227000760247391742e-03,4.165574538395458437e-03,-1.029288187494522243e-02,-1.095670220183427197e-02,9.895446749402547412e-03
-1.655364514658640672e-03,4.730880614245440777e-03,2.730933284016080678e-03,-7.050454421930789188e-03,-1.263620496178957490e-02,1.184836386210224961e-02,2.031846138015228065e-03
3.511845027672298898e-03,4.381164621686374987e-05,-3.196625267378875798e-03,1.337371673094030341e-03,-2.677390004829588790e-02,1.595889619723292116e-02,9.118600771458673995e-03
9.665635082548763510e-03,3.133590644393131311e-04,4.287197368950153818e-03,9.373236111353013683e-03,-2.112393068934113535e-02,-1.065096349503318399e-02,8.135466557083038605e-03
1.765388459319109120e-03,1.790529884000104576e-03,-7.812439873395131407e-04,-1.217666454104231926e-03,-4.696424443799924152e-03,-4.602536451504340813e-03,7.741952993428796552e-03
-1.083372216622598659e-02,-1.083397683389300710e-02,5.294936056498239334e-03,9.493912072534785654e-03,-1.119367603714275551e-02,1.357568957694228577e-02,4.496837331286426299e-03
-1.320381966395768429e-02,-6.883578753688688722e-04,2.184774031667753580e-02,1.003655097454185692e-02,-5.916709811844966934e-05,-2.168816895156963284e-02,3.755222297795185980e-03
2.899136473767720962e-02,2.099236883328666967e-02,-1.464727150870701738e-02,-9.459323353576236382e-03,-8.771814016885613741e-03,-5.902828118143069701e-03,-1.120249657365196549e-02
3.869010687605814718e-03,3.725290781075360491e-02,-2.189688476114490245e-02,-1.586852104765874155e-02,-2.209248498897611532e-02,2.071239278396010131e-02,-1.976420484539804980e-03
6.033732731743641359e-03,-2.784569236184216909e-03,4.702478387788933296e-03,-1.738530703908211517e-02,-8.088131354998173358e-03,2.378218275309515115e-02,-6.260386242363274144e-03
-1.076615616398828718e-02,1.718573007706200237e-02,3.544716525718796807e-02,-1.187704146615421903e-02,-5.641430279726729856e-03,2.441309765117458119e-03,-2.678957718949818642e-02
1.623579143549106624e-03,-1.026306773363412118e-02,1.997595999742341963e-02,1.504741095192366901e-02,-8.351554825390711256e-03,1.189873659133486826e-02,-2.993106412520627271e-02
9.944141613157772477e-04,-5.710410916931611333e-03,-3.478959178835899866e-03,3.373379924876458540e-03,2.275962795987637212e-03,2.003486205837450018e-02,-1.748924884478687825e-02
8.859713812981895309e-03,-1.803254178174452937e-02,-9.813316922530419123e-03,1.723322622944181010e-02,-3.834663150459880626e-02,4.232963497245724460e-02,-2.230084806007303667e-03
-9.306645021600199602e-03,-8.679273552677838760e-03,2.714186840877404975e-03,2.012603871854037191e-02,-8.786451777597950250e-03,2.721378885433826597e-02,-2.328164406188017871e-02
-3.726898433519716843e-03,-3.222708820013140633e-03,3.965534129084540525e-03,1.963983151062270206e-03,-1.021374768143411965e-02,2.100431076022420476e-02,-9.770473105404069158e-03
-1.745501705692918334e-02,-3.342430197083550835e-03,1.050242242504576332e-02,-1.649335563970891075e-03,6.383857547086855145e-04,-1.556772570085460062e-03,1.286274720831461112e-02
6.610676653489334920e-03,6.034331806238533817e-03,-9.350056381476869877e-03,3.797850325144368645e-03,4.763674458993227834e-03,1.948328517429111575e-02,-3.133976203667955540e-02
3.613755596022917831e-03,-5.223484862047868445e-03,7.903061781231703747e-03,1.484510688563846041e-02,2.870552065839609979e-02,-2.137095210497961736e-02,-2.847300795426174758e-02
-2.465929354935950373e-04,-1.148106879791377551e-02,1.338843258594196554e-02,4.595896813622416671e-02,-1.638716265666587471e-02,-5.758303517438146790e-04,-3.065674598034907536e-02
2.992553639051170715e-03,-8.664796718622657691e-04,1.913071532360607115e-03,-3.855975912549144523e-03,5.075138948456896226e-03,2.700768583802584276e-04,-5.528385393837503652e-03
6.291458006563996515e-03,-3.178126008371703372e-03,-3.068684910296058817e-04,-1.337586838327784779e-02,1.568020343550438275e-02,9.105887298207323427e-03,-1.421668585759660111e-02
1.950458913354395640e-02,-6.280554881984440167e-03,-1.491366466989030477e-02,9.938607680638274385e-04,1.279688201344274245e-02,-2.510577519170788946e-02,1.300466282853208339e-02
-7.054679150325040074e-03,-1.098142742664155388e-02,-7.120619557744545768e-03,1.765865006889045380e-02,2.391311190504095616e-02,-2.473297006874279960e-02,8.317934229522575343e-03
3.872257054134004180e-03,-1.187192409029623127e-02,-9.934701383814650844e-03,1.926836045674748532e-02,2.645895039670746740e-02,-4.342358810923300366e-02,1.563064567575499914e-02
-5.807725249141460627e-03,-3.566846071940498950e-03,-1.402475213020843922e-02,3.127023952620169855e-02,4.058087385714745886e-03,-1.783135332333167164e-02,5.902349862705515843e-03
3.473219395968744818e-03,9.727921974179978490e-03,-2.677048334920823294e-03,1.535967678660532520e-02,2.058441759787552527e-04,-1.913940997307161593e-02,-6.950204024740361426e-03
-2.245931420182904065e-02,2.021000346215631391e-02,2.180437151675091237e-03,-1.518161805511497077e-02,5.544438790493295445e-03,1.408262889909713857e-02,-4.376576046477872843e-03
-6.810109457268120892e-04,2.706987661689484737e-02,-3.062070779879293159e-03,-2.641710758811822296e-02,2.256449677849861959e-02,-3.297780000637297554e-04,-1.914440608160536753e-02
1.192625488346351096e-03,5.489410467395865190e-03,6.641991963479080240e-03,-3.485473703976799380e-03,1.807171481508631355e-02,-4.375156914323536858e-03,-2.353511211600737771e-02
-1.643519555869007651e-02,2.008823277707316203e-03,9.983397048324432754e-03,1.601758502742842583e-03,-2.010569207464943386e-02,2.399506707369116268e-02,-1.048158269126273122e-03
-8.372178743115696667e-03,1.261331233231304493e-02,-7.038040769737106267e-03,3.090631958017438577e-02,-4.646336718797038426e-03,-2.259748667643670522e-02,-8.655890044008276258e-04
-1.256721282072379917e-02,1.117686738714003883e-02,-1.198143858734290572e-02,2.108521468067017443e-02,-1.383404669028522049e-02,-1.433078014564533563e-02,2.045139617618695060e-02
-2.355920854844753207e-02,5.864862667211644641e-03,-1.190174591821739278e-02,3.739413980923457503e-02,-2.821440126177332877e-02,1.802348345384023262e-02,2.392869798151665579e-03
-4.875278751862322651e-03,3.514984823271106312e-03,-1.186803205873666021e-02,5.175485921210095036e-04,-2.531490469545059560e-02,2.920345556512643492e-02,8.822226525531060362e-03
-1.722860110921153529e-02,8.767046229862931334e-03,-1.262687610683742995e-02,8.181798307857606270e-03,-1.310977708695688394e-02,1.104792549109854562e-02,1.496848427418673126e-02
-2.227789880207873413e-02,1.360120296223834430e-02,-1.318651862440629527e-02,3.438044744879791004e-03,-7.137627411063868395e-03,3.949803073954574750e-02,-1.393523360911494077e-02
-1.742937290999883523e-02,2.240944890705197715e-02,-1.175383236551894722e-02,-1.172678366569627215e-03,1.799894468901375860e-03,7.472598893147109657e-03,-1.326058627013068170e-03
2.622363049702590519e-03,1.859298841132131855e-02,-8.104311765719096963e-03,1.218468124430770183e-02,-1.270141831391657233e-02,1.075658260564815727e-02,-2.335088523134408456e-02
1.335444970412953507e-02,1.785244179512779014e-02,-4.153860604546059584e-03,6.970018516386371731e-03,1.932234837597483952e-04,-1.799983218340827848e-02,-1.621644071144914476e-02
1.062457954423343294e-02,1.257359402328032602e-02,3.663927684693434419e-04,2.062641134188474695e-02,-1.045453204802469609e-02,-1.099298803312514020e-02,-2.274345759671800998e-02
-9.943122206557453852e-03,1.833736403905360593e-02,6.908306428046881269e-03,-2.491864472185822965e-02,-8.436810498160312796e-03,5.723031367007750531e-03,1.232987559246788954e-02
1.020869538679461050e-02,1.362117862613840095e-02,-8.395659798046437722e-03,-1.119129572653454474e-02,-1.922359724551892662e-02,5.863456118292208023e-03,9.117222638874628027e-03
5.144296272266271619e-03,1.877542663238924775e-03,1.308850295813140116e-03,6.542797302155141555e-03,-1.926715421000169473e-02,4.301776548068294084e-03,9.189112845987703162e-05
-1.455428007404619382e-02,3.732597586352499799e-03,-1.086026426751347069e-03,2.410517988354581725e-02,-1.340997749239086594e-02,-8.710616270790911414e-03,9.923122794080953268e-03
-7.736703858836710239e-03,1.375254578813551835e-02,-2.060363148775569073e-02,1.001037782182875001e-02,1.338114509084474546e-02,-3.181019037774734069e-03,-5.622714316441976799e-03
-7.305261711720583036e-03,1.564690193695642342e-02,-1.516015909259484269e-02,-1.230999017440630346e-02,1.681011703481533753e-02,1.513501674038749550e-02,-1.281662473343742580e-02
-1.454792660030777970e-03,-4.266632565344110305e-03,-9.561946539744211118e-03,-3.159981075144013135e-02,3.877219042136509364e-02,3.825581633223565370e-02,-3.014482423704153286e-02
-1.544812269934575828e-02,-3.568574983470902511e-03,-3.098522389736072229e-03,-1.384248198430046602e-02,3.089771298141777423e-02,9.579706913587456019e-03,-4.519717838152044649e-03
-1.596729937779424457e-02,-3.729365236928834301e-03,-2.739021350081610739e-03,1.763262998601281689e-02,-6.270075067352178476e-03,3.618749615355906953e-03,7.454381430788117359e-03
-1.428647691136533671e-02,-1.162450955525922043e-03,-3.170770762745400966e-03,9.528782914522677602e-03,-1.015322951218284794e-02,5.754820621275951592e-03,1.348932460602083987e-02
-7.203774180943240887e-03,1.382524213694246535e-03,-4.114754748619502307e-03,-8.309653279063638695e-03,2.736797092355271535e-02,-2.247763260813448807e-02,1.335531967951386276e-02
-7.654328225230110994e-04,1.260401882632673515e-03,-5.254336691241322070e-03,-2.482142940569252720e-02,5.487850421273077900e-03,2.008372429226149697e-02,4.009222323289552033e-03
1.555228654675182200e-03,-8.276590399819784604e-04,-2.158684798780273386e-03,-1.247488013819575935e-02,1.110185752921449137e-02,-1.736806305428568314e-02,2.017220084735408051e-02
4.262410243664671236e-03,-1.066266365511612038e-03,3.115808577839696632e-04,-9.475387823353735930e-03,2.328516930347475800e-03,3.300974377057173167e-03,3.381717800120214020e-04
3.515127618382411518e-03,-1.430653074691851274e-03,4.379532594308696222e-04,3.066065368215084921e-03,1.164053871955266807e-02,-3.016941418309329603e-02,1.294038229220421422e-02
2.915988851966129156e-03,5.337224594790907720e-04,6.214397680985292221e-04,-4.087081114775808870e-03,2.877317118055594189e-02,-3.318656067064580661e-02,4.429319525321918916e-03
2.544284144522841566e-03,1.164471177513486588e-03,-1.457131200030972219e-03,-1.973923777940313901e-02,-2.108398574348099939e-03,-1.523589133339591298e-02,3.483190356514187513e-02
2.632788704747904187e-03,1.049738474183755993e-03,-2.424395080847356783e-03,-3.020116658601171636e-02,5.568520346106099056e-03,-5.064779398787271590e-03,2.843929354060862127e-02
3.607462259370383759e-03,1.294846887464781455e-03,-1.528611218586632334e-03,-2.842616268126833476e-02,7.908961601747938747e-03,-1.407700610866458035e-02,3.122050925993640272e-02
3.763320742351398355e-03,3.669158064725651543e-03,8.229985021816902443e-04,-2.610513444777674830e-02,2.217191364034130398e-03,-1.254830566928316453e-02,2.818077144376700954e-02
3.108071168708403161e-03,2.255718899184025721e-03,2.256699818360447581e-03,-4.766865789994594385e-03,8.345218883717255356e-03,-2.673890498429459806e-02,1.554006200431917208e-02
4.154228672390478626e-03,9.857753744757502545e-04,3.523695265490196966e-03,-1.436627720016741758e-02,2.986446775164117596e-03,-7.679395679127848894e-03,1.039552679177475902e-02
4.423974200897739205e-03,1.133254442711935893e-03,5.855899406420913764e-03,-3.933348725580733396e-02,-2.053259806464743931e-03,-1.214518067892069592e-02,4.211879969116223005e-02
4.272969392468147116e-03,1.347294208464868163e-03,5.380800368547421567e-03,-2.111247687112172838e-02,-9.396746884298977018e-03,-2.067418444098999449e-04,1.971490163035016091e-02
-3.246573073605282453e-03,3.677196343246616223e-03,-3.571797687296151777e-04,-8.797294752186676434e-03,-1.345076289001866966e-02,2.840031858297094314e-02,-6.225704441677287933e-03
1.605569311444597592e-03,3.500817373937116766e-03,-2.395111577206239951e-03,-2.818665172046249875e-02,-3.511974831720409557e-02,5.469408523479781653e-02,5.901039694693114949e-03
6.746510432694677664e-03,1.239515864704821222e-05,-3.675358306505401886e-03,1.905720246838420173e-02,-2.113827385024751732e-02,-2.307839902812018618e-03,1.305363999839067798e-03
2.828689776792873197e-03,6.511675668228466022e-04,7.846304682874078590e-03,6.776345463808928788e-04,-3.134336608869608964e-03,-1.264215294807390436e-02,3.772692984072811753e-03
-5.426209216845388631e-04,3.101065534565619814e-04,6.328985864499765907e-04,-2.038996032096446892e-02,-4.006886975865443443e-03,2.364636574071892275e-02,3.500973378888832740e-04
-2.082783311752463978e-02,-1.812813807478238018e-02,1.372823281673524881e-02,2.652603800924952307e-02,9.591656832029145938e-04,-1.772133472429622547e-02,1.546386940741552828e-02
9.278230401830111010e-03,-6.265367875219857510e-03,1.456725554682552007e-02,1.232899883511897644e-02,-4.962359700023276712e-03,-2.157522311918349395e-02,-3.371534089348008842e-03
2.866766544392587365e-02,3.402993709717468118e-02,-3.004784602942492042e-02,-3.008206614174943963e-02,-1.313627372698201144e-02,1.235051911763392421e-02,-1.781935760578137696e-03
6.757777446367466828e-03,8.399030869736489463e-03,-1.455279166650752000e-02,-6.696647826987250397e-03,-5.060860102071578111e-03,5.636006504610726296e-03,5.517484774851645971e-03
7.644397351607833818e-03,7.418370430572580713e-03,2.386862297580710085e-02,-4.796762750069540060e-02,2.737021641041791770e-03,1.492530135392259975e-02,-8.626086252256436049e-03
-2.898648810699964821e-03,9.628173061233917529e-03,3.725542264487950034e-02,8.887503576174286823e-03,-6.718651482472762226e-03,-1.910270457324863072e-02,-2.705109441586634952e-02
-6.369500245117681522e-03,-1.071693718338043166e-02,1.874825439987067369e-02,8.854798268023069546e-03,-1.245862541809568229e-02,1.080728669095306488e-02,-8.865276512253047331e-03
-3.867534948370828646e-04,-2.000815846633349424e-02,-1.755526009240997382e-03,1.064907702238588640e-02,-2.780962176144351206e-02,2.224222989726509780e-02,1.706875281220396334e-02
4.078679411092349383e-03,-9.655209589406356721e-03,-4.043821826575085899e-04,-2.538485557534983072e-03,-7.913467776582375213e-03,1.051749734525632071e-02,5.915368349832567270e-03
-8.042135054010636844e-03,-5.429347074284216965e-03,2.474538419288247002e-03,3.552609793460197261e-03,-8.480825954841451561e-03,1.828111091234992450e-02,-2.355951041962056885e-03
-6.016156278879918225e-03,-2.481811354159067957e-03,1.439028575973928976e-02,1.306360609277327361e-02,9.325938348377204451e-03,-2.148270161464324243e-02,-6.799160953207592124e-03
6.355217399395395039e-03,1.624701997846420606e-03,3.734830282005519812e-03,-1.078377327465921721e-02,4.609941030010855992e-03,1.629376360298792625e-02,-2.183468103758690396e-02
9.302969164153114187e-03,-1.780628760331537993e-03,1.922047359695326771e-03,7.255769895909145069e-03,2.004706733509328126e-02,-2.511102292301603880e-02,-1.163620207150329287e-02
-1.643973397514636404e-03,-5.949104860972221666e-03,1.125732677681830392e-02,2.486623987766640662e-02,-6.603871932027044825e-03,1.047065435137481057e-02,-3.239727081534566483e-02
-2.113904800747606460e-03,1.831904556899923721e-04,-2.687971818988593459e-03,1.536460845756376474e-02,2.528451269562579859e-02,-1.975925825558578694e-02,-1.627117673355765737e-02
-8.170871920040172209e-03,-4.487920582024627555e-03,1.147513377313435189e-02,-3.131249795876451993e-03,-2.090066861067014364e-03,-6.095626168215088165e-04,7.014538002695381094e-03
8.741207794574034143e-03,7.299791035716145671e-04,-1.303649394147589693e-02,-9.212906086668886567e-04,1.537455540272590626e-03,-1.626701790606878070e-02,1.921616001779331839e-02
-1.374539990770566426e-02,-5.159925020331201234e-03,-1.038758887533609149e-02,1.944410108053666250e-02,-3.084590775579191049e-03,-5.872535552760742468e-03,1.880593905117616468e-02
-1.205648317216100399e-02,-1.054724359079382834e-02,-1.659295926974589837e-03,3.035174026745610099e-02,-5.275490892172898794e-03,-1.893607016003266696e-02,1.812284347467881321e-02
-1.731082875866262654e-03,-8.116604602515160513e-03,-9.828435473529959984e-03,2.992929181328454410e-02,-1.333395072284757760e-02,-7.074503853768645406e-03,1.015528571524306617e-02
-7.347089031559820953e-03,1.293493846391580507e-02,6.660475501757621465e-03,1.183855274599519055e-03,2.588896535815175034e-03,-9.347170450107591955e-03,-6.673906294420732001e-03
-2.843964282589362194e-02,9.801071750467158644e-03,9.822141346334202147e-03,-1.326095395188141637e-02,3.428380383477925425e-02,-2.455106096279732319e-03,-9.751314057525805809e-03
-2.022272675202130623e-02,2.009638807878924224e-02,8.553867830373327111e-03,-1.207184841128542026e-02,4.000113642102745559e-03,1.030794716005365742e-02,-1.066374154801233431e-02
2.572905565976379375e-03,5.356463336282600400e-03,1.498970358150611892e-03,-1.862195042467320759e-03,-8.983574152918149744e-03,1.053177616309141848e-02,-9.114346228115535742e-03
2.387088728987203385e-04,-4.644403332638129787e-03,3.243004950403044311e-03,2.281477722509996087e-02,-1.488554927584382834e-02,-1.110180163245240437e-02,4.335263192532540916e-03
-7.228680027234118954e-03,2.534577471926588617e-03,-5.527228919571542526e-03,4.095711622938525559e-02,5.403740005928379074e-03,-4.743588314279641865e-02,1.129635838236168685e-02
-6.141468753855736269e-03,4.239050366314877152e-03,-6.162699282577497641e-03,5.127762184681189384e-02,-2.582363648600300224e-02,-2.346091952365384620e-02,6.072051832963362532e-03
-6.275764074933822684e-03,-2.275855944546694570e-03,-2.331213072953749327e-02,4.770310668498307233e-02,-1.765011190486030085e-02,-7.562145201846197894e-03,9.372901170741415253e-03
-2.331633947556665133e-03,-4.609450936901520954e-03,-1.311923230072688414e-02,1.573757841271677255e-02,-7.577555949371302633e-03,2.046538649792417012e-03,9.853756072047189368e-03
-4.231657596403203513e-03,1.078649871814641413e-03,-1.891353806810954635e-02,4.582132364843830713e-02,-1.915458188816963198e-02,-1.606887061413563023e-02,1.146867464656500107e-02
-2.845409917572289810e-02,1.145497938328345067e-02,-2.427840681422996708e-02,6.328115965459388259e-02,-2.289614736059374100e-02,1.133719044768063088e-02,-1.044467613501113591e-02
-1.569438037617511272e-02,6.220369221282349113e-03,-2.413196145774745144e-02,4.113174773713320492e-02,-7.223639617187446564e-03,6.277675326640224339e-03,-6.579810833945851783e-03
-1.210976423383638631e-02,2.718362030785403255e-02,-1.479670102607140783e-02,2.848060518348246792e-02,-3.555931325328833686e-02,1.570093257940669007e-02,-8.899379557547102901e-03
-1.608554231480923205e-02,1.824983738377728912e-02,-1.455902110622286959e-03,4.623522273071826311e-02,-9.372034007424265636e-03,-4.253352999779896892e-02,4.961948316159103985e-03
-3.642390634231953105e-03,2.306593363827519338e-02,1.375857360129730325e-02,-3.854552446242286157e-02,1.257451362588736347e-02,3.732384666416139335e-03,-1.094349043522120299e-02
1.293737947669371460e-03,2.063373124696767785e-02,-1.220578386942678013e-02,-2.624528178833442950e-03,-9.144326728432416312e-03,-3.887310729554693291e-03,5.934480311610327609e-03
3.519559754426408726e-03,7.010591763784099380e-03,-1.300331749348768856e-02,1.486021177166427058e-02,-1.250916385748960559e-02,-1.362764020833825800e-02,1.374975826944084371e-02
-1.259042493387197044e-02,6.209896226316164716e-04,-1.944785995321838060e-03,1.340228766378534844e-02,2.207645493018307870e-03,-1.346827542914977652e-02,1.177256357890827700e-02
-2.427634963095720057e-03,1.305019356027331372e-02,-1.281922535507624104e-02,-2.627714068729254671e-02,2.295616672759280899e-03,1.740548050916168599e-02,8.772710263270226336e-03
-7.253286722710711870e-03,1.868177861580810548e-02,-1.710215321973368799e-02,-1.737507701504968291e-02,9.828849767271524707e-03,6.370041261474682949e-03,6.849847312939799128e-03
-2.879898500045473438e-03,3.009203940147316125e-03,-1.400456247260357598e-02,-2.294071694453621649e-02,2.807715290368124547e-02,3.268944668466344100e-02,-2.395062561130673756e-02
-9.774617114121376613e-03,-4.920952001979784531e-03,-6.280422935962403849e-03,-1.923289748616785130e-02,3.168063448369535379e-02,2.338069776054562884e-02,-1.485244270600965741e-02
-1.546152085413863252e-02,-5.917623052092702007e-03,-2.663866302700205590e-03,2.972380704693331627e-03,-2.261805555329474225e-03,2.285083467322500395e-02,4.816003863427102075e-04
-1.908558729986414501e-02,-4.569731709909696619e-03,-2.640353843197299540e-03,2.543378691915160542e-02,-4.613996252958183462e-03,1.224195232645192664e-02,-6.766070139674194850e-03
-9.481358552894352323e-03,1.138059695077412586e-03,-2.136672397656050933e-03,-7.622956490265487238e-04,4.044214527963476725e-03,-9.023617628219923401e-03,1.622167000475599127e-02
-2.270020510873529875e-03,3.849892679779629880e-03,-2.803421422873174362e-03,-4.283333291431710987e-02,1.940256268782784496e-02,4.686319711842672903e-03,1.996799976861375614e-02
2.251407498111284832e-03,1.765674628550994302e-03,-3.593419165162728152e-03,1.090160398637662984e-03,-2.726553762803738410e-04,1.082329130594353187e-03,-2.323497114451180626e-03
-5.180702686457869634e-04,-1.271376717050261675e-03,-1.100933151303317651e-03,-2.744887086378403236e-03,-3.714272074537330534e-03,-1.714438264128341797e-03,1.106397756204347514e-02
4.508106776140896783e-03,1.433627042592472878e-04,2.164422234243287575e-03,1.395823741139330144e-02,-5.541755018413993192e-03,-1.971958814431631207e-02,4.487214036693649641e-03
3.008996406041498494e-03,1.617917185315595246e-04,2.141588222047392451e-03,1.099593680075209527e-03,9.261194286685136071e-03,-4.887305306005140272e-03,-1.078585900737565398e-02
2.737477819510675345e-03,1.808285576176388255e-03,1.009186942374876319e-04,-8.151070875714280448e-03,2.223720902287722179e-02,-1.967839006754441844e-02,9.455698304568679316e-04
2.594378605385920262e-03,2.565290636216944163e-03,-4.129982456725822450e-04,-3.585339689420004371e-04,-1.042794091387044646e-02,-2.604056939483017502e-02,3.208037328171239183e-02
2.799664538830127971e-03,2.330337614946261481e-03,-1.096251976664237024e-03,-2.738108055300390864e-02,5.406750875034454715e-03,-4.091869443286535318e-02,5.885927393372276245e-02
3.564896078657494270e-03,1.881610916191976375e-03,-8.488586274326025876e-04,-3.818393507689535338e-02,5.394950326141143525e-03,-1.317639571072773234e-02,4.136773209406503088e-02
3.661661687729377002e-03,2.558739859717949153e-03,-1.022886064034443090e-03,-1.735944135012624026e-02,9.789598730895868184e-03,-2.487443244902656087e-02,2.724675958484396726e-02
3.513253443366136375e-03,2.398761336622391108e-03,2.368187978830025176e-03,-9.344723890424283877e-03,5.601061112591784914e-03,-1.178280125246178138e-02,7.246261271475754571e-03
3.071233718378551993e-03,2.651942467914661242e-04,1.693260737953648960e-03,2.575836571006311429e-03,2.092907909267554233e-03,-9.711890474450085922e-03,1.345729105252272694e-05
3.972231132784271972e-03,1.192815938289164312e-03,4.758203899722293975e-03,-1.948985343048574917e-02,-3.869248033350794827e-03,-6.977798222000665580e-03,2.041364871504148387e-02
4.175596455022663814e-03,8.701392534305429612e-04,5.886747556179738015e-03,-2.035023733435506813e-02,-5.918480678075260489e-04,4.404758104983128031e-03,5.604844032546497934e-03
-3.532591235521741722e-03,1.537183545231862389e-03,1.842132994315837363e-03,-4.132021020893406407e-03,-2.009287335713182132e-02,2.718092182475204469e-02,-2.802752750752774986e-03
-4.677450997156465569e-03,2.757018582538382952e-03,-3.671000492839796101e-03,-1.274003045025211278e-02,-3.034507945353792646e-02,5.078371841955296728e-02,-2.107175608305107001e-03
5.636532966920708952e-03,1.288086937817769975e-03,-6.202629084793367942e-03,1.311044684913302040e-02,-6.263391918803213297e-03,-6.655961976046193690e-03,-9.130837742287472745e-04
7.824213660752322649e-03,-5.126591060797885610e-04,-2.709868118343869252e-03,-2.756814113706096414e-03,-2.342732717245893902e-03,-3.793768620810107194e-03,4.291629015433431373e-03
1.195825514908510330e-03,3.208108461625868921e-03,9.759266902347201247e-03,-4.151366023097308004e-03,-1.603091626399723172e-03,-1.099343938446310960e-02,2.584696155078599743e-03
-9.707927527290398720e-03,-5.533947957941369455e-03,3.042137023132281560e-03,1.530725967343446979e-02,-1.961363443567813811e-03,-1.578462138044914309e-02,1.463846361268197546e-02
-1.533729646525491472e-02,-9.387234460936725797e-03,2.016518972542123353e-02,1.974694853903469910e-02,-6.269214711050404704e-03,-5.761545090814510287e-03,-3.156847536399367150e-03
3.331924284068619319e-02,7.086341843235863204e-04,-2.491493161756709162e-03,-2.259589848075155283e-02,-7.437535122670101834e-03,1.194634154984085782e-02,-1.344929180967221333e-02
2.906538499856248584e-02,1.735057750361674797e-02,-3.261736217095979190e-02,4.926297298273418605e-04,-4.414552164988596976e-03,-1.262512147375198339e-02,2.748443577693825655e-03
2.038492378732220320e-02,-5.974553615449396810e-03,-8.543969529252022632e-03,-6.054802598084825342e-03,5.918937554421475726e-03,-1.106606143597520069e-02,5.335525837017796903e-03
2.070812512360372531e-02,4.633028206089837876e-03,3.838082140486596266e-02,-4.320449162623696965e-02,2.343694973381278690e-03,4.806130295887067055e-03,-2.766730837759091149e-02
2.361066881168579715e-03,6.016789923152120537e-03,2.530066814104004955e-02,1.507231258425447556e-02,-2.296809219430956742e-02,1.096330294849451846e-02,-3.674604828380029914e-02
-9.281515975379283148e-03,-8.906470719119525745e-03,1.055324468041354824e-02,3.549951480938886433e-02,-3.058788733420494260e-02,2.195080537067846740e-02,-1.922769083177723257e-02
-9.035298131450327820e-04,-9.794874385135441189e-03,5.169031136236278481e-03,6.365106304026021088e-03,1.254838514734569858e-02,-1.086368391751068793e-02,-2.520434471816852297e-03
-3.801387208839905694e-03,-6.984631526351306116e-03,9.063309478496584665e-04,1.191125584591974824e-02,-4.725190771470893884e-03,1.974894664283695367e-02,-1.705532392994430629e-02
-1.024528545427754768e-02,-3.550829792005733704e-03,1.163638849580640733e-02,1.116066167847079571e-02,-1.385764065756000521e-03,1.635448350403930634e-02,-2.396965436627724114e-02
-1.643798642611638298e-03,-2.105113476589441125e-03,1.685732014941343504e-02,-1.555194788731568273e-02,2.574310149760533628e-03,7.722122233813173350e-03,-7.852892526470447304e-03
-1.224360299247332718e-03,-3.555168342260413305e-04,1.571055313704842332e-02,-1.246934358726995394e-02,1.323366306155948635e-02,2.158926564080002140e-03,-1.705392204194452338e-02
-1.004163273046071621e-02,-8.614279500970652625e-04,1.566941840450938525e-02,-1.490056122141759573e-02,-1.666151365292258338e-02,2.411826770139973916e-02,2.677449448988826735e-03
-9.102117690125085831e-04,-8.564844831009957304e-03,3.706444453915834318e-03,2.238599903854675277e-02,1.667140301431402002e-02,-2.480447944519787243e-02,-8.484310461556310648e-03
-1.674277160757995861e-02,-1.345560779358276858e-02,1.595864696075369529e-02,3.784422318789509160e-02,-1.760984028585273198e-02,1.029538586039135083e-02,-1.629003632202459875e-02
-2.734436707571269291e-04,-2.613674250747316432e-03,-6.963645490053589800e-03,-7.489368770725480118e-04,1.830245218987777353e-02,1.637740176604584805e-02,-2.408015366729307841e-02
-1.769642074181150548e-02,-3.362481836178591709e-03,-5.240474717264314956e-03,3.368523703637786495e-03,-1.008881790290089807e-02,3.056599158820808362e-02,2.453679906309463952e-03
-2.680929727408043126e-02,-5.534848960229531503e-03,9.231737333639137427e-03,-3.456586775471164486e-03,1.257756380713119515e-02,1.877285859591071738e-03,1.211414600941969170e-02
-9.473088936187406411e-03,-1.502717063623604937e-02,-4.915415092392558249e-03,5.887932588671429546e-02,-6.061177136981630957e-03,-3.098722166241131559e-02,7.584747577494700688e-03
-2.099144124024771019e-02,1.152963327210535828e-02,1.525154734480442531e-02,1.689428893478589142e-02,-1.832823995157862457e-02,-5.356404948047978169e-03,1.000616588178634666e-03
-2.670962991177063331e-02,7.543663371944580968e-03,1.496375711569594702e-02,-3.539249034622898166e-02,-8.300153347195459233e-03,4.456665805836145661e-02,3.328195059193270449e-03
-2.106824482537567392e-02,1.058369260451452569e-02,1.537770130627041584e-02,2.128161647902872960e-02,-3.279519905753142117e-02,1.177236619459762733e-02,-5.151932701504271031e-03
1.023162458113208162e-02,-5.378669558717415200e-03,6.110471424602196416e-03,5.809938582673761405e-03,-3.834397593380690916e-02,2.725289543971454523e-02,-5.682284535598304542e-03
1.741005500438193992e-02,-5.072042864541394767e-03,1.421785003523845124e-03,-1.782827938692054318e-02,-1.649242183461702496e-02,2.289123316420986834e-02,-2.330329086036730599e-03
2.317035333415813896e-03,-1.144579745588455988e-02,-1.210790845559232137e-02,2.528166134283181196e-02,1.061023947142935089e-02,-1.461918413027398292e-02,-3.604610592617643361e-05
-4.418606126374005280e-03,-1.745237012641364044e-03,-1.012262343233904377e-02,2.754670777162949655e-02,6.670378070605243251e-03,-1.982064735439471176e-02,1.890028083514477862e-03
-9.795205969230415949e-03,-4.529621546325537929e-03,-7.601681884881529919e-03,1.850852019361298381e-02,-3.709048321550016160e-03,-8.061178755416903083e-03,1.518821628379146346e-02
3.641153362438165255e-03,4.959535096358764876e-03,-1.847566398050416031e-02,2.828752637995031460e-02,-4.825219913689934859e-02,9.931899014034843709e-03,1.990774926462146946e-02
-1.445789975306228416e-02,6.287028544893802015e-03,-1.860513035629402651e-02,4.427901892939286460e-02,-4.207555419529063201e-02,2.615595872404622227e-02,-1.583421893686051164e-03
-2.181460965211016317e-02,1.701281466677197988e-03,-2.245491952060185703e-02,8.322875654938084733e-02,-4.685432660522286658e-02,9.441034170749035628e-03,-3.247216408872482998e-03
-1.900161200689413216e-02,8.956768666568479600e-03,-1.593139892872327476e-02,8.530609412851379580e-02,-1.850245421684086622e-02,-4.277958367788299576e-02,1.952186035259293167e-03
-2.812325029092022088e-02,3.137624252427881344e-02,1.055465009909116285e-03,-1.648295237451581630e-02,4.578223657056223854e-03,1.567940849019715081e-03,6.028330625172073978e-03
-9.333750015529928288e-04,3.651871554888950350e-02,7.442300949750094326e-03,-3.850854216191451629e-02,-7.665078262344533170e-05,7.743645016035730425e-03,-1.218609356858435348e-02
-8.370709145866891965e-03,2.170784776851194392e-02,3.301256509343808475e-04,2.344793221957415085e-03,-1.038704487600394452e-02,-7.244259816537279052e-03,1.619247197004544496e-03
-8.814123768375309439e-04,-1.096038349254678176e-02,-2.204527753009093149e-02,5.398434611338464445e-02,-7.847526550286785391e-03,-4.352168071260292814e-03,-7.897578092362434257e-03
-7.247095432427271347e-03,-3.389716783127939316e-03,-2.195152290003701129e-02,5.606259001381308504e-02,-2.139295738181280684e-04,-1.413032699956560424e-02,-9.129998324837287557e-03
6.607680751730018835e-03,1.496694741951044676e-02,-2.134276012836358941e-02,-2.452224339442546711e-02,1.637840035119526860e-02,3.177240983122840527e-03,4.734734017230503474e-03
-3.700244721007472579e-03,1.549084827032399386e-02,-2.244714089033020277e-02,1.329713870625049560e-02,-1.277070991493327312e-02,2.679293202211668889e-02,-1.666282347242026632e-02
-8.191521156747524901e-03,1.156851546244083359e-02,-1.382473530770949102e-02,-3.420208553397167256e-02,1.309024262558489485e-02,5.071136974523023783e-02,-1.915178583482718064e-02
-2.710068723094611470e-03,-3.392044874812977576e-03,-1.103368847797779433e-02,-2.421705208150717534e-02,3.261073033777116270e-02,3.899948361212313835e-02,-3.025735979250147173e-02
-1.436373688605852364e-02,-7.024146869449679996e-03,-5.245278633907288560e-03,1.216453071432207350e-02,1.554173934434344845e-02,4.316711860270890100e-03,-5.389819529520945007e-03
-2.089485642305094482e-02,-5.870839074458763032e-03,-4.000668464254923326e-03,3.450232214915301132e-02,5.751949555205471349e-04,-2.931821717727756821e-03,-1.379331425181109638e-03
-1.290177134359532865e-02,-1.479633872977537427e-03,-2.372584811705368349e-03,6.863669025153409931e-03,1.246822490732926378e-02,7.827125458285700069e-03,-1.040502936249009490e-02
-4.280561515991782723e-03,2.396968020507516881e-03,-3.990571298104884576e-03,-2.031260199819916873e-02,1.929831373769740760e-03,8.312312102853287171e-03,1.594462331516533632e-02
2.223587972037924503e-03,3.273267019593965616e-03,-3.333578676252155638e-03,-2.852182834692066835e-02,2.467522789156336924e-02,-8.332929694794741909e-03,1.001625383477234774e-02
6.268019054364385714e-04,-4.636678397972512889e-04,-1.250572052976188031e-03,2.237416512292571616e-02,2.466344884996811600e-03,-1.590495153122629263e-02,-7.848120489359226848e-03
4.349490324022261406e-03,1.440629429504361675e-03,3.266857733635479370e-03,-3.695308746145585868e-03,-1.509743859141914751e-03,-3.293066585058927048e-02,2.907874096871462116e-02
3.181416552808451637e-03,-6.558475379380115022e-04,3.119472907883584587e-03,4.709186460570606581e-03,7.495387189266501833e-03,-1.815952911270481140e-02,3.099135401136236248e-04
3.524806214223924310e-03,1.319772260100999205e-03,3.084366033745791595e-03,-3.682619221662765657e-03,-4.645128241591095324e-03,1.523890701066613800e-03,-1.125087745883455786e-03
2.141676196623858597e-03,1.318996374617601493e-03,9.131439368562023658e-04,-2.872764396177181429e-04,-9.512744199976337633e-03,9.118291421476987582e-03,-3.692087289980602177e-03
1.576453620753072004e-03,1.021451784408026206e-03,-8.013434922408098956e-04,1.353032974576405013e-02,9.337661609981276131e-03,-2.799121525907967770e-02,3.326661990414055310e-03
3.899868340280285197e-03,2.966948195157160465e-03,9.565838501440238355e-05,-2.830725202696808204e-02,7.640261936289455443e-03,-3.443171169433612011e-02,4.813622686456282829e-02
2.800062726043495587e-03,-1.103767215755978992e-04,-1.771551850296546396e-03,-2.283706390281308504e-03,3.348747260571366467e-04,-1.193298865907214436e-02,1.296368616912499556e-02
3.760139695750621628e-03,1.805801573418981025e-03,-2.214898744852423530e-03,-1.340882221703684936e-02,1.202992109656400230e-02,-6.614886799878465923e-03,4.642745396034118899e-03
1.814446443877899221e-03,2.143235416458287839e-03,1.952922514851625473e-03,-1.526190905853190387e-02,6.196928782565843709e-03,-1.815327161080838858e-02,2.130764751158669562e-02
2.438158030409373969e-03,1.408390160976579755e-03,1.912977819744332043e-03,-9.895648833975310629e-03,8.827500755452187195e-03,-1.431297681192409722e-02,9.621598879316923397e-03
3.383396348686874833e-03,1.718017316437058049e-03,4.674210641066072446e-03,-2.592161140824780080e-02,2.715012505639283202e-03,5.605602233491647352e-03,7.825372362926923467e-03
3.371755130135207449e-03,4.849908175539354967e-04,4.827394584893370325e-03,-2.442368068574038778e-02,-7.134245938647932163e-04,5.385843184958153361e-03,1.106712156206451740e-02
1.581047034258727503e-03,1.439804086656023326e-03,3.287204561029972646e-03,-1.761547133241436747e-02,-2.063781757951791210e-02,1.182797728797658869e-02,2.011725594201101142e-02
-2.460367595946605628e-03,1.889569661952871221e-03,-3.303637260371370191e-03,1.382282768071564812e-02,-2.440333381864086965e-02,8.899811064302696291e-04,1.356496022586015961e-02
1.266355059764528437e-03,1.989832066475186005e-03,-6.912246796276283987e-03,1.645991353613835556e-02,-3.614423206532787688e-03,-4.475482062491060314e-03,-4.713948597077926954e-03
5.514331540001637944e-03,1.626991170690743598e-04,-6.034122168004065791e-03,-4.608385005984450347e-03,6.169226062598046414e-03,-1.205727507760834954e-02,1.085352553192811542e-02
7.093905479805111616e-03,1.931823085307303586e-03,8.722717214026256410e-03,-4.094590870052610201e-03,4.751038257153926588e-03,-2.045229460061304474e-02,2.047401434373118979e-03
-1.888663250957919003e-03,2.211435493724251463e-03,3.593218291464626325e-03,1.236452520586070469e-02,5.656198629185565929e-03,-2.620328985912035238e-02,4.266575489843159839e-03
-1.331508629871561850e-02,-1.396314345371925045e-02,1.133417784238519715e-02,2.036474977722958768e-02,-1.019410951138921551e-02,-1.306684045149038471e-02,1.884025209569970688e-02
-2.049614587885301153e-03,2.011052416755229003e-03,1.628801672948505114e-02,-6.933676486533289296e-04,-3.413744436684719875e-03,1.286465513235405438e-03,-1.342880798625239146e-02
3.953488842929308439e-02,4.915888342264616157e-03,-1.613382400765116242e-02,2.435264099325159127e-03,1.317446503511078212e-03,-1.974583734351801137e-02,-1.232382602322468733e-02
1.586471634296978545e-02,7.776471368007025105e-03,-1.838970414728667221e-02,2.125307365323896025e-02,-2.443029044319094175e-03,-2.101251258121052123e-02,-3.049015591399478840e-03
3.763789544820472094e-02,-1.250306531842006012e-02,4.345921980541038974e-03,-1.556714978085123324e-02,8.866025638466220682e-04,1.466061865353962806e-03,-1.626626675867508601e-02
4.749335894809214587e-02,-1.969335129007739396e-03,3.103933247671342502e-02,-5.845405590589577982e-02,-1.295197433052487114e-02,2.534737143306980273e-02,-3.050469749244706999e-02
1.272526142465479557e-02,1.258547005104645664e-02,9.758030045342421660e-03,2.556303088415124922e-02,-2.948058803691259999e-02,-5.557910445452095456e-03,-2.559329392283020768e-02
-7.523884757240886963e-03,-2.579210915010384051e-03,1.202700289325796083e-02,3.174588691935541912e-02,-7.693945491943081534e-03,-1.734129103280854581e-02,-8.634557615610521930e-03
-9.824308552118009644e-03,-4.858854248100037167e-03,2.989064491145194437e-03,-7.923886710167128006e-03,1.321785223120163291e-02,1.987063833894139181e-02,-1.347050555090306863e-02
-4.585362083512943901e-03,-6.644048289450310563e-04,6.756511582753026157e-03,-3.538303007672973823e-03,2.610625884111991007e-02,5.320914571908559945e-03,-2.939561507565047194e-02
-1.909729808987265312e-02,-3.665239892137183396e-03,1.466316740607760856e-02,2.278533285499401845e-02,-1.797346944738619379e-03,1.883755015506475422e-03,-1.477237034982960620e-02
-2.054655962577194364e-02,-2.340590991263491894e-03,1.880676598527227308e-02,-1.386968532511538045e-03,-2.300804009794140195e-02,2.826403839432132040e-02,2.113548678949001762e-04
-1.344911802107925242e-02,-4.551258745784720304e-03,1.540324917313361762e-02,-5.698151906018765478e-03,-1.203005694803011005e-02,2.380299994001722208e-02,-3.477663492237947646e-03
-7.843854555953995444e-03,-1.599408235605705164e-02,1.185029634238891558e-02,-6.931202377857164851e-03,1.710794921443974451e-02,-1.010732408682651733e-02,1.191821781986615071e-02
-2.552926359479491814e-02,-1.963654546916795626e-02,1.360157283625059929e-02,9.342797955959740094e-03,1.349331277344246321e-02,8.516788537511159676e-03,2.113369607990659154e-04
-1.722153521892295577e-02,-1.018345067847317015e-02,2.394501617493387149e-04,4.099100411809723093e-03,2.945468433074699063e-02,2.059800972004542478e-03,-8.448049978914420888e-03
-2.747893027426861340e-02,-5.094813883574847956e-03,7.883550945197112872e-03,2.695430867617983756e-02,-8.355298606514158927e-03,1.136432557865821834e-02,-5.273142435677564098e-03
-3.559911932253467803e-02,-1.445430266721793458e-03,9.818663472410451079e-03,8.182772978398472966e-03,-2.744199063635583899e-03,2.792314697524117192e-02,-6.135834773158018243e-03
-1.981937325661568827e-02,-8.642053114651970444e-03,1.078960635539024521e-02,1.174529567787032693e-02,-1.328642589298404363e-02,3.321601900652577932e-02,-1.400306877553460748e-02
-9.062792757840394675e-03,2.398352916055617075e-03,1.226399254558335240e-02,-1.095542243836256091e-02,-1.723718889224577430e-02,2.287218215614340508e-02,-2.791235293336632637e-04
-6.158465832697047719e-03,8.828954555877083915e-03,1.110157915388762864e-02,-1.701016662089538389e-02,5.087675633562256314e-03,3.544123738665528093e-04,-2.203989263601062367e-03
-9.068012926418657360e-03,5.980747370414042120e-03,1.195541593032814487e-02,-2.607911021032773002e-02,-1.230032881657147940e-03,3.522403667768377392e-03,1.491858904989303534e-02
1.688047814742742875e-02,-6.579602729324419801e-03,2.991679689507409086e-04,-3.834607220418168733e-02,-3.525602809314547312e-03,3.310030328107984449e-02,-1.828671654637292754e-03
1.543758636245589656e-02,-1.257995753640175039e-02,-6.955021390497534949e-03,-2.682797706349077105e-02,-1.319365249802475874e-02,4.457724844547065329e-02,-4.582263195115156068e-04
8.298998708085088966e-03,-6.765104680066883099e-03,-1.756572832887435057e-02,1.367209206912666994e-02,-2.067326450262244042e-02,3.006994266011576641e-02,-7.036935925763798325e-03
1.213740033343944924e-02,4.104513106321414193e-04,-1.529308465584683363e-02,2.121811367071853652e-02,-3.531033997377294297e-03,-1.280548646834145550e-02,-2.136360193224520494e-03
4.095499039252395446e-03,4.956407474365145602e-03,-1.344469468270433239e-02,3.172042117810866535e-02,-8.358112603922548262e-03,-1.960302537134434031e-02,6.335049662450159763e-04
-4.694930910483392610e-03,1.299736981838885315e-02,-7.650201602786136680e-03,4.793538970909579783e-02,-3.031325749862882196e-02,-2.340340899249660975e-02,5.129039476910431453e-03
-2.751511277022221022e-02,1.734802795130235831e-02,7.956263763289924795e-05,4.998445886668248517e-02,-3.159072483880597665e-02,-2.322367060964734137e-02,1.491745876305784063e-02
-1.890213439523906816e-02,1.438846436560164976e-02,-1.294281356993171560e-02,3.633806998028503432e-02,1.059102780687253042e-03,-2.519251058788204295e-02,5.251821426478833418e-03
-2.918575263403073300e-02,3.613448875053183046e-02,-3.294158010103132028e-03,-4.154121612818748206e-03,1.640659730820006809e-02,-1.518792022784339057e-02,-7.191335739359335563e-04
-1.208001241793472090e-02,4.472163866475269145e-02,4.439625037370096812e-04,-2.332273995663355221e-02,-8.062144971695274845e-03,1.270732208697904339e-03,-2.971436030924043317e-03
-2.074839706794517555e-02,2.652644776318711581e-02,-2.148627915102039893e-03,1.087267834357141458e-02,-2.235273238329003875e-02,7.410217355048069263e-03,4.404139045306645212e-04
2.959309684530066556e-03,-3.049435673936140567e-02,-2.474418799887579193e-02,7.417058791776240390e-02,-1.755704057226685773e-05,-9.365898665624407260e-03,-1.250789715785860512e-02
-1.978573994520929115e-03,-1.451524558089138488e-02,-3.269233945756391119e-02,4.166169523731526325e-02,1.893650683018450673e-02,1.522051216038003071e-02,-2.663255519490355036e-02
1.748010919629827339e-02,1.182642387754151946e-02,-2.114169803131921849e-02,-1.148482663785308291e-02,2.134829636722074264e-02,3.960135778359683283e-05,-1.806790612967189985e-02
8.108786378005378506e-03,8.938255348308415948e-03,-2.586543634462190600e-02,9.731709044094467506e-03,-1.192249283370603935e-03,2.400858204434085617e-03,-2.121923346849812278e-03
-6.736701938972671638e-03,1.131854344941826511e-02,-1.621579373077346176e-02,1.895067055897084766e-03,9.395094771449856788e-03,2.778327603142768942e-02,-2.743948563844663541e-02
-4.213867953789132356e-03,-5.548485480499057345e-04,-1.070389753783284985e-02,-1.384351755318325057e-02,1.312017615647098102e-02,4.493358856819697905e-02,-2.873763313181271553e-02
-1.298063869720569689e-02,-8.073352118007935674e-03,-8.963164029564532273e-03,4.685313748973586254e-03,1.170177199742129803e-02,3.514272334169937090e-02,-2.151265424331610596e-02
-1.999064534221040718e-02,-7.547063294766239751e-03,-6.759682061873213514e-03,3.871794393159819214e-02,1.438064242767389533e-02,-9.641917261683416104e-03,-9.159278398738921953e-03
-1.809777997888148415e-02,-4.979050452577056182e-03,-5.585557966953525605e-03,3.295681528320393988e-02,8.478293700133827243e-03,-1.897956755991738733e-03,-1.087476382893401428e-02
-5.190485934653605270e-03,8.229712893310934857e-05,-3.719086125701925784e-03,-1.491903818445894977e-03,1.602769600208695661e-02,2.994665476388681195e-03,-8.703182728607336202e-03
7.329546065414522258e-04,2.395153692328936927e-03,-4.484835282799870711e-03,-1.551042359254433886e-02,-2.569493927969154594e-03,-7.134326809379302158e-03,2.657097131382225516e-02
1.190884351193594298e-03,7.796366934313418619e-04,-1.982417219395911801e-03,-3.317928614303145615e-03,7.384389655576318809e-03,-1.462274198771048618e-02,1.056817712120827583e-02
2.144494017844263654e-03,9.747853319761059327e-04,1.617706407714330022e-04,2.792904016008105131e-02,-1.802049570455335759e-03,-3.929402002335446314e-02,9.885979443136830649e-03
3.405223281432206289e-03,2.405976536747005123e-03,5.024362976413545602e-03,-2.170039077168012948e-02,8.319634550168434478e-03,-2.415203843181727705e-02,2.669723185873619856e-02
2.959911655514337655e-03,1.029021892877516253e-03,2.905008874029758013e-03,-4.604724746570986599e-03,1.622706272102202724e-02,-1.969731937404212499e-02,1.181038977169474166e-03
2.852690230094546454e-03,2.856194280484058556e-03,2.651434446864784581e-03,-7.260349609947248234e-03,-8.438088003837562051e-03,-9.010146877095453685e-03,1.634826553343690994e-02
1.465006135576857934e-03,2.215241168223654362e-03,1.070749700040535485e-03,-2.341013856413597105e-02,-1.908378629882738139e-02,1.945303071962290256e-02,1.828989713949943224e-02
6.678409396932669410e-04,1.050089865544425339e-03,-5.041074961391168270e-04,-1.926800914886325419e-02,5.251582129429344277e-03,8.515222515389381588e-03,4.287381194945961982e-03
2.447917900423339163e-03,8.495722541426733131e-04,-7.976861329296443216e-04,-1.688930064611241996e-02,2.255352964568782884e-02,-1.970405456073800327e-02,1.154002153952619208e-02
2.424444295042994801e-03,2.130855697150897562e-06,-5.978007904326995475e-04,-1.338855970066468552e-02,2.039467001102219373e-02,-5.109273025590977367e-03,-3.725611645073971002e-03
2.860284244732497986e-03,2.122195093806572650e-03,-1.926865990328931319e-03,-1.640835556035301693e-02,5.910487773324382688e-03,-9.631390252381520287e-03,1.707364469120004405e-02
2.233358713667528243e-03,1.562180653974582856e-03,7.944549480428560184e-04,-1.137344119881584549e-02,5.816890690429657798e-03,-2.026459402343996213e-02,2.123115021614118900e-02
1.542841699368784764e-03,-4.792437334261881823e-04,1.601510912606038482e-03,-6.738758937821981605e-03,8.562296772502798331e-03,-1.810237603393047290e-02,1.361372932070102106e-02
2.177622902008062144e-03,2.639064563001157406e-03,4.266869756844775610e-03,-2.514977475634048304e-02,3.870398665909995269e-03,1.240904595860990549e-02,-2.132270900334641063e-04
3.034018393620946906e-03,8.178037109151175491e-04,4.366677777462198151e-03,-1.371372829440507465e-02,2.089239470835553818e-03,1.681554964470074326e-02,-1.340956070312954163e-02
3.340181608247289134e-03,-6.267019009746367100e-05,1.888650299952366295e-03,-1.651771339033252309e-02,-2.321430029615700191e-02,6.832762712916570433e-03,2.773308925547071646e-02
1.743185595895962092e-03,-2.591621299455395275e-04,-8.785825543200469342e-04,7.905630911894180254e-03,-2.075046444507664886e-02,-5.535986081172350644e-03,1.777537870272444601e-02
-1.240952443253007785e-04,9.029938361823257927e-04,-7.130405361325177493e-03,2.339344986201664575e-02,1.295763826957880421e-02,-2.069286391528365673e-02,-9.306717446843717351e-03
3.783253889492937949e-03,8.807481831760616579e-04,-5.083055920423865115e-03,-1.429193833271813485e-02,1.472672489465463690e-02,-9.488213381470090441e-03,9.472480667288524919e-03
8.217225437821768300e-03,7.776353664813497610e-04,-4.842163457992993379e-03,-2.185719060290044341e-02,1.393977968613106452e-02,-9.801292453116536990e-03,1.356600602357581863e-02
-6.475362625841153555e-04,3.701240291249687300e-03,1.177195270597955826e-02,2.836686837900321764e-03,9.461343436860857048e-03,-3.343380655600709794e-02,6.310119546600626191e-03
-4.894248040263771832e-03,-1.513544772763674795e-03,6.486457866496745175e-03,1.901345252704108799e-02,-5.880378136600107435e-03,-4.187323431533902796e-02,2.866149487142873042e-02
-1.899133202484983018e-02,-7.319995089900719829e-03,1.542746104336280288e-02,-2.297200944618732477e-02,-1.483056827097376136e-02,3.903319264185484833e-02,9.653251146693898194e-03
9.628269710969226264e-03,1.948886861706056531e-02,5.334738098321184854e-03,-3.512507258716819018e-03,5.361847630366160626e-03,-1.882304259943402489e-02,-1.747817419856630486e-02
3.340026708677776984e-02,3.392132230022908666e-03,-1.636723696257468691e-02,9.716960915041063934e-03,-6.076833121926144762e-03,-1.727526087090864096e-02,-6.790029276432387774e-03
2.176508383005146957e-02,7.383696924411140006e-03,-2.241559502398250345e-02,1.414299584316917359e-02,-1.162590649237292204e-02,1.013244301976362919e-03,-1.026351938325272863e-02
5.399170703136892818e-02,-7.205237989010857338e-03,1.126036275562258479e-02,-5.045500110826530576e-02,-1.002225472406679044e-02,2.291797890713622582e-02,-2.048755487278481474e-02
6.327942450234443073e-02,-1.342776175221606881e-02,1.256958174128717382e-02,-4.691563791917697374e-02,-9.774146403256113447e-03,1.423252984229506253e-02,-1.996399001127741740e-02
2.354882607702339647e-02,-5.661978965695727613e-05,9.160592128131597733e-03,2.402969970087150825e-02,-2.104705425104214100e-02,-1.058182617102183115e-02,-2.505361769430557509e-02
1.947781526032580333e-03,4.371983787861004160e-03,2.831402014973641041e-03,3.661598753286891134e-02,7.074073467646035344e-04,-4.453023058462937797e-04,-4.602925990265435696e-02
-1.178531185283036853e-02,-8.411468405143477647e-04,7.237005866083374636e-03,-1.050939479547335735e-03,3.227271875712959398e-02,-1.223739506080070375e-03,-2.460858694424072207e-02
-1.682892439069285859e-02,-2.622953474350796840e-03,1.599758003364804004e-02,-1.891140361884502061e-02,9.737542145699678089e-03,2.931852423391658607e-02,-1.669036492937556876e-02
-1.405575109341999744e-02,-4.246493875095797531e-03,1.203157548619965440e-02,6.312169215041294086e-03,-3.079425656696668442e-02,4.808487973796864851e-02,-1.733212290372705688e-02
-2.526330251692988568e-02,-5.144492510270055885e-03,1.863547625033388708e-02,-3.901588401481530851e-03,-7.346290147438713260e-03,1.784876306517638178e-02,5.171434260609899906e-03
-2.238090308234724768e-02,-9.709326788227869154e-03,1.448625926060562695e-02,-7.512769326478214993e-03,-1.584298197984694871e-03,3.528772194627362302e-02,-8.586683811841196168e-03
-3.161758934265106874e-02,-1.183522517228216206e-02,5.883820170606744553e-03,3.521873277452174794e-02,-6.262498070951247504e-03,1.758113327691623526e-02,-8.968373636160136692e-03
-2.503015220565739038e-02,-1.117610839129992185e-02,1.351640651358201189e-03,1.031511215547225788e-02,4.256459148079758288e-03,4.435060287237043829e-04,1.983954261332332089e-02
-2.576230258946967180e-02,-1.484403013844258143e-02,9.269392275216935609e-03,2.305892200530281974e-02,-6.742893391934697174e-03,2.213899133088399751e-03,1.280701270623877883e-02
-2.410245919877985338e-02,9.972057797114667558e-04,5.352220531615204530e-03,-1.382392309736795062e-02,-1.461866928857568325e-02,2.370023114122434688e-02,2.249539413217245196e-02
-8.015275685817207368e-03,4.399183345526304161e-04,1.267164382435154862e-02,-1.437353163645729327e-02,5.455961233271142260e-04,-1.030289525294158896e-02,1.903454429298490416e-02
6.969597125397928271e-03,-6.171630161672510446e-03,7.109052513303139829e-03,-2.286387627522478566e-02,-6.428304242717418349e-03,5.380133431013811932e-03,1.600502760989974335e-02
1.087199119755770903e-03,5.023194509193595631e-04,4.427598280363246978e-03,-5.028754903741561311e-02,7.671596227461485555e-03,3.176273844053841694e-02,4.836097518377353334e-03
1.242621322478169345e-02,-1.132000358933980361e-04,-1.244707507220990141e-02,-3.317402647015314787e-02,7.913430291262337976e-03,1.547153134713993503e-02,9.923126715072460441e-03
1.819162293736685879e-02,-1.091678198027471770e-02,-1.532708513641559654e-02,1.032892118774583583e-03,-5.542877050286347008e-03,2.733509922511090807e-03,9.828719188324196165e-03
1.682903777749005306e-03,-1.072134370005627113e-02,-1.245412925266134105e-02,1.296121158182302578e-02,-2.934643053896621775e-03,1.454782666659324569e-02,-3.081826019551117419e-03
1.201172656367130616e-02,-1.751403952716726808e-03,-1.204710926980514900e-02,7.708960892343899238e-03,-3.279678615957669352e-02,1.528262669045966568e-02,1.159198523562379908e-02
1.625419005163492719e-02,1.421383379651877665e-02,-1.764097771331281719e-02,7.326711934871920837e-03,-2.995936522454573786e-02,-2.332660106647961584e-03,1.213826726148099777e-02
7.597512384919456394e-03,2.054175820180430267e-02,-9.868285934327545098e-03,-2.794360302932799578e-02,-1.525320671249916216e-02,1.155916998848877976e-02,1.336665510094223186e-02
-1.285552507188133728e-02,9.256200981614113796e-03,-3.903057753258056765e-03,3.097481008964671559e-02,-1.589960075193371306e-02,-1.894018284920609418e-02,1.136735535501835932e-02
-2.253469431819059635e-02,1.226427763834770333e-02,-7.542848488752631683e-03,6.902399852028377747e-02,-1.484412792625525342e-02,-4.945085665368576661e-02,1.308425122825281409e-02
-2.650368086052896227e-02,3.152076372184151043e-02,-4.456704361733473604e-03,4.727027368459406353e-02,-2.074354743333996567e-02,-2.772129139438788553e-02,6.341866435547315484e-04
-1.426531411679497763e-02,3.989190110198502504e-02,-5.209733939053078598e-03,-5.207963069856685022e-03,-1.220703080037875699e-02,7.186463534492937462e-03,-1.018832271039450330e-02
-4.652707728294885187e-03,1.586248215995189267e-02,-2.832166980635634872e-03,-1.047307066248431145e-02,-1.459665004958444513e-02,5.683393426966224654e-03,1.100871983408113070e-02
1.735235704101673049e-02,-2.684322212795103163e-02,-2.615229311169438992e-02,6.303493646339553003e-02,-1.958026077700401532e-02,6.359745856551596126e-03,-1.417126334431439462e-02
1.916796311126884103e-02,-1.794253635992851606e-02,-3.582704724697153426e-02,1.374819391449528388e-02,1.822983646155685797e-02,1.383028843907359653e-02,-1.120669831949446839e-02
1.758090045781818961e-02,1.078128090875981639e-02,-2.535759313449656091e-02,-1.590902741220965796e-02,3.122401857586399460e-02,2.270765670872633164e-03,-2.059034506660836761e-02
3.516697627808265496e-03,3.503991546720599485e-03,-2.724059394593958405e-02,5.683257860833768570e-03,4.594184658907278095e-04,4.112916534839615446e-02,-2.705193690371002907e-02
-1.470360778125808648e-02,4.971685640859777565e-03,-1.288079638469399185e-02,2.777832844129189682e-02,-9.478590008880486903e-03,2.278291169208013570e-02,-1.846993159939925438e-02
-8.607811165871382536e-03,7.415787307855343071e-04,-1.014616096815448669e-02,6.973177349354227512e-03,1.316561229906271224e-02,2.538631667672232306e-02,-2.751271292189891304e-02
-6.265224283349093114e-03,-6.317121015393487027e-03,-1.132165954462053571e-02,3.397814328253524925e-03,1.437356940869150002e-02,2.242304247077709506e-02,-1.629042136435896251e-02
-1.533376227022572452e-02,-7.055801990617669057e-03,-9.424833926638627457e-03,2.448318912090495861e-02,1.422067853675889823e-02,1.942891116055070477e-03,-8.832360586236966127e-03
-1.544171936723460342e-02,-6.630701703314181329e-03,-1.032483413773486493e-02,2.913078104589301998e-02,8.330520349568734315e-03,4.783830478100823888e-03,-9.847876665278887734e-03
-1.008878458968606208e-02,-1.139867125366214509e-03,-5.778202873168135530e-03,1.944880027842092523e-03,2.968339936871275397e-02,-8.812975609949912428e-03,-5.808449198384520000e-03
-1.523611320235565949e-03,9.954713957272235021e-04,-3.715002981573082164e-03,-1.294067658505527497e-02,8.791144409319700398e-03,6.048485094792445740e-03,2.344189987024538485e-03
-1.030104191919153532e-03,3.272062206020320547e-04,-1.193788670609348098e-03,-7.112717523870605921e-03,-3.995799177203434617e-03,-3.677486869386526087e-03,1.668269021238704200e-02
2.601027566810833625e-03,-4.522017830111063142e-04,7.762289576061766555e-04,1.573806464570404184e-02,8.324752738695935083e-04,-2.870428824321333283e-02,9.208693582233749494e-03
4.006273763874574137e-03,3.564284299452370047e-03,5.831269181647676970e-03,2.031260553853595375e-03,-4.055461769807729502e-03,-3.284345470987148907e-02,2.146582868085108314e-02
2.722049209644793535e-03,1.966974695734248664e-03,5.870325723994152846e-03,-2.718672172933263645e-02,1.089105031230074884e-02,-4.634946832392059825e-03,1.037126862005077060e-02
3.563800573794463546e-03,2.290516169829373908e-03,2.476705603438514487e-03,1.223289285737502383e-02,4.346532297225145711e-03,-1.889178650390757261e-02,-6.018660997754915476e-03
1.263284923164807554e-03,1.509548260377987497e-03,1.387135831904632698e-03,-7.026094968717141315e-03,-1.725966782033300229e-02,1.196794852939054611e-02,8.157845244212121386e-03
1.337546311447252757e-03,1.270654893790334030e-03,7.041950443326024925e-04,-3.011721925793823390e-02,-1.575711974699328666e-02,2.992400386020481126e-02,1.263793889515662551e-02
2.365213690445437493e-03,1.123601410077373214e-03,4.626046775451346667e-04,-1.636745190429617774e-02,1.018802703197936414e-02,8.829112364957869552e-03,-6.601107270708954540e-03
1.637725213108500496e-03,7.533724215353205210e-04,1.218609069650868705e-04,4.773399227116070093e-03,2.153246978823102065e-02,-2.115590886950365415e-02,-7.662918687452321097e-03
1.246922250634136409e-03,-8.613708402665315672e-04,-1.121966010020695277e-03,6.638086995787039271e-03,8.978588865013348297e-03,-1.454223046680230662e-02,-3.380307943450699330e-04
2.631601313988029493e-03,1.610590729426442710e-03,-1.373715542726169523e-03,-1.344859054065649165e-02,1.073162193253891436e-02,-1.750257838765946136e-02,1.735107049508867461e-02
2.089656873179520941e-03,2.799208176543169484e-03,8.671008162212939926e-04,-2.711469943080854761e-02,1.121026493341809906e-02,-9.664053209961460250e-03,1.981252184140794292e-02
1.749942917225014247e-03,2.511616585306250451e-03,1.538774790301970698e-03,-3.188984344368744894e-02,6.544343079826182331e-03,-5.400287192704880841e-03,2.494545326373292723e-02
1.621441944658526474e-03,2.672265083894224524e-03,3.639660960896075239e-03,-2.862639011417845644e-02,6.770943641309315301e-03,1.624641129874472220e-02,-2.324332815324357641e-03
2.849066009923365440e-03,9.633727983117308397e-04,4.430106304864490918e-03,-1.457401230388257092e-02,-1.052804234563397244e-02,3.562687098192249269e-02,-1.876736144550554194e-02
3.301965772378073847e-03,-1.323470045464529045e-03,1.003215749895189140e-03,-2.338206383320049625e-02,-2.566123147200764440e-02,3.157667960424569847e-02,1.448490422415369371e-02
1.921802151460689275e-03,-4.075355441170576106e-04,-1.787788765354018016e-03,-9.941930819569615163e-03,-7.368666191700382409e-03,9.393215571621545135e-03,8.190903597658807239e-03
-5.818078252277408997e-04,-6.735177751578799374e-04,-4.092617280489372830e-03,-8.454394544049710289e-03,1.008235403533830517e-02,2.197806668526041014e-03,1.522176721060320044e-03
-1.616222959350298478e-03,-4.862070334376580264e-04,-9.138680415291637604e-03,-1.640645516112331729e-03,1.472148460449856748e-02,-5.229172666260360064e-03,3.389443985953757236e-03
4.205961167042212775e-03,-3.938465427382249100e-04,-8.515004167731248658e-03,-1.383310245793285820e-02,1.279656711102241523e-02,-9.548143654453125628e-03,1.528756854479075208e-02
5.024728064648579032e-03,-6.536604675185812754e-04,-5.228565272997495392e-03,-9.030811919524768527e-03,1.186166065493546827e-02,1.386088554663037669e-03,-3.359439614206236741e-03
-2.179672057877125087e-03,2.368080386215735446e-03,1.518450656811899842e-02,3.763483052685821610e-03,-5.206231723361018837e-04,-3.594951925383349511e-02,1.733374447702617713e-02
-9.562043454866943695e-03,-2.486483377113700780e-03,1.213636771080252828e-02,-1.072444526340611028e-02,-2.652698524099178501e-02,1.367567263924276966e-02,2.348791698633321406e-02
-2.245123951706733817e-02,4.903905105895218011e-03,1.691237718138673823e-02,-1.997951272180571378e-02,5.385791819890624159e-03,3.029963762740244329e-02,-1.507095949570196568e-02
4.859292757215809451e-03,2.648949381866076355e-02,-2.226347717512291817e-03,-1.888279962274610688e-02,-3.637353725833460897e-03,1.158347212867235146e-02,-1.818575763845708612e-02
1.621158623582550501e-02,1.207087525414728309e-02,-2.882804912146519349e-02,3.017511462268553102e-02,2.095919135332126489e-03,-2.410148132349774694e-02,-7.623964803027448792e-03
6.946529217981421873e-04,6.397840474602022737e-03,-7.564878886522047319e-03,7.947396574517281639e-03,-4.205744861331933704e-03,1.406046813861821544e-02,-1.732973436168165973e-02
4.158864402681536343e-02,-9.038248856242582507e-03,9.552351428318839321e-03,-3.195817803005870233e-02,-1.846193116615572200e-02,1.065282837467697134e-02,-2.335465777354208024e-03
6.192475470740367582e-02,-1.996563830218322372e-02,1.688276365098649243e-02,-2.629297819446016829e-02,-1.229072423940719486e-02,-5.190321247272807609e-03,-1.506785637506688480e-02
4.994615792031251861e-02,-4.803515485087920742e-03,2.658429410857376246e-03,-8.295910081715460876e-03,-4.435779372796084738e-03,-1.607786144013293936e-02,-1.899152095143751690e-02
2.300137172970586827e-02,7.093983018672186946e-03,2.328083113714258818e-03,2.801141079324147992e-02,6.306341159422627690e-04,-2.660862409576997614e-02,-3.445685867550614401e-02
2.326903211320249017e-03,-1.545502633675265719e-03,9.333268757819847272e-03,-1.977718947977837038e-02,1.161016151588572555e-02,6.554019505178057710e-03,-8.501660876750275972e-03
-1.348798450576984762e-02,-4.170614850112385440e-03,1.837102204841232697e-02,-5.765437934170766776e-02,1.488827065072262368e-02,3.586386426127845944e-02,6.189821737176364955e-03
-1.137526588134527700e-02,-2.074397573194295373e-03,1.975573247694961676e-02,-1.725555596877678677e-02,-6.942838806980021656e-03,6.851123856959689604e-03,1.104120189638693045e-02
-2.352556879574244433e-02,-5.263296958690003025e-03,5.782830132189914485e-03,3.487129235292318451e-03,-1.740758026842080530e-02,3.645778126391446133e-02,4.687053914565501508e-04
-2.523137858239795847e-02,3.985780099777209789e-04,7.260811556455812679e-03,1.250511839314118884e-02,-4.395063332354661421e-03,2.055696921143702546e-02,-1.109503525625916802e-02
-2.147591017879402556e-02,-5.679286917055372148e-03,-1.850473294262572690e-03,2.649016344801973996e-02,2.126679228534918229e-03,1.335997961834414598e-02,-1.297115190478680125e-02
-2.188470779933205778e-03,-9.706586873127896059e-03,3.887841020639409839e-03,9.678713169004517225e-03,-1.694808605731264531e-02,1.097345232921121891e-02,4.303137191518561708e-03
4.208405242048927040e-03,-3.693420996059719724e-03,3.258504984682124316e-04,-6.770287976205926692e-03,-1.971694476461794895e-02,5.778925357259161351e-03,1.986747263910728159e-02
1.976733353984768630e-03,3.982996992880681684e-04,-7.140866537539135870e-05,-3.106313040589631091e-02,-4.236445811797685639e-03,9.405435291551368301e-03,2.359051653824509320e-02
1.159435447630066673e-02,-3.934588798967683827e-03,-1.311819363719185332e-02,-3.730567480367863453e-02,2.234683094520032581e-02,-1.764217189660123976e-03,2.218148900799743820e-02
1.677751045647050965e-02,-8.262669043457016027e-03,-1.706856240804996774e-02,-2.999697317937047650e-02,1.079748753564845586e-02,1.583383712239414334e-02,1.191936951636435489e-02
-2.764721377097152481e-03,-8.847468023182834818e-03,-9.283700704121737243e-03,-1.332874482252487287e-02,1.054578238414726962e-02,1.362888285561920931e-02,1.004996968716003955e-02
-3.775567301575869384e-03,-5.030071279346511742e-03,-1.102434021295060559e-02,2.249883622569839696e-03,1.755563872255598915e-02,5.084156276116347933e-03,-5.059699827369158395e-03
1.706435903307588348e-02,3.456420660444833133e-04,-2.557381074158496595e-02,2.501241435421064363e-02,-1.378451307892137982e-02,-1.230586226240862682e-02,9.241770629583737420e-03
1.751619193277105871e-02,1.380682256665646292e-02,-2.402639346177004587e-02,4.345270565232643017e-02,-2.700617852456411658e-02,-4.084501237184782335e-02,1.710186420642799757e-02
1.157551202617457427e-02,1.677867819569281438e-02,-6.652765357007570796e-03,2.918177025222596158e-02,-2.885506283564936644e-02,-3.158487968419936009e-02,9.556747402762844762e-03
-1.438530270012180340e-02,1.153796485384168263e-02,-2.776283577471239713e-03,4.851112178349763215e-02,-2.356546371460084555e-02,-3.023154791365966973e-02,1.090951126851420240e-02
3.148024146461732634e-03,6.704568517586738385e-03,-8.370619771535407760e-03,4.274955737250531185e-02,-3.381549431713743586e-02,-1.894138806140143252e-02,8.525352113520581754e-03
-8.465008257905986926e-04,2.255324360236717063e-02,1.415275414822142475e-03,2.664800011777629374e-02,-1.780647968341471724e-02,-2.367869784720122786e-02,-8.284840778559177110e-03
-5.841341444298091268e-03,2.483935731461943408e-02,-5.491288330430504124e-04,1.409121758483062627e-02,-2.231654466341146531e-02,-1.267432228572678253e-02,2.450762327029440413e-03
9.192242290497991755e-03,7.926835563964424011e-05,-1.206425961978229745e-02,1.918372818657576584e-02,-1.278040966542417708e-02,-1.017243929049310019e-02,6.561869742986065589e-03
2.660551989934002021e-02,-2.893126217489976754e-02,-2.608106788464129369e-02,2.677828605639782575e-02,2.709567864820279157e-03,-9.029970304950842366e-03,7.948926543933719502e-03
2.602005151510713987e-02,-2.006863371839749666e-02,-3.152278316844588785e-02,-4.593067794175003694e-03,9.967535976735988554e-03,7.092178345141152834e-03,1.310471884403403148e-02
2.345570162994232988e-02,8.476161886228229109e-03,-2.506329510919599185e-02,-7.379772286599121933e-02,2.631264332909134807e-02,4.345439461827414751e-02,-2.837883488348928382e-03
1.990455600627247940e-03,1.221975786799597494e-02,-2.306049858738471250e-02,-1.466285951935125849e-02,5.038783860180481335e-03,3.424506273841892989e-02,-1.577070196048662235e-02
-2.299568451694783064e-02,5.543140886082052786e-04,-1.509359300817321101e-02,4.389737681483357745e-02,-1.434591379815667624e-02,2.039252073594286646e-02,-1.240902031610704309e-02
-2.122113426938197420e-02,2.430711712054730612e-03,-9.398641540169450082e-03,1.377224704094941014e-02,8.879184228639810245e-03,2.325609700774855515e-02,-1.771846417984113825e-02
-1.409135821988758211e-02,-6.278248535821658038e-03,-9.814529167747236896e-03,1.357828171031632072e-02,-6.238532574985972655e-03,2.328304817631416182e-02,-4.386613881880691663e-04
-1.694211918044642717e-02,-7.519141494412251610e-03,-1.178011438204400532e-02,-6.498934568020336977e-03,2.035410512865014343e-02,4.090121557740811209e-02,-1.851501108113519367e-02
-1.257527374569918782e-02,-6.282644721164836604e-03,-9.609950734637424594e-03,2.635772179775292684e-02,3.108592350122007728e-02,-1.699717303582452821e-02,-1.197860306164703209e-02
-1.205842794303942610e-02,-2.273729433584031900e-03,-7.752120036512120081e-03,-7.684663441788070967e-03,5.078617683875077775e-03,2.513675205624398001e-02,-4.464288851954469062e-04
-3.126852871468875639e-03,1.293323658618628904e-03,-3.410946738087514054e-03,-2.184666236942132966e-02,2.598976376498196225e-02,1.545985127681717176e-02,-1.435847672144007804e-02
-2.374940540378753760e-03,-1.676218251737206753e-03,-2.307003351797745627e-03,1.730271031089683801e-03,-1.000782305520925113e-02,1.590782771387590916e-02,-1.272113545842636344e-03
9.208001305861557599e-04,-1.638681675421661431e-03,1.993589132072579528e-04,-2.370627377044566293e-03,-1.340433870302798133e-02,-3.964065504330443850e-03,2.025755421603124204e-02
4.705975017073021210e-03,3.776499223344942802e-03,4.455812683414084839e-03,-2.002869230983863463e-02,-5.335404641886154660e-03,-1.265465575742793364e-02,2.508046578532070747e-02
2.115005992607846708e-03,2.546968420752118625e-03,6.545260699578013368e-03,-2.458814215552368454e-02,-1.991132640737743736e-02,1.007047410729216413e-02,2.322175934267090014e-02
3.304073759117866910e-03,2.398072782029212011e-03,5.125852850677731568e-03,-3.311524239805937325e-02,-1.932548427404680302e-02,2.784226694697000681e-02,1.377046033331144267e-02
2.280801099920148813e-03,3.203484419519528857e-03,2.378655378147939096e-03,1.368738367010521872e-02,-1.927908257647790655e-02,1.757779567101630308e-04,-2.447019947925076905e-03
6.105170157015274088e-04,8.177808142391198611e-04,9.620885304583805036e-04,-1.886628778948716730e-03,-2.130631921843572502e-02,2.336677735339261902e-02,-2.564215716407205591e-03
2.876314816603838843e-03,1.229029111085821937e-03,8.327413633139955484e-04,-1.413481876185586003e-02,-2.573498514111861868e-02,2.111637321354894320e-02,1.381534539842188200e-02
2.668455622183159293e-03,1.012490974617076501e-03,1.118398161759426215e-03,-2.128749279408473664e-04,-2.658973064746482373e-02,2.830221856407816317e-02,-6.298957747232120791e-03
1.174193970070889093e-03,1.382116914628118759e-03,1.059802822261531963e-03,1.827519904523465868e-02,2.487876433872614895e-03,-1.827405914341728027e-02,-6.105130042650631569e-03
1.215375196379537941e-03,-7.882394214407716440e-05,-2.176761745356834668e-04,1.001242213918864324e-02,8.703196743748411665e-03,-1.363103158149154941e-02,-6.003462381145284812e-03
1.906350380492350316e-03,1.183893189331164126e-03,-1.933915713175655060e-03,-4.963094467686795033e-03,7.373381793316861887e-03,-1.132591684503921232e-02,7.759301662761307339e-03
1.872993869239475634e-03,5.237190494539492548e-04,5.101173461093448875e-04,-1.227188819796105716e-02,1.252127486347219890e-02,-9.204722091445906654e-03,6.048505161132027887e-03
2.037959313540304608e-03,3.102353166948594674e-03,2.199238419406853925e-03,-3.242391694120570073e-02,1.069571723004733577e-02,-1.277992334885617344e-02,2.716857216011871537e-02
1.964031063752662634e-03,2.413812286293167114e-03,3.581478544481432515e-03,-2.022017413098581989e-02,-1.164267390103318001e-03,3.788448494854950669e-03,9.636671131706950333e-03
2.544366961400353587e-03,2.350720591425382942e-04,6.992196807167187257e-04,-8.545119223518710810e-03,-1.930152430156490545e-02,2.312713071615917979e-02,1.240854107664847092e-03
3.504134765667681929e-03,-7.160784743934016068e-04,2.804646243063109836e-04,-6.726914448685297754e-03,-1.117308677741932210e-02,2.850977114272831847e-02,-1.367829083220426997e-02
1.965677347378329536e-03,-9.341774954013111303e-04,-2.760312171055700863e-03,-2.089991625800867447e-02,1.083632313762380832e-02,6.245406938850772520e-03,5.546998500612732724e-03
-1.116113012980314264e-03,-1.582496919640355697e-03,-4.080821800132866314e-03,-9.882224847218058078e-03,3.567214080177557711e-03,3.974788153398208998e-03,9.119654346395838704e-03
-3.073458122863892503e-03,-1.611047294002324439e-03,-8.986805528331491891e-03,-8.802551322323702923e-03,4.700315656929313947e-03,1.729013591313157197e-02,4.834106974605882341e-04
1.912375385215740612e-03,-1.225404722201088462e-03,-1.152440064927231535e-02,3.184308389408691334e-03,-1.889964983988457175e-03,-1.658033310912544788e-03,1.120111989174999226e-02
5.789254052322534948e-03,-2.170018600167672625e-03,-1.420903017792168356e-02,-9.715120636653699210e-03,1.038975427408188150e-02,7.539657279215463206e-03,2.375503809123210436e-03
4.446040716977872967e-03,-7.315935976849307363e-04,-2.862426184288053514e-03,6.179517086822707700e-03,-1.565772535219229350e-02,-1.099689786868832640e-02,1.962308519905310231e-02
-3.768771750925174659e-03,1.494580799885219602e-03,1.696916694751752011e-02,-1.611266646837953079e-02,-1.790111344323640219e-02,-2.351687889724729096e-03,2.167049180486317617e-02
-1.181883419373244183e-02,-2.353965751608132467e-03,1.505606443219567429e-02,3.964730355035728758e-03,-1.204611162754983499e-03,9.172594863141378743e-03,-1.281597854227723050e-02
-2.153678723472680218e-02,1.097678348907278091e-02,2.103474022190062603e-02,-2.684185323180803689e-02,-1.392568884088201189e-02,4.584262243259674963e-02,-1.554981683615355714e-02
9.019303298855039022e-03,2.613560326875876555e-02,-8.606052464645885455e-03,-2.452246333731091313e-02,-5.178234394344913803e-03,1.442561066994931494e-02,-1.127376704126143402e-02
-1.493429908855958702e-03,2.423879888930640519e-02,-2.238433578530960380e-02,1.744091153001304725e-02,4.351866785998322550e-04,-8.049896978529778868e-03,-1.018723442522401386e-02
-1.420950072217689762e-03,2.053076602979546708e-02,-4.738921577118378366e-03,-6.769768032046508252e-04,-8.949691981356880377e-03,-6.432994499990260170e-03,1.688768904092387106e-03
3.245389508509860521e-02,5.094035294229989994e-04,5.774862637149424764e-03,-1.805254670051806634e-02,-5.876884133408689231e-03,-6.888252868408380018e-03,-7.920477549335998985e-03
5.554364020947034908e-02,-2.265544223975230267e-02,1.700936713497810948e-02,-1.259240642668201307e-02,-2.051264012563033812e-02,-2.154771079502112996e-03,-1.463774747288177844e-02
5.421269595437562538e-02,-2.042975582484780200e-02,-1.137327420766276465e-03,-4.703256566372764069e-04,-9.040789221766137168e-03,-1.693962790099221016e-02,-6.194869929365983893e-03
4.383807749647757046e-02,-4.489935616206770959e-03,-5.769583283796489784e-03,-5.246279124974482545e-03,-6.626229602939395433e-03,-4.055532986239067557e-03,-1.765051688232135638e-02
2.728850500633918374e-02,-8.435397815598007394e-04,-6.340302059797788166e-03,2.872015550356781313e-02,3.784879221751841390e-03,-3.179416669139619595e-02,-2.081553119890510242e-02
3.828515404518477525e-03,-3.831100687143220839e-04,-6.747948132942709065e-03,1.418121237332981531e-02,-4.463838854762596994e-03,-3.504462657421963077e-03,-2.910368064006671474e-03
4.212553207073370561e-03,-6.662368720382900143e-03,-1.114972191908656859e-02,-2.317177444337406578e-02,3.394826055332261089e-02,8.646699622817348788e-03,-5.823648300369850365e-03
1.797254253285241951e-02,-4.658242195292887702e-03,3.180501154426248339e-03,-3.410771950568034644e-02,2.258449717583575073e-02,-1.408100495514270217e-02,9.109425793001396307e-03
2.364399101322752286e-02,-1.018155986752669606e-02,2.775401379350949348e-03,-4.079240245983451613e-02,-7.025868329223887085e-03,-1.335158622055583719e-04,3.171395412621219601e-02
2.122933099745366592e-02,-9.917526816549041349e-03,-8.225592771248294282e-04,4.904410421755957088e-03,-2.439108091238660625e-02,-1.421447385798179329e-02,2.321189944483271345e-02
1.269792982683948246e-02,-7.937725752578171298e-03,1.575243140811009163e-03,2.669324958479964149e-02,-3.617521648243734317e-02,-7.153737969915218743e-03,1.030025765248059923e-02
9.067102529239355960e-03,-1.181728090688931483e-02,-1.011616061135300372e-02,5.464022037021844247e-02,-1.634452609851801477e-02,-3.010283253798838599e-02,4.673477255290750879e-03
1.384188989299006863e-02,-2.089914973025801606e-02,-2.522381983305664599e-02,3.327586150103918616e-02,5.419220791415512752e-03,-1.681313817701714231e-02,1.039913555488703768e-02
3.044425159403260292e-02,-5.442088036471345348e-03,-5.110613802908958725e-02,2.232801926364607389e-03,-4.804454027221228413e-03,1.834789352150565170e-02,1.032773305087921270e-02
3.016568293623367661e-03,-4.982098536536897285e-03,-2.856476902954694155e-02,3.793841243559116505e-02,-4.826318254031660739e-03,-1.062497991073238848e-02,8.043185001633033557e-03
2.547990466554890879e-02,1.557517226112139531e-02,-2.592260340419731343e-02,-2.660943336911391396e-03,-8.161803015464959635e-03,2.007884286174294475e-03,-6.317611456270997433e-03
4.499475161605306917e-02,1.803373723300365564e-02,-2.081727201522075993e-02,-1.614977110497623977e-02,-1.184863064519517915e-02,-2.161759201694525914e-02,7.404776933280736613e-03
3.085502423853919707e-02,2.082766722794172909e-02,-6.123968457145094815e-03,1.956441008733793979e-02,-2.991946765390974747e-02,-4.694280603821002207e-02,1.173914059544594116e-02
1.279043210372978433e-02,2.190508266417031183e-02,4.116871006356415640e-03,1.384548690465919538e-02,-2.539233698496589156e-02,-3.333040565347435147e-02,6.064869959524554939e-03
6.321150470139335655e-03,3.368100317930815962e-02,1.246874491554112938e-02,3.484836386939626444e-03,-2.810882048148877210e-02,-2.269189812017129507e-02,-5.155016350268201708e-03
1.073318275378581411e-02,3.739340084407604542e-02,-2.568245757850899039e-03,3.868727868584667488e-04,-1.576638132680058604e-02,-4.078683888379545236e-02,1.060800958372659294e-02
1.689419724457743091e-02,1.352230931836000821e-02,-1.527360745597264313e-02,9.734800617474713771e-03,-1.060701258512293174e-02,-3.386239561124502334e-02,1.959170847192855808e-02
3.905418467643668318e-02,-1.182695560154092829e-02,-2.961324204770484844e-02,8.720553958072797124e-03,1.015501204398213233e-03,-1.005965973760765582e-02,2.709617547945783467e-03
4.320205024018828471e-02,-2.021953057976469750e-02,-3.045229007223108214e-02,-9.812602502240256458e-03,4.794949413640425470e-03,7.660340361062806247e-03,4.827083139344530080e-03
4.148426220755222632e-02,-1.916040104612863268e-02,-2.466110062537906628e-02,-3.976235925188937453e-02,1.030923254542423680e-02,1.763921975204279027e-02,1.415114641837767612e-02
4.262984914133589182e-02,-4.856280554801823551e-03,-2.442128544919595218e-02,-3.560097561387739334e-02,8.207647303951898579e-03,1.421203562604974810e-02,-1.709904534625127526e-04
9.528927514610770200e-03,8.897812713022453315e-03,-2.069153674510582075e-02,6.684275751451881561e-03,-3.165681242058568119e-03,5.917018810962060109e-04,-1.845499873016926556e-03
-2.291142541922769338e-02,1.318175413040831995e-02,-1.828606584873951335e-02,1.852901673609683164e-02,3.836153136789878602e-03,1.099528088744571030e-02,-5.344713622773610527e-03
-3.181251227238010570e-02,2.979576765990656268e-04,-1.192476317194939364e-02,1.973114998208081242e-02,-9.026467852046729870e-03,2.755899421583369799e-02,5.175641421862617678e-03
-1.231062200126115634e-02,-7.201072156599182608e-03,-1.101097513236873500e-02,2.121352802440879329e-03,4.458497481485036371e-03,7.554517931779039519e-03,1.638830107452408924e-02
-1.256849283097108416e-02,-7.162374089397212720e-03,-1.209606888915254995e-02,7.803297488584243213e-03,5.549142562774450269e-03,1.336559136234430518e-02,5.108904395817894135e-03
-1.065390227482045787e-02,-6.270960518096650553e-03,-1.060975228435206107e-02,-4.418454058825745101e-03,3.047853069947626878e-02,1.807484559228150767e-02,-1.660030715566271006e-02
-9.193339644261430688e-03,-2.807210021352303693e-03,-8.201934092349087713e-03,1.703150223686316841e-02,2.463353779163058449e-02,-1.317539084566164177e-02,-8.287165424869347152e-03
-8.700283007714559522e-03,-5.766560246339941069e-04,-7.748845228110587575e-03,5.854316154032482983e-03,-8.264469364300329468e-03,3.204988173933277090e-02,-1.261394426860580620e-02
-6.462344143154099760e-03,-1.824443238381275685e-03,-7.266029705832262667e-03,3.290992937980834199e-02,1.171898627677096447e-02,6.738627288936388125e-04,-2.974996129810531312e-02
-4.729489337837201055e-04,-2.040151677045495653e-03,-1.440484622123560472e-03,2.130642142203326150e-02,-6.439505960919849649e-03,-2.523559621575896528e-02,1.432226598759834581e-02
4.958552641119899108e-03,3.170876031150616798e-03,5.163370282718849659e-03,-3.291622305344131527e-02,-8.095802852648449274e-03,-9.453020731233907972e-03,3.717224768233445831e-02
5.414400245148849773e-03,3.619892563701880301e-03,7.402295858296179497e-03,-4.665174223369329687e-02,-7.646056479542143874e-04,1.780195177078533475e-02,1.317780744371525176e-02
1.143101285669562568e-04,2.823638120796394865e-03,5.677806188429735008e-03,-3.275320490470970403e-02,-2.350459124418717918e-02,3.047635182095667986e-02,1.716568989014701646e-02
3.256445207190233025e-03,3.140133687011234173e-03,3.811757360820823993e-03,-1.735222278093140336e-02,-1.410890552463772186e-02,1.551565799999998253e-02,5.737134050546927391e-03
2.420017297089847950e-03,1.718534184289598633e-03,2.403932362908584378e-03,1.974729222472819835e-03,-8.399856258120444105e-03,-1.344772911961360923e-02,1.333037231097320731e-02
2.621449984198380434e-03,1.051813538931248553e-03,1.508933482479657851e-03,5.443585006309005318e-03,-3.384340918779631373e-03,-1.293326589750301223e-02,5.691824804364312845e-03
3.031090031721985455e-03,-1.149210064047800819e-03,-3.179832132174869957e-04,1.370355116235505780e-02,-3.942907616556810130e-02,3.651119030611982980e-02,-1.234956205736337416e-02
2.570648925195353086e-03,-1.657385033396254772e-04,1.824509753501150618e-04,2.129731896962268681e-02,-3.298780448298358620e-02,1.681630114227007297e-02,-7.713177026114996331e-03
2.165067000805831650e-03,1.200378104255328104e-03,-5.922144624817951347e-04,1.515941349263827918e-02,-2.231664542962395487e-03,-1.439838671779963483e-02,-1.302592874455625735e-03
1.840417456797999174e-03,2.156123727249417666e-04,-1.089141224378684726e-04,2.518585461535822849e-03,8.270897594357002128e-03,-2.164945722705009443e-02,8.912858464072111533e-03
2.291567364958376016e-03,3.317259120154580812e-05,-2.523067385549412640e-03,9.559845922548684122e-03,6.428186870998108503e-03,-2.508463980335065915e-02,9.294934439193363457e-03
2.456100991868610372e-03,1.311920766946844414e-03,8.263653233468175492e-04,-1.155609351615455305e-02,1.526247945994284837e-02,-1.021627633308766492e-02,1.915503307137102033e-03
2.526016153786502915e-03,2.449542786781988384e-03,2.080615347317721960e-03,-2.077842271078218783e-02,2.116284767562070027e-02,-2.473919200347555331e-02,1.729859275075087272e-02
2.014073990418631995e-03,4.058176066175470413e-04,3.116924506836557833e-04,-3.578475665849702430e-03,-2.201346507243778523e-03,-2.381739658767520853e-04,3.286412091250397703e-03
1.781139755083433005e-03,3.397369518614132722e-05,-2.726724930468440284e-04,-2.282807267826828315e-02,-1.820567462786713483e-02,3.861053326262930963e-02,8.807730862832330049e-04
5.586831091596297172e-04,-8.133659285666201095e-04,-5.799203676726633234e-03,1.611695614765764825e-02,1.610606441610421685e-02,-1.408193003157037597e-02,-1.208720403605787266e-02
7.111253378604364111e-04,-9.253927221018347403e-04,-6.115785916289104805e-03,4.570250223955739897e-03,2.112817481337225106e-02,-2.489138503878099776e-02,5.523013301983488790e-03
-2.523921899934959169e-04,-7.828035784095592822e-04,-4.339087988390264751e-03,-1.727362616676822796e-02,1.950698407725374312e-02,4.804121590178526448e-03,-1.663195743870715584e-03
-3.572174444997236551e-03,-2.425429199031779552e-03,-1.007872262969087759e-02,-2.557815968322319986e-02,-1.883190325051069258e-03,4.789180441006814920e-02,-4.354128128073881873e-03
-2.198392556713520303e-03,-1.949429776996926787e-03,-1.389240119142107731e-02,-2.884605856655474143e-03,-7.055825941978411883e-03,1.916741635866606175e-02,8.813238965099445821e-03
1.066982101701053785e-03,-3.583290460611472401e-03,-1.811205754932251541e-02,-8.947586179100601098e-03,4.946811476604268815e-03,3.172739999025504798e-02,-7.098259379525849108e-03
8.832069743579865767e-03,-1.740978783419512869e-03,-1.363690259035882715e-02,-9.922673248122876322e-03,-1.799269340092965463e-02,3.011327203503658210e-03,3.144985107574741617e-02
1.593925462084471052e-04,1.239073509928866534e-03,1.348643679471619875e-03,-3.796445225841040818e-04,-1.572270265082809093e-02,-9.631775096276369227e-03,2.298701253407955600e-02
-5.159304208194013218e-03,1.909415712444373922e-03,2.273848095340677902e-02,-2.283272241793556437e-02,5.270908083021524915e-03,1.040192073358944813e-02,-1.232869885633256293e-02
-1.381095189612956131e-02,-2.103421163302835947e-03,2.807662100747893366e-02,-8.513719994995184656e-03,-7.707980723477962995e-03,2.310939774517297915e-02,-1.904994497474628290e-02
-1.557320994365929412e-02,5.547947939232526077e-03,2.085118427956292320e-02,-4.143307041015355935e-02,-9.469591743384988408e-03,4.373130049422496723e-02,-3.654560615822601520e-03
1.383332454223384900e-04,2.090768156943314388e-02,6.371643027798889677e-03,-6.083638751577819664e-02,2.104231402481641228e-02,5.745886184998619250e-03,6.630529463308646246e-03
1.287268078510254987e-02,2.569514457025612320e-02,-2.167317699529102554e-02,4.954318938364193729e-03,8.685950397826250682e-03,-2.276328671652174188e-02,-7.771630979736328382e-03
1.797106359632783673e-02,2.468885624957109504e-02,-4.468223965566175526e-04,-1.709275208147518002e-02,2.382699046260811863e-03,-2.179861221063403992e-02,-5.704432203493849107e-03
3.084607817616995262e-02,1.846572703186892192e-02,1.626939672628241462e-02,-2.124657768586596038e-02,-9.502793493112209749e-03,-3.102954222373832671e-02,-3.802288531604878195e-03
1.231321093223770348e-02,2.840598390946406926e-03,3.670532020341420176e-02,-1.880263863690976450e-02,-1.943741474567214564e-02,-6.287951502952760993e-03,-7.331124641063598533e-03
1.635563680200492406e-02,-1.827782340215932180e-02,3.570724299800585866e-02,4.466176481959524026e-03,-1.450869464650681243e-02,-2.429171934248497422e-02,5.491811091807377327e-04
4.005272913896585490e-02,-2.196804577888143359e-02,4.128276792195337275e-03,3.098546187820830355e-02,-1.452155159355309096e-02,-2.296712203285812895e-02,-1.570974840407668438e-02
3.737130725719564617e-02,-1.849034460816062486e-02,-2.191348409416974882e-02,4.160871941071035002e-02,-1.554347794449470466e-02,3.076676829892746514e-03,-2.610939685097382265e-02
2.480638877744990173e-02,-2.583520003257251327e-02,-2.695949224107935596e-02,5.317108808300415740e-02,1.402087514791264949e-02,-1.509370456711358818e-02,-2.410995516760124774e-02
3.313704378239414050e-02,-2.793093720817721448e-02,-2.979801361744329607e-02,4.321257810718837078e-02,-2.795158012517208468e-03,-7.576559810565661537e-03,-8.248953240879132454e-03
2.539630625726262136e-02,-2.224587014293823162e-02,-3.037696604933336209e-02,3.376591033167412881e-02,-6.968704027833346783e-03,-5.572112600080877075e-03,6.001436231249020550e-03
2.458622924148698083e-02,-1.982223921830085153e-02,-2.460795569324323792e-02,6.689412685583954674e-03,-1.005324649034117571e-02,-1.511560934498814603e-02,3.832340881980269426e-02
1.702951710640994432e-02,-2.331190986881441843e-02,-1.312842397168970110e-02,-1.276961812370780609e-02,-3.352447082711433775e-03,5.045536146553245872e-03,3.048734579396010849e-02
1.440661006734156660e-02,-2.222963239564169913e-02,-2.938201626893847257e-02,2.674558489889472881e-02,2.551377009468849062e-04,-1.250514272902515135e-02,2.270945872642221933e-02
5.700500621295339666e-03,-1.438892782027375791e-02,-2.859751049974349965e-02,2.755730814642079127e-02,7.378370585376391004e-03,-1.736708790397078345e-02,1.971734687089551560e-02
1.171705183587059065e-02,2.704809426252358789e-03,-3.071854550345702595e-02,-7.410599685266232133e-03,-6.985376485507594803e-03,5.392581975925481511e-03,2.530007843618233693e-02
1.163334107425113319e-02,2.317885850348889651e-02,-2.499223805147884891e-02,-1.266247918663805129e-02,9.266784615308104947e-03,-2.299440796322984801e-02,1.657014100829837244e-02
5.051598889495048650e-02,2.766415139785378952e-02,-1.504730598765261808e-02,-4.111315676472476061e-02,-7.887210088119942300e-03,-4.039784152494708264e-02,2.626537407264014148e-02
5.479174520029652523e-02,1.763743460267239854e-02,-3.859023350132620434e-03,-5.039369914412102774e-02,4.945417619617011257e-04,-4.000477286497530066e-02,2.133377379429824208e-02
2.159934454856358987e-02,3.907343897711910291e-02,1.857103495307543470e-02,-5.085883329750839899e-02,-1.505937719261801234e-02,-3.255549689984592321e-02,1.922988891121435451e-02
4.855246821948539741e-04,4.629456365121777106e-02,2.242161337227023890e-02,-5.350726720999013364e-02,-8.365489917921003354e-03,-2.331413501451209264e-02,1.598519043674015427e-02
8.932332382212384431e-03,3.903280610979175530e-02,3.908281923020508544e-03,-6.506075559733028035e-02,-6.710054881833839475e-03,1.503866240675808355e-04,1.974700344007202651e-02
2.849576221635816836e-02,8.087478753967492981e-03,-1.218738762587252486e-02,-3.236089693329932682e-02,4.446834767346281338e-03,-1.243406723338768075e-02,1.595227605488767214e-02
4.107513237899527297e-02,-1.729143728888333370e-02,-2.400092083875566065e-02,2.233434326202066948e-03,6.868807021341885068e-03,-1.945226262151347751e-02,1.056724702261320481e-02
5.501861937090184174e-02,-1.466548846320702391e-02,-1.533029142581879278e-02,-1.737608570398588639e-02,-3.115867286483560428e-03,-1.469227904137713862e-02,1.016139254997049449e-02
5.906837144936447764e-02,-9.045225814664520358e-03,-1.272259194418938304e-02,-3.590062177764556661e-02,-3.742770998795963769e-03,1.310691226923483806e-03,1.032147859007322057e-03
3.282133510199645304e-02,-1.247664771649342622e-03,-1.526138804415028659e-02,-1.570362551968581405e-02,-1.143211683853146560e-02,5.991589957454713893e-03,4.831870114565714816e-03
1.162521967322534440e-02,9.353548837991978917e-04,-7.962418924887535235e-03,7.104706970662654983e-03,-1.112988902097362606e-02,4.765441789607301019e-03,-5.338415371433333743e-03
-1.136094993758665975e-02,8.519932960701104632e-03,-1.136304011823657117e-02,1.334674661870333123e-02,-5.263686697494292417e-03,1.115893216935564744e-02,-5.037934995442568641e-03
-2.351081533622835160e-02,1.006358020364694038e-03,-1.155240726228649872e-02,1.958034776582218833e-02,8.194980565078590837e-03,-6.608772537589912427e-03,1.289030878483921061e-02
-1.520942320569649078e-02,-8.311197711812523189e-03,-1.541179672444268484e-02,1.567460235251826040e-02,9.849951185140041771e-04,-1.648845878758355274e-03,2.392166604967776652e-02
-3.204840304998535141e-03,-8.462381127635179925e-03,-1.544280931428833326e-02,-1.634621992385956735e-02,9.911669108201806577e-03,2.092006353424490789e-02,1.262451802833486521e-02
-3.842897034882582132e-03,-4.651423387525011229e-03,-1.222376828570113060e-02,2.394447754503612434e-03,1.266419392038622624e-02,1.171898085709742465e-02,-6.059533823878556283e-03
-7.056788071580880582e-03,-2.437752952079222379e-03,-1.059071133680934175e-02,2.196785268842322419e-02,3.439132409220845010e-02,-3.222424085156620766e-02,-4.049683568595973358e-03
-1.081232462156829152e-02,-1.905655501688117504e-03,-7.803638234311213555e-03,3.377877679599715355e-02,3.585926589436530965e-03,-8.388405238859213478e-03,-8.454679789006779717e-03
-9.975089525323015474e-03,-2.368672478605751003e-03,-8.826495876717030745e-03,2.931973560135645723e-02,4.157078033800512551e-03,2.751211455271414686e-03,-1.505776720978259202e-02
-2.647811901018344051e-03,-2.628111723464349007e-03,-5.318869864889493732e-03,3.313064105868342157e-02,4.598733629317021919e-03,-2.445324586895330360e-02,-2.681335329674855092e-03
3.192278238351125511e-03,3.183385950031225944e-03,4.080306924275761520e-03,-1.174959563157149806e-02,-1.624388403811332943e-03,-1.930695949321659804e-02,2.222497241594130826e-02
5.097507666839710440e-03,3.231048046627096101e-03,8.865272738646399683e-03,-3.391545857759377391e-02,-5.859567342703682694e-03,9.496574776054887050e-04,2.163153999057867635e-02
4.425792491056180535e-03,2.396847142458295287e-03,7.799964931651263457e-03,-3.858645747258728637e-02,2.438197039718257349e-03,2.457553011404723861e-02,-3.049874246344052957e-03
3.692271965101578089e-03,2.983996288304445032e-03,6.078451482898592113e-03,-3.534919748758499208e-02,-1.970623137246902117e-03,2.527888481656625011e-02,-7.137839280389075012e-04
1.597104435368564565e-03,1.775605545285130829e-03,3.172255187251048127e-03,-3.621199385337217636e-02,9.988479601495877172e-03,1.717798680476683229e-02,2.500562279204749608e-03
1.479432812120625666e-03,3.918819585074679061e-04,1.927464788723858621e-03,-2.656452208550489844e-02,2.944000022133580821e-02,6.001773032797641733e-04,-7.274434998462641321e-03
2.422834613111564568e-03,-1.743804413999367235e-04,8.026201048400916690e-04,-1.169879289667867528e-02,-1.173007446083675423e-03,-3.044883074150997373e-03,1.286560914036158527e-02
2.198649424039556075e-03,-1.087142064958509201e-03,3.477956143703039523e-04,-3.234334360861116330e-03,-2.129908449074617918e-02,1.580092747583845131e-02,7.273188402317446594e-03
2.950104358449610539e-03,-1.183722411985537896e-04,8.179218790479253704e-04,3.940491516730766641e-03,-3.107291558765205158e-02,1.960346220762380909e-02,3.879307866998508818e-03
1.872370883068767136e-03,8.351495622841668010e-04,-9.623928625888593467e-04,-8.033184479711694050e-04,-1.153968710990755861e-02,6.811917274035753957e-03,3.785960701078929392e-03
1.958947183451073288e-03,-4.102225752061346934e-04,-1.333802498084877847e-03,-1.263721948442451601e-02,3.253259133713001273e-03,-7.966486047038194573e-03,1.713552428758961105e-02
2.322970418137552950e-03,1.185293149428107498e-03,-1.396842879839050276e-03,-3.034443136955282134e-03,7.087195341890724191e-03,-1.851966245384074200e-02,1.235548956117867546e-02
2.347390099921701102e-03,1.051529581063963704e-03,2.041983261636101058e-03,-5.627113645037073661e-03,3.009583762005118863e-03,-1.107589870412062361e-02,8.252525644530816010e-03
1.809811432593120975e-03,-7.528055568212424888e-04,-1.331605981469889330e-03,4.833161681671196665e-05,1.353997707938394378e-02,-1.627154109049725600e-02,2.957832499994611335e-03
1.336993768515195625e-04,-4.972348839196047638e-04,-1.792805451152790436e-03,-8.359253182179379738e-03,-3.640371650220367451e-03,1.298747236535696160e-02,1.168493425263663959e-03
5.732511069080273433e-04,-1.210549955729526769e-03,-6.005838416423540070e-03,-9.741281079961678843e-03,7.447757144694748532e-03,-1.368130813399187152e-03,1.030479201391115360e-02
-2.948625260015598102e-04,-1.649792184785941074e-03,-8.165879881718652103e-03,-3.169155778591668457e-03,1.120644285181680334e-02,-6.520572629935057762e-03,8.593820149216091150e-03
7.767950191015530949e-05,-1.693474917841974667e-03,-1.034561804107458557e-02,-2.800428352666426649e-03,1.336217720266738573e-02,-2.481438530212805998e-02,2.621404990913355285e-02
-1.501782756716492752e-03,-1.522927695641390720e-03,-7.330361154798990114e-03,-2.675582953984051784e-02,2.700338924144672637e-02,2.564643572515934444e-02,-1.553892381960869824e-02
-9.109504105335991921e-04,-1.749150104902241938e-03,-7.237505985050244478e-03,-1.913485652668158246e-02,1.994769849611755311e-02,1.742414499950149104e-02,-8.339380468451375317e-03
-2.811941385838227347e-03,-1.470188651225188452e-03,-9.939058883782908582e-03,-2.053377110646837159e-02,-1.012801796440341781e-02,2.050797836509929070e-02,2.437499962661890396e-02
-3.551359195733027902e-03,-2.930929410182636641e-03,-1.229050337828459238e-02,-2.037396364004616378e-02,1.575346253069368971e-02,2.392091397328068719e-02,-5.276208797279956578e-04
5.050387936880549634e-03,-3.625176831957302014e-03,-1.548388446481886900e-02,-1.623439335442154047e-02,-7.011291278555790638e-03,1.158739319399556579e-02,2.571696479887742789e-02
6.378410877955179199e-03,-1.494170462931128937e-03,-1.033253648047545957e-02,-1.681552152254110061e-02,-1.329006250253677440e-02,1.093740030870775717e-02,2.461647978182147228e-02
-1.757332514301249225e-05,1.642342652248287909e-03,2.451435260004221784e-03,-8.346762851622797214e-03,1.609244605827863869e-02,-4.312143545435225683e-03,-7.509744248330093089e-03
-3.836073446387079817e-03,1.940316637005397738e-03,2.648740798088882256e-02,-1.026630151029864040e-02,2.046761438882856513e-03,1.766842458663262991e-02,-3.404053568672402164e-02
-1.422105170003143230e-02,-2.497458654834082067e-03,3.484904605297510505e-02,-4.985429247949714482e-02,2.901453071144844374e-03,3.227885416846250355e-02,-3.456550458219679288e-03
-2.142121255095336477e-02,-2.698140314062661207e-03,2.063852076933230667e-02,-3.469497956111622372e-02,2.825891369388056074e-02,1.020808093776844928e-02,-2.911829748490466657e-04
-1.941879526613209464e-02,1.141708750035586722e-02,2.220187149284681694e-02,-4.804269080993327917e-02,3.551146814803284729e-02,7.763180334460962999e-03,-9.432121399631137118e-03
8.932643422288586571e-03,1.107122299452822922e-02,8.034786009934863620e-04,-2.148970392353892478e-02,1.961737681246762677e-02,-2.098185428398491315e-02,2.046836377245930035e-03
1.679736170968060618e-02,1.675625550731583979e-02,4.316887835303795905e-03,-1.915733453936325137e-03,9.399089599891025104e-03,-4.991151180743836485e-02,4.557650609183301789e-03
4.019404993741226145e-02,1.777948392539433972e-02,8.539381015233679303e-03,-3.174177734766844838e-02,-5.422307124485453537e-03,-2.826805573424846785e-02,-1.080774671637796652e-03
1.984745251809200486e-02,1.314327792739096792e-02,1.803226674540862190e-02,-1.338245676764750376e-02,-1.528632085350930571e-02,-1.484098580520160776e-02,-7.513233764533097658e-03
-9.058039788436872582e-04,-1.184826638648193292e-03,2.649571912535643101e-02,1.857759092609774162e-02,-1.696200139445959085e-02,-1.990928986506773721e-03,-2.402974905299599256e-02
2.435534234123761660e-02,-3.155742769124408875e-02,2.567040810701253645e-02,-7.364748362819731678e-03,-7.570157698828342517e-03,4.122839480694050207e-03,-7.656256176052063725e-03
2.542613893653877105e-02,-4.226029484679662274e-02,2.544115904348716664e-02,6.201403788010109719e-03,6.068012695543776859e-05,-7.577297167341971208e-04,-1.411135733146073705e-02
2.858662843670450524e-02,-2.347187080062786493e-02,1.082452067704437566e-03,1.031831363574563405e-02,1.253927421616663840e-03,-1.023741380460643086e-02,-7.532036956536940567e-03
8.369575676749485202e-03,-1.177662685287807903e-02,-1.478037233382318953e-02,3.374838424282377430e-02,-3.962626796847315471e-04,-1.856521332638088814e-02,3.400515273193714834e-03
1.147870433063686614e-02,-5.024003924959730610e-05,-1.720550794372369477e-02,3.017028395684714578e-02,-7.232077924768283601e-03,-1.762521876979902813e-02,4.640563900566222182e-04
1.676911940138008789e-02,-9.226163071628167706e-03,-1.218520750111674704e-02,2.605101919889622406e-02,-7.489675518407713783e-03,-1.467361609277497043e-02,7.545235836512308603e-04
9.076137087875026446e-03,-1.598052135502438589e-02,-8.258071245858603082e-03,4.863145354235660911e-02,5.222560957895997988e-03,-3.593267346509444043e-02,-2.758885522150254874e-03
2.558649191863240913e-02,-1.496808877451208733e-02,-8.645906666579420211e-03,2.775256696735112563e-02,-1.045560260155254610e-04,-2.468844065039211416e-02,-4.932066768484392148e-03
3.965996676044666880e-02,9.758585558186648121e-03,-2.034538323481246275e-02,-3.948203788174561136e-05,-9.031105350025129749e-03,-2.667823663161988587e-02,6.675654935705979329e-03
5.499040228281822790e-02,2.058122006167274060e-02,-2.573018031787385924e-03,-3.222327623031152194e-02,-2.903355718304211509e-03,-3.084909018345412604e-02,-7.022882180633546571e-03
6.114990201851287083e-02,2.829696290510577000e-02,7.627300743197214759e-03,-4.923041265377838677e-02,-2.536287636380042763e-03,-4.215004806322843883e-02,-3.157417313429100852e-03
5.833928634604669539e-03,3.714059612077719175e-02,4.071616542118690341e-02,-7.123940540686359013e-02,3.373878662660137560e-03,-2.122118024806157049e-02,5.396016815696511211e-03
-2.550148383621821113e-02,2.846444398368297435e-02,4.143854507834770357e-02,-5.697889276211532544e-02,-4.439510695433099047e-04,5.138167648400868495e-03,7.883170957445255131e-03
-3.143714224736245122e-02,1.609836168946310320e-02,6.470179308593527849e-03,-1.876454340709831498e-02,7.939169437083625630e-03,9.467276698038320018e-03,1.022669852128217129e-02
-1.245624777544593505e-02,-2.825904872219161222e-03,-1.053505331560854880e-03,4.671594212576715179e-03,5.534272234531067980e-03,-2.343512570927818763e-03,8.473304103046032723e-03
1.992344272627445678e-02,-8.089511660645349808e-03,-3.457302615515037147e-03,-5.221228115606599447e-03,1.254827728003907183e-02,-2.013154691471645899e-02,4.427869300169878612e-03
5.109423294433967228e-02,-4.566420874601481369e-03,-1.051485209280497712e-02,-9.354268740470305515e-03,5.554637414586581501e-03,-4.302191567550294610e-02,1.080858702445339908e-02
5.511632478420699227e-02,-1.630818493399517665e-03,3.132767326178259593e-03,-3.455213893473379344e-02,-1.206189882200007363e-02,-1.486368281415662886e-02,4.859446953904673905e-03
4.018271599079482198e-02,-2.924494361959222716e-03,3.712249448741800160e-03,-3.854577793456163276e-02,-1.780038021141350929e-02,1.528116558448322504e-02,9.452148391460002657e-05
1.290392478751036485e-02,-3.345252142955920053e-03,4.159762938328385486e-03,-3.656806500163205936e-02,-1.403077704888527379e-02,4.224486877639835325e-02,-5.364462308763962711e-03
-7.802664000262974492e-03,-4.084203745353134907e-03,1.201707640576626891e-03,-1.613433714116275022e-02,-5.888583343320497217e-03,2.845815626621032990e-02,4.249924323312405036e-03
-2.442111673990186426e-03,-4.886582951595839878e-03,-9.918760996153266202e-03,-3.206928643476849878e-03,-1.867714719913964386e-02,2.362678985736531290e-02,1.550474160699040829e-02
-4.857896108558450859e-03,-8.710842312783772731e-03,-1.823603187370217288e-02,9.962313144321159608e-03,-1.601802334537678419e-03,7.279844311053101404e-03,1.616441517420786483e-02
-1.649405314039489564e-03,-9.208921609069090422e-03,-1.936821442981555633e-02,8.815016144949087626e-03,1.589260086342687145e-02,-2.618825581551883705e-02,3.170718016006710688e-02
1.116860758075365403e-03,-4.797054620856998006e-03,-1.626348624487720246e-02,-2.625776889540000492e-02,1.494084129970386920e-02,1.270443281299288643e-02,1.855617489036195597e-02
-6.637387471762264471e-03,-3.526837522385130493e-03,-1.494471990994403893e-02,1.083857545794364441e-02,2.216632439158228857e-02,8.054095334718706575e-03,-1.595005028015323775e-02
-1.147902323329521267e-02,-3.942379745845344015e-03,-1.259106137474774213e-02,3.155669830560554195e-02,2.502690771300968009e-02,-2.074306324026212178e-02,-7.828078424464724253e-03
-9.191092681732768860e-03,-2.792637302944863363e-03,-1.075514789595661928e-02,3.197168196774712728e-02,1.543500308971388832e-02,-8.289324989749128833e-03,-1.637848218707753378e-02
-6.256838303861043775e-03,5.698201599669371195e-04,-7.502169067129319836e-03,1.511061807096761821e-02,3.102608683266223303e-03,1.588252627187280996e-02,-2.090656581508332224e-02
-7.555842994819699388e-04,2.069172282425073544e-03,-2.137849959172731951e-03,-2.389452647437610364e-02,-2.173906253167783367e-03,1.201747314096872007e-02,1.487522156280480026e-02
4.127496756120715114e-03,3.446081136857989495e-03,4.579699797185349426e-03,-2.841223851788903312e-02,8.437818102038516233e-03,-3.493956046718021263e-03,1.131509877240453529e-02
4.055168825412457621e-03,2.597416304017286567e-03,7.485653174220799344e-03,-2.486529180534744615e-02,6.579953281742234941e-03,5.529621763482416366e-03,-1.382521543527758445e-03
3.778116389091984526e-03,3.456048099574697639e-03,8.105266340244254505e-03,-2.515429258986530761e-02,-8.843843997215897201e-03,2.363044747964091613e-02,-4.971741721470582936e-03
3.507032243213654282e-03,2.889576535389105048e-03,5.944355279076735804e-03,-2.182032470832667714e-02,-1.202239046131206926e-02,1.281580013802713705e-02,8.685950973932191413e-03
1.348021232309191443e-03,1.384607470361320144e-03,3.588924289260239740e-03,-1.290486849242636520e-02,6.153507101874957155e-03,5.955028354789903416e-03,-5.525219956169222409e-03
1.305957183353225566e-03,1.521436155933078658e-04,1.606632461878175445e-03,-2.015751024532058330e-02,1.804696155954784581e-02,2.091062524363864958e-02,-2.186480981869069404e-02
2.113722355707814936e-03,-2.784806028710180305e-04,1.655640920064488353e-04,-2.492407690606641968e-02,9.405759224173056501e-03,-9.862484531975738988e-03,2.337999636902587247e-02
1.155565023623130686e-03,-1.714097876809790935e-03,-5.405864424412634402e-04,-1.704521707002274247e-02,-1.527344137889065714e-02,6.511218741172689235e-03,2.690655900336855894e-02
2.191033104832795005e-03,-1.014301129593502817e-03,-4.096460266191412456e-04,-1.578264355164425703e-02,-3.166250396581640064e-02,2.727406897983060061e-02,1.940399258900991214e-02
1.354201193679166861e-03,5.137867662040691754e-04,-1.447850446170491920e-03,-7.566843134261483188e-03,-2.376321362855302738e-02,2.265052796253529122e-02,8.259391286566530530e-03
1.823458721808911059e-03,-5.386686869458721071e-04,-1.887870648258611981e-03,9.494746631405108842e-03,-3.443444627019152677e-03,-6.875897100869924998e-03,1.427675709879540995e-03
2.821850409160301006e-03,1.415551093839215397e-03,-1.413674411148273810e-03,-6.330818230898065634e-04,1.024492489170426282e-03,-1.557341537693616475e-02,1.235827761900429832e-02
2.614446537745348988e-03,3.740515647466500799e-03,2.812226574695412488e-03,-8.101702405207102803e-03,2.849951616890052802e-03,-1.039228745214508531e-02,6.476849480554859595e-03
1.787965647683257371e-03,5.892606709149534553e-04,-4.074832309736182035e-04,-9.344997377058808508e-03,-3.312840150358395495e-03,1.511136049451769882e-03,9.176958390340831523e-03
-1.717380698750285348e-04,-2.029157965812752006e-03,-6.511244914387447069e-03,2.151960249470517145e-02,-1.426558995245536844e-02,-4.255226011861300978e-03,5.713354419686718019e-03
3.709572549403249739e-04,-1.112779655198025330e-03,-8.385976011447939665e-03,6.296742342213760939e-03,4.668656769636071215e-03,-7.510717031872319108e-03,5.673116331728136029e-03
-3.433156027682188714e-04,-2.016948097208493169e-03,-1.004343823347592611e-02,-8.225643464629081233e-03,2.043653693067460850e-02,-7.417400928058749850e-03,7.610209395465862038e-03
1.130572147653892683e-04,-4.667161851478724517e-04,-7.008804338463855456e-03,-1.141376749375425104e-02,2.619593938640600583e-02,-3.271711393530780249e-02,2.529740535150237085e-02
-2.199319901216974238e-03,-1.855181775371213433e-03,-7.232540641510996210e-03,-1.369115492022258442e-02,2.795140036214747645e-02,-1.103333798813625885e-03,-1.869869325012061233e-03
-9.746901221075629463e-04,-1.633172691334087642e-03,-5.007880424211147256e-03,-4.627184156227873851e-03,1.890341880123337995e-02,-1.195974521164291579e-02,5.299253804290196372e-03
-3.242422292393925924e-03,-2.196925209877105458e-03,-9.017372016637222043e-03,-3.420251251348512770e-03,-9.468797561587083411e-03,1.409310261217405595e-02,1.325266571966981881e-02
-4.388567564901386421e-03,-2.586084890572314023e-03,-9.575173021342212043e-03,5.836692661959493392e-03,7.407231115524037617e-03,6.331849256098921221e-03,-3.025947556766577905e-03
2.802408905708423346e-03,-1.711073188267845779e-03,-8.772083980531704406e-03,-1.740150945930490217e-02,-5.071275540778625961e-03,2.829051277551150427e-03,2.732448198562350064e-02
6.220978618218567756e-03,-3.402777420690156814e-03,-1.629125107268819539e-02,3.335384856029676662e-03,-6.663396006866778229e-03,-5.621182648758836107e-04,1.736317929087279055e-02
4.293552499332239578e-03,-3.070550580761103069e-04,-1.341913948272368401e-02,1.758308852006749696e-04,1.115587262907747484e-02,-1.714450164077233052e-02,1.524544016796173379e-02
-5.677874325018452545e-04,2.514151710612869822e-03,5.965097244582949314e-03,-1.183740920213513688e-02,1.940755115168046538e-02,-8.481373991973057899e-03,-7.000229480266256625e-03
-4.434968321850709348e-03,1.660219856232950531e-03,2.697146041235742864e-02,-3.693697583923635785e-02,2.133418911069021040e-02,-4.005261029516989091e-03,-4.588664188676560597e-03
-1.107786286934662329e-02,-7.208314046029205141e-04,4.211593277622346226e-02,-5.867253581448798883e-02,1.439258006392373467e-02,4.988168227055271575e-03,8.974549021234875038e-03
-2.219156463019419934e-02,-8.157471867649753600e-03,3.784449797507515034e-02,-4.023251721197580733e-02,3.115956250502452049e-02,4.168831506525093149e-03,-2.591338276804978566e-03
-3.013566613802281038e-02,-4.753203217418826114e-03,3.624918586116405300e-02,-3.227352805076915548e-02,2.803787026088316522e-02,-1.370517723304179661e-02,1.658051851720530184e-02
-6.323764993467682199e-03,-4.724416912340562852e-03,2.698956245918149657e-02,-3.547061071835033719e-02,-6.056041169663896502e-03,6.948037553351398346e-03,1.863723378128960204e-02
1.239428940516857161e-02,1.929892330243238897e-03,2.550715616721842965e-02,-3.905856374076856208e-02,3.192660703924581327e-03,-2.408260005654132979e-02,2.011716519075503265e-02
-1.309748699928718965e-02,1.806852628578879336e-02,3.743734753052072040e-02,-1.445536437259376319e-02,6.817068825099508594e-03,-4.197381625346235934e-02,7.203724983934517087e-03
-2.046169011589345568e-02,2.223545670639134539e-02,3.299759550862196855e-02,1.409007341186473312e-02,-1.014213116146240636e-02,-3.300647848417604530e-02,-5.712825865346036515e-03
-6.524151710236874256e-03,2.356691488844293858e-02,2.683020757498819249e-03,2.692535974908511279e-02,-1.225536946013231453e-02,-3.158542622075887624e-02,-2.810348003898660747e-03
-3.000238184638950845e-04,1.035363310777007509e-02,1.021929384227582283e-02,1.537968888638558372e-02,-9.503823840203535003e-03,-3.411326528359527686e-03,-2.273744164940456197e-02
1.253015132489443059e-02,-4.829628905535328885e-03,2.454321803960642437e-02,-4.071387373916320745e-03,-1.018520067635119049e-02,2.982328372855224362e-03,-2.096948078155332768e-02
1.508859836329360174e-02,2.062139567182256182e-03,1.736110377017000342e-02,-1.942067592020331425e-03,-3.503245906964132586e-03,-2.740763445622568587e-02,-1.658893745435758302e-03
2.944344902520199675e-02,9.749768385109769397e-03,3.240053802443100366e-03,3.265006612210080792e-03,-4.987351143869384398e-03,-4.040008938390286103e-02,-3.108372971925339886e-04
5.317011973400088964e-02,-1.854804369112301966e-03,4.951169895736031411e-03,-1.049250796755538291e-02,-4.012155734183663405e-03,-4.008213247542541380e-02,-1.679689083460058144e-03
6.092201070030732468e-02,7.445905618392578522e-03,9.996811749072899173e-04,-3.922045482372028824e-02,-4.108684996243204719e-03,-2.038536738257774178e-02,-5.653090291066005871e-03
5.517090249105895128e-02,1.829905722457233000e-02,4.179243564870913953e-03,-5.064364678547237514e-02,-5.586549764475293514e-03,-1.224598903489646992e-02,-9.173017695657939563e-03
4.064407553405676582e-02,3.024172478826124555e-02,6.683385922529747059e-03,-4.878199037816288719e-02,-1.063132119775996032e-02,-1.343776185191957427e-02,-4.718112817005282872e-03
3.693007652694429294e-02,2.292735172359404092e-02,1.317245742061205933e-02,-4.001032973209125987e-02,-6.240781801815079542e-03,-1.326313039112938900e-02,-1.351564374611478013e-02
-8.924153675063647984e-03,1.236064154087004006e-02,3.818117310725011038e-02,-1.414098126051312534e-02,2.274127054119719476e-03,-1.679940794421775144e-02,-1.295139882244538895e-02
-3.737570188042804720e-02,8.958492646703918039e-03,3.812831359357300026e-02,-1.444038496370234114e-03,-8.894489381678057430e-04,-1.119201381175648907e-02,3.814396886445680594e-03
-2.951893827043747601e-02,3.180633612195414139e-03,2.446709305665647344e-02,3.578967859254066400e-04,-5.413015290667994202e-03,8.010260221241212800e-03,-1.083930114912997397e-03
-2.718147377403809517e-02,-1.712432519757159030e-03,2.024200277580852358e-02,1.121058588881722502e-02,-1.263643760420593218e-02,5.233374824455558350e-03,4.844380408919779675e-03
-1.970410050843832833e-02,-3.883184507462152189e-03,1.159747818148602720e-02,1.197891288947545117e-02,-6.641860653961286463e-03,-2.396740539194743610e-03,9.049495138095085128e-03
7.555975332246468550e-03,-2.606174124703640373e-03,3.465965320247363455e-03,-1.115335901621816554e-02,-6.307386707619585219e-03,7.772362061864721353e-03,1.272617134182862280e-03
3.670221082759363151e-02,-3.154003652192604451e-03,7.277959980655375125e-03,-2.172303793875641001e-02,-1.081312473330475928e-02,2.034989047687749651e-04,-8.493503388764095038e-03
3.308935900349892906e-02,-7.160368977096032844e-03,1.158980222726382729e-02,-4.005468607599261405e-02,-8.897072552523421773e-03,2.166231576039419696e-02,-1.022934938554485862e-02
1.524268834165976895e-02,-7.215122641626087359e-03,-1.638273367213951073e-03,-2.088728597836390574e-02,1.330586886690459042e-03,1.141236940657973896e-02,1.755037352273908268e-03
-2.922899922367973302e-03,-8.915662007074273004e-03,1.154319114264342958e-02,-2.450329557077597382e-04,-8.617716170463784672e-03,-8.122069377908101503e-03,1.728018929087840952e-02
1.891013532721909102e-03,-8.957777379191433562e-03,1.509479411437133047e-03,1.838290469019453503e-03,-1.509807417806883004e-02,8.545901511502737580e-03,1.027116663257904294e-02
6.326898127241867504e-04,-6.458740019159732101e-03,-1.633269436175553702e-02,-7.502291005798237232e-03,-4.546886800694851767e-04,-1.685687626938155636e-04,3.028429301675266555e-02
-2.128861029038985747e-03,-7.994048201065480364e-03,-1.915564953872519668e-02,-2.447683598524815624e-02,1.893621795299188851e-02,-3.091117421737144336e-03,3.791029422282309047e-02
-4.626250451105807376e-03,-7.086904857748422409e-03,-2.023304037830685881e-02,-1.039299582715484151e-02,1.237393175065028218e-04,1.725396935284101776e-02,2.496148284396847161e-02
-4.896272457181434327e-03,-5.474617353552684723e-03,-1.866012805694909973e-02,-1.699557397345994106e-02,1.126601426554253195e-02,2.476010966884995348e-02,1.000046790675069089e-02
-1.190108039038907488e-02,-5.574982730861050527e-03,-1.683736734880750610e-02,1.906329149363511499e-02,1.284716758113690731e-02,1.373104385746690484e-02,-1.132807246218126181e-02
-1.096774294990870285e-02,-2.858550600262220638e-03,-1.105336165880731886e-02,3.239581908272696348e-02,-4.470444724681666739e-03,-1.008729115461613063e-02,7.041572005549052819e-03
-4.335264979051707025e-03,2.688959653211345571e-03,-7.633810651367122987e-03,2.046896771860632833e-02,4.066314944471458200e-03,-1.102732590469470558e-02,-4.227840781175567879e-03
-4.267375803107510517e-03,1.718449466063195997e-03,-7.567031292279646770e-03,8.572631796524173703e-03,8.433641192499207948e-03,8.968911815888396433e-05,-6.980004477858354171e-03
-1.173514411710174917e-03,1.555293225196372310e-03,-3.947630817063391487e-03,-3.674951612838777554e-02,1.209952619217759782e-04,1.130063139829186845e-02,2.889374147175132260e-02
3.840406765900311690e-03,2.480991499005316334e-03,2.456847899697989137e-03,-1.735925187742709194e-02,-8.065033362945409068e-03,6.393350465156774978e-03,1.025268861061214704e-02
2.567998599825559603e-03,3.350430000700143664e-03,6.326534228819070439e-03,-1.375578736454096188e-02,-1.357334723839789467e-02,3.990536220677081032e-03,1.109363555291702913e-02
3.225176519700683701e-03,3.386211678890304298e-03,8.220198596273759276e-03,-2.287045617448522569e-02,-2.681105952190375452e-02,3.351576613996362641e-02,1.334162761560786069e-03
3.021141399262101436e-03,2.732337547714640182e-03,6.450924881546826230e-03,-1.525274062529029424e-02,-2.485287907397623966e-02,1.475181050711864804e-02,1.314940536362434187e-02
2.356849723054082468e-05,9.996854077673512917e-04,4.693566072742402957e-03,1.718079949303897083e-02,-1.216021127935391563e-02,-4.914924669382229536e-03,-5.822483522043159394e-03
1.846728333344108185e-04,4.742150908408384311e-04,2.384507604490068364e-03,2.486293132560491587e-02,5.327009923396548198e-03,-2.540435318685371410e-02,-7.828983590813095791e-03
6.736443113524295866e-05,-7.957104790688601941e-05,-2.224283007722153939e-05,-9.798366017074858214e-03,9.092320262788429128e-03,-1.903126344490312788e-02,1.977175864603840025e-02
3.837376572893806811e-04,-1.574664322056798255e-03,-1.455929498531309887e-03,-2.006577837352961288e-02,-1.592291127093647040e-03,-2.989864303099110110e-03,2.729478996702097704e-02
-6.252739330375781633e-04,-2.406012604993705648e-03,-8.730143700419760924e-04,1.372981583926241459e-03,-2.402208867230476441e-02,1.493367765549173838e-02,1.161973034096003971e-02
1.692648940861337997e-03,-1.291096990386140109e-03,-1.410656607294925001e-03,8.005555392276953244e-03,-4.149259660894281249e-02,2.712953880829665002e-02,7.366607065188993803e-03
-7.223364986941853026e-04,4.539657341300640529e-05,3.750498375777154569e-05,1.918464591870172944e-02,-2.112461403003260824e-02,1.124277393533888985e-03,1.455125659320461329e-03
5.234338391503714919e-04,8.105182960692556811e-04,-1.584068438416042185e-04,-4.437501836041523283e-03,-1.254203046451885049e-03,-1.572063862542001427e-03,6.088223453657354983e-03
-1.602031433855571766e-03,3.675905437354816570e-03,6.208751689974131849e-04,1.831924603561073395e-02,-2.676861209029757042e-03,-3.184696937634085706e-02,1.350983537726312654e-02
9.822987950619214027e-04,-5.971898358852258679e-04,-2.377000901988156247e-03,2.078946880413559337e-02,-1.636642454041033201e-02,-3.808004126041013813e-03,1.376851805127276814e-03
3.113497160691266726e-04,-1.663131110515381119e-03,-7.742173666028378046e-03,3.446379096953740284e-02,-1.311642091039323492e-02,-1.276244665313027056e-03,-1.097717033335657635e-02
-5.990668229793795095e-04,-1.620745559738511875e-03,-1.053977081268771265e-02,8.406063854942105035e-03,7.292725183661343848e-03,5.174981651682649189e-03,-8.114187494880515175e-03
-1.081589438924784093e-03,-2.314671181525472087e-03,-9.379362609951669497e-03,-8.497356164866364664e-03,1.189416524564432774e-02,1.215020650193826546e-02,-2.771392352314325843e-03
-2.396796107608985607e-03,-8.902552916714126692e-04,-1.031050557575931975e-02,-1.281531616316346558e-02,9.512516187147400382e-03,3.314053951999289369e-04,1.656895155585582508e-02
-4.544435465487915021e-03,-1.928706181035454723e-03,-7.822113338931098794e-03,-1.456268941395284615e-02,1.370775672348369459e-02,1.345438160989685140e-02,1.695806066026692583e-03
-1.672203368696141904e-03,-2.124697804860481258e-03,-7.893120255279858014e-03,-8.939266900746086625e-03,3.793700389790957434e-03,9.368905148477935096e-03,7.466682791313723408e-03
-3.749487713575142683e-03,-1.063426496467960404e-03,-8.438262346835416483e-03,3.228528997770914975e-03,-9.372306010465852530e-03,1.251916301533061810e-03,1.814303726804037536e-02
-3.307189767708038509e-03,-1.398037456603703826e-03,-1.095790732984379748e-02,3.614120605739643086e-03,7.653523083154675603e-03,-4.329249349323638016e-03,8.724740214584846346e-03
-1.991856060748629399e-03,-2.432610347440140441e-03,-9.448665969769504472e-03,-1.655528693763459736e-02,5.632098578281276476e-03,6.097673466442886771e-04,2.418655339066731400e-02
9.849509928087907523e-04,-3.572677093025586163e-03,-1.461651300602724406e-02,-1.498902324106429762e-02,-6.139305471061123117e-04,1.903476274293720502e-02,1.377243015147721142e-02
9.224725164895284518e-03,-1.516141835328387770e-03,-1.763483123795723390e-02,-2.657346099979964252e-02,6.810017155161028797e-03,-8.134623078773228072e-03,3.782431483180235393e-02
-2.702357006817370302e-03,2.565469484366731854e-04,-1.679952315599123405e-02,-1.422537641408710800e-02,3.074256331486833679e-02,-1.672507098347493851e-02,1.945321729706553371e-02
-2.586869056361715529e-03,3.389118205374971687e-04,1.633767688068961561e-03,-4.127475463491343116e-02,2.652379866497937833e-02,4.709542378801615664e-03,1.065560313888771690e-02
-1.881654705858405762e-03,-2.009352894024092010e-03,1.012062124061631832e-02,-6.728122157067990827e-02,4.646786459621706639e-02,-2.041922812160505696e-02,3.500297145533436821e-02
-1.128717119974613319e-02,-2.278458634505696814e-03,2.284878502975126388e-02,-5.771772152963326741e-02,1.651945739406186428e-02,6.618562990642523451e-03,2.529654594942958717e-02
-1.208406370003943520e-02,-8.202562650554280198e-04,1.300735182206938685e-02,-3.938662679521699045e-02,1.667419502843503227e-03,2.197717612947399160e-02,1.563899930592520249e-02
-2.063805786785794655e-02,-9.950243084589865603e-03,3.038872134375036893e-02,-4.015189898635573851e-02,-5.874328818004969158e-03,2.390984560743506307e-02,2.231596180562295945e-02
-1.965920528184256916e-02,-9.707506110259674081e-03,3.425112855813508550e-02,-5.594307100185473558e-02,-2.351631165938900935e-03,1.797514581221389476e-02,3.543513918954688952e-02
-1.888581786856713407e-02,6.310629077069614470e-03,3.375478069817750698e-02,-4.097564927944559454e-02,5.603746275732174667e-03,-1.543871828880015104e-02,2.963102938583364598e-02
-1.206148793091492248e-02,1.063935331270854379e-02,3.142683660352698499e-02,-3.658667202999805329e-02,1.506336078072945117e-02,-2.431513285511631428e-02,1.583374211906415918e-02
-2.502714200463713665e-02,2.855567552436980711e-02,1.948690281479560638e-02,-2.323891323909975035e-02,1.144023807262443092e-02,-2.274885457419321619e-02,1.153209340614030562e-02
-2.275112234738480357e-02,3.086398252625736568e-02,1.258408457127943580e-02,-1.997349784782935164e-02,1.821799717470138150e-02,-3.112552959063831157e-02,1.218408551361435839e-02
-2.647011455063507171e-02,4.222945024640078343e-02,3.292586523997218569e-03,-1.646265254717251686e-02,1.807611895990263520e-02,-3.151684880177201692e-02,1.085146016927903204e-02
-2.788085811593167193e-02,5.596975836977842456e-02,1.405054641903794553e-02,-3.043773840414684337e-02,9.607670647190046792e-03,-2.054776527789788781e-02,-7.616136380301422428e-04
-2.775077991715613548e-02,4.676210870337855346e-02,9.219999442719879409e-03,-1.134964252991125383e-02,6.165809443443472440e-03,-1.667003330576575029e-02,-6.377461836708861118e-03
-1.686903761422929582e-02,2.046348738269954115e-02,7.899929437701376858e-03,-1.127320763798873166e-02,6.335020575630473209e-03,-2.108134131059528904e-03,-4.448058012753798411e-03
-2.732522445107188683e-02,1.247196061712298534e-02,1.700515399588152163e-02,-5.878127027472497719e-03,9.446773998766018129e-03,1.013644983674796309e-02,-1.585698696997405246e-02
-2.073593259374668929e-02,1.107356299577898912e-02,1.925582221521591683e-02,-7.584891148120196519e-03,1.318254703853214251e-03,3.028369520738527325e-03,-6.355185693719685169e-03
-1.490820595921218787e-02,1.063498850425706986e-02,1.484019406068510724e-02,-2.784069236655868206e-03,5.712527423393697068e-03,-3.977425020875884933e-03,-9.518009771591963084e-03
-3.227779810712783776e-02,7.614447864902585197e-03,1.503617094302351666e-02,9.604598449626982129e-03,1.897973332769700965e-03,1.415320669518124914e-02,-1.602859917837626963e-02
-3.127354587607703712e-02,-5.847932131052883085e-03,2.152314393368112352e-02,6.947941204503535646e-03,8.635186406314870194e-03,1.446745629406337441e-02,-1.445224983143292459e-02
-2.232688552689317263e-02,-8.617804506461934633e-03,9.573078974588840676e-03,-5.111167662790822019e-03,3.380405748336415359e-03,2.546086415748262388e-02,-2.358491184261958876e-03
-2.504383584305020297e-02,-1.202934533478265851e-02,2.588651991716448691e-02,-2.805075429900606362e-02,1.081775880237618136e-02,2.312446551908428974e-02,5.295191238213868209e-03
-2.709236189310189682e-02,-1.359583431938240529e-02,2.325155102955456243e-02,-1.706779131164746360e-02,8.358195136694571148e-03,2.229953346739051850e-02,3.846707890492157434e-03
-2.701543843225987646e-02,-1.255114887869704030e-02,1.651858276518305968e-02,-1.047483685921062925e-02,1.609986706078037283e-03,1.488154258981880078e-02,1.703131210908775256e-02
-1.541051994030423304e-02,-1.118384338526560301e-02,7.020563218891212078e-03,-4.438563459580789302e-04,3.075867640212521376e-03,6.479810972880125329e-03,1.046197783954406352e-02
-2.404639119180186201e-03,-1.221711690669495531e-02,6.878558040346622639e-03,1.421616400231546368e-03,1.150269873290618063e-02,-2.255416741918967599e-02,1.737305027158047091e-02
1.907493265617542233e-02,-9.418274627774623001e-03,1.968012314692657941e-04,-2.109866675228314059e-02,-2.286985468790929312e-03,-1.299331064442896082e-02,2.652550360563280321e-02
1.001498382317411381e-02,-1.026473490534275841e-02,-1.807024603748289601e-03,-9.156526100352679193e-03,-1.249225433107736816e-02,-4.005798977189212878e-03,2.771135509453613588e-02
2.562006590533762000e-03,-1.151770024308216255e-02,1.931088885664034808e-03,-1.502421818645231083e-02,-2.440782880727152947e-03,-8.551470758852833254e-03,3.304107659291666277e-02
4.870792807113990749e-03,-9.801409345641236628e-03,-1.527419828806403021e-02,-1.164784023833848395e-02,4.619238150410861186e-03,6.332535402137482415e-03,2.090088151238138695e-02
-3.646103595417091430e-03,-6.961366745740360171e-03,-1.727363189091287582e-02,-2.955415479142802296e-02,1.757566008638074967e-02,1.722737134343257015e-03,3.813685980277431442e-02
-5.180815977344039973e-03,-8.682651233084008255e-03,-1.460491905546838776e-02,-3.023111540180936641e-02,3.775477318086638365e-03,1.196769805802402539e-02,4.295632629159500115e-02
-7.966328466098142672e-03,-7.021485231762835538e-03,-1.447570759715494440e-02,-2.575969521973139886e-02,-2.871955586325989317e-03,3.037710800175061343e-02,2.771806409932274506e-02
-4.167895190971842093e-03,-4.868881715764519953e-03,-1.343010015577409191e-02,-1.666938268748646007e-02,-7.549011999400692631e-04,3.333968057200141499e-02,6.551480377935499887e-03
-9.577866336006518599e-03,-9.424022638917649471e-04,-1.110957546325646791e-02,2.843366682106924712e-03,-1.143466874933445586e-02,5.845269297168692590e-03,2.437587683321366244e-02
-7.338020376077392971e-03,1.256902755825937273e-03,-7.479931484580070941e-03,-2.339883550749335527e-03,-1.060020338763674290e-02,-1.361664633565090252e-02,4.011778237886848980e-02
-2.495370739195839314e-03,1.798183299329938079e-03,-5.097975574219234043e-03,1.904233342369607285e-02,7.486911270905627965e-04,-9.416052820283573113e-03,-4.579808716417919229e-03
-2.603536062514657991e-03,1.067177258257066656e-03,-7.540456680155811081e-03,8.096104682500710262e-03,6.737631277937273892e-03,-1.450179317634859959e-02,8.744872700324066855e-03
3.138284993237792008e-04,1.706494827979727989e-03,-2.289495783956773528e-03,-3.043590113622549401e-02,-2.338689942765196511e-02,1.639072247515067568e-02,3.770125054537992043e-02
3.978644983577575220e-03,3.811459054739213710e-03,7.810772338908482338e-04,-3.581117478985554325e-03,-1.246745003185794308e-02,-1.243270571722986627e-02,1.991009195586572467e-02
4.226128088697343743e-03,3.459074012317346278e-03,3.235430451166523488e-03,-9.662341051979989395e-03,-8.672326783050399862e-03,-1.627348795861869798e-02,2.368752324146781302e-02
3.889900641612870861e-03,3.148643675686386197e-03,7.632099446896257675e-03,-1.610607071731139095e-02,-1.639787489863039904e-02,3.025774892624706093e-03,1.480752695912153534e-02
3.252674759827484455e-03,2.867142672903736679e-03,7.612031034256112709e-03,-3.700243110219758429e-03,-1.737571995307587644e-02,-3.104426144971256761e-04,7.654557210805432339e-03
3.123772701358718852e-03,3.296796863070168993e-03,5.884649582489030577e-03,9.100819583364365070e-03,-1.820218771987562253e-02,6.353913774583315336e-04,-3.839242387865002791e-03
2.387630931817682437e-03,2.577263395629198449e-03,3.415636688597069662e-03,5.273889935805930497e-03,-1.181584565931007892e-02,2.656406769032365178e-03,-4.494982061572142147e-03
2.491537477544306448e-03,2.037450684840833460e-03,2.364505695058441177e-03,-1.462901636464202133e-02,4.005957073143520848e-03,-1.445305871315211328e-02,1.818262414720698064e-02
1.805099676659989872e-03,-4.203903174556069731e-05,5.553684880175992992e-04,1.784360196968422935e-03,-7.175688879122454900e-03,-2.243962749514504234e-03,5.316862298736493332e-03
2.558515701948206947e-03,-2.249558067745886401e-04,1.959870249093513344e-04,2.512280744730471110e-02,-1.921294179676064431e-02,-5.501650938938638935e-03,-2.937761631688292491e-03
3.457857982680335486e-03,3.971426735356592798e-04,2.105080360702427621e-03,2.123239078207498493e-02,-3.544290959038878114e-02,2.012223622996490296e-02,-1.187179843856959495e-02
2.043115285734926033e-03,1.414570341342385974e-03,3.645249500661303793e-03,4.969610205272386588e-02,-4.332096411783437767e-02,-1.053113813595811001e-02,-2.946934926670067081e-03
3.863099131109878643e-03,1.226804487798012879e-03,2.890412808767805521e-03,1.324370768153601031e-02,-1.294106667111946836e-02,-2.577543359603961040e-02,1.749247615794735644e-02
3.172575369877734738e-03,-2.852527961431127384e-05,2.011189565480754268e-03,4.592354415912493215e-02,1.146732314424831790e-02,-2.915222346897389238e-02,-3.339388349014354995e-02
3.630519993601122840e-03,1.167769706251594458e-03,-3.740417912969288931e-04,5.568917101610931786e-02,2.640992085823119784e-02,-4.172229266899508265e-02,-4.480104711390123229e-02
2.684218540687644764e-03,-6.238184738694269298e-04,-5.014728264283640526e-03,4.691789370794464953e-02,3.692567037244651879e-02,-2.688401582584303354e-02,-5.400522005708282419e-02
2.784473017750607824e-03,-3.292019803999863409e-04,-9.205968342596170320e-03,3.964939534093073897e-02,2.507690136721351173e-02,-5.880686053787080678e-04,-5.738753079751991726e-02
5.860855906678568263e-04,-1.438840140059251564e-03,-8.852080139232311462e-03,2.722534264324362463e-02,1.671291025040101685e-02,1.530578579027005656e-02,-4.953920399529092994e-02
-3.437535396460991016e-04,-2.221773128664281561e-04,-7.670207037191096623e-03,2.535280210010225355e-02,-3.917632990414292131e-03,2.953856091347692100e-02,-4.273759213346135788e-02
-1.248604572442232018e-03,-2.028268435862702872e-03,-7.070837643509843458e-03,2.951108172789934994e-02,7.339378012056339134e-03,1.540139142981380993e-02,-4.190414051795473410e-02
-1.326256951354469211e-03,-2.701954130581957041e-03,-1.048698085352721757e-02,5.996191244284722333e-03,2.227403381488128262e-02,1.161461307075770631e-02,-2.536964619445998201e-02
-4.247807078636780392e-03,-2.606665048753248164e-03,-1.566648347258810942e-02,3.141690194075033582e-02,2.186368849126969771e-02,-1.403110885525900992e-02,-1.672852597678278069e-02
-3.142793552501534603e-03,-2.640427188152270118e-03,-1.748032456724367759e-02,2.606687996839285315e-02,4.315288502994599901e-02,-1.222383959970890083e-02,-3.373238009073251109e-02
-3.447548659783296505e-03,-3.912272713662145497e-03,-1.745508628659335829e-02,1.856078887598767296e-02,1.543936487854778890e-02,2.097666470939218639e-02,-3.016191080388884102e-02
2.359266250899501750e-03,-2.825151821536334758e-03,-1.710588890412793189e-02,5.363320512072835070e-03,2.434060224358446795e-02,2.115004188477610444e-02,-3.328219016566849597e-02
3.812605451992774966e-03,-3.156551696530351687e-03,-1.901378424949674850e-02,3.765177703756219380e-02,2.751376964679232151e-02,-2.203972325390415182e-02,-2.476809293641613757e-02
-5.552976296678488466e-03,-3.385096624990221667e-03,-2.121435111493567144e-02,1.470812361282374144e-02,3.932098976688776920e-02,-1.236636477068689573e-02,-1.151032457242035303e-02
1.814131154781489785e-03,-6.179062964444719322e-03,-2.106882726499269276e-02,-7.732106904825156515e-03,5.794729856850572292e-02,-1.242732823692646940e-02,-1.235410435209817644e-02
-7.036010168403725520e-03,-3.691639151133568799e-03,-1.198662920148123312e-02,-3.953522616302801440e-02,4.624917783289229228e-02,3.073740069760492674e-02,-1.473707384645049981e-02
-3.250093910870441045e-03,-5.570315738797036731e-03,-7.640893332879652826e-03,-2.539556916978414486e-02,3.783529282399995114e-02,1.286971623258433180e-02,-8.848136904252930715e-03
-5.605120645822378976e-03,2.301596198350967857e-05,-1.764040548032008021e-02,-3.132928862110368612e-02,5.021966578241656570e-02,2.622675094766149448e-02,-2.189461794481538728e-02
-9.603539858227884071e-03,-5.429618341075833146e-03,-7.241644684701198723e-03,-2.555266812340859298e-02,4.204217020579351094e-02,1.988744300279990732e-02,-1.410214220117995791e-02
-8.928824134537998933e-03,-5.718082588520869390e-03,-2.464880837288778697e-03,-3.824195902537966957e-02,2.683926494543256366e-02,3.298274941438406743e-02,-4.468267774089309738e-03
-1.479227425532611898e-02,-1.053555565051093899e-06,-4.137062842925625511e-03,-2.840854517811435345e-02,2.027150290038387884e-02,3.976316885955027969e-02,-1.269573592800297968e-02
-9.949068981211393534e-03,-1.897137319674134731e-03,1.057838161740287490e-02,-5.253255885633112410e-02,3.415686044444175146e-02,3.991803151018052942e-02,-2.027450841480867016e-02
-9.141214589249303801e-03,4.326259081868774614e-03,2.539601574774964874e-03,-3.217442254509443600e-02,3.245754014913777158e-02,1.592130691747246571e-02,-1.392907058891011164e-02
-1.312100584620207351e-02,7.612882971859909892e-03,4.736682529998789519e-03,-1.640946460023313611e-02,2.177524146377497055e-02,1.109260193603551006e-02,-1.568693845523402852e-02
-1.017418921940679323e-02,4.873290903898410071e-04,8.062202582055019717e-03,-4.397765308431075132e-02,3.876157567871219706e-02,1.278025652238704533e-02,-5.939521569826601392e-03
-6.499962812840234111e-03,1.405963309813946724e-02,1.245777943030009979e-02,-4.155792095610246623e-02,2.518493991960886122e-02,1.420796837248863159e-02,-1.785243705159426236e-02
-9.211462015195999095e-03,6.127297845607357222e-04,1.272631405095948215e-02,-2.795964045643009252e-02,2.655545487413003836e-02,2.232762180781057079e-02,-2.505101804583462557e-02
-1.842259968706573200e-02,-6.311188536476849617e-03,1.524210166050838158e-02,-7.330683291690685659e-03,1.609683672945411842e-02,2.392325764300404570e-02,-2.319772451773325500e-02
-1.995590054369553515e-02,4.572582913413720043e-03,1.021413166539523847e-02,-1.734222235703643603e-02,3.182219389287863076e-02,1.703672109167224044e-02,-2.634750666262791752e-02
-1.395359607884366290e-02,7.956546230322610047e-03,1.152645154304239410e-02,-3.793145912020724070e-03,1.155852594369804164e-02,1.130239100835167369e-02,-2.459717273455028219e-02
-1.878676869884769382e-02,8.266532345520109099e-03,1.315887471013895034e-02,1.220110827073402938e-02,2.549529507571070969e-02,8.457025404671308358e-04,-4.118074424372340087e-02
-2.225687210754399500e-02,1.041751409827124949e-04,7.600672949334496588e-03,2.738600853687893008e-02,3.290565175794415986e-02,-1.582257058295838317e-03,-4.415737921930047716e-02
-9.380506639999893620e-03,-1.086309143940447641e-02,-4.061592367863649418e-03,2.548441890127060155e-02,4.474234456625414413e-02,1.896742108772018825e-03,-4.781831512902879472e-02
-1.773526876982052872e-02,-1.484723495050280055e-02,-5.581368360440736032e-03,5.897770014475493122e-02,1.607476451125598726e-02,1.292815364639000007e-02,-4.981674622163667632e-02
-2.094521909092840126e-02,-1.693887226221598569e-02,6.359277932713800277e-03,4.329341085770349595e-02,2.277011540863717667e-02,-1.159007725597929923e-03,-3.337970512031211007e-02
-1.723912673382227423e-02,-1.415490017989029167e-02,1.939259750318413338e-03,5.431727772352960143e-02,-7.857506555704807036e-03,1.310567609197559741e-02,-3.011068009640638712e-02
-2.170329256662467676e-02,-1.645187906060556829e-02,1.435911392696060003e-02,4.693722609785042771e-02,-1.062324043186566383e-02,1.350856237950672119e-02,-2.602649034522179841e-02
-1.124207452586571850e-02,-1.224737649695099503e-02,5.582750528497756014e-03,3.940850131273220674e-02,2.882184071715620296e-03,6.341173562079127461e-03,-3.072515845220780834e-02
-1.408024715792225746e-02,-1.058171696971941210e-02,2.955947126486123226e-03,2.945190898030169632e-02,6.389310964511269939e-03,1.397017149729272954e-02,-2.810537444095009135e-02
-3.987396536522511137e-03,-1.113402507483924643e-02,-7.268973929051790982e-03,1.966568802092398885e-02,1.728367115468910659e-03,1.431308326411337428e-02,-1.331674286009267884e-02
1.283125530573204489e-03,-1.243018424817751537e-02,-7.949467507459465065e-03,1.015830188926532089e-02,-5.633410955682034531e-03,3.594681895618569850e-02,-2.137518366470521694e-02
1.661594779227217869e-03,-8.903069997461630219e-03,-9.082390802247536712e-03,-3.556264848259949648e-03,-2.879285903920609461e-03,4.179774064026919173e-02,-1.903832386760647213e-02
-1.091556893017668530e-03,-7.276373632747097815e-03,-1.071755976644306677e-02,-4.855033769070672515e-03,-3.191997790210588173e-03,5.390528553526887506e-02,-2.677276368377980165e-02
-1.704270744474804854e-03,-6.972532472106246493e-03,-8.466861630509785880e-03,-2.355883070837707857e-02,-1.737135603414631177e-02,6.589069128353021443e-02,-7.816839693916222132e-03
-2.129771243329609855e-03,-3.379961058749775347e-03,-7.497973712168675385e-03,-3.234255359147515663e-02,-2.160591046667991247e-02,5.991460604717469690e-02,7.041564025228359489e-03
-1.660989366840860291e-03,-7.221565939335177669e-04,-4.049435823131160989e-03,-1.725408052414245316e-02,-3.552175583002538384e-02,6.566790802064326193e-02,-6.459489882569931750e-03
-3.799828787832654577e-04,9.102114445701964826e-04,-6.963499079405632841e-03,3.129857659167365608e-02,-4.113267881696242023e-02,4.878290349073815396e-02,-3.251553075183052227e-02
-6.645023680045616943e-03,8.175012963794352000e-04,2.028987415911657151e-05,2.719559540279036305e-02,-4.059108786472524766e-02,3.195607084524453717e-02,-1.275334587380261286e-02
-3.574192985363169438e-03,2.902550734142089403e-03,-9.743963388260403445e-04,2.749011583083805013e-02,-2.777343803468420441e-02,1.282786572999604531e-02,-1.089850493610276805e-02
2.128875985254596783e-03,2.774578766321025066e-03,-2.912951125826682402e-03,5.222633905508537733e-02,-1.938668377855335551e-02,-1.187741887761087876e-02,-2.295274002467018182e-02
-9.090877143660437958e-05,1.503642248718248383e-03,-1.050257711540387995e-03,1.896745539261296062e-02,-3.868779303753924759e-02,2.670262811554985002e-02,-7.344766236364812240e-03
2.100615519177612047e-03,3.866840269812595737e-03,2.541023020794661025e-03,2.473122718734663272e-02,-3.557699624442992731e-02,1.611528830910172183e-02,-1.377799806180319241e-02
6.209187141197522984e-03,5.163323692502548405e-03,5.535607996210409852e-03,4.063117372891510842e-02,-3.380366767973389669e-02,-1.154659479817611925e-02,-1.218903008091552949e-02
5.733240121193717079e-03,3.815073791131296313e-03,6.372364895509737698e-03,1.695676416844412240e-02,-3.203140187445826376e-02,1.753037608331016808e-02,-1.837641718513073619e-02
5.668458328472646135e-03,3.367061318365993476e-03,9.711658786586113701e-03,3.029946846242922640e-02,-2.134618648503051885e-02,1.872347954833356379e-03,-2.957280836565675738e-02
4.831104750237813841e-03,3.539856057181751166e-03,1.037003186864424858e-02,3.971262119953842401e-02,-2.162810959895044433e-02,-1.211224743866243236e-02,-2.471325683798938563e-02
4.408214543026660673e-03,3.407875843822855653e-03,9.685124732150848445e-03,5.495395667944520668e-02,-2.538949311359527464e-02,2.181243519943702920e-03,-4.924692220479413157e-02
5.437957890091773931e-03,4.440028643529997897e-03,8.721857181249414309e-03,2.723295861205088028e-02,-2.437592684263252540e-02,2.109027964387963014e-02,-4.254715512816902023e-02
4.986408286732355206e-03,2.872484168019938909e-03,7.824371723038235291e-03,2.306312823024390599e-02,-2.261947061721940669e-02,1.924473191566157537e-02,-3.537165370647666479e-02
5.236947508048362537e-03,2.090838073900701775e-03,6.971602276545581060e-03,4.460182560454637596e-02,-1.099793182810056627e-02,3.418323660198993694e-04,-4.824511400096026525e-02
6.374264426535481559e-03,3.009209754295936144e-03,7.987455089377346745e-03,4.575706473353456649e-02,-7.038272245037043538e-03,8.985895361391840752e-03,-6.507561712009821142e-02
6.075938837803311447e-03,2.498911319762805137e-03,7.018007037734579068e-03,5.990719548143651207e-02,-5.741714356196791005e-03,-9.438150793383264653e-03,-6.032018752715720411e-02
5.429708507593888900e-03,2.577673384274089922e-03,6.499801440828009876e-03,5.332901152648159698e-02,-5.093563065156567378e-03,-1.752716332637671917e-02,-4.521546846764436939e-02
3.325486035963366727e-03,1.983039872661120041e-04,2.791231371000916107e-03,4.669052474892426696e-02,-4.586139139437837506e-03,-1.569558988077772790e-02,-3.272381712293918193e-02
