1.191760068172454702e-02,-6.370299698739173566e-03,-2.872630890711866825e-03,-6.822728282670978764e-03,4.148058190397455221e-03
1.340939394936405994e-02,-7.766369472584572567e-03,-4.216393695143954255e-03,-7.146126748975253386e-03,5.719495967339685571e-03
1.386654161786528804e-02,-8.164063824842422712e-03,-4.469589817222350929e-03,-7.363165059049125473e-03,6.130277083248632762e-03
1.162002771593316670e-02,-8.118673759348929084e-03,-5.160319143990386472e-03,-4.521197449038736986e-03,6.180162636444894511e-03
1.176140741214534366e-02,-8.076677954432650089e-03,-5.229638805941137607e-03,-4.571066231596107240e-03,6.115975579824558216e-03
1.171896389208741326e-02,-8.083971699657948456e-03,-5.145231854482354775e-03,-4.589765874776456124e-03,6.100005536829374714e-03
1.212567574384165042e-02,-8.107195747254316784e-03,-5.939633199688249161e-03,-4.187581082162370773e-03,6.108734285263272418e-03
1.180056991417571290e-02,-8.080318840270836814e-03,-5.734188669907319159e-03,-4.021990996939312814e-03,6.035928592941781044e-03
1.129371078160634062e-02,-8.042842831723757274e-03,-5.408971875931814326e-03,-3.265753696282246848e-03,5.423857622331483899e-03
1.073307328214636279e-02,-7.983448447804271722e-03,-5.039955111026724749e-03,-3.239583704804910487e-03,5.529913981489551975e-03
1.100020215223324570e-02,-7.919455877240851732e-03,-5.243322889554889732e-03,-3.298825343852229263e-03,5.461401958414715055e-03
1.034348660701719935e-02,-7.836040061479985011e-03,-4.650486696535654357e-03,-3.274281337114844700e-03,5.417321488113273874e-03
9.427983951745754279e-03,-7.741301659766150478e-03,-5.038281969547198959e-03,-1.950728541057112188e-03,5.302328218624745293e-03
9.586084864628282090e-03,-7.669929414407953942e-03,-5.346637309769595829e-03,-1.835991789904166957e-03,5.266473649453438759e-03
9.648671764969713599e-03,-7.542292755556569486e-03,-5.217930467108105631e-03,-1.893705789946075867e-03,5.005257247641051697e-03
9.432168631282581220e-03,-7.398791158865953427e-03,-4.800064538280612511e-03,-2.127804522213332539e-03,4.894491588077303813e-03
8.234516208222334224e-03,-7.165930958188335143e-03,-4.760910700085253799e-03,-9.457859230678356943e-04,4.638111373119093231e-03
7.098070044723562254e-03,-6.929500777874300459e-03,-4.685480105976889270e-03,7.982150655558378175e-05,4.437089332572034112e-03
6.284003544375944307e-03,-6.484010912061251297e-03,-4.383779160421650764e-03,1.270641133595322393e-03,3.313145394511644685e-03
5.242061326091710174e-03,-5.937926713409033726e-03,-3.057808037640301433e-03,4.403819580467733131e-04,3.313291466910848852e-03
3.972942294454099264e-03,-5.208110773271344696e-03,-1.781896303242835617e-03,3.814839833617455003e-04,2.635580798698330778e-03
2.872580742904031707e-03,-4.346334901164778525e-03,1.170015686622282141e-04,-3.839700403512523127e-04,1.740722629949764330e-03
1.554399088399512898e-03,-3.409100541031192047e-03,2.280779275041095074e-03,-1.274493641839606443e-03,8.484158194301869406e-04
-1.882458048260705864e-04,-2.464392655871352165e-03,3.438449441188826897e-03,-8.947346112468323402e-04,1.089236307554281946e-04
-1.685046015412079755e-03,-1.656761562020064252e-03,4.617343874555630487e-03,-6.753319614197645900e-04,-6.002043357037150587e-04
-2.048177743072627718e-03,-1.033379621692284743e-03,5.455258975915167410e-03,-1.243001382697683744e-03,-1.130700228452570554e-03
-2.337903378749707495e-03,-4.308536836573347126e-04,6.232901578679164376e-03,-1.822765240859014653e-03,-1.641379275413110172e-03
-3.014944400557802943e-03,7.043176068585962923e-05,6.786117309154618936e-03,-1.631297829812533226e-03,-2.210306839470153537e-03
-3.693845062742730570e-03,4.244585693279233005e-04,7.236956248780328921e-03,-1.424501846184577812e-03,-2.543067909180950562e-03
-4.131883951150336701e-03,6.522866103055305819e-04,7.791646620473905924e-03,-1.558686766108577718e-03,-2.753362513520521762e-03
-4.438110356721488604e-03,8.133558093024632419e-04,8.493704266428699773e-03,-2.089727386484479827e-03,-2.779222332525204450e-03
-3.427172117861268519e-03,8.885471656019029068e-04,9.332751858939015641e-03,-3.733688405002928094e-03,-3.060438501676740041e-03
-3.645060224195559567e-03,8.710205339153208283e-04,9.543155195977776756e-03,-4.051350263626396324e-03,-2.717765242071130526e-03
-3.879339283738340426e-03,8.412893991986538983e-04,9.491368950876108782e-03,-3.948566499984352239e-03,-2.504752566352067521e-03
-3.716122556443232292e-03,7.537993161638455219e-04,9.190778562117142905e-03,-3.784801587206749335e-03,-2.443653734631030978e-03
-3.919203451248466120e-03,5.628815830059574147e-04,8.861098592774847849e-03,-2.795205323220351350e-03,-2.709571401311992346e-03
-4.391110241132025090e-03,2.315109860250719328e-04,8.188228038708838738e-03,-1.963103750283246886e-03,-2.065525033318635524e-03
-4.060852378655288759e-03,-1.814549242948121572e-04,7.627693409746422182e-03,-1.540550616706499358e-03,-1.844835490089822205e-03
-3.160836752153925282e-03,-6.581766583752826855e-04,6.894654761936082864e-03,-1.291006350775419703e-03,-1.784635000631472866e-03
-1.863403256249250139e-03,-1.256877674686382061e-03,6.053128503119892603e-03,-1.790834645714667979e-03,-1.142012926469582884e-03
-8.799456412017905892e-04,-1.936432636652110021e-03,5.199058573533145780e-03,-1.769243985459249997e-03,-6.134363102199812947e-04
1.635939665313587634e-04,-2.706845722248437097e-03,3.644954691149949067e-03,-1.220699780604485351e-03,1.189968451716182758e-04
2.117341338784897720e-03,-3.539614757957210405e-03,1.857640080823809263e-03,-1.511166223110141675e-03,1.075799561458641411e-03
3.914672168514131585e-03,-4.359192826436072803e-03,3.291417786083153255e-04,-1.783433983115765729e-03,1.898812862429401487e-03
4.986810940852367743e-03,-5.058608257627665757e-03,-1.068902614959138563e-03,-1.283198388696951946e-03,2.423898320431400449e-03
5.201318166125622720e-03,-5.598375734465120719e-03,-1.947829517774310286e-03,-6.665235991331743080e-04,3.011410685246973268e-03
6.434367509453378653e-03,-6.002548185350936767e-03,-2.626077560950108511e-03,-1.302539209870084329e-03,3.496797446717766784e-03
6.764773186476127909e-03,-6.297309353514344600e-03,-3.114453359552624319e-03,-1.235419459616406753e-03,3.882408986207241692e-03
7.465813364638656038e-03,-6.512885102135952849e-03,-3.194155968683443959e-03,-1.934970651437521380e-03,4.176198357618243935e-03
8.331024805900047459e-03,-6.652684946018616596e-03,-3.375452740700890086e-03,-2.611179387683432163e-03,4.308292268502880544e-03
8.403143904267810008e-03,-6.730939890937811393e-03,-3.706334148725293730e-03,-2.337992994915649107e-03,4.372123130310944655e-03
9.145724681801204944e-03,-6.813850496810301867e-03,-3.839001800042088439e-03,-2.906837419031996824e-03,4.413965034083149226e-03
8.868432353119742526e-03,-6.851881092282880760e-03,-4.131674964237931798e-03,-2.395038734347518499e-03,4.510162437748606312e-03
1.012121825101160513e-02,-6.843018962527458969e-03,-4.116126076817974190e-03,-3.485477297617164266e-03,4.323404085950960200e-03
9.697534653092816648e-03,-6.820283728211607235e-03,-4.327867962109015719e-03,-2.929626451738723530e-03,4.380243488966518994e-03
9.587339977420809498e-03,-6.810110169285539007e-03,-4.546627689811550029e-03,-3.045815997855519461e-03,4.815213879531782953e-03
1.078435299449337706e-02,-6.783121030819993721e-03,-4.473692103159934187e-03,-4.341186964115531684e-03,4.813647103602105952e-03
1.141652725964476846e-02,-6.763019977635159781e-03,-4.688354530720998878e-03,-4.742518124787412429e-03,4.777365373498778343e-03
1.136246468836393797e-02,-6.710859556884505965e-03,-4.789867962068733442e-03,-4.661281116449089712e-03,4.799543947038404160e-03
1.115643963203261091e-02,-6.629221531628132387e-03,-4.873997572653594387e-03,-4.408667044058242092e-03,4.755446516307370967e-03
1.103931150419852972e-02,-6.503073890424220307e-03,-4.834524540045209706e-03,-4.252896145573449062e-03,4.551183071844358899e-03
1.160609047747615530e-02,-6.411844150778452968e-03,-5.799384110424362672e-03,-3.796959780541388826e-03,4.402097564268063479e-03
1.350834527666680898e-02,-6.203251939563567477e-03,-5.387727313636164056e-03,-6.009238885759387791e-03,4.091872862292336363e-03
1.267664301090935287e-02,-5.649445354315226799e-03,-5.219983724153220116e-03,-5.588064081427868146e-03,3.780850148986933563e-03
1.397380618079726439e-02,-8.096931995329931242e-03,-4.359370844842887921e-03,-7.276281939924833173e-03,5.758778599300413970e-03
1.466174777953808961e-02,-9.021650435986816943e-03,-4.905460269465291602e-03,-7.586801476582470324e-03,6.852164402496471046e-03
1.268563228976095879e-02,-9.145564949674609909e-03,-5.932463725087096934e-03,-4.713011624261751256e-03,7.105408009262488035e-03
1.282089687060548357e-02,-9.099791406645640207e-03,-5.791017959424815502e-03,-4.996070598550587591e-03,7.065983094015543253e-03
1.291310265527025394e-02,-8.997252144567164517e-03,-5.737810688369082528e-03,-5.129186994771462241e-03,6.951147172437496108e-03
1.234740451302177716e-02,-8.943312288329544404e-03,-5.641484530748894048e-03,-4.650349494437305137e-03,6.887741800493980306e-03
1.248529910257354172e-02,-8.954514475573396859e-03,-6.373341014484851935e-03,-3.839124363797581652e-03,6.681680751282271374e-03
1.254892820714893428e-02,-8.902655866379050736e-03,-6.485778855443782853e-03,-3.456703335587322026e-03,6.296209850261186639e-03
1.253034182686472986e-02,-8.886926325225918966e-03,-5.951888123906062290e-03,-4.034731062935597440e-03,6.343203685202799397e-03
1.071045278721691717e-02,-8.827581775689570878e-03,-5.819457569121241555e-03,-2.302582308509889143e-03,6.239168866103795251e-03
1.027717690966199575e-02,-8.769678281225013264e-03,-6.137733342780330413e-03,-1.547494385925323119e-03,6.177729100268647411e-03
1.047967147615553110e-02,-8.720751620933657466e-03,-5.857820804415768932e-03,-1.967292603781557129e-03,6.066193552975474544e-03
1.140859951538036009e-02,-8.672307997303455723e-03,-5.803390265056038166e-03,-2.935747599540384188e-03,6.002846346519504113e-03
1.056376197513427852e-02,-8.579373622524706644e-03,-6.747982406546147033e-03,-1.121627077953515645e-03,5.885221131890074758e-03
1.026367723371840457e-02,-8.485656811169349847e-03,-7.358464067183424079e-03,-2.382478567259559360e-04,5.818691501360321282e-03
9.367079007891397982e-03,-8.387219753212776449e-03,-7.016378058815378981e-03,3.681022319983284058e-04,5.668416572138412941e-03
8.866172679662907841e-03,-8.240340192300866715e-03,-6.559518145245435763e-03,6.854098203768788393e-04,5.248275837506500077e-03
7.997853967994258614e-03,-8.001115438710451264e-03,-5.689621758589345595e-03,6.098054404289331718e-04,5.083077788876623829e-03
6.962896307208606313e-03,-7.589794645070657882e-03,-5.121731931708833375e-03,1.178217087427043319e-03,4.570413182143833603e-03
6.450301574082365277e-03,-7.083496290971135097e-03,-4.420906487215904394e-03,9.510359728009927863e-04,4.103065231303695305e-03
5.064221991328400271e-03,-6.354401492908651368e-03,-3.199129233548625093e-03,1.163262520352695371e-03,3.326046214776176482e-03
2.950032274215802410e-03,-5.447136384658806535e-03,-1.206462617624421601e-03,1.660780621434503621e-03,2.042786106632901721e-03
1.645674839037769999e-03,-4.424961565589253208e-03,6.122008978416724556e-04,1.255788558206008846e-03,9.112972705038059184e-04
5.452102608684422647e-04,-3.433977520587396057e-03,1.965616527764221105e-03,1.139693635654370069e-03,-2.165429036996337220e-04
-1.674791328048357919e-03,-2.524445314679941120e-03,3.561438682430540133e-03,1.539421420784670798e-03,-9.016234604869100477e-04
-2.029753390367572928e-03,-1.931704029128431237e-03,5.869568032723740739e-03,-6.417634403123820969e-04,-1.266347172915370089e-03
-3.210620522776266254e-03,-1.134712732343204052e-03,6.628006224988981961e-03,-4.171756900903466183e-04,-1.865497279779162326e-03
-4.447770432103041044e-03,-4.835346412188227584e-04,7.565090087971782645e-03,-2.709551060685488249e-04,-2.362829908581374951e-03
-4.366927997990318472e-03,-9.876172576506407998e-06,8.310463951656478152e-03,-1.159503375313988317e-03,-2.774156405775630389e-03
-4.602260871710369197e-03,3.667895561576969506e-04,8.731351981124775216e-03,-1.371649927349604618e-03,-3.124230738222498298e-03
-5.046993135260363292e-03,5.166563066278494079e-04,9.106160166267283224e-03,-1.396844979744098301e-03,-3.178978357890680038e-03
-5.186082876683262288e-03,5.488079565751749793e-04,9.364675783351223554e-03,-1.719507970204500833e-03,-3.007892893038607764e-03
-5.393768919839477330e-03,5.421532771718918543e-04,9.406916130198481746e-03,-1.572054981420403091e-03,-2.983245506110486674e-03
-5.404188644268719845e-03,5.433451380736728118e-04,9.598910331741084684e-03,-1.805853268073494451e-03,-2.932213557472548946e-03
-6.240390271138108666e-03,4.463780186224450448e-04,9.088198412568289017e-03,-3.958216044627644323e-04,-2.898364555589833750e-03
-5.670563401251983021e-03,2.052867959147257814e-04,9.185304419550626917e-03,-5.123001691581195163e-04,-3.207727645055236283e-03
-5.118186393347814653e-03,-2.331925306232921174e-04,8.808452501366730719e-03,-7.315607758862233481e-04,-2.725512801509414641e-03
-4.175134437950547839e-03,-8.008409693085063270e-04,7.791789090204978389e-03,-5.365854790297932761e-04,-2.279228203916131273e-03
-3.447111574783778398e-03,-1.441781353978311558e-03,6.907171874536786015e-03,-2.821244396829299551e-04,-1.736154506091768706e-03
-2.329600306781067377e-03,-2.136434149118771574e-03,5.664129606621578876e-03,1.942274717159712927e-04,-1.392322622437726668e-03
-1.128509383413293932e-03,-2.988782320128170657e-03,3.891250028432710791e-03,1.015608904884450232e-03,-7.895672297756978425e-04
-4.370362586964347384e-04,-3.924506393503451526e-03,2.373549976681886380e-03,2.050995692895594101e-03,-6.300301737758775146e-05
1.765507290133799942e-03,-4.920134326237823701e-03,6.473406218909205341e-04,1.565291085466956333e-03,9.419953287461411452e-04
2.977103413300965541e-03,-5.878533462475395675e-03,-7.331084547801281631e-04,1.825817691982343800e-03,1.808720811972207125e-03
4.294152295014048645e-03,-6.670099211104882353e-03,-2.259904412901282689e-03,1.807137106025525275e-03,2.828714222966593941e-03
5.621657502351202693e-03,-7.229745148898731981e-03,-3.572134642058474342e-03,1.857795184174354779e-03,3.322427104431647550e-03
6.828197264376058631e-03,-7.610296764540138564e-03,-4.409515888390234777e-03,1.522407309243725606e-03,3.669208079310600380e-03
7.135182182317546806e-03,-7.889901872418577863e-03,-5.081173715232267969e-03,1.789058241982305125e-03,4.046835163351015369e-03
7.923095477021932162e-03,-8.119508023423715332e-03,-4.826056137167742018e-03,6.029048638184153703e-04,4.419563819751151992e-03
9.453103477388475132e-03,-8.300934465055406775e-03,-3.267892171976536850e-03,-2.746312811491726565e-03,4.862035971135164267e-03
9.849705963930305633e-03,-8.415463692361214998e-03,-3.879113911130296650e-03,-2.588096314017367030e-03,5.032967953578550493e-03
1.006910128023292758e-02,-8.484607847607832792e-03,-4.256196996013528015e-03,-2.390399156387259996e-03,5.062102719775673706e-03
9.655652553991736844e-03,-8.535384050021686472e-03,-3.486009887926975418e-03,-2.315462716727352283e-03,4.681204100684262584e-03
9.786122875596589554e-03,-8.519141196610556868e-03,-3.285315599671415412e-03,-2.709178527900919613e-03,4.727512448586317952e-03
1.037204184884779785e-02,-8.515208224486385882e-03,-3.737714083432168780e-03,-2.893028714368020213e-03,4.773909173438770082e-03
1.164129994356387192e-02,-8.494134158021554581e-03,-4.430566111456819833e-03,-3.691734291429175398e-03,4.975134617343692639e-03
1.127091687687000778e-02,-8.464532203942404937e-03,-4.612892682528377947e-03,-3.278809271043854612e-03,5.085317280644660078e-03
1.128980658798721219e-02,-8.467092182289312832e-03,-5.248066172234139293e-03,-3.477691486387005527e-03,5.903043252923219006e-03
1.131337108365729725e-02,-8.465539151167046986e-03,-5.475576775365280889e-03,-3.601839678312694984e-03,6.229584521187681370e-03
1.300535926250690789e-02,-8.449076378651637631e-03,-5.518716847023277805e-03,-5.122700479057392710e-03,6.085134442225413262e-03
1.330913418544918923e-02,-8.428311488000267762e-03,-5.819878364287960591e-03,-5.162714998392212325e-03,6.101770665231244506e-03
1.482285722243863006e-02,-8.519915937413169091e-03,-7.134046685632668486e-03,-5.082462754608371713e-03,5.913568155215554942e-03
1.500571046838071292e-02,-8.487044220628757463e-03,-7.874938053455326700e-03,-4.268039374199963064e-03,5.624311179903295280e-03
1.635382580789437185e-02,-8.166400277018545997e-03,-7.616978603469746339e-03,-6.277623172561495012e-03,5.707176245155382542e-03
1.481356828129462393e-02,-8.294765082584970931e-03,-5.224082327233551572e-03,-7.336499042571310858e-03,6.041778171095205097e-03
1.218268276805680415e-02,-8.963349528334836613e-03,-4.838223286100032557e-03,-5.272529875568501140e-03,6.891419921946604320e-03
1.193366485348855074e-02,-8.983101955242283124e-03,-5.164333042828670416e-03,-4.758648791197425156e-03,6.972418935779805399e-03
1.132569620825545076e-02,-8.854765836829051051e-03,-4.849037918361900901e-03,-4.496268036707778623e-03,6.874375583643274612e-03
1.065763057201749020e-02,-8.697356741353988452e-03,-4.278541315796105700e-03,-4.406666253940498025e-03,6.724933739073107181e-03
9.629260184029351383e-03,-8.557202075668542476e-03,-3.935548295706061718e-03,-3.374796585048659911e-03,6.238286772393897110e-03
1.017470319950841869e-02,-8.505807048739131432e-03,-4.573747366268831639e-03,-3.147839044097173328e-03,6.052690259596727254e-03
1.047396600919938206e-02,-8.461912378067235757e-03,-5.004464007464983627e-03,-3.031806713887545603e-03,6.024217090220385096e-03
8.836952418689435901e-03,-8.380235122850864665e-03,-4.364424891526021838e-03,-2.040443229102460818e-03,5.948150824789950018e-03
9.258542545410348643e-03,-8.343807154234541765e-03,-5.039973758806878118e-03,-1.728480449968227729e-03,5.853718817599260806e-03
9.563633935504316577e-03,-8.289511471017117078e-03,-5.072056079336082109e-03,-1.803058484451201338e-03,5.600992099300080261e-03
9.029370632013677608e-03,-8.249037739919020881e-03,-4.983256616483805121e-03,-1.412248574546949142e-03,5.615172298936080622e-03
8.846097927704112129e-03,-8.162155389331245126e-03,-6.039540861707720296e-03,-3.350888459458987133e-05,5.389107207929454656e-03
8.709473596456808117e-03,-8.077565737677788738e-03,-6.488730984286811623e-03,6.218575761903167784e-04,5.234965549317477200e-03
8.352285711427358955e-03,-7.970613774471351290e-03,-6.251096460801484900e-03,9.197996782508293138e-04,4.949624845594632200e-03
8.237104812921234101e-03,-7.844866725684152345e-03,-6.201944933516315497e-03,9.552125160882866776e-04,4.854494330190945763e-03
7.441472794644980217e-03,-7.696852650933699858e-03,-6.039778345188314551e-03,1.678012493735410839e-03,4.617145707741603620e-03
6.989801842723371468e-03,-7.430976036243327511e-03,-5.509165536670859557e-03,2.218439918921944615e-03,3.731899811268860577e-03
5.831587668050078853e-03,-7.051379346054865299e-03,-4.987552123104519765e-03,2.782193647315465632e-03,3.425150153793823232e-03
5.777492712902665244e-03,-6.612630471460640910e-03,-4.351392212502283932e-03,2.110066772545568601e-03,3.076463198514695768e-03
4.064629282973090431e-03,-5.946326524970920076e-03,-3.269593878890336702e-03,2.582839985906511780e-03,2.568451134981669746e-03
2.491788879710648934e-03,-5.133363762966934585e-03,-1.621749870462109097e-03,2.593849759594692769e-03,1.669474994123699594e-03
6.365052880290608802e-04,-4.192054525475748597e-03,1.181735420063299494e-04,3.131023866085161627e-03,3.063518293551890253e-04
-9.611037344236832624e-04,-3.342123791974752935e-03,1.918321014180809697e-03,2.999827809520762972e-03,-6.149212973031289910e-04
-1.979547453383825612e-03,-2.646601747410871203e-03,3.783272205799343563e-03,2.189186006404559692e-03,-1.346309011409219450e-03
-2.877107530003206529e-03,-2.160123317852222745e-03,4.785270405118982086e-03,1.904384436445198409e-03,-1.652423993708742114e-03
-3.817128288260212068e-03,-1.362385265437544585e-03,5.590355556592848177e-03,1.927246222357095924e-03,-2.338088225252190483e-03
-4.248529817443877366e-03,-7.476516986466621171e-04,7.482678077442627383e-03,2.240903532876777353e-04,-2.710586914639758101e-03
-5.056221351827945749e-03,-1.900590109734191584e-04,8.239356805884034615e-03,-6.228810724275616305e-05,-2.930788335839900737e-03
-5.945466338087373147e-03,1.894703963814589197e-04,8.721382458371071747e-03,2.111653538266055762e-04,-3.176551870491754748e-03
-5.976747670349717712e-03,3.589733742101508291e-04,9.355087330687567385e-03,-3.636391894729163799e-04,-3.373673845075081737e-03
-5.554798830971653147e-03,4.177083094842990612e-04,9.636655358764732379e-03,-1.064271065457218085e-03,-3.435293771820137603e-03
-5.509513363878360340e-03,4.376871135370875810e-04,9.380244683856266141e-03,-1.086071526791086749e-03,-3.222346906723908260e-03
-5.970066533356550333e-03,4.228640927318665739e-04,9.268767651312315517e-03,-5.020986942892778464e-04,-3.219466516398337974e-03
-5.478603290962894695e-03,2.976109240584685965e-04,9.313813145981088976e-03,-6.405882504292412412e-04,-3.492232528647411498e-03
-5.306384057621895897e-03,3.545332237372402981e-05,8.993859719847670936e-03,-5.507610544207165168e-05,-3.667852879157440949e-03
-4.801030120875911245e-03,-3.981401683891857396e-04,8.140350557268765178e-03,4.219853363371666062e-04,-3.363165604340837347e-03
-4.193153089613052033e-03,-9.324644288403749221e-04,6.976374786396548171e-03,1.386362015142334359e-03,-3.237119283085471838e-03
-4.568561993608578724e-03,-1.554324692080762647e-03,6.219518104282605389e-03,2.713931771007471565e-03,-2.810563189600732981e-03
-3.262145958967292876e-03,-2.237229038816256066e-03,5.364005523785505235e-03,2.312373546433493885e-03,-2.177004072435445841e-03
-1.842718869199147470e-03,-3.008830164979456410e-03,3.786367420582399321e-03,2.651448223525185600e-03,-1.586266609928976704e-03
-2.914137308831275352e-04,-3.868280750128360885e-03,2.379353576349423766e-03,2.596106589107988888e-03,-8.157656844459273233e-04
1.515060551844702244e-03,-4.788625617140745971e-03,3.501809386198680390e-04,2.768633700298529614e-03,1.547504263776334436e-04
3.054895544102049186e-03,-5.726232003151491591e-03,-1.074642062091550219e-03,2.837526030703633149e-03,9.084524904373514516e-04
3.978937537788928940e-03,-6.413592298612982509e-03,-2.099941746122596566e-03,2.660855298971423737e-03,1.873741207975240059e-03
5.047090320407999348e-03,-6.899280543825160941e-03,-2.894186581381653304e-03,2.491855975698228660e-03,2.254520829100583202e-03
5.900062092277729049e-03,-7.307615493489199969e-03,-3.572231521436801220e-03,2.322903694989488128e-03,2.656881227658771868e-03
6.665917984847937079e-03,-7.618273672306832660e-03,-4.434097094169775835e-03,2.210649785207782769e-03,3.175802996420889080e-03
7.564552658059516162e-03,-7.844866083821601388e-03,-4.657828510940714359e-03,1.352766630479770860e-03,3.585375306223037833e-03
7.645599776544415895e-03,-7.927228239249258998e-03,-5.200173482888783422e-03,1.740310871117836189e-03,3.741491074475778843e-03
7.802128675327912703e-03,-8.014078540986730240e-03,-5.201760153420430591e-03,1.447551417506815624e-03,3.966158601572447248e-03
9.027166369274693819e-03,-8.196139765812373440e-03,-3.563603580824636040e-03,-1.911996978767568521e-03,4.644573956129882664e-03
9.164110842664358048e-03,-8.237751127376610749e-03,-2.821682789287419547e-03,-2.463682585236041077e-03,4.359005659235712891e-03
9.840763182152864608e-03,-8.238298071247998622e-03,-3.418527378281252440e-03,-2.832217287205333455e-03,4.648279554581738124e-03
9.698625514952378263e-03,-8.244861289667129722e-03,-3.879829568069498129e-03,-2.270918617646155817e-03,4.696983960430442702e-03
1.022192373128147022e-02,-8.174972360158435161e-03,-3.526172632082511058e-03,-3.216461673588217208e-03,4.695682934547673257e-03
1.011737043292173718e-02,-8.169017886960968852e-03,-3.728963392582462268e-03,-3.264586332425554408e-03,5.045197179047277401e-03
1.066538887507333631e-02,-8.207211430684575523e-03,-4.382507743394068421e-03,-3.280752815705017481e-03,5.205083114710336821e-03
1.092979933332272752e-02,-8.180112080008232478e-03,-4.802126432419608244e-03,-3.745670918523962608e-03,5.798110097629064104e-03
1.069960756342551965e-02,-8.174940015569226795e-03,-4.724135138028914653e-03,-3.734307103503481905e-03,5.933774693676110643e-03
1.108990731814332373e-02,-8.342729809309610764e-03,-4.858449773495080413e-03,-3.793379016365367763e-03,5.904651281026730009e-03
1.376762902618896070e-02,-8.570311484049375830e-03,-6.723531129048451217e-03,-4.712221666203370192e-03,6.238435253112255621e-03
1.488582103755421368e-02,-8.700169501413633488e-03,-8.069843029920099539e-03,-4.422823983700194424e-03,6.307015477479801374e-03
1.479499169180800364e-02,-8.516700618845286092e-03,-8.569026809182915538e-03,-3.933020804496811795e-03,6.223756540717045350e-03
1.488299943869214777e-02,-8.010871883352931738e-03,-5.186028119457653483e-03,-7.488093262198402232e-03,5.801993826316821472e-03
1.106638944714733765e-02,-8.645777154511294707e-03,-3.754385036060594889e-03,-5.309432837085335290e-03,6.643205580509901551e-03
1.276582361523604867e-02,-8.640377968692599525e-03,-3.635188202562320350e-03,-7.182729753139901682e-03,6.692472309158762483e-03
1.258221669320375158e-02,-8.414470856072575958e-03,-3.062803818427498308e-03,-7.581101306508897068e-03,6.476159287805234067e-03
1.091187404897394665e-02,-8.180933149822959202e-03,-2.811292678359630145e-03,-5.821030309802988426e-03,5.901382089011644565e-03
1.041042033329508260e-02,-8.003561574934623529e-03,-2.061812317395995010e-03,-5.992307232259119591e-03,5.647260791294667244e-03
1.097210193488327816e-02,-7.912926983306292975e-03,-2.673029617530483723e-03,-5.936323727063202473e-03,5.550178393016738307e-03
9.673637086608066760e-03,-7.818501073704043139e-03,-3.053126984515771181e-03,-4.163225705270090157e-03,5.361216676881846825e-03
9.356487394480831818e-03,-7.724419292444323695e-03,-2.682301926512853200e-03,-4.245050624664787990e-03,5.295284449141094904e-03
9.162234068318260774e-03,-7.665905187659216059e-03,-3.146952314457020054e-03,-3.496663173705684500e-03,5.147286607503647263e-03
8.891018144652011387e-03,-7.585631688105430072e-03,-3.868666613801083082e-03,-2.420268766670803390e-03,4.983548923925293882e-03
8.692646737109871458e-03,-7.542965519753585223e-03,-3.737188515216594443e-03,-2.353525763655617449e-03,4.941033061515944305e-03
9.149051187566321908e-03,-7.465303886024547524e-03,-4.627513956815459094e-03,-1.785342014090991703e-03,4.729108669364682702e-03
8.356822397447082051e-03,-7.307477035545951322e-03,-5.049480683588678138e-03,-3.397656243533914806e-04,4.339900946040926855e-03
7.869319537586070765e-03,-7.200431071578148115e-03,-4.976089938799985180e-03,9.580846292960891399e-05,4.211393009862433694e-03
7.593815381861758647e-03,-7.095824789661480878e-03,-4.916288388017324429e-03,8.123023629509842523e-04,3.605995432866047987e-03
7.061223481196829931e-03,-6.939171853950588248e-03,-4.663110641179433156e-03,1.447835607022959856e-03,3.093223406910230750e-03
6.308892859546584922e-03,-6.726223228052944508e-03,-4.440217704410930402e-03,2.071574674326534353e-03,2.785973398590752166e-03
6.346106866847526715e-03,-6.375503162646695837e-03,-4.064639412202313180e-03,1.280168826903099310e-03,2.813866881098368682e-03
5.305883334632029505e-03,-5.920446419699078658e-03,-3.132858569600050803e-03,9.912889705702913456e-04,2.756132684096795817e-03
3.937061317582218715e-03,-5.278099878311158684e-03,-1.944704394037346379e-03,1.311338813599131426e-03,1.974404141167131720e-03
2.962384392443091676e-03,-4.589207241284013264e-03,-3.224651295383133137e-04,1.074510347188412009e-03,8.747776311908006660e-04
1.019286855026055273e-03,-3.786139519712662226e-03,1.672557017911219246e-03,1.415925259719407175e-03,-3.216296129440154015e-04
-7.172163701642954954e-04,-3.015484124388506139e-03,3.248835655366964954e-03,1.710360657612952770e-03,-1.226495818427118150e-03
-1.858967394565958896e-03,-2.421061912256730186e-03,4.975026114802309600e-03,1.304146202094005544e-03,-1.999143010073636036e-03
-2.183141210097779006e-03,-1.931393469726741877e-03,5.570382213135248624e-03,5.613353688795773202e-04,-2.017182902190313518e-03
-3.202743951304743830e-03,-1.160747227916104126e-03,6.159046137310250461e-03,7.814330261642012283e-04,-2.576987984253609372e-03
-4.043698977682845357e-03,-6.811476031885182331e-04,7.284793927333927874e-03,8.034218936717828067e-05,-2.640289535829721829e-03
-4.748726056941625882e-03,-2.483391468653754742e-04,7.649346000097183122e-03,1.911456096609420242e-04,-2.843426405951119101e-03
-5.248606785560883115e-03,6.463414265883044593e-05,8.379417914176054416e-03,-5.720080389823461623e-05,-3.138244467375774904e-03
-5.339958301343068238e-03,3.061072970801851202e-04,9.063028758283348321e-03,-9.828760852024199211e-04,-3.046301668818033465e-03
-5.120874617160996872e-03,3.996289702068247271e-04,9.461503145441002571e-03,-1.896915900092324778e-03,-2.843341598394472525e-03
-5.676115937428515695e-03,4.419784824923071644e-04,9.616376550738051782e-03,-1.147998685128804718e-03,-3.234240410673021836e-03
-5.962078919400995436e-03,4.130279913228354530e-04,9.257378882763183867e-03,-3.417827028606767797e-04,-3.366545251824365481e-03
-6.356043654619924696e-03,3.182135724780039911e-04,8.849422100548301473e-03,1.199788397218907532e-03,-4.011380415625291282e-03
-6.205708319505534760e-03,9.292238512268442374e-05,9.064713721159578519e-03,9.249708473950005259e-04,-3.876898634171726133e-03
-5.692127836168565762e-03,-3.087473160482119105e-04,8.352734744465141123e-03,9.393476254788560905e-04,-3.291207217727196502e-03
-5.666211018920933387e-03,-7.835514629501053952e-04,7.458916238385498304e-03,2.059842524613335508e-03,-3.068996281127795572e-03
-5.272261371888710239e-03,-1.329899010159498731e-03,6.830414662476805114e-03,2.759786835034521314e-03,-2.988041115463112470e-03
-3.999961326093999688e-03,-1.953442835981083515e-03,6.118291812210236227e-03,2.537871493209722332e-03,-2.702759143344878826e-03
-2.585896447883677049e-03,-2.679644557228527332e-03,4.740659542565354989e-03,2.741970011785215856e-03,-2.217088549238346081e-03
-1.381454968119330638e-03,-3.438391201507767347e-03,3.278516144713655538e-03,3.108314024649818687e-03,-1.566983999736379493e-03
4.032248962785458342e-04,-4.223940733516015102e-03,1.672031371006593974e-03,3.073060081219703560e-03,-9.243756149888302182e-04
1.864054991190780032e-03,-5.000693460488322452e-03,1.229333795831300154e-03,2.316761853310248930e-03,-4.094571798440115431e-04
2.876676279876857686e-03,-5.664527211169004088e-03,-5.996071204235906352e-04,2.949314984642103284e-03,4.381430670736537560e-04
5.576458884907625757e-03,-6.137088079479620546e-03,-1.698685552319278112e-03,1.110091789214421145e-03,1.149222957676842649e-03
6.309939372477221461e-03,-6.504024869158611145e-03,-1.723223609832820599e-03,3.775149375702366891e-04,1.539794168943981996e-03
6.371977481366854386e-03,-6.800374935547184516e-03,-2.281572734187555743e-03,7.002671890657671339e-04,2.009702999302108439e-03
7.176426834063044831e-03,-7.037616147517665628e-03,-2.734043434268601351e-03,1.258718778582644895e-04,2.469360869864922151e-03
6.745394532086159897e-03,-7.174485845857149491e-03,-2.510492615300423478e-03,4.216389792763197068e-04,2.517944949795111308e-03
7.395364181739578005e-03,-7.304984340805496280e-03,-1.761656846802829362e-03,-1.123759032478401261e-03,2.795036038347144345e-03
8.036175288691368990e-03,-7.388152540347567299e-03,-2.457255170623116967e-03,-1.270859467128939964e-03,3.080091889408243314e-03
8.499365832670913168e-03,-7.493680588544498686e-03,-1.956126128066857338e-03,-2.345955159570027159e-03,3.296396043510479990e-03
9.508551888450761380e-03,-7.519851762208026001e-03,-1.724684235193676366e-03,-3.735957227613513794e-03,3.471941336564479934e-03
9.697443213977169352e-03,-7.541334209342593839e-03,-1.819477698989132751e-03,-4.221241076012979473e-03,3.884609770367526520e-03
9.342888918253444350e-03,-7.436823015903218370e-03,-2.109228630254261858e-03,-3.950680370925990260e-03,4.153843098830009226e-03
1.133281153479731226e-02,-7.440384468963411047e-03,-2.066100576334875191e-03,-6.299970638883391726e-03,4.473644149384378710e-03
1.147109629170133330e-02,-7.479043708291716400e-03,-2.126780148074568656e-03,-6.343960270934648898e-03,4.478687835599619305e-03
1.163066571069675849e-02,-7.547122352297701287e-03,-3.256738754211058965e-03,-5.538989910895179836e-03,4.712185306707178563e-03
1.164339189635910272e-02,-7.578073100617982970e-03,-3.120410199519392438e-03,-5.725488589076710953e-03,4.780579992854962386e-03
1.210412326683550643e-02,-7.841867355268089881e-03,-3.405925308518349074e-03,-6.336656961327001049e-03,5.480326358277898442e-03
1.352808548275544372e-02,-8.214983076958061806e-03,-5.111583304623339846e-03,-5.846847060743393457e-03,5.645327959569351392e-03
1.271841840422575920e-02,-8.457487114782462692e-03,-7.093092064098267986e-03,-3.467057777330012375e-03,6.299218551984970410e-03
1.372408901664583063e-02,-8.359222949341873696e-03,-7.599094138347774023e-03,-3.943007983983454721e-03,6.177236055027298701e-03
1.325879046456815771e-02,-7.559371385287580979e-03,-4.986801006600372933e-03,-6.142366517101371069e-03,5.429748444421127369e-03
9.663420698845666054e-03,-8.155450647678310142e-03,-3.290281061650399130e-03,-4.433005976769753033e-03,6.215316987252773699e-03
1.187537667471509628e-02,-8.091536612079924806e-03,-2.701206932643284483e-03,-7.292141486589412240e-03,6.209508356597487518e-03
1.108106147211762073e-02,-7.766398984160286130e-03,-2.146867676226816082e-03,-6.814749084756151036e-03,5.646954273025645531e-03
1.028730525677874243e-02,-7.470319482344034076e-03,-1.805212311247791695e-03,-6.080090502864805152e-03,5.068317039677871366e-03
9.805212067776456972e-03,-7.231751638610373588e-03,-1.148588572809810951e-03,-6.303287376888326403e-03,4.878415520532071101e-03
9.190005390677494918e-03,-7.068725713675702398e-03,-1.808363793951117422e-03,-5.033044577284788088e-03,4.720128694234091739e-03
8.613962371002245599e-03,-6.960132120430755596e-03,-2.596935374073354192e-03,-3.561187679996657019e-03,4.504292803498515137e-03
8.069923832362387028e-03,-6.854735867365154348e-03,-1.944938116187568903e-03,-3.542152081387062255e-03,4.271902232577388069e-03
8.265241833905470278e-03,-6.766234934308086937e-03,-1.981897551768271523e-03,-3.851090751083627306e-03,4.333981403254505947e-03
7.841427263143702781e-03,-6.645995722175128753e-03,-3.327616047737996102e-03,-2.025754083311797835e-03,4.157938590081196491e-03
7.186429774259384291e-03,-6.564034478673357736e-03,-3.041439368457785498e-03,-1.498765395740942396e-03,3.917809468612715000e-03
6.921934924459259390e-03,-6.506782115601040910e-03,-4.792685539075585907e-03,9.384454388307266305e-04,3.439087291386635700e-03
6.694326968729121669e-03,-6.382112362418575734e-03,-4.857450565786725766e-03,1.546995706644332903e-03,2.998240252831855385e-03
6.755571217261141514e-03,-6.269058674520681593e-03,-4.803838857539855477e-03,1.573094047843936853e-03,2.744232266955443957e-03
6.386489297624891280e-03,-6.152536943394070444e-03,-4.601755650411820664e-03,1.812025737903443737e-03,2.555777558277556524e-03
6.404520181878675666e-03,-5.972058059977767251e-03,-4.836635930135581123e-03,2.211954382350516616e-03,2.192219425884181679e-03
5.669880159564178249e-03,-5.800323054662250011e-03,-4.590318020296486196e-03,1.879154398832661626e-03,2.841606516561898717e-03
4.521912850076147822e-03,-5.526499708325366064e-03,-3.702314532376626242e-03,2.142387444918511259e-03,2.564513945707320216e-03
3.942284532521891927e-03,-5.162629151317482158e-03,-3.046520049380275087e-03,2.204667142757221841e-03,2.062197525418628299e-03
2.739071236993720695e-03,-4.662001745721763672e-03,-2.249046903938679755e-03,2.706700156204376075e-03,1.465277256462344923e-03
1.682305698100453354e-03,-4.148386175698119682e-03,-1.827643223324089579e-03,3.498338462636333898e-03,7.953852382854190812e-04
1.301122281215013612e-04,-3.612382015702937134e-03,-1.730446849895333214e-04,5.270126453792412478e-03,-1.614811981221436852e-03
-7.977305998993026179e-04,-2.957605782413173616e-03,1.605144885266468827e-03,5.826166741521318117e-03,-3.675975244475299976e-03
-2.137369959260064251e-03,-2.427780485859613435e-03,3.208791413475580931e-03,5.073682343463182740e-03,-3.717323311819100296e-03
-2.684120927095249871e-03,-2.072700806926132486e-03,4.455328324825520367e-03,4.285197532180317313e-03,-3.983704122984451854e-03
-3.021991313621152832e-03,-1.436105963982985687e-03,5.407302319317974088e-03,4.085215308146837587e-03,-5.034420349860643448e-03
-3.932516629427274674e-03,-9.063872164783872256e-04,6.242004924801690738e-03,1.999290862240402696e-03,-3.402391941136447256e-03
-4.772801192503325907e-03,-5.929481813777512942e-04,7.130705421873628248e-03,4.669688869587041336e-04,-2.231924934951232467e-03
-5.683490142611978026e-03,-2.711965044172438377e-04,7.511963744380101803e-03,1.229489021619026507e-03,-2.786766118969910295e-03
-5.328355204366730033e-03,-5.169628189993170968e-05,7.893523905916549621e-03,2.259971461827583062e-04,-2.739469565832656356e-03
-5.784714775625138597e-03,6.975210297802285594e-07,7.637387004841466459e-03,7.476461681996167006e-04,-2.601015918445721744e-03
-6.534277696108725143e-03,2.235119158652076364e-05,8.274581576315238191e-03,1.527135852896858602e-03,-3.289790924689901808e-03
-6.319074013045250689e-03,5.856324229711787045e-05,8.114917065962685971e-03,1.327684662282424630e-03,-3.182090957497001656e-03
-6.068004784949967111e-03,-4.093142272801103287e-06,8.055632118721550022e-03,1.499160659862543545e-03,-3.482694851361322740e-03
-7.225282493869668657e-03,-2.209407177590430463e-04,8.165336241598781380e-03,3.058452143884114391e-03,-3.777565173854162926e-03
-6.789094908060157307e-03,-5.644901767657189897e-04,8.100719150410088179e-03,2.795949750220406461e-03,-3.543083815804618127e-03
-6.193157487085080085e-03,-9.800437619494081851e-04,7.395865188130089363e-03,2.932070759610955896e-03,-3.154734698706550700e-03
-5.468984404263995194e-03,-1.516099035671120273e-03,6.542480093612537684e-03,3.130387818036662381e-03,-2.687784471714082645e-03
-4.235461899868727537e-03,-2.023823922608853580e-03,5.561133490641531965e-03,3.230731035070045533e-03,-2.532578703233984239e-03
-2.673788639559563154e-03,-2.594694463994773413e-03,4.616242452376799650e-03,3.096212740333467370e-03,-2.443972089155932621e-03
-1.993588258264267742e-03,-3.257670274301570010e-03,2.923196031360840875e-03,4.129235687727239937e-03,-1.801173186522234820e-03
-8.489975253991643772e-04,-3.869646424102320126e-03,1.879129236905309388e-03,4.374487916308764796e-03,-1.534973203712586319e-03
4.522308578596272188e-05,-4.485046916776084212e-03,2.005511327068261115e-03,3.805441432926674229e-03,-1.371128929004804178e-03
9.987179808220525770e-04,-5.038994514647917797e-03,1.277920687654709965e-03,3.374916996860613961e-03,-6.125611506894674879e-04
2.540587077620514583e-03,-5.390319418828921384e-03,-1.676720914560415009e-04,2.817515221740022648e-03,1.998892109244390441e-04
4.219713315983274204e-03,-5.654700718217446805e-03,-7.487347503632329516e-04,1.776240422442485183e-03,4.074817301549113696e-04
4.866142115103313549e-03,-5.852680893650715789e-03,-9.135078066227121261e-04,1.197641787959073363e-03,7.024047972110365572e-04
4.711406357566972139e-03,-6.063988110638475135e-03,-9.682493178741052040e-04,1.201857304485013560e-03,1.118973766460570679e-03
5.009427681736607595e-03,-6.228431809038642922e-03,-5.189564160576431951e-04,4.629059434156296347e-04,1.275054599944062603e-03
5.394092279037787305e-03,-6.361292974770553499e-03,-2.216677815186386398e-04,-4.923281618459158398e-05,1.238101293435985278e-03
5.612287659944473726e-03,-6.412740096489904715e-03,-2.959069823065727217e-05,-8.622393011016021977e-04,1.692282435877708090e-03
5.823666646177505513e-03,-6.585985632749768309e-03,-1.372677391936356556e-05,-1.384673311582859884e-03,2.160719072074507568e-03
5.941969967975767319e-03,-6.665004665733139169e-03,1.636738089756461319e-04,-1.747975669520355525e-03,2.307336558302062243e-03
6.573137076883375264e-03,-6.671702435617516726e-03,9.986909783421395008e-04,-3.491959216371095295e-03,2.591833596763086847e-03
6.510219258385717585e-03,-6.559742896161916727e-03,9.298397749995205176e-04,-4.003936661799100370e-03,3.123620524575784849e-03
6.968384571175208035e-03,-6.483010841904052537e-03,3.840029206599566785e-04,-4.098351913552474197e-03,3.228975263621361533e-03
8.008276773620894712e-03,-6.568617129496737671e-03,2.040747574114535679e-04,-5.147031150131825203e-03,3.503296748596235275e-03
8.825171719114212332e-03,-6.715662233760825647e-03,-3.551003347201306393e-04,-5.570383268069627192e-03,3.815974117436382422e-03
9.344008694615305380e-03,-6.920914306084179936e-03,-9.397152671062298590e-04,-5.494454608456347117e-03,4.011075487031457928e-03
1.002288314501648125e-02,-7.204272097056612159e-03,-1.488000154098002761e-03,-5.516286033666813714e-03,4.185675139804959956e-03
1.141722269102834857e-02,-7.682905594512999016e-03,-3.476601004107999267e-03,-5.734145305772260330e-03,5.476429213364882725e-03
1.034323264716424141e-02,-8.027978017761217694e-03,-4.867396610632814674e-03,-3.339900316626112729e-03,5.892042297855931005e-03
9.907519813652867352e-03,-7.965739325802911885e-03,-5.244871321266950451e-03,-1.536090427899625176e-03,4.839181261316612137e-03
1.139665150666751246e-02,-6.957897054923130493e-03,-4.690440249357634948e-03,-4.657773818177246040e-03,4.909459615790472999e-03
9.347423553335312135e-03,-7.506815605650018000e-03,-2.289050430790398084e-03,-5.155566658766136574e-03,5.604009141871202360e-03
1.110517024703550765e-02,-7.365195939139567056e-03,-1.845284781454229004e-03,-7.415896005104077697e-03,5.521206478662348330e-03
9.672332334146105381e-03,-6.948067507645058413e-03,-1.918927551770133666e-03,-5.500248048297217036e-03,4.694910773566292675e-03
8.400673707149346886e-03,-6.582935949925897319e-03,-1.279340332352848705e-03,-4.876370087014729286e-03,4.337972662144115414e-03
7.106138183233915578e-03,-6.315686743003415780e-03,-4.173293135694835045e-04,-4.422468291354083800e-03,4.049346164693058345e-03
7.417393692113565667e-03,-6.126830007848400525e-03,-7.006740474602253998e-04,-4.358100312427551880e-03,3.768210675622602271e-03
7.166468355029944302e-03,-6.028495390062455460e-03,-9.431388771367429534e-04,-3.739631497397693984e-03,3.544797409566943433e-03
6.178562895122320306e-03,-5.902196454989361470e-03,-1.205137046705619493e-04,-3.631551589721961158e-03,3.475698854259591606e-03
5.175142434437111048e-03,-5.772263286520438151e-03,-1.652578722770384808e-03,-9.229761496223126346e-04,3.172675724476010234e-03
5.969578470066398690e-03,-5.643708764141671698e-03,-2.835366390978534025e-03,-3.594536835871514862e-04,2.868950368640944479e-03
5.859660483564697007e-03,-5.510000783139553347e-03,-3.455463328209493635e-03,7.704794589732372580e-04,2.335324168811119764e-03
5.972445024756011314e-03,-5.406935649445263926e-03,-3.928630749132809401e-03,1.201031404585457341e-03,2.162089969236611828e-03
5.689944396342671955e-03,-5.288301038323321539e-03,-4.102567661491458503e-03,1.796774330829124409e-03,1.904149972643007531e-03
5.458600398950809104e-03,-5.186143298839084384e-03,-4.305990814115954329e-03,2.569729765517253083e-03,1.463803948486963949e-03
5.622335845465763378e-03,-5.119255958721660726e-03,-4.376282342015788522e-03,2.003737655626380235e-03,1.869464799645297829e-03
4.607338254136535485e-03,-5.053846442991795015e-03,-4.063584310753524768e-03,2.753216758858658807e-03,1.756875740750129611e-03
4.599286808372128957e-03,-4.977669227564997766e-03,-3.268402974392536388e-03,1.918185550745873805e-03,1.728599842839528356e-03
3.741979383582394892e-03,-4.817653914061683848e-03,-2.371186506845061100e-03,2.052573126857575904e-03,1.394287910466780007e-03
3.047052375612715157e-03,-4.600126225274316950e-03,-2.248558038269508116e-03,2.580862065146698539e-03,1.220769822784406166e-03
2.727055373097596585e-03,-4.390491791507005609e-03,-1.847919775489119702e-03,5.677158624370426745e-03,-2.165802430471880022e-03
1.810651327710396724e-03,-3.942062305073515578e-03,-7.469424148562034318e-04,4.895460215585073147e-03,-2.017106823365723538e-03
5.195513911471918251e-04,-3.463665956330413617e-03,1.000689914086970531e-03,4.315586207010065067e-03,-2.372161555913815216e-03
-7.117133952690323428e-04,-3.030067524864318244e-03,1.916217220969649053e-03,4.785887154637501542e-03,-2.960323455473782769e-03
-1.801756783661372834e-03,-2.789500915154241763e-03,2.497163867308322977e-03,5.317970360512306628e-03,-3.223876529005014358e-03
-2.655381115887135018e-03,-2.610798581869149329e-03,3.220923750182940609e-03,4.997441779946288146e-03,-2.952185832372949612e-03
-3.078577561463872667e-03,-1.991795737064102657e-03,4.338577045324525962e-03,4.050471687495246428e-03,-3.318675434291802270e-03
-4.088834016289134496e-03,-1.598868584208517967e-03,5.557956811729862327e-03,3.894376984316615369e-03,-3.764631195548814608e-03
-5.291595100862752678e-03,-1.489202719997005393e-03,6.996795173850066385e-03,3.571606740931742782e-03,-3.787604093922053265e-03
-6.795125077762305225e-03,-1.120467553519090796e-03,7.548816906133643673e-03,2.972796568424265762e-03,-2.606020843276525990e-03
-5.719152485261123735e-03,-8.735803000342561150e-04,7.982765941140373273e-03,1.006183841617576532e-03,-2.396216997462583941e-03
-6.026568729627888865e-03,-8.677217713298210951e-04,8.146899601530421808e-03,1.241444357950061920e-03,-2.494053458522741025e-03
-6.168930477438470256e-03,-8.749962942081323126e-04,8.380247650648427887e-03,1.091687892656368567e-03,-2.428008771658203644e-03
-5.966366746210137809e-03,-6.858911026729803571e-04,8.506918088506150791e-03,8.334089856703950222e-04,-2.688069225293414095e-03
-7.286356570590116731e-03,-6.583904701074394300e-04,7.971990253527422993e-03,2.802135655692116357e-03,-2.829378868521992187e-03
-6.907709529489987170e-03,-8.088845363191960337e-04,7.905072179708250851e-03,2.743271031044157947e-03,-2.931749144943240990e-03
-6.443653777770523040e-03,-1.119374722230170221e-03,7.743757583732960824e-03,2.787794097592363133e-03,-2.968523181324618336e-03
-5.693053417737282268e-03,-1.508892803711914254e-03,6.738458829479523383e-03,3.341907873766094932e-03,-2.878420481796416155e-03
-4.555852379965922433e-03,-1.967786340196067945e-03,6.263628386586519124e-03,2.751788151107510856e-03,-2.491777817532029194e-03
-3.791875921701558065e-03,-2.403773639188727662e-03,5.706344217725443924e-03,3.090425312568124538e-03,-2.601119969403297479e-03
-2.900250843686276708e-03,-2.855246016218365712e-03,4.349065878903036336e-03,3.925449931040239822e-03,-2.519018950038628968e-03
-1.662403974683511650e-03,-3.329745589698369403e-03,3.427496677507092891e-03,3.650703523368957048e-03,-2.086050636494168452e-03
-6.690646423162069801e-04,-3.842671938383787535e-03,2.445890455002755568e-03,3.883179562294251149e-03,-1.817333436597006347e-03
-2.472585556607181722e-05,-4.402078851057242281e-03,2.261467370854935814e-03,3.573364906967774635e-03,-1.408027571199401643e-03
1.990460665973690631e-04,-4.722732972809084474e-03,1.172219803150003270e-03,4.500562575378387782e-03,-1.149095472316680492e-03
1.111322023009750229e-03,-4.797293376563702312e-03,-1.873019684492495743e-04,4.672464663138906939e-03,-7.991913411357064742e-04
2.124855012102401259e-03,-4.968723418428822383e-03,5.192011350576555481e-04,3.118887405901007558e-03,-7.942201346322378622e-04
3.495745895013117627e-03,-5.046826974968606633e-03,-1.647896424403104063e-04,2.118249345086818496e-03,-4.023786226910114404e-04
4.124734582693521598e-03,-5.226056432078450900e-03,-2.150952214327680903e-04,1.096504465948081649e-03,2.199126048696115423e-04
4.005437438340159889e-03,-5.359462033005278798e-03,-5.642941873986056546e-04,1.551757958332468899e-03,3.665608237312701387e-04
3.771029696181365989e-03,-5.426545043189169755e-03,6.677084904082885609e-04,1.829471212802484667e-04,8.048597353192643534e-04
3.956310701350610609e-03,-5.520255521421366107e-03,-1.546407000744846264e-04,5.496522352031477316e-04,1.168933284942109225e-03
4.134869148890015986e-03,-5.650801797282022088e-03,5.862748617423050278e-04,-3.761589991476252577e-05,9.672736865644616889e-04
4.722056324882244888e-03,-5.750044551515832297e-03,8.411870607511224163e-04,-8.546533983296840473e-04,1.041454564212165087e-03
4.862386868171159754e-03,-5.718929122807810995e-03,1.225720814037236945e-03,-1.651104119130708146e-03,1.281925559730118756e-03
5.411634692531461233e-03,-5.698291554377113086e-03,2.710273262492601462e-03,-3.957032187559592941e-03,1.533415786912621431e-03
5.681806651364681993e-03,-5.650975599692124006e-03,2.146055913045462164e-03,-4.154281531340720673e-03,1.977394566622731747e-03
6.750145519670272022e-03,-5.808117515202678924e-03,1.771466042226174566e-03,-4.855829712253951005e-03,2.142335665560197652e-03
7.603897097691176415e-03,-5.899978280908686236e-03,1.116150129501143748e-03,-5.347763640701662900e-03,2.527694694418024853e-03
8.132937163957413423e-03,-6.134628251118451163e-03,5.338115834818982436e-04,-5.879196472167736928e-03,3.347075975846882170e-03
8.042458309645336006e-03,-6.530989419794490901e-03,4.087016255238356665e-04,-5.702516912876921980e-03,3.782346397502243159e-03
9.313075362229212423e-03,-6.962100743509437757e-03,-1.541862576827884032e-03,-5.047341099104459342e-03,4.238229057212557216e-03
9.010785516789252339e-03,-7.412844408844780110e-03,-3.600447651703505940e-03,-3.301581576570380028e-03,5.304088120329444531e-03
8.727598044746731967e-03,-7.404383486044308592e-03,-4.256835402788603298e-03,-2.057344080892898729e-03,4.990964924979067810e-03
1.111552915497651152e-02,-6.249593426385585161e-03,-4.873713633908175955e-03,-4.247817666686329492e-03,4.255595572003600773e-03
9.150497145674087868e-03,-6.737468373509864460e-03,-2.644063995223686764e-03,-4.645881601591037545e-03,4.876916824650489625e-03
1.008251648521640148e-02,-6.494122052488540166e-03,-1.851555857840982231e-03,-5.935061188327234172e-03,4.198222613440350318e-03
8.717302989545117411e-03,-6.031754343827413871e-03,-1.417040335776271641e-03,-5.074066619700939341e-03,3.805558309759485107e-03
7.323321082947301629e-03,-5.619605550682128976e-03,-9.594374734052942911e-04,-4.200114750236656237e-03,3.455836691376779936e-03
6.783197967554565472e-03,-5.311932610901046008e-03,-1.423575506972813614e-04,-4.425992476646315420e-03,3.097084670690090219e-03
6.187744684244376667e-03,-5.092762878071679412e-03,-1.294899523924875398e-04,-3.485976486094414292e-03,2.520484632314206556e-03
5.793110674786018481e-03,-5.008298881188246073e-03,-7.200969563195886618e-04,-2.528227013536644540e-03,2.463512176258462853e-03
4.555787824845440592e-03,-4.971057195088762932e-03,-1.424072862362973750e-03,-3.158423201864290087e-04,2.155184552792711872e-03
4.947959736180615638e-03,-4.797621153539618696e-03,-7.491944704639194597e-04,-1.109661523457089374e-03,1.708517411280021867e-03
4.642974057564062257e-03,-4.663181362742930061e-03,-2.398932047456957956e-03,1.304759580386747947e-03,1.114379772249084102e-03
4.626720955073684166e-03,-4.543337011867831093e-03,-2.677806454889497187e-03,1.485868788155961283e-03,1.108553723527688252e-03
5.258823408977986169e-03,-4.437183960449658966e-03,-3.164908043785993625e-03,1.662582445534154614e-03,6.806861497235023760e-04
5.134161755147434100e-03,-4.361432967925378025e-03,-3.337378539005973754e-03,2.220101601274666273e-03,3.445481505092555258e-04
4.084074714653144859e-03,-4.263227144768773867e-03,-3.437656853857777757e-03,3.136379458535612161e-03,4.804298254377981276e-04
3.535073708072827055e-03,-4.226752136328228507e-03,-3.403450288260421747e-03,3.474315940560314918e-03,6.208127759555127261e-04
3.516500271504726348e-03,-4.066998375904231841e-03,-3.424232079798941036e-03,3.405893494831382581e-03,5.688366893670644903e-04
2.758464531114547709e-03,-4.023691313593947931e-03,-3.638832858351032443e-03,4.436772938401454050e-03,4.672867024289911915e-04
2.376028189458877053e-03,-3.964756310260764832e-03,-2.645785629482382776e-03,3.836117054260745635e-03,3.983966960235273049e-04
1.730110089539815647e-03,-3.948063059551009009e-03,-1.886044326280067115e-03,6.478402436211539404e-03,-2.374405139920279361e-03
1.937886503448797834e-03,-3.779174764237201029e-03,-1.156326358212202577e-03,5.407204198556761834e-03,-2.409589579556159749e-03
6.211832994034380013e-04,-3.551791112300784013e-03,-9.884230473863107966e-04,6.209990675341828768e-03,-2.290959815058168491e-03
-6.425186473482071741e-04,-3.424424015998928008e-03,3.859931780824234302e-04,6.607190087587676459e-03,-2.926240602322974140e-03
-1.994136176934149709e-03,-3.225585396574613423e-03,1.361316341450888399e-03,6.547856522112616498e-03,-2.689451290054736560e-03
-2.368075201341371828e-03,-2.981562938798100124e-03,1.801623649047171070e-03,6.061359487384307063e-03,-2.513344996292012686e-03
-2.320522511603413055e-03,-2.910037185005903693e-03,2.760965501113671599e-03,4.684500666451837589e-03,-2.214906470956192006e-03
-2.953826555491631534e-03,-2.430046170140755593e-03,3.755692338548815862e-03,4.186732007311261272e-03,-2.558551620227664421e-03
-3.963382374520897471e-03,-2.279342686495834745e-03,5.007313548233532571e-03,4.156475779818088329e-03,-2.921064267034897792e-03
-5.149166338154731806e-03,-2.190133561885456489e-03,6.173771347539366849e-03,4.158260958462715005e-03,-2.992732405961897896e-03
-6.831252533882127206e-03,-1.876178278660313187e-03,6.527038177902170189e-03,4.772025025537205214e-03,-2.591632390896932842e-03
-6.118010014924631090e-03,-1.498630374942902391e-03,6.725914375478743087e-03,4.591046451713774561e-03,-3.700320437325006068e-03
-6.494893701682641525e-03,-1.390273942980886981e-03,7.025011531854580618e-03,2.705293591869599012e-03,-1.845137479060668688e-03
-6.524773048140547309e-03,-1.303893793169753597e-03,7.808102093654809527e-03,2.140526604945186193e-03,-2.119961857289685055e-03
-7.394895903619054869e-03,-1.077711533141074984e-03,7.980614107336431867e-03,2.876608279517534235e-03,-2.384614950093835381e-03
-6.921541693697546259e-03,-1.038618369332322587e-03,7.637626829946244332e-03,3.188408048744937554e-03,-2.865874815661314124e-03
-7.124446176520709932e-03,-1.115669702698668473e-03,7.274979657812707078e-03,3.819464040918216577e-03,-2.854327819511563898e-03
-6.648242026338770962e-03,-1.443279338582765343e-03,6.840058806190928674e-03,5.353496250576392224e-03,-4.102033691845789580e-03
-5.652754145771972903e-03,-1.908021188815032815e-03,6.218023642069228120e-03,5.959801953090908093e-03,-4.617050260573133530e-03
-4.878326871713581196e-03,-2.336090498719071984e-03,5.207112097431472464e-03,5.938050020560250823e-03,-3.930744747559053627e-03
-4.008934603773452697e-03,-2.756554357774257304e-03,4.505190908910992539e-03,5.999272388049745053e-03,-3.738974335413030193e-03
-3.163764328932568582e-03,-3.131062866769337288e-03,3.213094726626652617e-03,7.029721449402392096e-03,-3.947988980327134939e-03
-1.869760813769785323e-03,-3.411735235245401225e-03,3.207580558257434877e-03,6.422140801062090586e-03,-4.348225310304344553e-03
-1.371442572369154520e-03,-3.662980072184153762e-03,3.152932946650861649e-03,7.185199902931893937e-03,-5.303710205029427138e-03
-5.606329543583008640e-04,-3.849688718679683454e-03,2.507595351628165870e-03,3.773502877718300577e-03,-1.870776556308478009e-03
3.337165144161034248e-04,-3.934918990165637773e-03,1.706118773913002217e-03,3.699399040190674056e-03,-1.804315338354131951e-03
4.700603856461206239e-04,-3.991243970142550716e-03,8.717413592483755011e-04,4.393147948731181314e-03,-1.743705723483125530e-03
7.509964499813489257e-04,-4.339341010670638883e-03,4.452031953902608552e-04,4.550193150467000090e-03,-1.407051785167977385e-03
7.024898688811706147e-04,-4.466942068557853626e-03,-2.055466383372292938e-04,5.205172677907023149e-03,-1.235173839893118379e-03
3.038420679750097799e-03,-4.306123765515598202e-03,-6.807980946425207453e-04,3.605155334205769040e-03,-1.656654153797751470e-03
2.781011087330639148e-03,-4.333241170789336495e-03,-5.473340381361354321e-04,2.954233054644749782e-03,-8.546689330499031246e-04
2.471626887871773270e-03,-4.382666191069778394e-03,4.329843390835066887e-04,2.031226240137329851e-03,-5.531712760228642669e-04
2.404860201624474478e-03,-4.508709376730443349e-03,8.982844676333369546e-04,1.943499733482739397e-03,-7.379350260101053124e-04
2.451259310264085160e-03,-4.602463786585118434e-03,1.089463175414288930e-03,1.406092067374857058e-03,-3.443507664681235022e-04
2.906094465342869398e-03,-4.734247995005632162e-03,1.819063818699521691e-03,5.903512508285243187e-04,-5.812615398652795596e-04
2.768329821401618960e-03,-4.766582161044141674e-03,2.451131741439539595e-03,-3.603098057681824919e-04,-9.256959602884987906e-05
2.858236651790398240e-03,-4.723396801672138760e-03,2.500839523221961777e-03,-9.299512514438667459e-04,2.942718781036561689e-04
4.515692550279956120e-03,-4.656699826762200622e-03,3.217439506014268136e-03,-3.775832671159463309e-03,6.994004416274139787e-04
5.234075991634468475e-03,-4.840050443035304011e-03,3.043760316721761186e-03,-4.436647365184732440e-03,9.988614998637881416e-04
6.759056029637336253e-03,-5.014938906075766534e-03,2.763302216651715264e-03,-5.723112762672697383e-03,1.215693422459419122e-03
6.413960550049687889e-03,-5.307329018279879733e-03,2.010595803460975273e-03,-5.239859150673624108e-03,2.122631815442851955e-03
6.760626896806223515e-03,-5.739825402046459107e-03,1.491529767454353008e-03,-5.378699498075343796e-03,2.866368235861245679e-03
8.396524120920251938e-03,-6.150386129379987500e-03,-4.531940172604155071e-04,-5.326342130606838247e-03,3.533398156327010459e-03
7.819307838677323069e-03,-6.657069929518440350e-03,-2.812281292135460162e-03,-2.141200283527343751e-03,3.791243666503915557e-03
7.975861548376953977e-03,-6.689784042603796194e-03,-3.391404916247426227e-03,-2.530798742416595984e-03,4.636126152890862259e-03
1.050201002151698350e-02,-5.449049869401185672e-03,-4.178046477937407896e-03,-4.367014621097774565e-03,3.492100946919389406e-03
7.742661446605980137e-03,-5.832643520668104320e-03,-2.174381271778602197e-03,-3.226492797270009202e-03,3.490856143110725607e-03
9.375534441619374354e-03,-5.503964908034198258e-03,-1.559701802135736231e-03,-5.654924582630603026e-03,3.343056851181158608e-03
7.281359946302550477e-03,-5.010991750913584147e-03,-9.754483565762489582e-04,-4.149113405445273989e-03,2.854193566632544365e-03
7.112074829279496115e-03,-4.611513012961383079e-03,-7.244933954702570096e-04,-4.262235900868340498e-03,2.486167480020497374e-03
6.807172254675484049e-03,-4.296708350573977611e-03,-2.781773520900615907e-04,-4.166555243523409509e-03,1.934268691511963631e-03
6.231416594840242205e-03,-4.092674274365448034e-03,-1.251255116391697441e-03,-2.390452288785059609e-03,1.502965084701965914e-03
5.489784103217165007e-03,-3.885229433915440931e-03,-2.713864622324988710e-03,-4.353071369932638040e-04,1.544617090016542913e-03
4.900737181305325416e-03,-3.969511595395078946e-03,-1.482092135625032864e-03,-4.886009859384949673e-04,1.039467535653271170e-03
4.774290584483358892e-03,-3.851616835278800100e-03,-1.805419122994048270e-03,3.645913923996986646e-04,5.181539813897960726e-04
5.273969286688600690e-03,-3.785784421108377273e-03,-3.047368956407377726e-03,1.173755258341759294e-03,3.854288324853977796e-04
5.567581611296893579e-03,-3.672881193014276673e-03,-3.445424981120376665e-03,1.621969793057047998e-03,-7.124523021929215669e-05
6.003226038729244166e-03,-3.626570527535727308e-03,-4.127830830471157855e-03,1.781450458284220646e-03,-3.027513900657574807e-05
5.616174634846073967e-03,-3.631973162138559235e-03,-3.833517684321121732e-03,1.944418251927745867e-03,-9.510204031413976096e-05
3.535878276939647541e-03,-3.514345619918007868e-03,-3.194628701863274235e-03,3.225884766027731308e-03,-5.278872118609347975e-05
3.426540353978946036e-03,-3.451562800547334619e-03,-2.965711685925821132e-03,3.137325933253144305e-03,-1.465918007589305785e-04
3.740498440276826802e-03,-3.214240710111262913e-03,-4.211309212332066745e-03,3.818456507879066080e-03,-1.334050257125625190e-04
3.902645299113043954e-03,-3.296175977755339947e-03,-3.226723824887449063e-03,2.796491607488674723e-03,-1.762371039589195572e-04
3.299756617609241136e-03,-3.441737828249618030e-03,-2.289501725666187072e-03,4.918303321935273316e-03,-2.486820385628708916e-03
3.328608643763326328e-03,-3.434128203205607556e-03,-2.175339897906256384e-03,4.620180484388317424e-03,-2.339321027039781981e-03
3.400512667872030315e-03,-3.378501839538289916e-03,-2.011793304105170734e-03,4.378518581008376473e-03,-2.388736105236955246e-03
2.361016866716704986e-03,-3.470530387263834598e-03,-9.648466469281523220e-04,4.379093492359868722e-03,-2.304733324884574754e-03
9.859694579324438692e-04,-3.771738272775541478e-03,-3.772378421993099595e-04,4.077084255626488643e-03,-9.140775985840885560e-04
-4.125916937743166627e-04,-3.761598590684735177e-03,6.499643172640106898e-04,4.435909745149910557e-03,-9.116837779548593243e-04
-1.236435876318251826e-03,-3.465107064814383717e-03,1.809163668401160725e-03,4.184341863144626361e-03,-1.291962590413153061e-03
-2.588308635627378090e-03,-3.389510486736376990e-03,1.880920081737274402e-03,5.172328822426388618e-03,-1.075429781799901001e-03
-3.168204248222750499e-03,-3.081231198127978681e-03,3.222537619212298334e-03,4.497037979440204891e-03,-1.470140152301774479e-03
-3.449728454967197159e-03,-3.064202963902582996e-03,4.855896484459062447e-03,3.549879129006114960e-03,-1.891844194595390747e-03
-4.733511985392138688e-03,-3.043541110917351127e-03,6.024358658762646486e-03,3.652871483159890378e-03,-1.900177045613027534e-03
-5.448611568325624314e-03,-2.719632288448445290e-03,6.296611242890660411e-03,3.098727195973503389e-03,-1.227094582090095063e-03
-6.079696120661997640e-03,-2.257180564738935861e-03,6.350965662454013602e-03,4.139128722557079872e-03,-2.153217699610137422e-03
-6.616203989661864800e-03,-2.414722094602177009e-03,6.805742214159546909e-03,4.527230506084092311e-03,-2.302046635979603916e-03
-7.686616715872977498e-03,-2.089869655393375696e-03,7.216707012574582157e-03,4.637791099011301377e-03,-2.078011740319534242e-03
-7.581199228180649126e-03,-1.801513285634008662e-03,7.200662649862961222e-03,3.706971591943171874e-03,-1.524921727991461863e-03
-7.541493042534231153e-03,-1.705651798579940542e-03,6.971422935891045773e-03,6.281613443630676592e-03,-4.005891538407566933e-03
-6.961677331447189455e-03,-1.764755962478158600e-03,6.787155235227316369e-03,5.900302430737047223e-03,-3.961024372039005127e-03
-6.668659098726515203e-03,-2.061635415647747587e-03,6.457063058968944176e-03,5.670573230270238574e-03,-3.397341774864931670e-03
-5.740610879383329333e-03,-2.537189805121809957e-03,5.767787493606634647e-03,5.806915181673650249e-03,-3.296901990775141702e-03
-4.699205863401512313e-03,-2.842512103620175538e-03,4.850406264167933003e-03,5.739648353025132536e-03,-3.048336650171391566e-03
-3.781719561082275485e-03,-3.198810591145416753e-03,4.031582718881022119e-03,5.764414721041184915e-03,-2.815467287694501785e-03
-2.561803475140806991e-03,-3.423672265861026336e-03,3.377860972361144184e-03,5.580396914525583354e-03,-2.972782145884896813e-03
-2.043682066643283130e-03,-3.678082697468605059e-03,3.121390006338317820e-03,5.594213473664031398e-03,-2.993838715890451488e-03
-9.862697226981831031e-04,-3.721765729230644328e-03,2.223438196595442506e-03,5.894041482709937163e-03,-3.409444227376543131e-03
3.352098025339742752e-04,-3.762619337919873540e-03,1.487084415820209924e-03,5.807649881118817463e-03,-3.867324761553122756e-03
7.383397820092689381e-04,-3.652403716305455735e-03,1.228538135845913884e-03,5.806595606510531367e-03,-4.121069808060261706e-03
1.228784684142184003e-03,-3.512533628397558789e-03,1.249811011078182620e-03,2.401042543955963105e-03,-1.367104610778772456e-03
1.255706015488630440e-03,-3.677607949454227750e-03,7.173585179091378564e-04,2.335784740854863605e-03,-6.312413247984038260e-04
1.056725761595045821e-03,-3.546654804468600888e-03,1.139290999956409176e-04,3.815614558364694483e-03,-1.439614615486768407e-03
1.123664116532646726e-03,-3.364574193228445347e-03,-1.757051456139082865e-04,4.759744642979002287e-03,-2.343129420669295623e-03
2.645354375670853735e-03,-3.399226441705470794e-03,6.791230350739650094e-04,2.530917299609220395e-03,-2.456168268648567694e-03
1.626721205528306640e-03,-3.415866668677387374e-03,1.518897676612842532e-03,2.623967108787738419e-03,-2.353719322251505638e-03
1.896618825883342706e-03,-3.491665202271183877e-03,1.302852354485040456e-03,2.322075442755305343e-03,-2.029881420852502460e-03
1.595533255680027171e-03,-3.586975072216002768e-03,1.392958545520011455e-03,2.521603619001324889e-03,-1.923120347985365734e-03
1.438559758283465377e-03,-3.729092765725530115e-03,2.457577025396688510e-03,1.441895684642412537e-03,-1.608939702597033707e-03
1.633456876302576653e-03,-3.754229163226933692e-03,3.045256011078302863e-03,5.750749563339822368e-04,-1.499558680487917978e-03
1.292681136217093763e-03,-3.657560540732684995e-03,3.122648663952381793e-03,2.393393889482537925e-04,-9.971086483850429439e-04
1.911657691750385689e-03,-3.678866447861822968e-03,3.041169292856055629e-03,-9.124861151220537130e-04,-3.614744216225572633e-04
3.362857228176982429e-03,-3.931894833202678741e-03,4.797014207870119173e-03,-3.876268092352882708e-03,-3.517085104915295291e-04
4.440154567644340362e-03,-4.185055825558675266e-03,4.449924011030591438e-03,-5.044609683618896112e-03,3.395869305026279769e-04
5.398090662732254845e-03,-4.461535778692364042e-03,3.575347734284450938e-03,-5.497406233116350696e-03,9.855036147919981129e-04
5.677815043058804904e-03,-4.853544173200501251e-03,3.065103242080121585e-03,-5.656826503425530644e-03,1.767452391487112995e-03
7.069764056173950123e-03,-5.206690058396418706e-03,4.301144461112016860e-04,-4.599183339629569871e-03,2.305994895740841755e-03
7.285938906313234147e-03,-5.787832645005823624e-03,-1.984622692588689213e-03,-2.835105255531862687e-03,3.321621686813124464e-03
6.616501130924884108e-03,-5.857811556457085365e-03,-2.342059699590869244e-03,-1.731843873231977667e-03,3.315213998355050987e-03
9.027512638538142190e-03,-4.654380401348560785e-03,-3.018644980037494749e-03,-4.059330101193732096e-03,2.704842844041672762e-03
6.631914271379806686e-03,-4.929144698636158360e-03,-1.221236429301349787e-03,-3.123494567396885649e-03,2.641961423954594049e-03
7.221061572648846717e-03,-4.574972186082955534e-03,-6.802873022593217524e-04,-4.351017927465682805e-03,2.385215843159104159e-03
6.855059570354849439e-03,-4.206329704935680980e-03,4.245658106722198218e-05,-4.559498916818502563e-03,1.868312470332110509e-03
6.392469709672590240e-03,-3.922712571440640540e-03,-1.810439517843623238e-04,-3.634324442478540761e-03,1.345611256030956014e-03
5.817887149302134776e-03,-3.393023011797471206e-03,-1.031482582809664260e-03,-2.324095343039542065e-03,9.307137883445290930e-04
5.650510556312307933e-03,-3.062719671981625931e-03,-1.039921246368474307e-03,-2.214784103496171292e-03,6.669144655339566581e-04
4.749899598979908343e-03,-2.918972460102921621e-03,-1.944457429570286373e-03,-1.852370202081297273e-04,2.987673109014215992e-04
4.066860287678836748e-03,-2.662988815635512936e-03,-1.889271933614976653e-03,8.243138546021838535e-04,-3.389133930305332889e-04
3.916441148756695002e-03,-2.601536894340457373e-03,-1.640587738578176474e-03,9.581733056243472166e-04,-6.324898214624236591e-04
4.406191037993757720e-03,-2.504891029889659733e-03,-2.597035451421176623e-03,1.687416011202452987e-03,-9.916805678853951676e-04
5.385335561625318075e-03,-2.370205416960883583e-03,-3.694745015743885509e-03,1.679878321234028193e-03,-1.000263450154554408e-03
5.210677615335574525e-03,-2.446099898569053556e-03,-3.885882840353628489e-03,2.382940294149526409e-03,-1.261635170562421275e-03
3.848572003085825189e-03,-2.435525614676311602e-03,-3.502603046996416274e-03,3.645893141712928595e-03,-1.556336483126030679e-03
3.910694373851773473e-03,-2.358533896800033870e-03,-3.371597425083474979e-03,3.093742912807828909e-03,-1.274305964776095267e-03
3.901031560563293817e-03,-2.560571460555581286e-03,-3.440719517210857979e-03,2.996886414635869297e-03,-8.966269974327143073e-04
4.972967367899917140e-03,-2.554470086591547826e-03,-2.955537672349180071e-03,1.266094537936278365e-03,-7.290541468954672829e-04
4.548083180008703763e-03,-2.715125958749547291e-03,-2.375575150532277177e-03,4.224759816670097673e-03,-3.682141887396967860e-03
4.459315467579527334e-03,-2.817471659837352069e-03,-1.604130727947900579e-03,3.696123399389297619e-03,-3.733836479183566884e-03
3.774450107825572630e-03,-2.897791244776200432e-03,-7.311044692051942278e-04,3.563977162027772132e-03,-3.709531555871945548e-03
3.641583362439962911e-03,-3.207117587290714104e-03,-6.565277349568495683e-04,3.740639029907432030e-03,-3.518577070099820642e-03
3.306372531461921043e-03,-3.694576402539336696e-03,-8.133571358699538635e-04,3.591671376639023194e-03,-2.390110369691660075e-03
2.182660039655635008e-03,-4.153437553434755763e-03,-1.534778325821066188e-04,3.741424820958165302e-03,-1.617169474596925026e-03
7.908654884404249042e-04,-4.079133357265083380e-03,7.790174019463113166e-04,4.413424356092240756e-03,-1.904173889213905523e-03
-5.536997054821069224e-05,-3.922822143583898531e-03,1.755787681779006053e-03,4.511383708173922168e-03,-2.288979275820806313e-03
-7.154307178452054506e-04,-4.382714188909780408e-03,2.543147634282939482e-03,3.994256025199654711e-03,-1.439258752727590228e-03
-1.429567685678002518e-03,-3.825353545432127068e-03,3.628109248848728104e-03,3.413035364602333161e-03,-1.786223382340929294e-03
-2.952951562231501906e-03,-3.491586648603719860e-03,5.221897881736694592e-03,3.877709712355415124e-03,-2.655069383256894455e-03
-3.370527623990538825e-03,-3.951099863970401749e-03,6.700423919358514287e-03,1.137528299815975929e-03,-5.163247312135451966e-04
-5.186922287735385925e-03,-3.976280588984470142e-03,6.898065243585766240e-03,2.872436499815072489e-03,-6.072988666809843970e-04
-6.427845237332278569e-03,-3.329041815997138814e-03,6.987266221188019946e-03,3.170586784210348980e-03,-4.009659520689549039e-04
-7.527622617272648232e-03,-3.583410748932782958e-03,7.509011987692331899e-03,3.927335053849072451e-03,-3.253136753359873079e-04
-7.574018575163897482e-03,-2.992229759640801980e-03,7.616041021952919994e-03,4.561532127190225452e-03,-1.611324814338470921e-03
-7.621927188687449908e-03,-2.765964058606435339e-03,7.633128413592597111e-03,5.055083907149060009e-03,-2.300321073447735010e-03
-7.471619082307650803e-03,-2.428210220729362396e-03,7.208859263008784643e-03,5.674328514515550141e-03,-2.983358474487301203e-03
-7.066745990935398986e-03,-2.758358914356676996e-03,6.698733254845028878e-03,6.576314838829737212e-03,-3.449943188382687508e-03
-5.881342799410762753e-03,-3.175210242660273310e-03,6.339709614534550647e-03,6.172345781236899045e-03,-3.455502353700401052e-03
-5.040947113889840750e-03,-3.537265736373992105e-03,5.688924533513063306e-03,6.709924631302432128e-03,-3.820636314551646533e-03
-3.972062743851067709e-03,-3.820954246131627770e-03,4.597572049944574808e-03,5.940965347634398139e-03,-2.745520407596293514e-03
-2.753528926894833334e-03,-3.969252268434211861e-03,3.630419194349634657e-03,5.783922932257106950e-03,-2.691560931277692074e-03
-1.676675961384598750e-03,-3.917143606757961249e-03,2.564873343606895173e-03,6.100374898763449502e-03,-3.071428674227795735e-03
-8.089826694289910551e-04,-4.051277160589941348e-03,1.584736430064165487e-03,6.539081261504228401e-03,-3.263557861549445330e-03
3.436600279173135613e-04,-4.020673515074991988e-03,5.909017675999920453e-04,6.555309234671173602e-03,-3.469197515113497682e-03
1.555627514665195842e-03,-3.582944561712237720e-03,-2.105959563155395059e-04,6.178694950839448176e-03,-3.940781947476888585e-03
2.036152822707229873e-03,-3.169577360099523362e-03,8.673768014761156430e-05,5.312739082129876167e-03,-4.266052224885189675e-03
2.008842823774235290e-03,-2.933251763221528946e-03,-1.954413023533675231e-04,5.412461735437836853e-03,-4.292611493637171934e-03
1.971856156510707735e-03,-2.818973438331993757e-03,3.185872127396461890e-05,2.497209989953686534e-03,-1.681951429406364955e-03
2.071962032010727078e-03,-2.696661556604259581e-03,-5.870731987850041247e-06,2.442588371769644894e-03,-1.812018115188261582e-03
1.458652179890355819e-03,-2.700054787237691611e-03,1.584960990183045641e-04,2.495059317759955927e-03,-1.412152809430927735e-03
1.969651596016974704e-03,-2.602077453995907223e-03,-9.496699341244034705e-05,2.893464496316249489e-03,-2.166071644924872502e-03
2.081199456263932608e-03,-2.624995260000467963e-03,2.008345873297647226e-03,1.878694331798298452e-03,-3.343244401359410107e-03
1.756396734301526180e-03,-2.609977456763308036e-03,1.647424553787244774e-03,3.026908793280958312e-03,-3.820752624606436193e-03
2.101658627677545094e-03,-2.719632238058541669e-03,1.724046429580273609e-03,1.955947009204557670e-03,-3.062019828403833403e-03
1.805605854261886764e-03,-2.753714838465371774e-03,1.896315031204579048e-03,2.316367966274632088e-03,-3.264574013275725693e-03
1.482768967461302453e-03,-2.686980895090864113e-03,2.401724140923132585e-03,1.208054687590485055e-03,-2.405566900884063570e-03
1.136386679242272968e-03,-2.761965405533168584e-03,2.898949607319403592e-03,1.014265953558802103e-03,-2.287636834587312030e-03
1.842389555105450371e-03,-3.112418444472981899e-03,2.993569095931757941e-03,-2.869732523828682309e-04,-1.436566954181350483e-03
2.883077007740982717e-03,-3.234122304727061591e-03,3.094231821407424955e-03,-1.807854171265485315e-03,-9.353323531558537180e-04
3.929016740483026911e-03,-3.408451735350587122e-03,4.540142437833332573e-03,-4.188056991334469271e-03,-8.726504516313063429e-04
3.961491510227229534e-03,-3.682757551119538071e-03,4.595013882809923476e-03,-4.774758786202956511e-03,-9.898905571465926932e-05
4.144929201843693123e-03,-4.065393867248645772e-03,4.328173761365266235e-03,-5.284936246988726841e-03,8.772271510284255060e-04
5.054945027754772363e-03,-4.289342945422274997e-03,2.143020319886002924e-03,-4.477720780216977968e-03,1.569098377998479413e-03
5.124869717197368113e-03,-4.875158821100779478e-03,4.923740471920045757e-05,-2.864011879711932280e-03,2.565063578896173858e-03
4.788978431449603633e-03,-4.992624663304769811e-03,-4.542377452050925884e-04,-1.910977471120550676e-03,2.568861448180816652e-03
7.851471111470442743e-03,-3.962455170676628356e-03,-2.020924168473626874e-03,-3.332842566045519407e-03,1.464750793725330376e-03
5.130913181715565305e-03,-4.203331083892463543e-03,2.238706397617247262e-04,-3.090089050523069526e-03,1.938636312938227507e-03
6.042789572010875965e-03,-3.826155519574256370e-03,9.173709542351216181e-04,-4.745514183327844381e-03,1.611509176656107179e-03
5.415289585384381807e-03,-3.658573145498536863e-03,1.182547396905260333e-03,-3.886813803462136046e-03,9.475499666710445390e-04
4.842839417145920929e-03,-3.364537250927853492e-03,1.209052433053479534e-03,-3.092833462782600996e-03,4.054788635110647050e-04
4.099221842984513905e-03,-2.707542440326331668e-03,8.984381909848164146e-05,-1.535839154354342890e-03,5.431593259766865023e-05
3.485957810164628991e-03,-2.364130271574592119e-03,-6.044524353992454177e-04,-1.230828549128665445e-04,-3.942922482779222270e-04
3.247407656261895419e-03,-2.195932767145508842e-03,-8.237879341699892808e-04,4.763679148503112849e-04,-7.040548697967258197e-04
3.276975972712102385e-03,-1.958722204938804189e-03,-9.240228421325515562e-04,9.198981010220193570e-04,-1.314129026662772936e-03
2.947039997290722482e-03,-1.887563856846704137e-03,-1.097439217223413702e-03,1.946330082990723473e-03,-1.908367006211326381e-03
3.184791835463898334e-03,-1.807248324944738449e-03,-1.433744224663823386e-03,2.346364844397840366e-03,-2.290164130253168409e-03
4.378282875440968683e-03,-1.812277561267634307e-03,-2.304830471194306996e-03,1.885158430410017148e-03,-2.146333273389045612e-03
3.315859982683465410e-03,-1.843897017003901483e-03,-2.165229714070273682e-03,3.202378011962136659e-03,-2.509111263571425169e-03
3.147589743901096221e-03,-2.013599216941124818e-03,-1.886424197678295868e-03,3.175628699815185186e-03,-2.423195029096856818e-03
3.930226517261922736e-03,-2.161397039791512330e-03,-2.204417243875505476e-03,1.773149841687850399e-03,-1.337562075282752944e-03
3.930686351131541453e-03,-2.141791365680362387e-03,-2.001868694304712211e-03,1.195670369860807585e-03,-9.826966610072783437e-04
3.715774862566023629e-03,-2.421079931252171757e-03,-1.862322046958177386e-03,3.963788303595988834e-03,-3.396161187951655079e-03
3.241745133875705530e-03,-2.674004264990825080e-03,-1.558991257394903808e-03,4.416502853261752154e-03,-3.425252464751731615e-03
3.484335715544078713e-03,-2.728997247576890346e-03,-8.375649740396668005e-04,4.339742604183276925e-03,-4.257516098110794914e-03
3.964625985009655705e-03,-3.054678484025971554e-03,-3.829682749902713003e-04,4.461186906759437298e-03,-4.988166132752852588e-03
4.733947681584962583e-03,-3.525691884046653658e-03,-5.464842731284222984e-04,2.935893432297373862e-03,-3.597664956707248996e-03
4.372481451734223055e-03,-3.917752248358840478e-03,-1.078145892100699029e-04,2.034164098831223351e-03,-2.381078712996545065e-03
3.415305075679894633e-03,-4.426082698034555091e-03,4.602747963274196868e-04,3.003464339754604185e-03,-2.452961513727359728e-03
2.264208527949830747e-03,-4.625407979480653485e-03,1.258620417129334770e-03,3.525678106696066884e-03,-2.423099072294585855e-03
1.193769699225806068e-03,-4.883433190525193236e-03,2.214033010385969662e-03,2.753091824381396092e-03,-1.277461343467980971e-03
-1.803785277819911252e-04,-5.163597608144485096e-03,2.971389586267388864e-03,2.780635419587718354e-03,-4.080488699286391008e-04
-1.564995906165110411e-03,-4.955958412839831656e-03,3.796045282855199394e-03,3.558025688723892837e-03,-8.331166525741707640e-04
-2.809963068414187033e-03,-4.587837330132803898e-03,5.083449948996929084e-03,3.740224702676838917e-03,-1.425874253126790080e-03
-4.011349121901089040e-03,-5.321343976392280475e-03,5.940618871402487434e-03,3.452300368626429888e-03,-6.022614173555469177e-05
-4.916884493028897060e-03,-5.381155367316869075e-03,6.725173139886916375e-03,2.577061777148274835e-03,9.958049433105517229e-04
-5.996836276688197707e-03,-4.485284064199428732e-03,7.086292805155209977e-03,4.552255651529448291e-03,-1.156428115796999086e-03
-7.390537105251604282e-03,-4.816612819185617407e-03,7.487223254816210115e-03,4.203788676874834797e-03,5.161379927461825232e-04
-7.760569342331309281e-03,-4.804571937493513911e-03,7.305949115049423064e-03,4.836137742129966756e-03,4.230544226454439438e-04
-7.286603129784683872e-03,-4.499502887778852878e-03,7.074563956013507800e-03,5.490067991880720304e-03,-7.785259303306897279e-04
-7.266902799659604589e-03,-3.775649938189418360e-03,6.803184163312435070e-03,6.238588195243472204e-03,-1.999219620706892565e-03
-6.480180573374941591e-03,-3.897558858051574423e-03,6.505477912552479723e-03,6.182149273544212953e-03,-2.309887754670170591e-03
-5.382435974780615251e-03,-4.292657895589159327e-03,6.076992816410473758e-03,6.432788489134668580e-03,-2.834687435175365158e-03
-3.690153322445341531e-03,-4.610479166440199089e-03,5.375338350308338231e-03,6.543407931868899102e-03,-3.618113793291689341e-03
-1.901140198256582540e-03,-4.999034413551084292e-03,4.056928253837846152e-03,6.348446069012098764e-03,-3.505199711042285456e-03
-7.613703310277650238e-04,-4.976225247027474784e-03,2.342758223202634667e-03,6.490821053715172852e-03,-3.095983698862564675e-03
2.185616790967030623e-04,-4.685282598291084892e-03,9.945658734549756540e-04,6.245926727539348813e-03,-2.773771681799952829e-03
1.380719974112126335e-03,-4.495763677700345337e-03,1.295927970164300561e-03,4.758983505608854747e-03,-2.939867772184916357e-03
2.065195214689732710e-03,-4.154054111600936731e-03,4.230082466141863741e-04,5.040255580462900398e-03,-3.374404930165868493e-03
2.794713067589149006e-03,-3.581525512757305265e-03,-6.327008717778371313e-04,5.090330997133775404e-03,-3.670817680187777026e-03
3.301642573901698331e-03,-3.023193216166829636e-03,-6.239467208135722476e-04,4.799518526654813523e-03,-4.454021163576107369e-03
3.320365234931805815e-03,-2.596257096947948186e-03,-5.284950034288513065e-04,4.561195647935754188e-03,-4.756808782490754006e-03
3.240465021616047159e-03,-2.245359905185266309e-03,-9.506396993102363222e-04,4.544791906921256258e-03,-4.589257324041777150e-03
3.133963248608215204e-03,-1.945570010608808518e-03,-1.709226257675743152e-04,2.562879403246605924e-03,-3.580350015478443119e-03
1.838639226514544086e-03,-1.959200112284666291e-03,6.203083364872825608e-04,1.753968403717455146e-03,-2.253715854434605852e-03
6.929611734298169162e-04,-2.146770297425309310e-03,1.030869992168846443e-03,2.197927766623076779e-03,-1.774988634796435165e-03
8.894541914858843578e-04,-2.110015554286076046e-03,2.498860116787297164e-03,1.349990779681991410e-03,-2.628289533669104366e-03
1.089393188226228789e-03,-2.138893026855314631e-03,2.583686762990736532e-03,2.113189856668362242e-03,-3.647376781030014451e-03
1.371977075464067856e-03,-2.097984913104936934e-03,2.500923651570884868e-03,1.883607593814746323e-03,-3.658523407744752355e-03
1.209763242041457607e-03,-1.974460007714554620e-03,2.830328067174494276e-03,2.078641991037126924e-03,-4.144273292538525055e-03
1.162420643577217073e-03,-2.103524704409543995e-03,2.883897528172863801e-03,1.931546920069130606e-03,-3.874340387409656427e-03
6.249502946408345017e-04,-2.354420055864144337e-03,3.469172391930014886e-03,1.305640310894643202e-03,-3.045342941601356275e-03
8.738689835828517515e-04,-2.370885791564815090e-03,3.297719485399741839e-03,6.377121214740413520e-04,-2.438414798891822780e-03
2.422636737606989957e-03,-2.482365361712983616e-03,2.101816671355692667e-03,-2.954673254552743792e-04,-1.746620721794419750e-03
2.955710747804403751e-03,-2.657423824154811574e-03,4.031357086112734300e-03,-2.678414724333988677e-03,-1.651229285428339319e-03
2.988695335587584177e-03,-2.854766415720965365e-03,4.955150459916494825e-03,-4.122985657685832028e-03,-9.660937220972836683e-04
2.971082524417053942e-03,-3.207578216397900459e-03,5.090451061533705392e-03,-4.213318141693571557e-03,-6.406372278592749585e-04
4.036498093689280635e-03,-3.438581050800183087e-03,3.354493067202191786e-03,-4.969160521611479080e-03,1.016750411520187143e-03
4.089845248400966402e-03,-4.032222850997265080e-03,8.189858709010451208e-04,-2.581212345063232591e-03,1.704604076758468043e-03
4.251331970455130872e-03,-4.164362344940216593e-03,3.119503590665738575e-04,-1.898349945087109397e-03,1.499429960505615188e-03
6.376434030018220817e-03,-3.280275718919705048e-03,-7.050873723029973169e-04,-3.334841536578401350e-03,9.437705977828915720e-04
3.003873859021021636e-03,-3.423945568777873611e-03,1.581550924706558864e-03,-2.348721528656445238e-03,1.187242313706733145e-03
4.584971307753881592e-03,-3.135259263863497074e-03,1.930091234980869279e-03,-4.168708668538393183e-03,7.889053896671271342e-04
3.816076390113038938e-03,-2.905364239008864473e-03,2.341281995614166375e-03,-3.475834286497682477e-03,2.238401397793296293e-04
3.417025993560522668e-03,-2.477216102995332282e-03,1.616766285743000391e-03,-2.251440329163185809e-03,-3.051358471450155391e-04
2.929872927578336221e-03,-1.921873757832640549e-03,1.544404549794644362e-03,-1.825083636658460023e-03,-7.273200828818696031e-04
2.855831548231703605e-03,-1.780814698502227768e-03,6.063572933070852933e-04,-5.236893417974717614e-04,-1.157684801239092188e-03
2.026973366037155937e-03,-1.601175709182534350e-03,1.147001255809963494e-04,9.769207627939146665e-04,-1.517418545229530990e-03
2.253095869757078089e-03,-1.449288248223327925e-03,1.479578575537262653e-04,1.219399759480661437e-03,-2.171165238568134072e-03
1.767611002688124124e-03,-1.336776035532335344e-03,2.549354098319114406e-05,2.543919618945114300e-03,-3.000248127084093313e-03
1.774211763736460723e-03,-1.310555357419164501e-03,-5.894943408481822297e-04,2.802797168540384441e-03,-2.676959234009486724e-03
2.349194511914827997e-03,-1.454989545530180122e-03,-1.062580397879581964e-03,2.997473041305162046e-03,-2.829097609810239233e-03
1.777771839399948026e-03,-1.574840054641175576e-03,-9.937120698531526700e-04,3.351166824078847736e-03,-2.560386538984463830e-03
2.537813722412376322e-03,-1.773167276497373364e-03,-6.743598107594175276e-04,1.546453684545090468e-03,-1.636740319700675898e-03
3.145085769153946418e-03,-2.143413707358806340e-03,-6.306721041982177442e-04,5.396884145585843741e-04,-9.106883721554996603e-04
2.858239943288867855e-03,-2.271133253239085784e-03,-1.551215515059613985e-03,3.408959249150906104e-03,-2.444850424141075274e-03
3.221738565046827936e-03,-2.541913280953748359e-03,-1.129029776442189549e-03,2.842697055263932685e-03,-2.393492562914825532e-03
5.197531634595015451e-03,-2.693228894794777971e-03,-1.321985995016108537e-04,5.662792607146596496e-04,-2.938383401013283051e-03
5.404193454582499091e-03,-2.776033040487592678e-03,1.160490407581070589e-03,1.193319789388617167e-03,-4.981970611064595253e-03
5.967415399626522197e-03,-3.263618236188810945e-03,9.077403573261593091e-04,-1.721750859091011735e-04,-3.439362434854754697e-03
5.931474487113731243e-03,-3.690308606682069816e-03,1.419575772017554229e-04,-1.213427660117727890e-04,-2.261780691621648100e-03
5.345762608794916819e-03,-4.109142453388364702e-03,1.246596445140875321e-03,6.035946594062733400e-04,-3.086811259953704464e-03
4.996138616038884629e-03,-5.105965454658278543e-03,2.548103851097466722e-03,-8.270202233309855745e-04,-1.611256789147083764e-03
4.132777357869409258e-03,-5.629947685085733532e-03,3.325712529996884687e-03,-3.648379924965169767e-03,1.819837722184615208e-03
3.077208356014982365e-03,-5.747153489380840176e-03,4.033945739383515069e-03,-3.686866299949489740e-03,2.322865693931836818e-03
1.141544379066917157e-03,-6.429343648137484345e-03,5.259540839184257723e-03,-3.312509648375806109e-03,3.340768078262109503e-03
-4.173095768739539186e-05,-6.519631861699976688e-03,4.665530336362504020e-03,-2.154819570901652000e-03,4.050652053926534317e-03
-2.571404203245668350e-03,-6.194706517696445085e-03,4.796318188542682270e-03,8.480943799607454587e-04,3.121698152438681911e-03
-3.670653663727652116e-03,-6.825343705344115788e-03,6.432506035362429292e-03,2.563439325502852792e-03,1.500052008206505336e-03
-4.911858867281381109e-03,-6.780448315487162120e-03,7.634522677405389951e-03,1.545646308171268581e-03,2.512138197191877975e-03
-6.337243119070985926e-03,-6.006344699162682009e-03,8.429854274553021456e-03,2.738938734109280532e-03,1.174794809571358357e-03
-7.214868769796955496e-03,-6.321899556968610737e-03,8.400217371757320861e-03,3.597130049888216854e-03,1.539420905120003364e-03
-7.547642636780423769e-03,-6.235438310170178869e-03,7.518797870970610545e-03,5.260733025434435016e-03,1.003550050545590254e-03
-7.732056451591767625e-03,-6.303559550985287155e-03,7.413453499182728543e-03,5.801500827926501895e-03,8.206616754678156683e-04
-6.917344266414275807e-03,-6.001730106081760822e-03,7.276346786126133316e-03,5.710465910090929340e-03,-6.773832372102918441e-05
-6.948564171575771775e-03,-5.854137269315389143e-03,6.979709707460113668e-03,5.604836480226984240e-03,2.181552532040513005e-04
-6.138699106306800234e-03,-6.080422998034784414e-03,6.403119788554391574e-03,6.855702039743939886e-03,-1.039699723956769364e-03
-3.837773003607692322e-03,-6.142698602028447315e-03,5.198520209578973844e-03,6.151990671317925270e-03,-1.370039275260762513e-03
-2.381891882562530132e-03,-5.943547530323878107e-03,3.975017584160240973e-03,6.189183630206242237e-03,-1.838761801480057623e-03
-1.098490334415835011e-03,-6.113136604179250817e-03,2.356755671623941232e-03,6.528441737663982260e-03,-1.673570470692822051e-03
3.240759991495191462e-04,-5.286441368401420711e-03,2.251866755560181631e-03,5.803843712693402060e-03,-3.093345099001698715e-03
8.508684282854802813e-04,-5.020288522085005790e-03,1.430856979257227705e-03,5.737647558524037149e-03,-2.999084443981749754e-03
1.851928946477315874e-03,-4.376240494264558092e-03,3.243213876650274398e-04,4.417177940450389001e-03,-2.217187780328176878e-03
3.393200423794593464e-03,-3.670052365762152373e-03,1.331897985826181665e-04,3.291790600975724214e-03,-3.148128457590797322e-03
3.486111733788995783e-03,-2.873516462826922625e-03,-1.278432040337446193e-03,4.671934778396217257e-03,-4.006098009020842704e-03
3.924592725220528780e-03,-2.232072277249929487e-03,-1.745112376256846153e-04,3.809733830441475178e-03,-5.327743040786377983e-03
3.927031051392491923e-03,-1.721677976320381978e-03,-3.882277240640269515e-05,3.000704401720678729e-03,-5.167234704386385741e-03
3.312600190993449968e-03,-1.436964317257198370e-03,2.184526362771983300e-04,2.982466441619881746e-03,-5.076554951633355933e-03
3.558397849112022917e-03,-1.306926080712400443e-03,5.415016787295802480e-04,1.547518406891013848e-05,-2.808448631198120528e-03
1.512542808007876069e-03,-1.356639476339695097e-03,1.502993146203879292e-03,1.050659799152744208e-03,-2.709556277024804255e-03
3.262262878078443871e-04,-1.440628367665232465e-03,2.143228491920539953e-03,1.409176945211998997e-03,-2.438003357275151089e-03
9.488403361566218009e-04,-1.590776608660910210e-03,3.416396397856283438e-03,5.201264825734067994e-05,-2.826472773609334591e-03
1.578552054892289167e-04,-1.641560932101328654e-03,4.140329066743138678e-03,1.669555022770492390e-03,-4.326178362901537781e-03
2.099099158051793165e-04,-1.438587510297067475e-03,3.549118181860169696e-03,1.644664081175674581e-03,-3.965104668543962922e-03
2.081215609442984524e-06,-1.460104474580267708e-03,3.080402073716764343e-03,2.457688836889867709e-03,-4.080067651635794525e-03
-1.862038667796155230e-04,-1.683908724427027282e-03,3.340378690441859252e-03,2.202952611867359505e-03,-3.673218711102572889e-03
2.327673235437543856e-04,-1.661809192360648229e-03,3.631711791900563494e-03,9.270071583252872168e-04,-3.129677081408965486e-03
1.001949712213970334e-03,-1.816238845575210946e-03,2.942469754969553961e-03,4.922009365348361566e-04,-2.620381558143155144e-03
1.703657652071694732e-03,-1.963537699330282927e-03,4.514887953766455117e-03,-2.347920903507227670e-03,-1.907087003000647492e-03
1.084248367107665994e-03,-2.131542240915603598e-03,6.247729333586733366e-03,-3.458058024772852138e-03,-1.742377435005955984e-03
1.749815532882926204e-03,-2.489595147930872242e-03,5.747150484292244677e-03,-4.074459540870959892e-03,-9.329113283733357111e-04
2.784873798167394800e-03,-2.714380565239057994e-03,4.463214293702150344e-03,-4.732801120268663973e-03,1.990935936381772026e-04
3.262144108853686723e-03,-3.250451995920427845e-03,2.129277809193888711e-03,-2.929987175006929304e-03,7.890172528797831245e-04
2.899005464160371234e-03,-3.382183116292990406e-03,1.254399633059027517e-03,-1.940494298293281641e-03,1.169272317366879584e-03
5.169734275644246625e-03,-2.747301428819683925e-03,1.206859717594566898e-04,-2.941411217014728349e-03,3.982923984307130787e-04
1.935359213004562116e-03,-2.886440004971946565e-03,2.292779946893569627e-03,-1.906500414485662797e-03,5.648012595594673188e-04
3.414214310934951015e-03,-2.460176869779384049e-03,2.750024123016251917e-03,-3.952814941375525949e-03,2.487533772037017537e-04
2.795108640773333406e-03,-2.188397192689255522e-03,3.285729494275802832e-03,-3.494745440284959155e-03,-3.976955020749166282e-04
1.956842929865408500e-03,-1.918568420683581773e-03,3.329429638093186865e-03,-2.443269675098335390e-03,-9.244344721766741902e-04
4.774539126019846204e-04,-1.474453770455715637e-03,1.758765953936781588e-03,6.830200807659327902e-04,-1.444786176848987047e-03
1.073918647488988735e-03,-1.240669118297669854e-03,1.522464399143692556e-03,5.251497450246518173e-04,-1.880863673359656207e-03
1.201873858306489471e-03,-1.154393384887561795e-03,1.149314916138138680e-03,1.196563230622710696e-03,-2.393358620179783774e-03
1.438240494538052571e-03,-9.898256211823871619e-04,8.798259851370323747e-04,1.717301756392959622e-03,-3.045542614885666296e-03
1.001792032052654415e-03,-1.015267094829045910e-03,6.499604230132087620e-04,2.638930026679644440e-03,-3.275415386916472223e-03
1.348743994034470742e-03,-1.123461733275175466e-03,7.864165970367365237e-04,2.019381966916663270e-03,-3.031080824712685529e-03
3.409499264126105290e-04,-1.291074371429647800e-03,5.317579140914625684e-04,3.346284848431881325e-03,-2.927918317506307544e-03
1.805939257366205933e-03,-1.656552692463410551e-03,1.594739577994964573e-03,1.464002843600489703e-04,-1.890526427257804452e-03
1.640807053814622883e-03,-2.004238991922414198e-03,6.934904412554132331e-04,8.561599532233372858e-04,-1.186218456370957903e-03
1.875472218110257059e-03,-2.241675389979960915e-03,-3.822805682785531539e-04,1.589585962142674256e-03,-8.411022219944227747e-04
3.600330256904597098e-03,-1.939210614757146687e-03,-3.213567964115645898e-04,1.914119581040373951e-03,-3.253882426776253268e-03
4.291251920713212535e-03,-1.792419775464542146e-03,9.713661780342588948e-05,7.786070623199041821e-04,-3.374575825372005435e-03
4.752606890339194229e-03,-2.085466192127834704e-03,7.376215262885707112e-04,3.796613407137780960e-04,-3.784423565213690822e-03
5.256323107692599875e-03,-2.449028831986284783e-03,7.950721847227879219e-04,-3.951954920915017565e-04,-3.207170968337583368e-03
5.290441288432347344e-03,-3.480162663967575117e-03,5.681456812052623805e-04,-1.829259220655247509e-04,-2.195498383604503785e-03
5.120830688578702564e-03,-4.195300254052540187e-03,9.167788556357433930e-04,-2.727347473279600489e-04,-1.569574542833955316e-03
5.186868441658627066e-03,-5.240134020789496451e-03,1.346379245126821597e-03,5.682104366030274771e-04,-1.861324102598969172e-03
4.510492581302849233e-03,-6.458491340829002406e-03,2.179161621449794174e-03,-3.468354345201249845e-03,3.237191483277619686e-03
3.974676600944825923e-03,-7.123957667039540129e-03,3.103968801310946334e-03,-4.174496717674477768e-03,4.219808982458240001e-03
2.686293906435164094e-03,-7.211852621127136202e-03,4.086616645274985735e-03,-3.925479072229015251e-03,4.364421141646012033e-03
1.274450812620957826e-03,-7.837307084976187499e-03,4.995378428561281919e-03,-3.502999922192988769e-03,5.070477765986931319e-03
-1.210025028389195931e-03,-8.503059405697999812e-03,5.635407016339052770e-03,-1.977484249710536809e-03,6.055161667458642920e-03
-1.873755522132480649e-03,-8.627632548161253898e-03,6.668506479050125349e-03,-2.382060432069034277e-03,6.214942023312652365e-03
-2.814244238663936738e-03,-9.082453949708812341e-03,7.476979209840920598e-03,-2.467957535346811809e-03,6.887676513878648529e-03
-4.307939946627240349e-03,-8.934080029704104253e-03,8.645349600686424302e-03,-1.820747524451233040e-03,6.417417900096151172e-03
-6.748223733748881341e-03,-8.212267381500767266e-03,8.807985354284418589e-03,1.228884889892596860e-03,4.923620871072640313e-03
-7.283304369630526701e-03,-8.078908703950143932e-03,8.666317935593007352e-03,3.084313503168603556e-03,3.611581634819041944e-03
-7.884376791284912825e-03,-8.008863136752227344e-03,7.840428168210176671e-03,3.806921103225693621e-03,4.245890656601229544e-03
-8.112833226432686687e-03,-7.707368928861878070e-03,7.687653343433387652e-03,4.637736639944208678e-03,3.494812171916944574e-03
-7.812874947443548129e-03,-7.736207152828810524e-03,7.574307015099500384e-03,4.984475588802796814e-03,2.990299496370043674e-03
-5.997685685091558999e-03,-7.509503104075073050e-03,7.351872834048004020e-03,3.520415364757821432e-03,2.634900590360808766e-03
-4.700369695889727167e-03,-7.791618130003535002e-03,6.168647229951046244e-03,4.135259480421873794e-03,2.188081115520331722e-03
-4.145250281043943823e-03,-7.880234942938055612e-03,4.429619364404721767e-03,5.507302224404138011e-03,2.088563635173147463e-03
-7.601892130841588066e-04,-7.519112719313436610e-03,3.148893138726191823e-03,3.491476256544069710e-03,1.638932537127352424e-03
4.659506643539558231e-04,-7.180082297475987377e-03,2.054451957407834976e-03,3.608221400200191126e-03,1.051458275514002144e-03
1.288820593679579005e-03,-6.457478417064823652e-03,2.051987838965560126e-03,3.918701934781465904e-03,-8.020319503617654453e-04
2.391811467464443220e-03,-5.786986369305822074e-03,1.330285509625693486e-03,3.794011761667678492e-03,-1.729122369451992908e-03
3.538215154258601489e-03,-4.744105053873313126e-03,1.177213818315727008e-04,4.325582597680072659e-03,-3.237414079896930742e-03
3.156833669817663956e-03,-3.850896526849837982e-03,-1.061151492676889498e-03,4.381115620113286771e-03,-2.625901270404232355e-03
3.375117490806279694e-03,-3.185591347076974136e-03,-9.664022997293653452e-04,3.661666045328030878e-03,-2.884789889327982800e-03
3.744134765987164847e-03,-2.354610028022947280e-03,-6.059049458240743256e-04,3.370605156934730878e-03,-4.154224949074878347e-03
3.620415413919698521e-03,-1.525908300331058716e-03,-8.210447476852736608e-04,3.664713093828987113e-03,-4.938175459732335910e-03
3.341198009916999164e-03,-1.138389185632530465e-03,-6.391761381575262525e-05,3.514490464128897530e-03,-5.653381674597636290e-03
2.917611242092972481e-03,-8.077635197825428241e-04,2.786589081038721972e-04,2.716173819016106782e-03,-5.104680449430414220e-03
1.925509141438673001e-03,-6.087203958786144894e-04,1.084670960413742927e-03,9.276696327422965984e-04,-3.329129338716093050e-03
4.738140855056751049e-04,-7.393364893301149991e-04,2.887534225821339687e-03,6.032974176163263206e-04,-3.225309239613241997e-03
1.022754512475127289e-03,-9.746279124625883885e-04,3.612031219884920524e-03,-4.271991005833346983e-04,-3.232958719314134918e-03
2.856909326580911218e-04,-1.209868768591302159e-03,5.105374335692572027e-03,-3.796682061479167685e-04,-3.801528293611452624e-03
-3.915126551263284588e-04,-1.300647689994673855e-03,4.816653745536391036e-03,5.663549782214444186e-04,-3.690848378636835039e-03
-1.066276942641049318e-03,-1.294830997343013801e-03,4.704094060261598473e-03,1.576707633313107360e-03,-3.919693753590636209e-03
-3.963400440561905703e-04,-1.107030562984345290e-03,3.802923861377071821e-03,1.763263904950113916e-03,-4.062817159286651394e-03
-4.661133678896599666e-04,-1.278833583982989406e-03,4.009839253466378380e-03,1.461697165346349759e-03,-3.726589466940066243e-03
-4.205939628607889601e-04,-1.433309181554743260e-03,3.617663301725172319e-03,1.151318415397952063e-03,-2.915078572707585549e-03
-1.451589342814251686e-04,-1.431266118805391788e-03,3.676716403236011000e-03,8.257625895713347451e-04,-2.926053939720527595e-03
-3.805279099117428058e-05,-1.556159156713952897e-03,5.711704904641906264e-03,-1.578208954355464879e-03,-2.539284002581311192e-03
1.143113076709936218e-03,-1.929363966828752603e-03,5.955422232269336723e-03,-3.785501947022802769e-03,-1.383669395127714533e-03
2.209033038971036471e-03,-2.099732374150492693e-03,3.919733631680232325e-03,-3.463840586423952515e-03,-5.651937100768201182e-04
2.302209291956720458e-03,-2.636546875760849284e-03,2.876644533649053148e-03,-2.873696816107446182e-03,3.313898662625378521e-04
2.505470583680173297e-03,-2.712840156608958223e-03,1.914171300858243585e-03,-2.336875229718432187e-03,6.300735017889828524e-04
4.896842754111738541e-03,-2.304942162591581186e-03,1.216051901211094143e-03,-3.772267199771499845e-03,-3.568529295976031362e-05
1.059718270724113991e-03,-2.384759711231580759e-03,3.370116342374071625e-03,-2.139025873852722515e-03,9.395097198612479964e-05
2.544045478756245138e-03,-2.196887073508688518e-03,3.643023980763660831e-03,-3.648024975466706687e-03,-3.421574105445207938e-04
1.754910290549870121e-03,-1.902918831031498361e-03,3.120769473682298914e-03,-2.156937127341921993e-03,-8.158238058587559448e-04
1.164971271695705969e-03,-1.573106821521373395e-03,3.433076420597958988e-03,-1.489857686581024269e-03,-1.535083184191265993e-03
2.628790197111483375e-04,-1.149761821076870135e-03,2.011772516325117423e-03,8.025692325045339021e-04,-1.927458947463931262e-03
6.054924836052060205e-04,-9.300470164717181219e-04,1.512378765191681922e-03,1.251818044811659836e-03,-2.439642277136823151e-03
1.291116125487319893e-03,-8.221791839956761475e-04,1.012624771630383017e-03,1.407095250288342486e-03,-2.888656963410372609e-03
7.114938219650161245e-04,-7.125069306657685290e-04,1.206784112101201177e-03,2.566526378248549199e-03,-3.772297381649002308e-03
4.600437488666106359e-04,-7.531189453015115420e-04,1.564315879563827087e-03,2.155264499336913882e-03,-3.426505182465834805e-03
-6.801284979913808839e-04,-8.646789723922458431e-04,1.453904014869118527e-03,3.256819220356167981e-03,-3.165915764841657504e-03
-6.170349922084142542e-05,-1.102226180394912537e-03,2.066551609107472164e-03,1.661113876443143407e-03,-2.563735805934867600e-03
7.912399474662969385e-04,-1.427549682376657528e-03,1.291378348977293604e-03,9.983509466933867225e-04,-1.653419560760317677e-03
1.174689610936633342e-03,-1.444833899134667730e-03,2.430874061400330210e-04,1.400150603053806290e-03,-1.373093720995802701e-03
3.319138627689458693e-03,-1.261265704585179176e-03,2.604180991808255526e-04,1.715948836492574552e-03,-4.034239858777684609e-03
3.927709258846300011e-03,-5.588040496822153577e-04,8.679388210155988056e-05,7.492698761755939903e-04,-4.204968967441241601e-03
4.891300138086644017e-03,-5.255609007065228239e-04,4.878968831851340543e-04,-6.134372532884353529e-05,-4.792292395236418326e-03
5.633571934568064841e-03,-1.471643766305649054e-03,1.386182385815685732e-03,-1.192461930312611147e-03,-4.355648623765511623e-03
5.964895079198971606e-03,-2.452942320836246515e-03,3.748977252374160866e-04,-1.181461689494320332e-03,-2.705388794105844860e-03
4.656901978980875281e-03,-2.997370837252384245e-03,5.758570842901691769e-04,-4.011573367324613266e-04,-1.834230889286200946e-03
5.520874807146795848e-03,-3.695713900012336569e-03,2.548291858655049352e-04,7.821335074909828997e-04,-2.862123600490928087e-03
4.620294170607041999e-03,-4.771043246501202248e-03,7.703264761553664346e-04,-2.944746013868269636e-03,2.325168613607038297e-03
3.298818822845000272e-03,-6.417649952720167611e-03,2.228411467795967781e-03,-2.701659187884678653e-03,3.592078849963879945e-03
3.174232157701213121e-03,-8.173198370845994112e-03,3.274782045795753861e-03,-3.421355024719100087e-03,5.145539192068124615e-03
2.109616540606079789e-03,-9.185808325029035104e-03,3.976725630925609899e-03,-3.339088800539890926e-03,6.438554954037249353e-03
1.060967317631687562e-03,-1.003999486326306347e-02,5.335042544484333397e-03,-3.636877367792485001e-03,7.280862368939536831e-03
-1.609195479554636566e-03,-1.086429555068249217e-02,6.021203712111069910e-03,-2.240532449375406618e-03,8.692819767501438338e-03
-2.062933182556737823e-03,-1.109662723670492082e-02,7.032301533119227933e-03,-2.786919005291319581e-03,8.914177891433760700e-03
-3.421733317106523918e-03,-1.131742880204276644e-02,7.587434305963686350e-03,-1.927423038878557865e-03,9.079150852064170329e-03
-5.165722666624415586e-03,-1.113113095456763277e-02,7.973879582029209240e-03,-4.166214220859063141e-04,8.739595461248765920e-03
-5.402094780449369707e-03,-1.016062703738788466e-02,9.165156391206848857e-03,-1.465787362372976107e-03,7.863352789003385732e-03
-7.926628519268954023e-03,-9.555018521312097848e-03,7.851923068553224097e-03,2.320558635252658979e-03,7.309165336775200021e-03
-7.540593388620687662e-03,-9.418732256432731792e-03,7.762095387347664466e-03,3.070817071282348071e-03,6.126413186423427734e-03
-7.748684728842913580e-03,-9.527425499711144816e-03,7.298165545131611413e-03,4.839445225407239259e-03,5.138499458015210325e-03
-7.522861870015691045e-03,-9.160805615547757894e-03,6.851544101551088929e-03,4.837157825158788435e-03,4.994965558853562033e-03
-5.063854255644827801e-03,-8.694558822866181244e-03,6.292237229261111835e-03,3.152427328886780403e-03,4.313748520363134588e-03
-3.714848654566575183e-03,-9.003506388484397091e-03,5.150489486343259350e-03,3.568936533414833988e-03,3.998929023292876334e-03
-3.178620964696472068e-03,-8.997428468223525946e-03,3.616086312830178121e-03,3.461148768354266759e-03,5.098814351735582624e-03
-1.285351946106427258e-03,-8.743906679879719437e-03,2.258308765429685450e-03,2.362102144924842564e-03,5.408847715631617814e-03
5.461916682833031691e-04,-8.113843641915533672e-03,1.440750869645488841e-03,1.296803577951464483e-03,4.830097526035276312e-03
1.889970348341773326e-03,-7.350506192045741863e-03,1.165651821438716930e-03,-1.859530907673804417e-04,4.480837113032635002e-03
3.215120027510285413e-03,-6.725105119921152320e-03,9.385785656665350139e-04,1.599596989482592437e-03,9.718095372617173390e-04
4.116849611097558523e-03,-5.759516095193749699e-03,1.207874571734184738e-04,2.342406593197648990e-03,-8.205275662748675322e-04
5.430608068629944572e-03,-4.605795136541289761e-03,-5.559675451841407639e-04,2.416504071319254630e-03,-2.685349458223734199e-03
4.345099009068806306e-03,-3.423865022317773826e-03,-9.235991679880817696e-04,2.931745356195749035e-03,-2.929380174958697361e-03
4.060788849685393297e-03,-2.510207113716782061e-03,-1.274660288039232599e-03,2.617831436066530258e-03,-2.893752883995931013e-03
3.915313016359842427e-03,-1.584690833586783511e-03,-1.158762904028730377e-03,2.848803974952746586e-03,-4.020663253697065800e-03
3.337408924318883627e-03,-8.054357872335626964e-04,2.132697894623947427e-04,2.814880458198601963e-03,-5.560123384746334767e-03
2.007822918365779075e-03,-3.884528292083919599e-04,1.515958953948272347e-03,2.971922859783140622e-03,-6.107251902888804693e-03
1.726415611184531178e-03,-2.741388200980344548e-04,2.157954201658432696e-03,3.232330794254216055e-03,-6.842561786999172904e-03
4.740054366132945632e-04,-3.968750006079795794e-04,2.782962281151511730e-03,9.683187669592190289e-04,-3.828411484116052248e-03
3.653912511786326471e-04,-3.988675996529586509e-04,3.664754575511595513e-03,7.504096764055627770e-05,-3.706319194677822060e-03
-1.584444205623773932e-04,-6.055079708613684327e-04,4.968938804055414264e-03,-2.158437259271261770e-04,-3.989142686704541529e-03
-2.251845957871302336e-04,-7.861807479262243560e-04,5.635873524165818833e-03,-8.559597718882378924e-04,-3.768548408564223288e-03
-5.379821046215554512e-04,-1.052906471830295475e-03,5.104025789230857632e-03,3.477951113511932668e-04,-3.860932324130204960e-03
-1.068529417832650126e-03,-8.885705000798397191e-04,4.864354752836745621e-03,8.765017543055771089e-04,-3.783756589229838197e-03
-1.322196730398893369e-03,-9.491964203120338995e-04,4.460165259528425970e-03,1.629941141639479644e-03,-3.818713250456970756e-03
-8.047732099895424113e-04,-1.126949391867897209e-03,4.081639686625762944e-03,1.212527411728707037e-03,-3.362444496497020603e-03
-8.967868460771520264e-04,-9.939669863990067359e-04,4.476505485875762781e-03,7.523933228598457014e-04,-3.338144976259454274e-03
-9.199825830235658017e-04,-1.084576438713100426e-03,5.859532286889586501e-03,-1.058604528532685381e-03,-2.796368736620240963e-03
1.176586053696108757e-04,-1.478983472457013953e-03,6.449913060574660566e-03,-3.087757906471449553e-03,-2.000830287015815077e-03
1.594307198875175328e-03,-1.593478561789543439e-03,5.075452919388502224e-03,-4.122693066678485840e-03,-9.535884897956472964e-04
1.497063154975194653e-03,-2.045038070125875917e-03,3.620416399845125324e-03,-2.840300459640383510e-03,-2.321410250540526356e-04
1.360274610380937492e-03,-2.152125271367398562e-03,2.604145127706017620e-03,-1.940841318232402893e-03,1.285468515128320864e-04
2.381582642309567222e-03,-1.966261423302905712e-03,2.157338322812492413e-03,-2.123726889586543144e-03,-4.489326522326073641e-04
2.307816343987203491e-04,-1.982021133882092955e-03,3.991945229949903952e-03,-1.952826067019440733e-03,-2.878796634470903964e-04
2.018826797598528497e-03,-1.687770428035991312e-03,4.181294456201362607e-03,-3.772044194495477020e-03,-7.403066312684292768e-04
1.360613471588172693e-03,-1.361354811292693348e-03,3.045770618824707350e-03,-1.552321447991662816e-03,-1.492707831128522577e-03
1.010880264414458019e-03,-1.119927300740754077e-03,2.743959142078390093e-03,-6.853884552412415048e-04,-1.949523650510846242e-03
6.831137015919113613e-04,-7.922482398618567847e-04,1.733199383914382210e-03,6.649482383400367839e-04,-2.289013083984480293e-03
1.528651473380136967e-03,-6.566665432876119240e-04,6.799009016766009977e-04,1.486108310101130195e-03,-3.037994141870255585e-03
1.588940295694319998e-03,-6.413487958961692006e-04,7.949847272165572534e-04,1.588731562749909300e-03,-3.331307789764622988e-03
5.912421129560304495e-04,-5.049862197685670798e-04,1.092163594212706762e-03,2.374506586762648638e-03,-3.552926074162818769e-03
-7.085997493732008315e-04,-5.679831460863846203e-04,1.483556964335328845e-03,3.406437943502025213e-03,-3.613412012377768389e-03
-3.886056073763499361e-04,-6.285938122255881012e-04,2.000989012275774907e-03,1.870079239802757264e-03,-2.853868832476597062e-03
2.546684973984861635e-04,-8.850859100413421702e-04,1.387962569906066746e-03,1.124734529339114705e-03,-1.882279686602325065e-03
6.965093765681980601e-04,-8.848984883340292032e-04,2.138577822277228308e-04,1.709709052589545360e-03,-1.735177723051440192e-03
3.317251296074706212e-03,3.969224243705567944e-05,-2.279582140172525031e-05,-8.715880857039376168e-04,-2.462559631406091489e-03
3.660691931035096880e-03,2.903152843770873907e-04,-8.026469561954270495e-04,1.771128281559175349e-03,-4.919488540775932353e-03
4.866275819787200564e-03,2.199223078384456519e-04,-3.493782233161985018e-04,3.312638294376477315e-04,-5.068083733747092735e-03
5.521653299301543250e-03,-1.940410780234994666e-04,-4.391235296295595324e-04,6.636694758214635882e-04,-5.552158167469933500e-03
5.478381401708104330e-03,-1.504008953000625934e-03,-2.103262227640806110e-04,-1.989406928035980895e-04,-3.565105533139820322e-03
4.538782941632266837e-03,-2.288609092478958995e-03,-5.254991591219852461e-04,3.584934386355425858e-04,-2.083168128666863881e-03
5.927542330736094815e-03,-3.210259566405326316e-03,-2.604082251440115658e-04,7.223584899708882011e-06,-2.464098124086459493e-03
4.717920978995114589e-03,-4.194601885040156672e-03,-1.181261668465278863e-03,-1.689411869298494987e-03,2.347354443808811163e-03
4.553945794703791704e-03,-4.837112189816502109e-03,-2.947707452912579876e-04,-2.447469545120335450e-03,3.025406685524306173e-03
4.300143098655350576e-03,-6.081444193761107939e-03,6.485192324464019321e-04,-3.566712659634252262e-03,4.699494522293634798e-03
3.102028349275965952e-03,-7.250325376043155988e-03,1.375855907590898099e-03,-3.169717073761124226e-03,5.942158192937405103e-03
2.487460014946899119e-03,-9.443067097360997170e-03,2.163793415583927307e-03,-3.478284946499385702e-03,8.270098613329553844e-03
7.217404639996232406e-04,-1.088312457906890143e-02,2.783229565913363825e-03,-1.880830292439321242e-03,9.258984841595263582e-03
-3.584599498063557356e-04,-1.207970557034439285e-02,4.130715650548893482e-03,-2.195625349197035964e-03,1.050307521879891362e-02
-1.375408966799626089e-03,-1.189281828751911907e-02,5.195861660453424125e-03,-2.162964445348854875e-03,1.023533003921419347e-02
-4.239232536101203257e-03,-1.166966121094814395e-02,5.684825991197856553e-03,2.653396255235377678e-04,9.958728130327920355e-03
-4.895646806048046910e-03,-1.146180973635965369e-02,7.535267870672177591e-03,-7.402111316279635792e-04,9.562399803363470438e-03
-7.122579393242754742e-03,-1.069808032394355818e-02,7.166727892343746111e-03,2.019581761322605546e-03,8.634350063519952156e-03
-7.157224371843401781e-03,-1.018511778336756053e-02,6.888959132632150109e-03,3.892662440279583049e-03,6.560720582299237394e-03
-7.483657645906501357e-03,-9.314428134988662206e-03,6.337775967442786824e-03,5.359427480065136890e-03,5.100882333387272809e-03
-6.801080150932684899e-03,-9.044967545681936380e-03,6.036005057769060905e-03,4.039027471525193612e-03,5.771015167320360691e-03
-6.440278119758308974e-03,-9.138633676125626146e-03,5.225686866696147362e-03,4.861259083803064034e-03,5.491965845384729795e-03
-5.448986492718909357e-03,-9.045154299301180756e-03,4.029138560063171004e-03,5.077819229958674407e-03,5.387183001998280263e-03
-2.736514412304403947e-03,-9.316454414874345002e-03,2.601763248338513808e-03,3.797416695038829948e-03,5.653788883801409530e-03
-6.940340930742723048e-04,-9.457955035051937576e-03,1.957330777277419259e-03,1.569964891728972429e-03,6.624693459119834239e-03
-3.154800083533258656e-05,-9.195972633343346692e-03,2.968836553307650328e-04,2.379006368800343912e-03,6.551630610047560338e-03
7.233216304097413044e-04,-8.978953403477495793e-03,-5.641023409566890169e-04,2.350715955991228637e-03,6.469018158033207171e-03
1.687744118327858932e-03,-8.207447476615434279e-03,-6.009405316354496417e-04,7.037592647828033038e-04,6.416884625140218540e-03
2.971807985373527052e-03,-8.453551159525941189e-03,-7.927215114534824593e-04,1.219892174815996079e-03,5.054572510789913202e-03
4.162976801945736036e-03,-7.131207580752083226e-03,-1.002798100344003780e-03,1.617021124623701232e-04,3.809326766687985266e-03
5.348251314414066877e-03,-5.501929571006375884e-03,-8.438130319932405287e-04,1.030020194531511540e-03,-3.252890594595028820e-05
5.288738295855495777e-03,-4.277807684752186167e-03,-1.223355143182454797e-03,1.826100113041749561e-03,-1.613675580962607627e-03
4.463121823766144289e-03,-3.310093111450924941e-03,-1.135878849642253793e-03,2.257335377744850661e-03,-2.274485240417824673e-03
4.053046933735120726e-03,-2.074645756401065008e-03,-1.124718440936347576e-03,3.211724244400815994e-03,-4.065406980798538447e-03
3.036784478164107973e-03,-7.286532965320940232e-04,1.996445389578120426e-05,2.636201208838522339e-03,-4.964296844366318170e-03
2.154178068058626959e-03,-4.805054964862324920e-04,1.240377990235267671e-03,2.869887915500306426e-03,-5.783938477307961137e-03
1.234371225189643140e-03,-1.479090666236783586e-04,1.887327462870642915e-03,3.547076671557449976e-03,-6.520866292994060599e-03
7.813465591736776673e-04,-6.130303068265524234e-04,2.731003128603865480e-03,2.016868257067829049e-03,-4.916187638018834627e-03
9.905411513580669508e-05,-9.944403802726159945e-04,3.339968725766649486e-03,2.104909472446619446e-03,-4.549491933076458237e-03
1.231734430961866408e-03,-9.803061979933404345e-05,4.878780967800746757e-03,-1.684670233726929828e-03,-4.327814545236350133e-03
-6.295979122878270651e-04,-2.153405639589393980e-04,5.315810756930250056e-03,-3.219364645150201738e-05,-4.438678634231987830e-03
-8.296195182645500635e-04,-2.898740249530982593e-04,5.019957406757763127e-03,1.679486015547397083e-04,-4.068412465094854540e-03
-9.067724748711577208e-04,-6.108739968985644076e-04,5.167595949566019219e-03,1.628927074895180184e-04,-3.812842185285820421e-03
-5.572488269389922052e-04,-6.459560785453147226e-04,4.421912419323296636e-03,2.737573507739386107e-04,-3.492464864612921001e-03
-8.512697548212280751e-04,-7.673003606726195398e-04,3.601227926848716079e-03,1.436077206567511807e-03,-3.418735017922369321e-03
-1.561710908240004697e-03,-7.017901815872292903e-04,4.540322283412773566e-03,1.371506937426860730e-03,-3.648328131012404212e-03
-1.446043941136675474e-03,-7.696131483038664125e-04,6.516465567594267524e-03,-9.319993127181670951e-04,-3.368809165435562337e-03
-7.501164392659325462e-04,-1.079095065747589415e-03,5.987453270545868046e-03,-1.760516135077089435e-03,-2.397725630455256433e-03
4.270278193321260332e-04,-1.162066001910235218e-03,5.483657521838741777e-03,-3.326236080877797725e-03,-1.422383258382823321e-03
2.353991462094375561e-04,-1.604086715986141262e-03,4.095142858515758016e-03,-1.865210995191122394e-03,-8.612442935479246251e-04
1.006864347535695644e-03,-1.759416798817691223e-03,3.201211679531439178e-03,-2.020168980783294561e-03,-4.284902474661347817e-04
1.881952754279690243e-03,-1.584314757806545675e-03,2.432349857993071872e-03,-2.071952341556837236e-03,-6.580355129093814820e-04
-1.621354955631196661e-04,-1.632933305879725018e-03,4.190684381225225942e-03,-1.716965187788045731e-03,-6.786503919943354720e-04
1.484146027150313020e-03,-1.319878644803894763e-03,3.562500553807126154e-03,-2.597360672585021912e-03,-1.129407263568525969e-03
1.138559746816505047e-03,-1.052116180861880886e-03,2.763429546272193251e-03,-1.013313982046259911e-03,-1.836559130180559019e-03
6.139174771774398793e-04,-8.912962880450929579e-04,2.036279507350124366e-03,5.284590402875803498e-04,-2.287359736770039603e-03
9.435776542054244475e-04,-6.140566867682942286e-04,1.394105738712544560e-03,1.102988490950143011e-03,-2.826615197099811069e-03
1.466138380503670098e-03,-5.134206619443503535e-04,9.242391947809147981e-04,1.410046246182370582e-03,-3.287003159522594500e-03
1.038626245228802501e-03,-5.535592901732661834e-04,8.909034646555686514e-04,2.426064075673275283e-03,-3.802034495384386866e-03
2.256481050999458143e-04,-5.396299015089408690e-04,1.731861334690611934e-03,1.987615779309578543e-03,-3.405495317591186559e-03
-1.014687422428462446e-03,-5.043536700407842775e-04,2.311145886569976847e-03,2.122873825019592521e-03,-2.914978619120325680e-03
3.363053896139135733e-04,-2.398591543283144594e-04,1.212003171334334866e-03,1.405424039706777749e-03,-2.713873446326698583e-03
6.970709446513873248e-04,-3.865950107215487515e-04,-6.860701149004828144e-05,1.968987995331847058e-03,-2.210856917771635358e-03
3.307029381790300288e-03,-3.087225845201095500e-04,1.371679772992786368e-04,-9.187021820818990110e-04,-2.216772592487565186e-03
4.100569684116684398e-03,-7.016199013767574193e-04,-5.125456871023639305e-04,7.024363054550125966e-04,-3.588840401092582150e-03
4.542893901602126396e-03,-1.062378722018199675e-03,3.163352337419083558e-05,1.749307528587339122e-03,-5.261456231545458447e-03
5.414816772988708012e-03,-1.222293561331044094e-03,-4.968260280507931503e-04,9.558568552596763846e-04,-4.651554038866536310e-03
5.432583628848848371e-03,-1.178991206982237883e-03,3.994135222600930205e-04,4.986092216034039310e-04,-5.151615165730104133e-03
5.698922972360401761e-03,-2.274973652434875669e-03,3.587416580949199618e-04,-6.771260148066594875e-04,-3.105564963213795944e-03
5.415061441643093283e-03,-3.041226130067613102e-03,-6.614294789982815221e-04,8.349503243946150316e-05,-1.795900865016657709e-03
5.284942050390952634e-03,-3.789026761482041945e-03,-5.609544510306317981e-04,-2.091397418027482035e-03,1.156436580149201518e-03
4.840755803591871402e-03,-4.992095220285565176e-03,-9.141308481389772127e-04,-2.571751245039763378e-03,3.637221509872456265e-03
4.688772856562216026e-03,-6.208240264161135960e-03,-1.265084898469726223e-03,-2.025252385779967822e-03,4.809804691848620917e-03
4.752840476308071473e-03,-8.689597300918351294e-03,-6.359255112231571982e-04,-3.006872318181034315e-03,7.579554654014487164e-03
3.551302382286877172e-03,-9.184367608448274975e-03,-6.291218333272317192e-04,-2.451461918164819613e-03,8.713648977653457375e-03
2.963059021239112124e-03,-8.829430675257517527e-03,1.037193511726173644e-03,-3.925751570564039485e-03,8.754929712856246091e-03
1.526076326152375848e-03,-1.025369719648625520e-02,1.522950009422023620e-03,-2.081454672327536469e-03,9.286125533239347751e-03
7.228675527120151292e-04,-1.300040500367245604e-02,2.008504370173249624e-03,-1.138656490978155527e-03,1.140768957176534724e-02
-1.134437181082364023e-03,-1.227452138166717707e-02,3.682832208585498732e-03,-9.105274993726512542e-04,1.063665385353670077e-02
-3.310855460250401727e-03,-1.215230223767400052e-02,5.253769348372090871e-03,-3.006528729610074028e-04,1.051004122251333363e-02
-5.592987187588759415e-03,-1.180688787616199047e-02,5.343670844924921712e-03,1.996529724326772098e-03,1.005967449449902788e-02
-5.480903058277077251e-03,-1.037387903294115406e-02,5.809156888165212598e-03,4.130264594123498473e-03,5.915360608929541054e-03
-6.475152954193281324e-03,-9.677088231567473886e-03,5.923991736766501953e-03,4.926407151666949667e-03,5.301842297327255017e-03
-5.928007052338007954e-03,-9.638483887668095051e-03,5.802235154749414009e-03,4.303374406249927363e-03,5.460881379006757297e-03
-6.022506224446996966e-03,-8.833605709722575430e-03,5.360860414124963766e-03,5.340005172257494825e-03,4.155246347787118141e-03
-4.940018531062538576e-03,-8.590652189425141208e-03,4.563896949726049118e-03,5.036289562305239914e-03,3.930484208456394221e-03
-3.831683958257529107e-03,-8.769867525703011271e-03,3.594136963405290819e-03,5.118864392248538217e-03,3.888550128306688791e-03
-2.140548697861199747e-03,-9.578134706931328013e-03,2.329936507925085571e-03,4.238182481855192092e-03,5.150564415012252699e-03
-6.210127782308940032e-04,-1.025846572900548058e-02,1.215974322953269687e-03,2.953726072100423122e-03,6.709778112182684592e-03
7.531818047392177659e-04,-9.944167202263726885e-03,4.596184828105289864e-04,1.651255381027297948e-03,7.080111533686688635e-03
1.725556498487210546e-03,-1.088533927116343454e-02,-1.323021280533817710e-03,3.657981086049938262e-03,6.824822967160092818e-03
2.502052084180396430e-03,-9.143735836558525634e-03,-1.572047477426263265e-03,6.700177308348425871e-04,7.543713498969547605e-03
3.401311670453461590e-03,-7.490076110518516239e-03,-1.717287282008391749e-03,1.213058929890371721e-04,5.684745829084412831e-03
4.351219820413871307e-03,-6.149602815736598602e-03,-1.659795920863403693e-03,-8.983810616084429192e-04,4.356559977794578244e-03
5.698011681453096430e-03,-5.745594105201516470e-03,-1.646526100043146012e-03,-1.920279386692223811e-03,3.614387910483793116e-03
6.116333212959466741e-03,-4.748220828618623414e-03,-1.861246938982842646e-03,1.744415066396591378e-03,-1.251280511754597046e-03
5.623468144439324606e-03,-4.520825965946659482e-03,-1.375279337480435826e-03,1.707603976627001304e-03,-1.434966817639233855e-03
4.461676021076494206e-03,-2.697595159299439205e-03,-8.601868732989791187e-04,2.127780358817869203e-03,-3.031674347295952674e-03
4.127061841621136942e-03,-1.580678114294603804e-03,-2.707892888700488246e-04,2.176786697412213915e-03,-4.452381135868717366e-03
2.492551146351557143e-03,-8.515913819622302492e-04,5.784937590473048473e-04,2.917756299197717031e-03,-5.137209822634333269e-03
2.294446055578677410e-03,-1.746462088053623316e-04,8.780530729226046450e-04,3.098035222636654623e-03,-6.095888142332553557e-03
1.495270673092474701e-03,5.960846726517338807e-04,1.945558877409887377e-03,2.847274392394234192e-03,-6.884188615548334812e-03
1.384830370742340454e-04,4.782737435776688727e-04,2.822048025736074040e-03,1.689738407697411295e-03,-5.128543214085393674e-03
-1.083367572213455096e-04,-1.643707785277401592e-04,4.122415071791787726e-03,1.238786643446996606e-03,-5.088494179489682495e-03
8.931041887042884481e-04,-7.578054032239055042e-04,5.518593642740694458e-03,-8.658773158117961249e-04,-4.788015112409278566e-03
-4.176313598718258205e-04,-1.484945146646366376e-03,4.944581515291056328e-03,1.533585855492081542e-03,-4.575590864264929628e-03
-2.140814298612377770e-04,-2.314450478435218052e-04,4.667896373564378587e-03,-2.872026029484817436e-04,-3.935167292911147426e-03
-4.063037598611812492e-04,-4.614711551245835076e-04,4.121306738384890485e-03,1.191090572698715039e-04,-3.372640880668996595e-03
-4.055207706468041636e-04,-5.426013655268692752e-04,3.374580021136331688e-03,1.433373083973127219e-03,-3.859830968935794304e-03
-1.042024045999238608e-03,-4.498168779262174191e-04,4.458892486378812116e-03,6.965928025904877773e-04,-3.663644365043847335e-03
-1.833748563223222463e-03,-5.294919051461509461e-04,5.366367952848882621e-03,4.363086696621759695e-04,-3.439436154141667888e-03
-9.366632252894042520e-05,-8.064573108794841636e-04,5.339566092031371690e-03,-1.530767228735053186e-03,-2.908675229887875552e-03
2.405077463150709881e-04,-8.423831121173775988e-04,5.290748854231627774e-03,-2.811803989526608528e-03,-1.877069498902732368e-03
2.604947993456353133e-04,-1.234186819578323357e-03,4.083483875352445641e-03,-2.004390539735780366e-03,-1.105401315383988670e-03
4.394069965670849721e-04,-1.353219216102775771e-03,3.477027057443746964e-03,-1.846972703871362130e-03,-7.162421340366925161e-04
1.436060983347453015e-03,-1.324009109487951381e-03,3.144612805007867412e-03,-2.282240686696629731e-03,-9.744239921707507001e-04
-6.479837545555894307e-04,-1.313353897838824514e-03,4.688669655455305826e-03,-1.715408259953447086e-03,-1.011923743107441542e-03
6.498194402858142567e-04,-1.074096022456116689e-03,3.295633341915468230e-03,-1.438545224802926115e-03,-1.432811534942241742e-03
9.338472326199570616e-04,-8.661896975142199502e-04,2.913141568231607335e-03,-9.717749180535378232e-04,-2.009024185283799033e-03
8.162063488868722847e-04,-7.009569933682015816e-04,2.020011787151990666e-03,3.644936925043955377e-04,-2.499754835175055281e-03
1.444510142738245680e-03,-4.301379489681536020e-04,1.185321191622678043e-03,9.274835444604941559e-04,-3.127176929853267041e-03
1.006061655626798229e-03,-3.749377740594780190e-04,1.390233116219229820e-03,1.395916963577069998e-03,-3.417273961363619973e-03
5.182842112615627548e-04,-4.411128875883823641e-04,2.209582967260917928e-03,8.962903518090487975e-04,-3.183044642743148959e-03
-1.658391203961952090e-03,-4.418238149346745804e-04,2.386930916195187206e-03,2.690009406010321867e-03,-2.976725303308882294e-03
-1.581361997755909455e-03,-2.801983936868918459e-04,2.858562786959964897e-03,2.456690221097929984e-03,-3.453692616615092279e-03
-2.507705227071805850e-04,-1.299579726874965525e-03,1.559838737697707631e-03,3.152352619549179946e-03,-3.161841107664742443e-03
2.524647036379297667e-03,-8.609082320917581027e-04,1.281031683685373039e-03,-4.810628242182328723e-04,-2.463707663754692145e-03
2.598927635182695078e-03,-1.861202876922523589e-04,6.548376417611634359e-04,-2.189883317198611451e-04,-2.848656657531747557e-03
4.134075338093422258e-03,3.879062759797715699e-04,3.879438982090748487e-04,1.291852561319624696e-03,-6.201778073601898686e-03
4.189071278950425199e-03,-3.294632291928668334e-04,-9.253893551897588571e-05,9.288244056415716253e-04,-4.695893519880146340e-03
5.512491124061038791e-03,-1.742743006062111690e-03,6.208449240796762303e-04,-3.094786119305936744e-04,-4.081114430148025107e-03
6.408092832785024749e-03,-2.320341251042438210e-03,9.302526911794497307e-04,-1.510277313472499668e-03,-3.507726959449543325e-03
6.770571626830646818e-03,-3.330069033555953760e-03,2.735047483125725406e-04,-2.571005185990374482e-03,-1.143002155596881467e-03
5.530380665442786482e-03,-4.233426461192691878e-03,4.729476515538886790e-04,-2.009151483187669816e-03,2.392496273836793226e-04
5.410236838363609128e-03,-4.813784205161130043e-03,3.048853571117614595e-04,-4.533559481516802499e-03,3.632221491202557509e-03
5.356836246587374020e-03,-5.886512390964496015e-03,1.461475548191514050e-04,-4.665479990796052127e-03,5.049008580354013773e-03
4.451477433204389586e-03,-6.839598861572238585e-03,-4.279284183095128963e-04,-4.052240651263095024e-03,6.868290497940442337e-03
3.976689376816216516e-03,-7.991569106800272201e-03,-1.267378621638147636e-04,-4.890843090167192042e-03,9.032460682315076803e-03
2.847108948049465425e-03,-9.193099530806875599e-03,-5.417195133655502330e-04,-2.228399505964483683e-03,9.116109602087462196e-03
2.688060231474471463e-03,-9.892525382906018627e-03,7.555323674359218063e-04,-2.897816980771762523e-03,9.346749764767396662e-03
1.917768122970800893e-03,-1.207743651433488066e-02,2.238678740820201213e-03,-1.888920594302198695e-03,9.809910244846070312e-03
5.448786164220108166e-04,-1.283566120254278804e-02,3.336449901308344377e-03,-2.171070650069895254e-03,1.112540333488232225e-02
-2.240393028219777889e-03,-1.296969108380623473e-02,4.327812629492232104e-03,-2.777628416639322628e-04,1.116003432419771131e-02
-4.219618459534679906e-03,-1.293118749535595788e-02,4.505854417682856293e-03,1.358542123199515169e-03,1.128640941400824854e-02
-5.009359576298647379e-03,-1.239798342619269529e-02,5.332919135241481409e-03,3.594046966071211355e-03,8.480376901178646870e-03
-5.910601199511172042e-03,-1.146802415023863084e-02,5.603956184713133892e-03,5.720148313241989191e-03,6.054520851794668521e-03
-5.567555967342209880e-03,-9.953160039407826787e-03,5.785448420974653901e-03,5.079392422487472372e-03,4.655875163287912996e-03
-4.734728302976531564e-03,-9.251087314162383460e-03,5.987582408461475554e-03,4.418135081719512351e-03,3.580098126957954874e-03
-4.342776023444225308e-03,-8.766901634650842851e-03,5.714465846262552391e-03,3.927615163061147670e-03,3.467596648771376772e-03
-4.349548061068059419e-03,-8.271112588403644120e-03,4.923983025399087179e-03,4.584993680393203465e-03,3.111683943679443686e-03
-3.628405692943141147e-03,-8.641638772017975687e-03,3.819408630292802156e-03,4.922852112775227655e-03,3.527783721893067940e-03
-2.053681343530360751e-03,-1.121515382708029168e-02,3.098767149343443963e-03,5.693479346555630101e-03,4.476588674711601788e-03
-1.096501025882888006e-03,-1.124789874467725832e-02,1.501356252969587250e-03,5.197270698646328652e-03,5.645772818944253847e-03
-1.711455345767265221e-05,-1.094691309469573992e-02,5.338298666450181474e-05,4.049402834987335907e-03,6.861241826501588217e-03
1.344786896188461924e-03,-1.018326175078684316e-02,-7.199801304855337836e-04,3.587954318489738892e-03,5.970500666594180141e-03
2.191798405250769150e-03,-8.755529943796178105e-03,-1.364523117224863578e-03,1.786336915274388528e-03,6.141917740495887908e-03
2.916550963580627574e-03,-7.515785109775385484e-03,-1.774469755843064659e-03,-6.409392755430693290e-05,6.437797829592136617e-03
3.295212748775413255e-03,-6.269388728761732255e-03,-1.963305171762361103e-03,-9.260126737981069192e-05,5.030082419128498357e-03
4.245497597442497370e-03,-5.996371144834352317e-03,-1.176494616472405609e-03,-1.523158193040750636e-03,4.450526356905007072e-03
5.415495744488335768e-03,-4.930449491628917207e-03,-6.156285822442013203e-04,-2.639082143772618003e-03,2.769664473157382872e-03
5.375099448620508300e-03,-3.990225885866743698e-03,-1.035851919472583724e-04,3.302844720538089898e-04,-1.611572842860309893e-03
5.494395106098715759e-03,-2.544671699143200017e-03,1.640959196067146508e-04,2.757065534458336085e-05,-3.141389981906804636e-03
3.526411633856704666e-03,-1.608454511379006462e-03,4.346727199671851960e-04,2.113844770103623805e-03,-4.466474612548521246e-03
3.705719698044294790e-03,-9.830307555705182325e-04,1.171460550780042704e-03,1.729826408872178582e-03,-5.623975902125998710e-03
3.739160522788078506e-03,-4.356671493153991171e-04,1.364421457415980737e-03,8.844133454258217529e-04,-5.552328176314489522e-03
1.479898504480789499e-03,4.361596603684602010e-04,2.039510045621942009e-03,2.394103896555927879e-03,-6.349672107027121322e-03
-1.769131844648669976e-04,6.767681980422795250e-04,3.070964780713015749e-03,1.502798651001800061e-03,-5.073618445292228663e-03
4.794723328622069067e-05,1.019875985426823423e-03,4.294731065767647821e-03,4.707201217759279300e-04,-5.833274406256608487e-03
1.422515502141283479e-03,1.203975922550989464e-04,4.902159372867821371e-03,-1.046418691875063665e-03,-5.398653775389151109e-03
1.167860064164025414e-04,-1.878938933430366015e-04,5.398096940710991540e-03,-5.022763675310730263e-04,-4.824712686253286066e-03
-9.716177271068749581e-04,-1.322689403330123308e-04,4.626440784996442741e-03,6.296859724538121910e-04,-4.152240090010363496e-03
-4.918714449263812813e-04,-1.307741454973894782e-03,4.404596287890653362e-03,1.279969997454038144e-03,-3.884953385444399939e-03
2.595727459881295735e-04,-5.037084228825313564e-04,3.061139100096081211e-03,6.610302884404759905e-04,-3.478033711642153792e-03
-8.551307490908335862e-04,-2.822997970544670939e-04,4.260986218466218667e-03,5.439661872482355826e-04,-3.667521859569142402e-03
-1.600976512539060070e-03,-3.747654288593466293e-04,4.773585625255453643e-03,9.493007779279571132e-04,-3.747144461785012134e-03
-9.259827220523274326e-04,-5.850718349096974179e-04,5.267102670782039357e-03,-7.218825491815575139e-04,-3.034165564638447669e-03
5.008010037194530478e-06,-6.360783912837992974e-04,5.023887085792958992e-03,-2.049993753802633115e-03,-2.342822950743715139e-03
-1.314078769732144225e-04,-9.691178327083328683e-04,4.079893064122230330e-03,-1.494668687447055656e-03,-1.484698666993623968e-03
-1.748203728724182274e-04,-1.052005243511703377e-03,3.663728934692661587e-03,-1.298821652132309224e-03,-1.138081666176223332e-03
-5.146716708905809019e-04,-1.027253393916915470e-03,4.619077410211391843e-03,-1.841935164886373925e-03,-1.235217180517519161e-03
-7.976070126726176029e-04,-1.099610495666494391e-03,4.554847584887735355e-03,-1.225558519016034216e-03,-1.432071557532590012e-03
1.033201899294307780e-04,-8.626714404545045419e-04,3.289472599678918818e-03,-7.236301147803513023e-04,-1.806491234373488412e-03
7.650223354670619745e-04,-6.690787134321665676e-04,3.041176373118371738e-03,-8.546776257320407022e-04,-2.282442369421227961e-03
8.185843988992199923e-04,-4.760837802114386164e-04,1.229161671742356066e-03,1.229606656575410852e-03,-2.801268947005548186e-03
6.271475524563252524e-04,-3.344022492325920038e-04,1.562173962977673981e-03,1.393843905494135914e-03,-3.248763171695538427e-03
6.194524339858491473e-04,-2.483196790685548517e-04,1.859360811972584661e-03,1.322943623961693330e-03,-3.553437190851583237e-03
-6.626413258517179503e-04,-1.017549933041923208e-03,1.957619208841768384e-03,2.532036555394479201e-03,-2.809464505342605667e-03
-1.836750476030671970e-03,-1.515935554433826913e-03,2.760374551439296470e-03,3.818342052340844943e-03,-3.226030573315632772e-03
-1.182414247725023992e-03,-1.569423483143427575e-04,3.394567193276405975e-03,1.645967352020680534e-03,-3.701177949257720978e-03
4.172890427838997366e-04,-1.355247499023748013e-04,1.597439147364450264e-03,1.497107116230553302e-03,-3.376310556476531510e-03
1.990339968855147409e-03,-1.968033048532415879e-04,1.269467996068363892e-03,-1.431276649422506212e-04,-2.919876995128021721e-03
2.386564375056275840e-03,5.992343188026751522e-04,7.271882063050433926e-04,2.684128458029206394e-04,-3.981399745966915892e-03
3.679919552411045104e-03,-6.020955650699115176e-04,6.353149000253192425e-04,1.674814058786738011e-03,-5.387952946153188455e-03
4.508188559926928386e-03,-1.075363364903987422e-03,8.905460673206692295e-05,7.412196463150648278e-04,-4.263099448070082134e-03
6.178473236693578230e-03,-2.700818342834905225e-03,6.758691225992542653e-04,-1.036863500347286454e-03,-3.116660516110654477e-03
6.211303137753866090e-03,-2.851525712320049886e-03,4.399546145582221247e-04,-1.893406822521105735e-03,-1.906325217470916005e-03
6.288588512795530334e-03,-3.250902783777739283e-03,3.027206393375646352e-04,-2.586460506210088231e-03,-7.539458621452665337e-04
5.729292359439021494e-03,-4.757595414056806082e-03,9.088126723951184035e-06,-2.970052612375208637e-03,1.989267540269048541e-03
5.291039701870528696e-03,-4.334718761675042907e-03,2.421631483693834216e-04,-5.072136663127071142e-03,3.873652574562208139e-03
4.369279571083342292e-03,-5.396065087969499977e-03,8.346846606280090906e-05,-4.653625243739769463e-03,5.596942294563109731e-03
4.259231415801127511e-03,-6.343007393788398056e-03,-4.278803691242384481e-04,-4.823659512764004974e-03,7.335315859875519984e-03
4.398625739352316974e-03,-6.792091997682448909e-03,-3.635397811040578619e-04,-5.295279894528338513e-03,8.052285933962526412e-03
4.191917092834579299e-03,-8.489703180975737354e-03,-9.375000639016267939e-04,-4.110447854745599532e-03,9.345734006788392403e-03
3.406485043446442953e-03,-1.092680745633702044e-02,-8.428674476005434003e-05,-2.803239596301721013e-03,1.040784875395237008e-02
1.048513239026258471e-03,-1.193200516864117294e-02,1.170062537280404120e-03,-1.286448554617113452e-03,1.099987794695159692e-02
-1.614814099153868933e-03,-1.255074752262181834e-02,2.305728305482210652e-03,6.506756368670519068e-04,1.120915767942643436e-02
-2.880083865301112309e-03,-1.305249721240436291e-02,3.716767480483133476e-03,1.634746652505912222e-03,1.058106694471645966e-02
-4.153544466657030192e-03,-1.410944818542310235e-02,4.240734366919762278e-03,4.844904357551266944e-03,9.177353927609115461e-03
-5.014257992283689506e-03,-1.353344920139420635e-02,4.503025652851815920e-03,7.290240395014069112e-03,6.754441145811996942e-03
-5.420568203762503139e-03,-1.173043937182914435e-02,5.155579099584728896e-03,5.688275675945772894e-03,6.307152800061175194e-03
-4.999533744210457598e-03,-1.081303058329024722e-02,5.798183664344943797e-03,4.996014459769082192e-03,5.018366203386674489e-03
-4.941915405858162032e-03,-9.628627311211843467e-03,5.729563446711239197e-03,4.754115311578444199e-03,4.086863958780303889e-03
-4.767463851113936703e-03,-1.079806074925029717e-02,5.548094931668539134e-03,6.289403247735131722e-03,3.728026420960563452e-03
-4.069664713078815360e-03,-9.579353856565882980e-03,5.175876454523911825e-03,5.461865909360093946e-03,3.011276205760678257e-03
-3.253298822468173382e-03,-9.104837166266846818e-03,3.880986959857186686e-03,5.314606847371847534e-03,3.162542181505984245e-03
-2.200017386046752149e-03,-9.777269313522385027e-03,3.024334662508210234e-03,5.155241500866965601e-03,3.797710536193961775e-03
-1.245910672791088279e-03,-1.095241455036919873e-02,2.024895680757189849e-03,5.323225088447590403e-03,4.850204453955504584e-03
-6.612655902277057591e-04,-1.081224491162651770e-02,4.379928536245424205e-04,5.227196258047970938e-03,5.808321390181706359e-03
5.194585074107122826e-04,-9.505032505760681663e-03,-1.155795486649130975e-03,5.001676213774448702e-03,5.139693271224671928e-03
5.635046484113783458e-04,-7.634452522499852317e-03,-6.793695913786714901e-04,3.251787394699027708e-03,4.498530070768135859e-03
1.855629467769339671e-03,-6.559971823192687138e-03,-5.707239406843765076e-04,1.734600109900832291e-04,5.101606285117629008e-03
2.077208092398329098e-03,-5.398740876253114301e-03,-8.760020457361329454e-04,9.914352037194197078e-05,4.098391309218955836e-03
2.867692024346507260e-03,-5.145238834979732820e-03,-5.149585920747009379e-04,-6.246899689298895508e-04,3.417195371637818217e-03
2.730075477600766871e-03,-4.264596831657741643e-03,-7.236008518465053595e-04,-2.422077801961096291e-04,2.500329986099587756e-03
3.802391973166103709e-03,-3.507780110020145611e-03,-7.176563770110556224e-04,2.492432742382550553e-04,1.738012396268458844e-04
4.605305232727925115e-03,-2.233862926333460112e-03,4.925088823222446800e-04,-6.809733291218906300e-04,-2.182977859594821546e-03
4.726271144054742732e-03,-1.256594089214747119e-03,1.173122481757368990e-03,-1.038530764976074855e-03,-3.604268771621283243e-03
3.786645241599711966e-03,-1.078455265177651187e-03,1.263299826892081345e-03,1.624367182041133945e-03,-5.595856985355272817e-03
3.448357914487852182e-03,-1.209845765309588896e-03,2.350035866572490733e-03,1.950439439061251974e-03,-6.538987454812007077e-03
2.094708226653684783e-03,1.464544919738233243e-04,2.495217856691540718e-03,2.091851041487667075e-03,-6.828231616806709585e-03
4.089284690783459076e-04,4.951005727819631896e-04,3.460857555093157980e-03,3.708660338026090533e-03,-8.073546934979540859e-03
-3.891393056596608195e-04,1.020428826972998851e-03,3.717131594714103305e-03,2.085244705982012853e-03,-6.433665822009461237e-03
-4.872009218322881537e-04,1.105432056052092164e-03,4.684628033181993320e-03,9.677017695794908015e-04,-6.270560936981284771e-03
3.847485996172907933e-04,5.463330091428292637e-04,6.269083176118602288e-03,-1.800565689057984564e-03,-5.399599095820762501e-03
-1.942604694261915762e-04,3.401424834898691637e-04,5.104242604720575852e-03,-1.937830200756584728e-04,-5.056341598708593774e-03
-5.614921599885265742e-04,-1.437076193577802572e-04,4.208082003462456158e-03,4.588970947490164068e-04,-3.961779318865164649e-03
-1.095485393648779851e-04,-7.587109360289474988e-04,3.780560410412560791e-03,2.859194897572880944e-04,-3.198220424776012857e-03
-1.286471525136631414e-03,-1.602217865098764290e-03,4.166573197904591824e-03,2.396004248712299643e-03,-3.673888056381500317e-03
-1.344010620874213019e-03,-1.244528304090285621e-04,4.766036210393281326e-03,7.694200907923211871e-04,-4.066992849902365675e-03
-1.117998390662367728e-03,-3.970565582030970413e-04,5.725370004562657135e-03,-1.051371068001824604e-03,-3.158943987695373400e-03
-6.847597903320189671e-04,-5.293748675890166781e-04,4.816193928388948046e-03,-8.573440017625681827e-04,-2.744715268705348772e-03
2.470553865044934887e-04,-7.133840937630895902e-04,4.744505428842036091e-03,-2.287967941930318157e-03,-1.990208779653121832e-03
7.688973216122797164e-04,-7.920246174853231864e-04,4.196268280150441433e-03,-2.814205219546414647e-03,-1.358935764730972908e-03
-7.147424179449373208e-04,-8.765106313777794268e-04,4.680456633311257976e-03,-1.563597482734993159e-03,-1.525606101253542107e-03
-1.133550425713410366e-03,-9.394870176421887343e-04,3.414569690014224689e-03,1.246298466552503187e-04,-1.466162093313873576e-03
2.365301749273923009e-04,-8.111362203736591616e-04,3.351706889746702833e-03,-8.908010093609659797e-04,-1.886299834939469478e-03
1.101998342057264541e-03,-6.181431308770073997e-04,2.452413819573624320e-03,-4.659251476444833452e-04,-2.470343883109393183e-03
5.493043466672173098e-04,-4.170073720786206814e-04,1.533608354187892663e-03,1.410379638971469285e-03,-3.076284967747953264e-03
1.838724988726798645e-04,-7.666225385599963020e-04,2.047326806940285345e-03,1.900915493948411019e-03,-3.365492261201375075e-03
-2.057790101611458060e-04,-2.071318200345340088e-03,1.826505835865214686e-03,3.781876591398335239e-03,-3.331285216757060453e-03
-1.272744287467639668e-03,-6.272356685116823932e-04,2.358464216191933933e-03,2.381588633389986314e-03,-2.840072893602594174e-03
-1.804851969423777475e-03,-4.705733326650299178e-04,2.851251078908751888e-03,2.672833726692086173e-03,-3.248659503512026005e-03
-1.636821832598510157e-04,1.343042533648822635e-04,3.281115484941290062e-03,6.433063126735683078e-04,-3.895043867719890241e-03
1.914431740556346139e-03,-2.683124751520194981e-04,1.852786503294220465e-03,-1.217752715195545262e-04,-3.377130497178992309e-03
2.285436797611164680e-03,-2.684940443851792694e-04,8.044717994119191104e-04,9.908561029201418385e-04,-3.812270655558054003e-03
3.125478500880953577e-03,8.800660815235175237e-04,1.007242794792673722e-03,-8.941746867753832748e-04,-4.118612690421756019e-03
4.282473179740559424e-03,-3.673920347228313492e-04,6.173025127270083314e-04,2.697558728336933915e-04,-4.802139530578444435e-03
5.485964841135670955e-03,-8.580181920229529823e-04,5.876369483755295798e-04,-1.937160585399095138e-03,-3.278423012089140814e-03
5.423254062791876481e-03,-1.086061198207512830e-03,2.918359942574391837e-04,-1.333733853077499190e-03,-3.295295005764305434e-03
5.300429859674170123e-03,-1.400365913727063183e-03,1.266853525046728610e-03,-2.987655295934421584e-03,-2.179262175059398787e-03
5.362984445656249211e-03,-1.848740142831222736e-03,1.427308387953518014e-03,-3.586172577020819031e-03,-1.355380113757727626e-03
4.053398854938857279e-03,-2.679698644507037906e-03,1.732755918001437718e-04,-3.930453722673538618e-03,2.383477920441570350e-03
3.573092343158262591e-03,-2.669859389374022295e-03,-2.300652703937620415e-04,-4.286556358100527923e-03,3.613388674710044709e-03
3.825542184162953902e-03,-4.204916458515993785e-03,-1.009062744529886551e-03,-4.938913138974182493e-03,6.327350157857101337e-03
3.987175916235239509e-03,-5.170259571223067077e-03,-1.171908237470243273e-03,-5.263291038249244720e-03,7.618282930707321633e-03
4.736692904121359189e-03,-6.296156713705888461e-03,-1.105884354600918844e-03,-5.708415050045780557e-03,8.373763214231215446e-03
4.808856027803518410e-03,-8.265145159808936701e-03,-1.424571850251809841e-03,-4.706468714855908952e-03,9.587329697113167876e-03
3.951347640524308091e-03,-9.159805782763871113e-03,-2.620363247168181007e-04,-4.157975041703195970e-03,9.628469508659601162e-03
1.760782882165806565e-03,-1.013517919948343435e-02,1.222103188761762506e-03,-1.933357166217470908e-03,9.085650294773334884e-03
-8.318717736701315181e-04,-1.172629737905064688e-02,1.603028042119503680e-03,9.697944919548848750e-04,9.985346618646414457e-03
-2.002410187628621881e-03,-1.184876040660246682e-02,2.709141220341518448e-03,1.731180079790077238e-03,9.410849294099491932e-03
-2.874260851491690100e-03,-1.264039466294958163e-02,3.623217325257399764e-03,4.768282676430202205e-03,7.123155512753640700e-03
-4.983105499549452845e-03,-1.138331027289288082e-02,5.037152588979915656e-03,5.875974673919144402e-03,5.453288509543269269e-03
-5.405854217536589304e-03,-1.155301720976745564e-02,5.910086518073291890e-03,5.719291640563763969e-03,5.329493268667006428e-03
-4.946868783295067795e-03,-1.095713080278795486e-02,5.963443281630746197e-03,5.232212054199314281e-03,4.708344250252956102e-03
-4.704159537437187927e-03,-9.757774537456144134e-03,6.040425795388624196e-03,5.193591034968593999e-03,3.227917244536102591e-03
-4.269636704821594582e-03,-9.796728353601690670e-03,5.829992154874422301e-03,5.044519065134928613e-03,3.191853838413903546e-03
-3.897450157649461414e-03,-9.419365914298549053e-03,4.796486410720071647e-03,5.684960284558959048e-03,2.835369376668978036e-03
-3.067727799449565269e-03,-1.000969392869897022e-02,3.800937831020767717e-03,5.456813135505540410e-03,3.819670761622222591e-03
-1.905559116105857596e-03,-1.109288234641139098e-02,2.845092212803940288e-03,5.049685917573422562e-03,5.103663332139861224e-03
-1.104450704964143144e-03,-1.167816994269839370e-02,1.926862424171286959e-03,4.767655525951383991e-03,6.088102697539860692e-03
-2.985527984247474294e-04,-1.110350686919155463e-02,6.555834275017557305e-04,4.834802773952057847e-03,5.911673466162477644e-03
9.888311336985636333e-04,-9.296372264490810125e-03,-5.297768157244339953e-04,3.987291153127279532e-03,4.850026793389423940e-03
1.037573030534640972e-03,-6.852528373462896984e-03,-3.221125719441661765e-04,4.111259048474386751e-03,2.025808866398037117e-03
3.429967039133478921e-04,-5.743970100404195527e-03,-3.362346695878128014e-04,2.790145742771117134e-03,2.947062323307557668e-03
1.484581478671900519e-03,-4.640601782927317003e-03,-1.966823650794051004e-04,-4.264101864789252971e-05,3.395343687982713653e-03
1.955531399737208981e-03,-3.853122032024290829e-03,-6.644247360613227257e-04,3.435742869354954654e-04,2.218441081412915288e-03
1.859311807720780661e-03,-3.411773123433587893e-03,8.390671086811077415e-05,-9.081507190700757379e-05,1.559369676751705142e-03
2.890491021861153319e-03,-2.595347242229409726e-03,7.572516740061002716e-05,-8.114056787145465478e-04,4.405367316821921547e-04
3.039250094394529804e-03,-2.159875659706174140e-03,6.549379106923143871e-04,1.003772475672705432e-03,-2.538084821053385350e-03
3.784924715329171171e-03,-1.278336325096298114e-03,2.338985499376732263e-03,-9.922480486726579629e-04,-3.853325840936944538e-03
3.049374331235742488e-03,-6.904568924742105190e-04,2.928423308123768998e-03,1.048749124837365567e-03,-6.336089871722652006e-03
2.393328214055918512e-03,4.193042776287524620e-04,2.596081201541151039e-03,1.789416413927537915e-03,-7.198130107153350062e-03
1.361154806290543716e-03,2.155872400257482135e-04,2.802906817115876671e-03,2.769884894109284675e-03,-7.149533757541446689e-03
5.536643854452440172e-04,9.261707931509426334e-04,3.394525437146331086e-03,2.149122019392804908e-03,-7.023482635135316031e-03
-1.190384598093703313e-03,1.385950862806565069e-03,3.765737602752635034e-03,2.232549557783908810e-03,-6.193853425249419911e-03
-1.455097763726876693e-03,1.518911293549960557e-03,4.944473111394830436e-03,1.865049538660262796e-03,-6.873336179878184252e-03
-3.780031999453583582e-04,1.125775491849685629e-03,5.137973305136448766e-03,9.177974770205436794e-05,-5.977525344742816785e-03
-3.802281499762695549e-04,1.279468130531208803e-04,5.438740395479052352e-03,1.791147185624863611e-04,-5.365573777118410638e-03
-5.640640583545016495e-04,-7.724950765085719347e-04,4.233709358563584636e-03,8.652307922351103403e-04,-3.762381015935617815e-03
-5.367836817217606265e-04,-8.864873811898114171e-04,3.969245223421774722e-03,7.660913828283207961e-04,-3.312065543338510790e-03
-1.117284252783734772e-03,-9.578905969292144783e-04,4.238859629644183349e-03,1.730373588612999815e-03,-3.894058368544222638e-03
-1.881975097302560898e-03,-7.713183212552921202e-04,5.210129072286191765e-03,1.493239629249676608e-03,-4.050075282978020559e-03
-9.218711476506408426e-04,-4.676811973432112271e-04,5.562587873890642923e-03,-8.565437208646880119e-04,-3.316491808032094764e-03
-1.125453223575840133e-03,-3.912719615356746511e-04,5.038115581008517467e-03,-8.442270168907974829e-04,-2.677163379006202056e-03
-1.574160865019117762e-03,-5.270528766538540777e-04,4.665692402204086806e-03,6.771609673020541581e-05,-2.632194757261310976e-03
-1.102354935153627112e-03,-6.458394829997834465e-04,4.193385439542131853e-03,-6.247038162862357611e-04,-1.820487205102481630e-03
-9.192843487455847409e-04,-7.659340284448818825e-04,4.495109110490271183e-03,-1.228488847977249419e-03,-1.581401885322557743e-03
-1.640164554048714621e-03,-7.881204888624128001e-04,3.093600955488497086e-03,1.107356771925481964e-03,-1.772672684502856182e-03
2.032703762321993633e-04,-7.219775535106628169e-04,3.239552248777869108e-03,-6.026901903371692211e-04,-2.118154881162235322e-03
9.692587739120933415e-04,-6.556845031761418313e-04,2.071624251571309132e-03,2.085652813231296337e-04,-2.593763803630378187e-03
3.247927024773724584e-05,-2.152375986466278663e-03,1.715840946311350621e-03,3.678447606926326090e-03,-3.274391837019134752e-03
-3.047565555710423442e-04,-1.626223866850920246e-03,1.868457319624823153e-03,3.602761696838805740e-03,-3.540238594041658984e-03
-4.074603908088093645e-04,-7.787612995134207856e-04,2.105860718420027224e-03,1.976921986997177538e-03,-2.896561015094972769e-03
-1.432042704456028140e-03,-4.607430639443213581e-04,2.268779982953043894e-03,2.572362506007079032e-03,-2.948356720559777711e-03
-6.272207077071160564e-04,3.719394550457888061e-06,2.858417471040180634e-03,1.236762842738746600e-03,-3.471679000622258839e-03
-4.414906668531213234e-05,1.797919490390826182e-04,2.754879869961318270e-03,1.113726086352427591e-03,-4.004248838667511488e-03
1.671639736224285249e-03,4.178711886352046222e-04,1.662091313667313349e-03,5.043779466005816371e-04,-4.255980185127367782e-03
1.942312458331121611e-03,1.351734349344567649e-03,1.266718744593634373e-03,4.250575603588996961e-04,-4.985823112628219589e-03
3.891008047263729442e-03,8.287788433259115576e-04,1.055180927564853665e-03,-1.461973778026518303e-03,-4.312994040127977879e-03
4.500890441155578660e-03,1.964729259250578707e-04,4.793033745240540106e-04,6.257244471983168987e-05,-5.239239186324516281e-03
5.591085340722706971e-03,-5.723141656485125758e-04,1.019116076888347284e-03,-1.829302377730232824e-03,-4.208584874232318938e-03
5.009829325522703776e-03,-9.261929197195725803e-04,1.111177162277021549e-03,-1.764273380981666584e-03,-3.430540187098478355e-03
4.865091032637863973e-03,-1.039519835450751148e-03,1.282076504568348090e-03,-2.543463367659381819e-03,-2.564184334096079095e-03
4.813102403451947724e-03,-2.398811457049205599e-03,4.891579438928099878e-04,-1.954179870875017398e-03,-9.492690194205415447e-04
3.929524548680828414e-03,-2.356866983290317220e-03,4.292771680751733977e-04,-5.291951855780678560e-03,3.290017122314996354e-03
2.555367826476328142e-03,-2.265856341019301459e-03,-4.888950701599924540e-06,-3.710135159251202325e-03,3.425512624495774452e-03
3.318980916836039834e-03,-1.995420884428451402e-03,-6.950102936081132199e-04,-4.162010723396131900e-03,3.533460984596663301e-03
3.596310603324321623e-03,-3.076805795454098155e-03,-5.497927846551423038e-04,-4.754285182198142445e-03,4.784573158983069195e-03
4.308147617919225354e-03,-4.182899773494096370e-03,-5.711951985934596385e-04,-5.278077920140586063e-03,5.724025274308904357e-03
4.436467862728697004e-03,-6.360534420387837541e-03,-6.847260739063183244e-04,-4.173845353341077563e-03,6.782637984906528077e-03
3.256043325914186395e-03,-7.433584779037994729e-03,6.743189170332333435e-05,-3.257358063083949651e-03,7.367467624504429879e-03
9.795650100906992761e-04,-8.732552712805655842e-03,6.824794815460443007e-04,5.255063793545899703e-04,6.545001841814327391e-03
9.386929317356781715e-04,-9.382085882436910079e-03,1.610483657278945473e-03,9.136721970124433360e-05,6.741542073721034159e-03
-1.411569622527059846e-04,-1.021614691528749917e-02,2.649840125248553811e-03,2.753171872520334632e-03,4.954291879771301373e-03
-2.660813097762036901e-03,-1.142245535909055393e-02,3.871703326995019380e-03,5.326689007828864196e-03,4.884876122028699447e-03
-4.137515723842878461e-03,-1.081629051966338968e-02,4.943364309005451006e-03,5.117171698586191718e-03,4.893270235914652308e-03
-5.405038098253763662e-03,-1.051815813390418949e-02,5.895397681412719790e-03,6.898902936334184825e-03,3.128895614411047674e-03
-5.006528201859201770e-03,-1.048490782943270819e-02,6.366995378503423342e-03,6.042827168938260697e-03,3.081613483850241964e-03
-4.968555825703963903e-03,-9.618485280265412843e-03,6.660765732493983786e-03,5.247157581898250628e-03,2.679117791577143633e-03
-4.945295348965192406e-03,-9.782546392502195279e-03,6.380305465637988414e-03,5.959457758414171344e-03,2.388078517415233998e-03
-3.579687758239117126e-03,-9.550340679978659361e-03,5.662068162217307431e-03,5.376643173523799023e-03,2.091317102476670468e-03
-2.531293975431394075e-03,-1.044259457767747652e-02,4.387312329958818931e-03,5.136305348527820183e-03,3.450270874622219774e-03
-1.938079139927782789e-03,-1.144276552784267119e-02,3.347987475693888978e-03,5.415955424325630263e-03,4.616901767750951867e-03
-9.789382734191256086e-04,-1.191556067031780165e-02,1.915744289080052905e-03,5.195606881073741926e-03,5.783147773583127878e-03
-2.126762248168885972e-04,-1.092299822064850615e-02,3.495394801663773642e-04,5.061563764524813942e-03,5.724571200774184083e-03
4.730252376051423944e-04,-8.979795115210256751e-03,-4.018096928522345030e-04,4.855400548351179735e-03,4.053179022106183707e-03
8.249597418960483933e-04,-6.976556582500669304e-03,-9.775488702619124053e-04,4.755319475786519597e-03,2.373826235080023911e-03
5.783565727363709471e-04,-5.406383304758793570e-03,-5.733172611134950292e-04,3.198739094948228022e-03,2.202604898187694726e-03
1.493818306188570214e-03,-3.413376936834120780e-03,-2.945580951981665099e-04,9.451625458894508721e-05,2.119600471254783156e-03
1.162629244679770461e-03,-2.796274725318768223e-03,-1.183223471902358401e-04,4.606085591025170425e-04,1.291359268726719432e-03
1.216293751017175333e-03,-2.992411828437837804e-03,7.196924880266775213e-04,4.393239179762349384e-04,6.171016714177552688e-04
2.114054607368912736e-03,-2.065328078610414574e-03,9.798626785844483621e-04,-1.284670128950184207e-03,2.560809216072364365e-04
2.052215109636513872e-03,-1.617498012440783195e-03,1.652071600931511982e-03,1.147145298312443563e-03,-3.233933996439681234e-03
2.882793165924104565e-03,-1.753139830942108870e-03,2.667493749169047492e-03,-1.879729968597986011e-04,-3.609174087291249031e-03
3.062124271560706049e-03,-2.081682564712626605e-04,3.932754640567141975e-03,-3.068648584704316315e-04,-6.479845797186126709e-03
2.210084184984736910e-03,1.403586599773285143e-03,4.640901243455354194e-03,-3.470098960653500778e-04,-7.907562132148026821e-03
1.991986367854259050e-03,1.671286304768237465e-03,3.466313280988028364e-03,1.044340390987306272e-03,-8.173926344597827465e-03
1.908399000861867294e-03,1.436401033722764509e-03,3.588725298600724950e-03,6.327067159982762085e-04,-7.566232049183638925e-03
-6.895818382436497682e-05,1.656620358941851643e-03,4.871615089053611854e-03,3.492133246043888518e-04,-6.808490588775486206e-03
-8.610437693501867776e-04,1.552421817756461731e-03,3.890501566058739581e-03,2.366929116752038414e-03,-6.948808731217064223e-03
-4.338680026401250576e-04,9.328081900910335485e-04,4.533796424604344399e-03,1.020557968510535504e-03,-6.053294580565795821e-03
7.552011295651418678e-04,5.598409648312691663e-04,4.859345620975937495e-03,-7.140637507740189328e-04,-5.460323964598331331e-03
7.410439245773160072e-04,2.363967019910231634e-04,4.258056780298608360e-03,-1.368568522719403480e-03,-3.866928884147549390e-03
-4.620037746993943713e-04,-4.285076033742593105e-04,3.679528061686309325e-03,5.918480838077232013e-04,-3.380864767420378465e-03
-1.021771772426961896e-03,-4.740465203112117533e-04,3.874727749256426552e-03,7.653850803263643121e-04,-3.144294536844613203e-03
-1.200516384386976455e-03,-7.609954390280744075e-04,4.635171979316450412e-03,7.642984876713350157e-04,-3.437958643572733806e-03
-8.866251356339242742e-04,-8.961650015527714572e-04,5.105312653754395108e-03,-9.733408946107450772e-05,-3.225188427106629504e-03
-1.106950749255534560e-03,-5.593309130311378092e-04,4.956197276262444204e-03,-6.374536011753694246e-04,-2.652462012800388316e-03
-1.942160401434180018e-03,-4.474684847652292798e-04,4.960255417307991334e-03,1.330172644679639441e-05,-2.583928257555393772e-03
-1.220991772118279299e-03,-4.892150411019153666e-04,4.657419315809724174e-03,-8.346153737683153747e-04,-2.112597128821220964e-03
-1.264973428274964720e-03,-6.584573888888760589e-04,4.557047754919932823e-03,-7.731756227303664825e-04,-1.860441315025730116e-03
-1.711160438315275766e-03,-7.278957648652517511e-04,3.212092027897885116e-03,1.147214081868372674e-03,-1.920249906585718563e-03
1.141506211318108171e-04,-6.996169446064595850e-04,2.918498759297509688e-03,-7.480348500366274184e-05,-2.258228950819184382e-03
8.661472774813306101e-04,-1.974915593976202689e-03,2.415105860679665414e-03,1.311505699729195295e-03,-2.617843243913976162e-03
-1.963769537766089663e-04,-5.950765882108091003e-04,1.834046122146725010e-03,2.119453931691173305e-03,-3.162046511850474719e-03
-3.485569448064680621e-04,-1.600544671825924938e-03,1.966122544728146539e-03,3.576292505410990849e-03,-3.593313433506742111e-03
-1.175942545634965511e-03,-3.948215026024683855e-04,1.579173190155261667e-03,2.959197349417475639e-03,-2.967606491335315119e-03
-2.016995407896719598e-03,-1.561564999227364682e-04,2.595149641204559220e-03,2.625806119312264555e-03,-3.047803852697382725e-03
-1.831754792471254850e-04,1.769516501003800841e-05,3.140029077821068510e-03,3.741694149861613081e-04,-3.348718178570142708e-03
1.285676589936229127e-03,9.605823803682058174e-05,2.328364703596363331e-03,1.582897477074763260e-04,-3.868389279276895302e-03
2.104289444701631494e-03,-1.361725389231701656e-04,1.291201747638495885e-03,1.038866481791769943e-03,-4.298185135208718727e-03
2.463733816556527324e-03,1.608420525468856306e-03,1.248637742253107426e-03,-1.236978190056151224e-04,-5.197094265272886315e-03
4.331238536965484505e-03,1.393403411048939550e-03,4.620207210085665967e-04,-1.330431218276121978e-03,-4.856231450746871167e-03
4.642118432368780301e-03,1.240891931480501498e-03,4.522323523275905538e-04,-3.572409721817307229e-04,-5.978001743995147756e-03
5.337629644888287721e-03,1.049344038013871796e-03,1.790547945081055053e-03,-3.077723869731114476e-03,-5.099797758252090120e-03
5.220632545499860784e-03,-3.290395359654736543e-04,1.386410869295210064e-03,-2.740359796898168485e-03,-3.537644081931416457e-03
5.203625340038759220e-03,-1.739664450345816118e-03,7.611070442708409156e-04,-2.612929279228971488e-03,-1.612138654734814047e-03
4.697714472235129876e-03,-2.177905295030510818e-03,-1.988789245690987875e-04,-4.289807236067842873e-03,1.968876983432325204e-03
4.385777227390297989e-03,-2.364973640357191566e-03,-3.464070394237013018e-04,-5.130515060786750188e-03,3.456118513177353253e-03
3.311143727775431398e-03,-9.203129813241299820e-04,-4.837704514578039321e-04,-3.845864662829837945e-03,1.938804367836333359e-03
3.542910175817587295e-03,3.330967327183008116e-04,-1.521096895886283554e-03,-3.969563606565970799e-03,1.614653593916372427e-03
2.991850430298373213e-03,-6.991862678144564539e-04,-1.484666174781916091e-03,-2.748505144265873598e-03,1.940507156563870111e-03
4.461797433134047711e-03,-2.441775447926191559e-03,-2.391651806871321990e-04,-3.871195991542405058e-03,2.090339187021662999e-03
4.262774021189390077e-03,-4.728168709022307487e-03,-9.028684274646482622e-05,-4.617115939415731597e-03,5.172797469995109483e-03
2.179352960575325730e-03,-5.984190643894082492e-03,-7.147084568572628378e-04,-1.213028552029074905e-03,5.732574692205091686e-03
1.875989695734208958e-03,-7.459954249433284335e-03,-8.672231656196477444e-04,5.251497898141749276e-04,5.926037929504539628e-03
2.130956455467150363e-03,-9.078572889381882408e-03,2.212306112352155395e-04,3.719226803478176688e-05,6.689193554644729846e-03
3.278776004008341575e-04,-1.009438855452176806e-02,1.931002317354692677e-03,4.067658171812252831e-03,3.767850464953970829e-03
-2.048987020940127180e-03,-1.136789560900172170e-02,3.642182333910402251e-03,5.803422792746531535e-03,3.971277503284896884e-03
-3.593263157240943542e-03,-1.115381849112754252e-02,4.330006688916174934e-03,6.355452162244132341e-03,4.061622797208181389e-03
-4.990318800827515944e-03,-1.019428851457480391e-02,5.801098216502455045e-03,7.312216127814407350e-03,2.071292971085462661e-03
-5.439585206358308299e-03,-1.029600569872290809e-02,6.150538933945889908e-03,6.902039954860562584e-03,2.683012016274769103e-03
-4.891476630540912522e-03,-1.000908859423137696e-02,6.604128576869502595e-03,5.493942819663479374e-03,2.802493828239304915e-03
-3.986362629318630432e-03,-9.483219911709065211e-03,6.581105007506081114e-03,5.053470414922508688e-03,1.835007118599109744e-03
-2.995581575728842403e-03,-9.829400960768607323e-03,6.167533173760265074e-03,4.510130834059451060e-03,2.147318528677709740e-03
-2.445991604480252969e-03,-1.049070551810446505e-02,4.724353294902276790e-03,5.013308785498916953e-03,3.199035042183525149e-03
-1.504908489243206391e-03,-1.133712180807235591e-02,3.467692851824456541e-03,4.526543690391866132e-03,4.847793755099215340e-03
-9.667665344291194278e-05,-1.183291781930691060e-02,1.563365194310990629e-03,4.785202805997131568e-03,5.581026472441708366e-03
8.121110369859490434e-04,-1.058795154099059950e-02,-1.787147341558549887e-04,4.914013962436832549e-03,5.040541275723646984e-03
5.416176712090502426e-04,-8.603329922250853648e-03,-1.400540854741897517e-03,5.509623117888611150e-03,3.952629987895080015e-03
9.601182378118522810e-04,-6.537202888093077147e-03,-1.462820434707375007e-03,4.840194873889131985e-03,2.199710211099463117e-03
1.323640939788342259e-03,-5.115018853528946995e-03,-1.415956009305976895e-03,3.926909384553432629e-03,1.280424538493159844e-03
2.180016841461064787e-03,-3.086284438937365957e-03,-1.889667234715019812e-03,5.746483521662650940e-04,2.221286480025059899e-03
1.425279665622446266e-03,-2.050845124382161613e-03,-1.006102651874045449e-03,4.145687858678102585e-04,1.217099324765949075e-03
1.267165610091004193e-03,-1.459639938084445398e-03,2.916339190441087918e-05,-2.080439300789841122e-04,3.713548661680148174e-04
1.301048935265849971e-03,-9.733709314451654496e-04,5.449465137772722826e-04,-6.017946971098315622e-04,-2.708298204881261087e-04
2.545858772265774568e-03,-9.385103193309335878e-04,1.462925025096455415e-03,-1.466978104696144191e-03,-1.603295373335149494e-03
1.667009617703274276e-03,-8.741577486720523310e-05,1.824654900138322376e-03,1.856942786709477392e-03,-5.261191529683874150e-03
3.134113789717784659e-03,2.864098160729067893e-04,3.414767254791352055e-03,4.477765574933928569e-04,-7.283067418075449967e-03
2.280593571414450509e-03,1.668210457489101338e-03,4.457792078960650002e-03,1.013516820759351005e-03,-9.420112928623596005e-03
2.071000371554582165e-03,2.843992059874720681e-03,4.531172974780655477e-03,2.666843744692762221e-04,-9.712849780679278996e-03
1.347261894377778857e-03,2.512747121118238773e-03,3.507467373868782944e-03,8.790226297492697953e-04,-8.246499019114054974e-03
6.932289530823841162e-04,2.241746818844768223e-03,3.960491042094245635e-03,3.215901428956878874e-03,-1.011136824297830319e-02
2.933727515638104495e-04,1.822220740067879204e-03,3.499107754112438292e-03,1.559635210683806093e-03,-7.174336456427925744e-03
-1.126249260637865658e-04,1.230187868905255897e-03,3.528170737542060155e-03,2.284718707535442379e-03,-6.930452387918969656e-03
6.965712914011394337e-04,4.133620293456393259e-04,3.250384872521973334e-03,4.668556662727112801e-04,-4.827173859541459416e-03
9.207079747362110090e-04,-2.931171105282000559e-04,3.809001825228886754e-03,-4.128060628470315522e-04,-4.023786626589869082e-03
-3.270377472207359896e-04,-8.282974872928617434e-04,3.602123827757379177e-03,8.917407438287497032e-04,-3.338529337072538086e-03
-8.746688283080893220e-04,-1.015067614400600387e-04,3.635595940781864883e-03,6.774566961537760099e-04,-3.336877047187492874e-03
-8.737492529093419599e-04,-5.302057146483779744e-04,3.510785890545706830e-03,1.157926593106481340e-03,-3.264757516094470621e-03
-9.548061194427087542e-04,-8.263639774509079624e-04,4.707010585346086025e-03,1.154598435330255954e-04,-3.041300331985501409e-03
-7.349407477868410282e-04,-1.068079941141023611e-03,4.838901091702937397e-03,-3.380735656769883650e-04,-2.697806837098088405e-03
-2.281673814723480642e-03,-4.660200241523538233e-04,4.175381466324586295e-03,1.065684834206264949e-03,-2.493372461655026916e-03
-1.989113407732954857e-03,-3.812368243011173474e-04,4.478924482094201812e-03,2.853674398183496754e-04,-2.393941689878491264e-03
-1.507282992000358139e-03,-5.697453914217105557e-04,4.350025782802130828e-03,-2.403347877589081063e-04,-2.032662611621154081e-03
-1.656770161696428717e-03,-7.863101439227473347e-04,3.095701842657413647e-03,1.306790775370108562e-03,-1.959412312408343338e-03
8.898747106293054257e-04,-1.852111992945750397e-03,2.141187281060884760e-03,1.318343411841236493e-03,-2.497293410585668585e-03
9.152316988828139996e-04,-1.942954101123504744e-03,1.510558663779968877e-03,2.161878120216692394e-03,-2.644714381755970418e-03
2.895381040572267414e-05,-1.007963220135977764e-03,1.307399393428220228e-03,3.127451333490689767e-03,-3.455841317188665385e-03
1.398266166862822935e-04,-7.214817341091503671e-04,1.886468930814771700e-03,1.637766359611694724e-03,-2.942580173003605561e-03
-8.302166114256018204e-04,-4.444679023100798826e-04,1.447555491422926983e-03,2.796082448275527457e-03,-2.968953425962775772e-03
-6.359210299096369539e-04,-3.481741899204987382e-04,2.286885905610058951e-03,1.495014639063567494e-03,-2.797805324843488043e-03
2.107774210786399107e-04,-6.643801826564873798e-04,1.994662524666876262e-03,1.384611811203776896e-03,-2.925671574292802463e-03
2.168985636703425670e-03,-5.036825325786221334e-04,1.862309449387384002e-03,2.930564471377898822e-04,-3.820669000649982733e-03
3.307882868912513392e-03,6.776582199601305498e-04,8.051635400764855025e-04,-3.452411744000737927e-04,-4.445463454549052236e-03
4.260357239360849924e-03,1.867632415365499303e-03,4.693459089919007655e-04,-1.130116702653469717e-03,-5.467218861064777891e-03
4.946425376967635880e-03,1.814400209824912737e-03,-3.406943939636008383e-04,-8.835249426892199855e-04,-5.536606250139728715e-03
4.855375477698383770e-03,1.327623981146801389e-03,2.037155439319270327e-03,-2.041090297355713148e-03,-6.179064600808745374e-03
5.124289071015767673e-03,5.349302434827332730e-05,1.641174652008551118e-03,-2.166225587642474533e-03,-4.652731159730112177e-03
5.302996252937728847e-03,-1.496974596219910339e-04,2.146541003458114349e-04,-2.401187221308688328e-03,-2.966765672352851026e-03
5.683717669399961266e-03,-1.372006173856818532e-03,-6.795166893365502071e-04,-2.507623221965152045e-03,-1.124571584241436471e-03
5.007269449486405517e-03,-1.175521794426787059e-03,-1.474332782727895809e-03,-4.454823767733569542e-03,2.097408895401841472e-03
5.059706642279988495e-03,1.140763144355810713e-04,-1.733472398907743434e-03,-5.171953711988612132e-03,1.731643154180783316e-03
4.492459688039678045e-03,6.053882872031064559e-04,-1.438472825173769476e-03,-5.244349810382198558e-03,1.584974660313184618e-03
3.754084207376730351e-03,1.581324726441589554e-04,-2.017338677615840205e-03,-3.537367719042034710e-03,1.642489716636978073e-03
3.679640666464199447e-03,-5.701336729134958781e-04,-1.480502007938013604e-03,-3.409562966796561741e-03,1.780557981183868415e-03
3.799007484079204751e-03,-2.049910625459676946e-03,-7.992948613957412841e-04,-2.639510500975168761e-03,1.689708503751383975e-03
4.010462265057814467e-03,-5.132344055787812359e-03,2.815102980275105546e-04,-4.345400122863329884e-03,5.185771615565808873e-03
1.400019424074218843e-03,-5.575876142839232205e-03,-4.900487204014680612e-04,1.123659450617150077e-05,4.654668844660316343e-03
2.458718961916471751e-03,-8.103867987913751514e-03,-1.113928619846494585e-03,1.308833447193071767e-03,5.450244198650714723e-03
1.602620067193348020e-03,-9.003801937447817802e-03,-1.258264046360091316e-04,1.724313594912790792e-03,5.802694679977690208e-03
2.644600634321533006e-04,-1.033753299477564724e-02,8.790157653072742851e-04,4.741458436173326234e-03,4.452598729862887461e-03
-2.435359147156707614e-03,-1.276878812056750183e-02,2.651062057617489809e-03,7.711513166752854281e-03,4.841572043353846271e-03
-3.789279723172222624e-03,-1.313731777383774640e-02,4.252101497813829539e-03,8.571776210347019018e-03,4.102719788849108762e-03
-4.595168640714322045e-03,-1.135034219831678078e-02,5.691900410552686203e-03,6.942723400347442300e-03,3.310887028130932684e-03
-4.713937622233061592e-03,-1.127077132354335591e-02,6.221934098635586823e-03,6.112289793173829484e-03,3.650485053966996424e-03
-3.933467417932724405e-03,-1.037758922312261717e-02,6.431151732642062871e-03,5.502727966815231832e-03,2.377176941598042100e-03
-2.182559571510121928e-03,-1.039160443660404332e-02,6.162430716311039121e-03,4.917785829657600472e-03,1.493947462145550804e-03
-1.674905953590213924e-03,-1.122909850348930046e-02,5.767444545932845848e-03,5.124651023546415718e-03,2.011908887600263006e-03
-1.560184894288142287e-03,-1.122287438816237451e-02,4.736845647115513896e-03,4.114470055319392576e-03,3.931743580015593410e-03
-1.926483063204389740e-04,-1.058355097022196586e-02,3.252192510005900462e-03,3.680260601558257936e-03,3.843746164978262703e-03
-1.320193699173326165e-04,-1.118407921341015888e-02,7.709968993508380802e-04,5.201394908528907297e-03,5.343706775447727882e-03
8.479892229602387609e-04,-1.007397172457842605e-02,-1.218655180180047010e-03,5.436045251660894841e-03,5.008592430137326877e-03
9.296614958306883853e-04,-7.892386832138335168e-03,-2.564276240135963513e-03,6.341136106407825081e-03,3.185865470035787166e-03
1.189726925247619515e-03,-6.955768589990261701e-03,-2.873440749575347213e-03,6.482682353075012831e-03,2.156800061242967678e-03
1.674551188022323656e-03,-5.442188965533054264e-03,-2.914515724504967639e-03,5.200897825213595706e-03,1.481255676802103842e-03
1.727982627498956961e-03,-4.274033962124933542e-03,-3.296176458992767025e-03,3.007483390350213122e-03,2.834744403268533736e-03
2.197766310054314991e-03,-2.425106413784282669e-03,-2.234298725009560213e-03,1.409998228729562614e-03,1.051640600009969831e-03
1.962961177650352808e-03,-9.064042754651530521e-04,-7.638413459042269404e-04,1.147300054039802116e-03,-1.440015610320778076e-03
1.300431772791567180e-03,-4.246634811530595435e-04,-1.677137871389511585e-04,4.022842297956965630e-04,-1.110338734295249381e-03
2.610030283386770376e-03,-8.854464232876643791e-04,1.220233281086646401e-03,-1.784407304476984648e-03,-1.160409836708772412e-03
1.656684652655593263e-03,5.253087250084322425e-04,2.447890018304247316e-03,1.696035190903690676e-03,-6.325918586871959702e-03
3.095355081319905825e-03,1.973253507527015106e-03,4.060319733474490080e-03,-1.641944246215131615e-03,-7.486984076106276143e-03
3.438834131859281728e-03,3.084335540202220310e-03,3.827177724578463818e-03,-1.228043194595727179e-03,-9.122304202044248869e-03
2.228978584642585161e-03,2.760961127106682962e-03,4.850166091046363530e-03,1.923823952637579513e-04,-1.003248819805936144e-02
4.772273951985149618e-04,2.795995972647691459e-03,3.806038750588362166e-03,2.168810378356614884e-03,-9.248072496791189326e-03
1.699439065132939044e-03,2.662794051301056730e-03,4.070726566701831500e-03,1.161223975868068284e-03,-9.594183659003885367e-03
1.111268679780128997e-03,2.184252900920720213e-03,4.180964040515900218e-03,1.953805948625086605e-04,-7.671866216079265000e-03
6.316472213412096214e-04,9.126118041083772356e-04,3.669111328733815416e-03,1.874253749052281993e-03,-7.087624103235702806e-03
6.191141839184973296e-04,7.337320998775765475e-04,2.907032863654680256e-03,8.512781489761602014e-04,-5.111157296426905444e-03
6.162632129596554761e-04,3.886111373329131859e-04,3.673366870477592309e-03,-4.866451410948325002e-04,-4.191596079675329392e-03
2.047561174888602774e-04,-3.162887969593439685e-04,3.543134857639111072e-03,-3.039553183670751202e-04,-3.127646859801548954e-03
-2.448272363890739841e-04,-8.308772927950152775e-04,3.755348087816886074e-03,7.048147722492260512e-04,-3.384458330882010937e-03
-7.455972687101910037e-04,-4.373046740239560195e-04,3.481795297451407891e-03,1.013331604668656419e-03,-3.312224959385906119e-03
-9.165075801201473396e-04,-1.401555702626751561e-03,3.529962105023431562e-03,1.939682003068191399e-03,-3.151580825344725036e-03
-9.054329853215635580e-05,-8.439872524106762719e-04,4.377410752261810117e-03,-6.902301492651492960e-04,-2.752650052053821472e-03
-2.318814755592741358e-03,-9.836573017838843181e-04,3.797097460297925355e-03,2.220454848520514012e-03,-2.715080251441825184e-03
-1.789150101080367802e-03,-3.501648321637837675e-04,4.377359759901377004e-03,3.254371282420974237e-04,-2.563481954899331748e-03
-1.932151955037483999e-03,-5.753386578982770888e-04,4.358277396252074366e-03,2.360409016744096397e-04,-2.086827684990720261e-03
-1.438651421418408408e-03,-2.074467273574229654e-03,2.790538206641800419e-03,2.648461065991575877e-03,-1.925880577640734764e-03
1.081303960393316561e-03,-9.977166459659923391e-04,1.173744850719398575e-03,1.288098573061712774e-03,-2.545430738208437522e-03
5.479934866255184011e-04,-1.284947683786576665e-03,1.241942353332098608e-03,2.038115156898181578e-03,-2.543103313069212598e-03
-1.403053967713799268e-06,-7.252736027631472493e-04,1.183535243060356663e-03,3.054071665213939270e-03,-3.510930251543427794e-03
-5.216502197776058582e-04,-8.356918192585812821e-04,1.479172953174985507e-03,2.699556162005536247e-03,-2.821387076144332012e-03
-8.429173403285208921e-04,-1.491264918166318541e-03,1.322890181664465549e-03,3.667982085931558497e-03,-2.656690009101189166e-03
3.138036690292530357e-04,-1.717720239373024278e-03,2.159727654336293656e-03,1.629133357615205084e-03,-2.384944441607720830e-03
2.183770758865100775e-03,-8.494176187088623440e-04,2.214899621039432328e-03,-6.289655197834782959e-04,-2.920287241412182055e-03
2.442570251623384266e-03,6.744943250157010763e-04,1.911134299422097239e-03,-4.288561804515090160e-04,-4.599342695609656001e-03
3.439530977137475205e-03,1.437383900609944020e-03,1.318505384043095916e-03,-9.700358679163812933e-04,-5.225384393874128210e-03
4.774412042207718671e-03,2.191906500272575511e-03,2.092853738833590595e-04,-1.392718270548034534e-03,-5.782885645815621228e-03
5.428127396243992951e-03,2.627159406164694764e-03,1.454313027312799855e-03,-3.261170834426591492e-03,-6.248428995294891090e-03
4.307158443229060392e-03,8.472456678835382391e-04,2.913296375037252237e-03,-1.641573169716856141e-03,-6.426127316432990282e-03
4.257343386403235168e-03,1.096868323949761088e-03,1.638811098624258934e-03,-1.639619321572935960e-03,-5.353403487404338745e-03
5.467817924614698857e-03,3.795819495308050406e-04,-4.099450603400147156e-04,-8.011711374079688369e-04,-4.636283676397498499e-03
6.230369577526351753e-03,-1.288142254248726823e-03,-1.009536469314203065e-03,-1.779353582255772471e-03,-2.153337271707645058e-03
3.639489119536801556e-03,1.075965983344251420e-04,-1.489387512741196292e-03,-3.189060163137239466e-03,9.313619580072168662e-04
3.826928001669876317e-03,1.159367283554458574e-04,-1.750166763167014874e-03,-2.352369029916492448e-03,1.596710630581742521e-04
3.941086039162921065e-03,4.400345466930818993e-05,-1.727296040863998293e-03,-3.263276393722228715e-03,1.005482940753995138e-03
2.043209891697373749e-03,9.153659153703098397e-04,-1.822657002195779028e-03,-2.004592527294632356e-03,8.686737224227246510e-04
3.508474140566224600e-03,5.412684727656025133e-04,-6.377804997217827350e-04,-3.929619499532795851e-03,5.176573859227553758e-04
3.621016534630000765e-03,-8.957167346142402755e-04,-1.131078782763068544e-03,-4.196292254616862220e-03,2.602071237364174394e-03
3.561392972585417614e-03,-2.842778665467626982e-03,-1.162625813953970227e-03,-3.847948388052946887e-03,4.291959894889119109e-03
1.898785671988355859e-03,-4.957789807080945250e-03,-8.364496250697066749e-04,-3.620009339969195903e-04,4.257454694159228288e-03
2.174749235172479707e-03,-7.030955770447125559e-03,-1.179359376552996733e-03,3.156014420798287663e-03,2.879551491029338443e-03
1.243876622962037737e-03,-8.770373659663573476e-03,-1.214261729732892691e-04,1.521540861260630133e-03,6.126382348414183450e-03
-7.327584110472978906e-04,-1.078756156681458071e-02,6.690443292215105539e-04,6.695864113687915141e-03,4.155411534952464618e-03
-1.836999333676155683e-03,-1.353565902288806320e-02,1.889480601342511399e-03,8.567207309190853770e-03,4.915970446030845480e-03
-3.205437002557203797e-03,-1.379565751564332775e-02,3.622056048952059654e-03,8.684619008319497194e-03,4.694419460928939136e-03
-3.771629692646751020e-03,-1.287938315850495341e-02,5.162227685597984769e-03,6.948300968817877621e-03,4.540484196735856785e-03
-4.109288921461414119e-03,-1.390135629987008722e-02,5.962564390161240180e-03,7.249607909446494601e-03,4.798472921723770900e-03
-2.983292617879291370e-03,-1.195490076605084696e-02,5.746902886899150388e-03,6.251747585668936298e-03,2.939542911362078969e-03
-2.056803521390169164e-03,-1.174216489434698994e-02,5.669173298591906850e-03,6.230501776876924171e-03,1.899293340268349986e-03
-7.126407150996010150e-04,-1.243542082290264965e-02,4.969925430003628228e-03,5.129030390996530860e-03,3.049105717002108164e-03
-1.547916564590917730e-03,-1.087517348938274800e-02,4.565863959883539706e-03,3.760549822729789861e-03,4.096676271360327921e-03
-7.977667871193174160e-04,-1.132067912198816972e-02,2.965837563818697706e-03,5.122071090302803172e-03,4.030537254985969674e-03
-8.899791168578836107e-05,-1.098275443291913366e-02,8.549284783774042289e-04,5.486536560579053853e-03,4.730287305648468894e-03
4.278261865325796586e-04,-9.177907464358179418e-03,-1.000841234136371676e-03,5.914689254633512944e-03,3.836233257328460280e-03
1.471848198107271032e-03,-6.535887328545088477e-03,-3.032925423995881057e-03,5.783121538206321965e-03,2.313843016227355286e-03
2.005956303298500609e-03,-5.542289386786912984e-03,-3.782522835185431632e-03,5.570235247429742263e-03,1.748620671244104779e-03
2.522261450723082589e-03,-3.109639618188167736e-03,-3.708114034141944682e-03,3.079568741573371262e-03,1.215923460033660518e-03
2.182222432647351260e-03,-1.893245428255075713e-03,-4.070165669453952931e-03,2.638177246293344890e-03,1.143011418768338349e-03
2.826389053952617879e-03,-7.755100021529928245e-04,-3.253655744469552673e-03,-2.442234667047710303e-04,1.447000159374699137e-03
2.168273437066564006e-03,5.060128907076916508e-04,-1.638862546444700731e-03,7.117302318936232722e-05,-1.106596804518906844e-03
1.762656804752255101e-03,-7.732354093716582548e-04,-2.476237023989838492e-04,8.227352862593942297e-04,-1.564532979241006413e-03
2.203320674654612489e-03,-1.747291028371755674e-03,9.303644663146603188e-04,1.413087736217016249e-05,-1.400524989959687789e-03
1.974921171748228628e-03,-6.376826214178688609e-04,2.466914027819763593e-03,1.021017074130421785e-03,-4.825169652280540157e-03
3.179249635114041531e-03,2.193238087242931327e-03,4.672416860329505102e-03,-2.558265515513746379e-03,-7.486639067172712499e-03
3.521195222681066696e-03,3.248713637333071596e-03,4.773751092143991778e-03,-2.138157143416451796e-03,-9.405502808741680876e-03
1.639276595584280953e-03,4.014177245819814874e-03,5.241541934701559810e-03,-1.915738151551856514e-04,-1.070342196095047139e-02
1.559814862335974625e-03,3.343956635285505116e-03,4.535773320844519244e-03,7.728720098036889708e-04,-1.021241682826968915e-02
1.623294509769639214e-03,3.100393370825076274e-03,4.263752746250353172e-03,4.045868173587564343e-04,-9.392027444203795983e-03
1.103920674889909354e-03,2.532497203057867269e-03,4.373739465515853915e-03,3.349757741161883033e-04,-8.345133117579813312e-03
9.901346339181147684e-04,1.842247023450057199e-03,3.371343203922959851e-03,1.331900806581597096e-03,-7.535625667872734336e-03
5.871883652030525759e-04,7.568658314560505057e-04,3.130281065629516093e-03,9.337653100038513943e-04,-5.408100572292470244e-03
1.335495254424824707e-04,9.632308947689928718e-04,3.025039909184305299e-03,1.958522200138792342e-04,-4.317672549409650416e-03
1.756329816089621278e-03,-5.694472587031005522e-04,3.301066574037402751e-03,-1.233986564662299191e-03,-3.253962566761619841e-03
-1.939149571129085143e-04,-2.371359410819712742e-04,3.310717385959496047e-03,5.326742641692235134e-04,-3.412340751933836194e-03
-1.051286099107083885e-03,-5.442162880842945196e-04,3.582863618988196570e-03,1.211851844725146069e-03,-3.199213076521955235e-03
-9.473293205095834014e-04,-1.038202293079510318e-03,2.921430329937189149e-03,1.711006590278339387e-03,-2.646905306626451838e-03
4.898942097279887151e-05,-1.095542966582552192e-03,3.928148181324914515e-03,-8.037869952201870144e-05,-2.801215936193134429e-03
-1.196291604741921838e-03,-8.193665828224086902e-04,3.749090074675005824e-03,1.183793299193214950e-03,-2.917225186303876259e-03
-2.111894145582866953e-03,-1.514817136721398859e-03,4.222803888539268871e-03,1.994404876058060265e-03,-2.590497482293068095e-03
-2.216833404848033220e-03,-1.751644493734379453e-03,3.776503861297937116e-03,2.415855723756854534e-03,-2.223881686472383313e-03
-1.021867253448872654e-03,-1.802742579517218474e-03,2.145263029711735794e-03,2.551147270601406003e-03,-1.871800467347048283e-03
1.228871163456573233e-03,-9.229823656992527069e-04,1.622947486642284647e-03,5.513458134286996831e-04,-2.480182097828311904e-03
4.112978243001010254e-04,-1.653767461025298447e-03,1.350281811571511217e-03,2.757345724056794577e-03,-2.865157898903100513e-03
2.280955021459463150e-04,-9.023004139371501586e-04,1.169804080514906140e-03,2.904676162267248382e-03,-3.400275330990958512e-03
-1.172723984091464866e-03,-1.638928611028883089e-03,1.282881267590529851e-03,4.027546192489059318e-03,-2.498774864959248370e-03
-5.085511970121843342e-04,-1.524020420451191286e-03,1.208572906628207610e-03,3.058216582508891702e-03,-2.234217871673718596e-03
1.159061333185112605e-03,-1.202023997762728755e-03,1.455069669421062877e-03,1.191435998862051902e-03,-2.603543003705510121e-03
2.431407623067173823e-03,1.560744934175889019e-04,1.944081501858358537e-03,-1.264845823610576125e-03,-3.266717794732542941e-03
3.130218233972306523e-03,6.797105994739546710e-04,1.934166242761786985e-03,-1.026641952758682291e-03,-4.717453123449371309e-03
3.908078724379885661e-03,1.217624000886526796e-03,1.743449958743884410e-03,-1.452786783222456907e-03,-5.416365900787844731e-03
4.384138606339476121e-03,2.054972136367420790e-03,1.474139838997114149e-03,-1.730260105730171971e-03,-6.182990475973838655e-03
4.919304187157359266e-03,2.594681024646636452e-03,3.110660100365670970e-03,-2.226680123310177152e-03,-8.397965188859450938e-03
4.757061328054285054e-03,2.123395551324386461e-03,2.511892771542754543e-03,-2.666574012093437911e-03,-6.725775638828001592e-03
4.768468595234226157e-03,1.527159539202492923e-03,1.045963641699683205e-03,-1.704400112941813683e-03,-5.637191663194571906e-03
5.514277276299262703e-03,1.371868053237108994e-03,1.811874058764288188e-04,-2.085901173546978252e-03,-4.981431561865815733e-03
6.113396632039863263e-03,-1.115886333617563658e-03,-2.334244315231599580e-04,-1.345443427668980944e-03,-3.418642439230148294e-03
3.822929132090445437e-03,-1.992178510551191053e-04,-6.640172158564441917e-04,-2.954403291243975094e-03,-5.290773934907125612e-06
3.384548481881224837e-03,6.579580262351791679e-05,-1.905830828143946281e-03,-2.463886912357098058e-03,9.193734559962968419e-04
2.917061340468611510e-03,2.106476925143289155e-03,-2.245833077863501268e-03,-3.688847678241561744e-03,9.111424904931567093e-04
2.473369849476824388e-03,2.907023709708929544e-03,-1.910122048018357945e-03,-3.771336654082344843e-03,3.010651429149537343e-04
1.983488028641717301e-03,2.413369476833305324e-03,-1.532791893537278384e-03,-3.976612282147462540e-03,1.112546670209720251e-03
2.997440451928438335e-03,8.398215595432060752e-04,-1.812033787493399920e-03,-5.264261259895397851e-03,3.239033035917169082e-03
3.343590606025851914e-03,-1.478632877349009355e-05,-1.116053461624661554e-03,-5.737352645761951975e-03,3.524601830134236561e-03
1.484332856203491235e-03,-1.928961640712501370e-03,-1.101125124708339465e-03,-1.343194859750767569e-03,2.888948768968111099e-03
2.007073908385334244e-03,-5.126772082395852220e-03,-1.323968414855994629e-03,-1.128120354109462924e-03,5.571786942975985070e-03
1.061148109256413417e-03,-8.245693468265648599e-03,-7.538554844138768479e-04,2.943769021017471777e-03,4.994631822405652503e-03
1.238945855822958593e-04,-1.157464996950181325e-02,-3.032803832161829719e-04,6.642645555436821510e-03,5.111390211698895771e-03
-1.427475595233299597e-03,-1.193430491899473249e-02,1.245577438354986740e-03,6.627436119074508504e-03,5.488766956798579559e-03
-1.967994611201239179e-03,-1.481161022423693567e-02,3.000826395994613677e-03,8.245949695631542634e-03,5.532828743811992085e-03
-2.640931525609835177e-03,-1.340471737669653857e-02,4.791080614135831243e-03,6.933392013144004142e-03,4.321176275026507134e-03
-3.255567312470572430e-03,-1.232035160360931553e-02,5.655471854624108050e-03,4.856338915702513789e-03,5.064108145753270021e-03
-2.253508700130974884e-03,-1.149750656484504335e-02,5.135735999222876963e-03,4.882202215722454205e-03,3.733077050030712656e-03
-1.346558389243683379e-03,-1.143875271539324459e-02,4.945402606666914405e-03,4.910867062071086302e-03,2.929041435898952200e-03
2.036607209389004140e-04,-1.131479187901752309e-02,4.026655242630298309e-03,3.890782232795130576e-03,3.193693682653187503e-03
8.469927022157695525e-04,-1.149434716540377772e-02,3.717693985844216804e-03,3.240074718043326960e-03,3.689585759300467553e-03
2.560068654943744399e-04,-1.059168319735268211e-02,2.204274986126888904e-03,4.325457282442663441e-03,3.805944063288773001e-03
4.768749234821065557e-04,-9.208526599439615865e-03,5.375973756582464900e-04,4.395950733696688505e-03,3.798103566602570574e-03
5.588236422845158959e-05,-7.345556854945372791e-03,-9.452638229843578601e-04,5.184659003963925858e-03,3.050279309737351577e-03
3.987415739533679425e-04,-4.255744895749093495e-03,-3.124325869400096899e-03,5.021479367787439960e-03,1.959849823408362814e-03
1.329902024960130961e-03,-2.487962455653647872e-03,-3.864157172601950102e-03,3.852357020438456747e-03,1.169860582857004195e-03
1.998861853855227189e-03,-2.426507312024289275e-03,-3.505155067351927670e-03,3.011184183010956299e-03,9.216163425100429990e-04
1.985390143189765238e-03,-9.992043433235035885e-04,-3.916332408086823681e-03,2.406594486301073376e-03,5.235521219194852948e-04
2.446031713301910580e-03,-4.879552512784661195e-05,-3.287352388803454605e-03,6.253424236225953127e-04,2.647737770067900122e-04
2.328614002817626458e-03,5.593999258751667118e-04,-1.703812793795828843e-03,-1.381799788248025407e-03,1.975986533510592363e-04
1.414826783387486495e-03,1.092716734898423669e-03,-7.361079799365060228e-04,-3.383462210769342684e-04,-1.433089317272470903e-03
1.933852420511554190e-03,4.302716861793330540e-04,2.838706641083704328e-04,-1.430314704903710510e-03,-1.217680065895556220e-03
2.051851018452421817e-03,-4.779910335203205640e-04,2.252759163298402156e-03,-1.940975222562636238e-03,-1.885643925667859853e-03
3.544290621770355976e-03,7.505518430183628171e-04,4.398726647406362399e-03,-4.817642432102071590e-04,-8.211804868984861130e-03
3.073448926467515878e-03,3.717552173846509506e-03,5.226666216563815963e-03,-2.251975319640948502e-03,-9.765691997236905855e-03
1.047489085689805484e-03,3.957603764259963984e-03,4.716955079390887200e-03,6.701783160344688918e-04,-1.039222624537510832e-02
1.278083860590791942e-03,4.309039618368180197e-03,4.983157917737180732e-03,2.374032140065806217e-04,-1.080768461070273460e-02
1.861347685556273817e-03,3.275231462704465430e-03,4.939035095978978711e-03,-1.565784085653156845e-04,-9.919035835674409537e-03
1.650132201615846965e-03,2.389212022166504676e-03,4.739921726802391946e-03,-9.742293346171588099e-04,-7.805036615967570791e-03
1.071127550351470186e-03,2.207928107894571376e-03,3.374187739954255701e-03,1.552865553346161054e-03,-8.206108951546452895e-03
9.562508339185898498e-04,1.017871756685263980e-03,3.207928189940718617e-03,1.240904036634377311e-03,-6.422954817178956263e-03
7.973690554281765092e-04,2.648568663316129470e-04,1.999704476509269694e-03,1.365894365071226814e-03,-4.427824763340291493e-03
5.756545664185392297e-04,-6.576916140894187085e-04,2.570566671773804376e-03,7.431253709335045856e-04,-3.231654995036436096e-03
-5.660822279574369764e-04,-2.573511299129679799e-04,3.142679473095495290e-03,8.399832590593986998e-04,-3.159229374284484426e-03
-9.588804550372697537e-04,-7.880168785043076014e-04,3.247814882867255774e-03,1.435903662064896271e-03,-2.936821211390575233e-03
-9.890934664204436341e-04,-1.156638660270411243e-03,2.896857875198405145e-03,1.651514649825833961e-03,-2.402640398333375990e-03
-2.326520584919964242e-04,-1.149942490858010639e-03,3.459476931990917992e-03,4.023655137020602335e-04,-2.479247896342969427e-03
-1.137608873404499137e-03,-8.979724110384748777e-04,2.934319830868258212e-03,1.974095562181794102e-03,-2.872834108607066807e-03
-2.084097412200357213e-03,-7.664076515141605289e-04,4.444751654861174225e-03,9.571229980057070763e-04,-2.551369589152344478e-03
-2.126295754698728693e-03,-1.202801022113649540e-03,3.939931125396428299e-03,1.649580308353260777e-03,-2.260414656937304555e-03
-1.080447873097945075e-03,-1.412967917915038682e-03,1.626480008584754678e-03,2.777571834437310427e-03,-1.910636052009082432e-03
6.345054536433595823e-04,-1.777716910635269380e-03,1.825472320265432305e-03,1.858570712634389143e-03,-2.540831575907910676e-03
5.503306328252666061e-04,-1.876338720248777901e-03,1.019965263936524610e-03,2.870441121048763946e-03,-2.564398297561777153e-03
-1.397070740181508301e-04,-1.124835615763870910e-03,1.303351350711632163e-03,3.350869888780420164e-03,-3.389678549710013322e-03
-1.067489906943955074e-03,-1.849192027520217161e-03,1.013819545744590583e-03,4.094407544532465554e-03,-2.191545155812886937e-03
6.122297302012404520e-04,-1.172575590715414871e-03,1.642080015116898373e-03,1.022220841730647973e-03,-2.103954996333382010e-03
1.609895048120117559e-03,-8.128736612310107903e-04,1.754747528407942913e-03,2.792728808501263515e-04,-2.831041796147164107e-03
3.013597234221137948e-03,4.408288312185440835e-05,1.426230049956891607e-03,-6.064206728378046616e-04,-3.877489494462071137e-03
3.217543713960927497e-03,7.621617112413547890e-04,1.958679549557485085e-03,-5.487676431887001348e-04,-5.389617331571052057e-03
3.299237027944696039e-03,1.216129035120387322e-03,2.184658100534760984e-03,-1.108867115354674089e-03,-5.591157048245171124e-03
4.793560184313223199e-03,1.425032629525083876e-03,2.678095032204233332e-03,-3.120762725717750232e-03,-5.775925120324788657e-03
4.344071732587896292e-03,2.661015925853443473e-03,3.241936056603819671e-03,-1.866099075182839307e-03,-8.380924639862313841e-03
5.629829042606992844e-03,2.648258341567062517e-03,2.632308442224888523e-03,-3.680601227422591968e-03,-7.229794598976357553e-03
5.444269507800262621e-03,2.014527074730285659e-03,1.510192751578926526e-03,-2.316781042052421836e-03,-6.652208292057056223e-03
5.639761259093829804e-03,6.023699410635405217e-04,8.705358096073502082e-04,-2.102761196986336397e-03,-5.009905812778377848e-03
5.042961338551392100e-03,-3.340961654236889421e-04,-1.656897186248489507e-04,-2.882436229819653698e-03,-1.660739224683208722e-03
3.563173165390861805e-03,1.382440894350468004e-03,-6.240082724286924584e-04,-3.057461168737492328e-03,-1.264144618575144914e-03
2.969140088276968955e-03,1.836808111264429414e-03,-1.811808389274128812e-03,-3.652200784743569149e-03,6.580609744763028443e-04
2.437112640127370774e-03,1.758955860602103667e-03,-1.354685180958988900e-03,-3.790653504313752815e-03,9.492701845432643471e-04
2.630907609979198265e-03,2.556277258570615902e-03,-1.839523993379093419e-03,-4.238086388676569512e-03,8.904255135058375967e-04
1.944167250822152661e-03,2.075548835647348603e-03,-2.773741519216050503e-03,-2.452369800274074255e-03,1.206395233020626312e-03
2.193291671744819916e-03,9.233883700349098615e-04,-1.675279967642742847e-03,-3.875155831090281149e-03,2.433755756953288798e-03
2.795015728728010747e-03,-2.477640247702981528e-04,-1.001760461823894208e-03,-5.295839557284407091e-03,3.750348315150585452e-03
1.907814418618564590e-03,-2.242101149927322110e-03,-5.015373870370352666e-04,-4.144653448716928076e-03,4.980477567062735825e-03
1.157332144044149287e-03,-4.365084297278579335e-03,-1.397100120065506877e-03,2.414440218349353257e-03,2.190412054950571959e-03
6.866008276609841202e-04,-7.214199952575850797e-03,-1.634513049931703068e-03,1.221429734638920014e-03,6.940682440207642141e-03
-4.342513106666710723e-04,-1.003865516625323737e-02,-1.207080232107623618e-03,6.341800934716842857e-03,5.338185774310665564e-03
-1.236080914279437610e-03,-1.160303067910614140e-02,8.380571942724027602e-04,6.082771686692836112e-03,5.918282712420346210e-03
-1.246053366816124788e-03,-1.228812333651325452e-02,2.791754575518218609e-03,4.481844132211592821e-03,6.260577995599538384e-03
-2.088564303048552617e-03,-1.240413530605115333e-02,4.944993037560646391e-03,5.092793254916823734e-03,4.454913316622200262e-03
-2.932837456841772949e-03,-1.283544879171315267e-02,5.606814407835192596e-03,5.109951035531859302e-03,5.051520805187885432e-03
-1.993361278013496257e-03,-1.301052156114862295e-02,5.234786171770910816e-03,5.405412500855958334e-03,4.363684166535280844e-03
-9.588632443896782107e-04,-1.246756509302935495e-02,4.971546647544466263e-03,4.740599927048744916e-03,3.714281762825856134e-03
-3.210613923183705336e-04,-1.255369894810315703e-02,4.021590053204231185e-03,5.465101317845476488e-03,3.388068969371815179e-03
4.437940056426917853e-04,-1.170007035763036621e-02,3.208794984909829097e-03,4.887749838468535314e-03,3.159731528609313264e-03
4.002536680886466247e-04,-1.056212348547603055e-02,2.098721615112797510e-03,4.887861593550837241e-03,3.175286608723747878e-03
1.064203224029313440e-03,-9.151910026400223233e-03,4.463044525581151838e-04,4.787377520437711802e-03,2.854024829375100859e-03
1.013219042443471579e-03,-7.483810035567894578e-03,-9.215017859416708198e-04,5.023272123801753204e-03,2.368820655264365551e-03
1.445368089263202125e-03,-5.928052836292398674e-03,-2.932016806340126576e-03,4.957858987028176088e-03,2.456842566341136194e-03
1.653713908838989541e-03,-3.854502918153267926e-03,-4.116621920060147856e-03,5.158974069187589884e-03,1.158436860186839393e-03
1.801132463728992265e-03,-3.086830650920701496e-03,-3.233954268012111458e-03,3.411597937911734109e-03,1.108054517292093085e-03
1.227937024494049276e-03,-1.769762880299777111e-03,-3.578574055032603639e-03,2.540964863743145306e-03,1.579435047095165134e-03
1.815554395620287004e-03,5.659147243028876759e-04,-2.603895466007767698e-03,-1.638999053316989691e-04,3.863262514162896298e-04
1.665651057671981537e-03,6.572187704674376744e-04,-1.647341510413381132e-03,1.971617194079187127e-04,-8.726900371339613464e-04
8.963442796128312431e-04,8.996680416647653399e-04,-8.699853812715743024e-04,-6.111108814849485057e-04,-3.149160585210780032e-04
1.051611122072774454e-03,1.386681386735232231e-03,7.397728892385006284e-04,-1.523336172441257588e-03,-1.654729225605248207e-03
1.717228623181771925e-03,2.277851725367903771e-03,2.714065294170672077e-03,-3.531755911503303095e-03,-3.177389731217057037e-03
3.237249522756800290e-03,9.983727228521834668e-04,3.925072450875365625e-03,2.767959692895750174e-04,-8.437490665773920984e-03
2.271293630492624439e-03,1.625434514236804651e-03,5.280172142813819441e-03,1.089592350597980890e-03,-1.026649263814123289e-02
2.029003505367229544e-03,2.866383650633256164e-03,6.363194767742460720e-03,-1.392417582954766668e-03,-9.866164340788205131e-03
7.214236740142833046e-04,3.781665779608309793e-03,5.600506065964443864e-03,-9.176929875851304091e-05,-1.001182622082849236e-02
2.239199725120597558e-03,3.537420639906630176e-03,5.103851491887426151e-03,-2.054013335647902850e-04,-1.067507052334986349e-02
1.270124631435740146e-03,2.179242216357487119e-03,4.998135178387386364e-03,-4.872890167218554163e-04,-7.960213009458755665e-03
1.116924993856919981e-03,2.309922306721840044e-03,3.377220822388544205e-03,1.570821007048583745e-03,-8.374889130015890359e-03
1.502247814271975759e-03,9.875067965479436809e-04,2.712635756868548003e-03,9.594655905434842881e-04,-6.161855958231938178e-03
2.895116000729442969e-04,5.277934159110274403e-04,1.898138526048148353e-03,1.603493752609655692e-03,-4.318937294641782450e-03
1.703235527361458314e-03,-7.465228287440384613e-04,2.465308514907592514e-03,-3.805194228304678572e-04,-3.041501790694543968e-03
-3.752503867427144459e-04,-5.252414035893234953e-04,3.161606356841674230e-03,5.162008678372114606e-04,-2.777315434346851707e-03
-1.097414847260117432e-03,-5.133994539929832845e-04,3.193675720251053229e-03,1.193992142858414825e-03,-2.776853561856357146e-03
-1.101208948698780997e-03,-1.915703750229826334e-03,2.789172628477913727e-03,2.710106911342753319e-03,-2.482366840892057547e-03
2.157255518590641620e-05,-1.405140623733444919e-03,3.461397951700351944e-03,1.529618300232814037e-04,-2.230791713176091731e-03
-7.242594135356906007e-04,-7.265690783827917281e-04,2.552580572932834028e-03,1.643694495365774022e-03,-2.745446576380130600e-03
-2.098365204117389263e-03,-7.179899706990458151e-04,4.323595379607943559e-03,1.225915018305464947e-03,-2.733155223096975055e-03
-1.795767934766736651e-03,-1.133848575740659809e-03,3.712662261064560848e-03,1.483370095800838531e-03,-2.266415846358007906e-03
-1.125392959918561321e-03,-1.880048906111490359e-03,1.823826240229943323e-03,2.883251474434419138e-03,-1.701635848634306227e-03
8.375125476219953853e-04,-1.839201837562578264e-03,1.794839327760154634e-03,2.049777312911402541e-03,-2.842927350730971477e-03
6.270319295715859461e-04,-1.929741486946237030e-03,8.847139182105042375e-04,2.762244886596966487e-03,-2.344249247432823001e-03
-4.714957140734115639e-04,-2.055951300279647807e-03,7.979273346558682627e-04,4.362002279113976963e-03,-2.632482599416779891e-03
-9.372888802310324740e-04,-2.655065915568170613e-03,8.406322131015745922e-04,3.822977408806976091e-03,-1.071254826109352366e-03
1.250207767996691557e-03,-1.702844656613632622e-03,8.356818143640777023e-04,1.361490992890200319e-03,-1.744535918637326330e-03
3.055404487709508475e-03,-1.012607223388771894e-03,1.791853904209092735e-03,-1.230337784835912806e-03,-2.604313383693916510e-03
3.258264286135173146e-03,-1.451390536941416290e-04,1.555529477081066866e-03,-4.768612401199753088e-04,-4.191793469402130962e-03
3.545275242581703498e-03,6.621764888838487656e-04,1.942926968991123436e-03,-8.006429171907439909e-04,-5.349735783265936045e-03
4.382891267390631208e-03,4.587680976444791139e-04,2.949980534625015749e-03,-2.522325724540933935e-03,-5.269314175119188884e-03
5.041272640921921726e-03,6.699496262390780424e-04,2.975547122026388821e-03,-3.690573714411228470e-03,-4.996195674776153506e-03
5.775674697199164459e-03,1.961052841771955546e-03,3.657251484502972716e-03,-3.232700229672848691e-03,-8.161278793801263545e-03
6.036761814992030323e-03,1.814350707526853025e-03,2.379791171360548605e-03,-1.674141502592809468e-03,-8.556762191286634844e-03
6.438281147933714449e-03,9.807768778551267420e-04,1.490577826368310894e-03,-8.477262283991844746e-04,-8.061909623757964466e-03
4.937281671406399189e-03,7.106756023839039615e-07,1.524371144751378478e-03,-6.479192175219791088e-04,-5.814444274238167974e-03
3.860783510211581327e-03,2.289439159414854898e-03,8.767028091312096616e-04,-4.863646846236371023e-03,-2.163278632521272154e-03
4.168217206947570294e-03,2.342127442212979180e-03,-3.409025364321415690e-04,-4.964702811250889039e-03,-1.204739301477508566e-03
3.291514082948785586e-03,1.997433370494856430e-03,-1.541974322227834034e-03,-4.454064309436399881e-03,7.070911782205989470e-04
3.028042515444577098e-03,2.104897604466156487e-03,-2.800328312244935568e-03,-3.382541724300358599e-03,1.049929916634560799e-03
2.764178638100102219e-03,3.080146289247094344e-03,-2.712752176568972249e-03,-3.530334949930469778e-03,3.987621991522540834e-04
2.473000610856958270e-03,2.419713084007410388e-03,-2.800330632097509497e-03,-3.340690565109100032e-03,1.248307502342236967e-03
1.762307792539896840e-03,9.339494496471968622e-04,-2.079044104842601125e-03,-2.913618856115626071e-03,2.296405718771130349e-03
2.426234920236435433e-03,-7.066917979255003725e-04,-1.844180563826616423e-03,-4.220534057241406671e-03,4.345171498757078275e-03
2.306426673409497311e-03,-1.667378674563419622e-03,-6.838062073793093817e-04,-4.366174080764147550e-03,4.410932289297379676e-03
1.547205869525939163e-03,-3.345841672016719621e-03,-1.523845689271123918e-03,-1.307885938400685883e-03,4.630367430162599801e-03
-2.349588961969772342e-05,-5.491835354929283479e-03,-2.507909805302974051e-03,2.533642854545056691e-03,5.489598195306913050e-03
-5.560188024932106923e-04,-9.052088377261366045e-03,-1.487818425046992955e-03,3.987495512666983273e-03,7.108430092134611356e-03
-9.893895668925379271e-04,-1.185798992134825744e-02,7.980683681931855520e-04,5.526537260265547598e-03,6.522773859782047580e-03
-1.670181967708761397e-03,-1.236369928756160183e-02,3.256445841318579646e-03,5.198239820348796170e-03,5.579195593603022106e-03
-1.852926071516243630e-03,-1.305944349863311094e-02,4.780569859270288741e-03,5.954986379089336097e-03,4.176813331789724741e-03
-2.258289818660802473e-03,-1.322298941644520741e-02,5.453818212086985161e-03,5.441386300442261660e-03,4.586074722576775203e-03
-1.613084562626344908e-03,-1.341093357540762421e-02,5.263441033330644447e-03,5.501440538064145125e-03,4.259136566639153305e-03
-1.128558108520191956e-03,-1.345599314736583077e-02,4.648217209136477727e-03,5.174985213391923057e-03,4.761348833357652299e-03
-4.198474435042375062e-04,-1.312763597916417890e-02,4.442273885139556323e-03,4.978533603857571849e-03,4.126675933671287641e-03
-4.077903668108510049e-04,-1.217197397385745387e-02,3.471082189279718101e-03,5.104651316693562847e-03,4.004030834695044422e-03
-5.693692159454156456e-04,-1.084463300442365351e-02,2.663332703929384860e-03,5.770059455749992558e-03,2.980610060689709625e-03
9.109856134683916523e-04,-1.009510196251799975e-02,6.351143226477423904e-04,4.986244069987232942e-03,3.562757956414638189e-03
1.506440362269535716e-03,-7.516125558206417090e-03,-1.514770927460366238e-03,4.574352151616833950e-03,2.950103971780413444e-03
2.111616598433932804e-03,-4.962648219520853811e-03,-3.509043922904393851e-03,5.146117195362284909e-03,1.213958348629036454e-03
2.012646243417818333e-03,-3.697057180580785689e-03,-4.469858327451948533e-03,5.038212968836155645e-03,1.116056295778768484e-03
1.529135936977517752e-03,-3.327578019182526534e-03,-3.730215459208200812e-03,4.367182345345796066e-03,1.161475196067412660e-03
1.316298231337250822e-03,-3.331678362973740284e-03,-3.815419581911242298e-03,3.709281658768736212e-03,2.121518054778981019e-03
1.562288698046151265e-03,-1.532085448161367262e-03,-2.691733397261220420e-03,5.734748484545930738e-04,2.088055298921848765e-03
1.064746527721031032e-03,1.220538995154299856e-03,-1.343198401774823572e-03,-9.921950046913076415e-04,5.010788359079973642e-05
6.802772242348620888e-04,1.255513349097437141e-03,-1.485119190028595529e-03,-6.086041999529948787e-05,-3.898109633084035144e-04
1.834261233519662816e-03,2.301755236618885023e-03,1.052537694545307425e-03,-3.491635620091790293e-03,-1.696918544592062586e-03
2.289545388866384874e-03,2.938717895920894309e-03,2.794127206825879756e-03,-4.422877025242104819e-03,-3.599513466371061926e-03
2.740076174103385932e-03,4.046856821731247868e-03,3.963282260128981119e-03,-3.204445573826849095e-03,-7.545769682136761920e-03
2.476189988160624675e-03,4.037180487076401370e-03,5.035885988719044498e-03,-1.039104956925398842e-03,-1.051015150703069577e-02
3.127767427888422224e-03,1.644249317830046324e-03,6.425286565264689762e-03,-1.351472986846653053e-03,-9.845830324136495282e-03
1.800798147516692810e-03,2.734524428973004150e-03,5.555550098184041004e-03,-5.749914112238787992e-04,-9.515881263449875102e-03
1.070021577558495163e-03,3.243669198079827953e-03,5.098844780139903145e-03,2.201949361295838436e-04,-9.632730491907824308e-03
1.719728833224201670e-03,2.936934752354441319e-03,4.918104162240212983e-03,-1.178237970369341468e-03,-8.396529777449496940e-03
1.495672628717434208e-03,2.816075904654219506e-03,3.268635356848948598e-03,5.506466178531296742e-04,-8.131030508073726348e-03
1.268028893684239929e-03,1.434922952760114660e-03,2.238783789089054347e-03,1.558944484674916128e-03,-6.500680120208318993e-03
1.911362997465351418e-03,7.846987672385885397e-04,1.771706267833966005e-03,3.549288574823152020e-04,-4.822696890020224635e-03
1.357152341354751031e-03,-5.824352671703666301e-04,2.038520089106295955e-03,2.656312525654840485e-04,-3.078868415856157031e-03
-1.237503112608167352e-04,-4.864858839667142139e-04,2.634065312999826249e-03,7.537950023263153849e-04,-2.777624120098607947e-03
-9.463788189309264333e-04,-6.633597461220228650e-04,2.682783615563765541e-03,1.618959058770352627e-03,-2.692004109281168761e-03
-1.006342379163318495e-03,-2.308623556722491556e-03,2.534615558246893635e-03,2.902643559507095926e-03,-2.122293181868175390e-03
-3.706853898985105512e-04,-1.795025663579934714e-03,3.528142369271261743e-03,1.864229619593432891e-04,-1.548854277752163182e-03
-6.925380270152395757e-04,-1.048724289773023078e-03,2.295092212650686869e-03,1.912829502176118619e-03,-2.466659398038538280e-03
-1.922679777678342784e-03,-7.286858939904120470e-04,4.182044331268392270e-03,1.345539854968907283e-03,-2.876218514568539952e-03
-1.959251588924950001e-03,-1.444288869934781498e-03,3.544485028435990972e-03,2.054318160085246998e-03,-2.195262729661501266e-03
-1.226336551197664080e-03,-1.799920615080617724e-03,1.874568818822406431e-03,3.159851909646398116e-03,-2.008163562190516671e-03
1.178791132266860655e-03,-1.742612493717823939e-03,1.689188802136608759e-03,1.765257108870645899e-03,-2.890624549556302866e-03
-3.528298531844382795e-04,-2.685750310485734114e-03,4.528838211741835636e-04,4.627216518425456178e-03,-2.041520175929468269e-03
-1.187782018609747877e-04,-3.809827509243720982e-03,8.542224281358413085e-04,4.902148187182207503e-03,-1.827764904213340872e-03
-6.264477216045652463e-05,-3.161513492996601352e-03,1.355379503473956625e-03,2.587660869261145143e-03,-7.188821075780481469e-04
1.457474569032361647e-03,-1.776944922385991941e-03,1.049174475811824343e-03,1.299493172330157828e-03,-2.029197294788348625e-03
3.573755486068094268e-03,-1.380684839296119010e-03,1.714650199731887785e-03,-1.237789477356314189e-03,-2.669931369147549288e-03
3.869158950196916521e-03,-1.354448984724901188e-04,1.486927357782953088e-03,-8.072791504117024551e-04,-4.413362259095680341e-03
4.179553378683142049e-03,4.430454895922774565e-04,1.710875326380891220e-03,-1.249319905394445217e-03,-5.084154289261867514e-03
5.285680370269838294e-03,1.797444226886099356e-04,2.772692483502505172e-03,-3.781845289400279607e-03,-4.456271987060640184e-03
5.746782209721077936e-03,1.669915546151470897e-04,2.716895585805091488e-03,-3.929876951795362693e-03,-4.700792398345961763e-03
6.530248165072134563e-03,2.664387622733293908e-04,2.876679142303380059e-03,-2.516710257798185704e-03,-7.156655811850654893e-03
6.432986469031669319e-03,1.565486331124024420e-05,2.292088183945751277e-03,-8.957332199535844369e-04,-7.844996296335093530e-03
6.279286412737839808e-03,1.851625449425120572e-03,1.534316337758913048e-03,-1.031211123742452026e-03,-8.634017076179424655e-03
5.765777332694341402e-03,3.008789994614868325e-03,1.206070693321300603e-03,-4.582940819755924357e-03,-5.397697200874578168e-03
3.229642088460006263e-03,2.434953047890589615e-03,7.870453115086013546e-04,-4.592318363009074804e-03,-1.859322084850119176e-03
3.550268841687822825e-03,3.324956067672787952e-03,-8.742777650771808536e-05,-5.017920944785991995e-03,-1.769876188066897647e-03
3.146879352482257353e-03,2.584999718869013079e-03,-8.829906048643215537e-04,-4.940891150079214887e-03,9.200268359226108927e-05
2.463067160362385905e-03,2.483676162700526862e-03,-2.147008834629609945e-03,-2.971535369829153821e-03,1.718008813958548221e-04
1.629253287742899597e-03,2.823818277678207759e-03,-2.312530977849404454e-03,-3.064712365282710148e-03,9.241717777110175459e-04
2.311560353737773712e-03,1.957326039187630255e-03,-1.629033486661489102e-03,-4.676991639761681266e-03,2.037138733497777243e-03
1.625148004813774033e-03,1.837621998454825982e-03,-2.809656348968210451e-03,-3.257919774791455999e-03,2.604806120491057978e-03
2.741508730991226890e-03,8.932044265288638591e-04,-2.377757198789742354e-03,-4.606462730059732689e-03,3.349506771329368356e-03
2.151118332898014750e-03,1.858799514677196487e-04,-4.731524863193578437e-04,-5.072242222867490331e-03,3.208396424821118899e-03
4.982979202528835293e-04,-1.599880556461701726e-03,-2.057620764949017779e-03,4.736496490390027501e-04,2.685553752118831003e-03
-7.626572283510932965e-05,-3.568958147459708186e-03,-2.468851961719785611e-03,2.488435586976946428e-03,3.625640245037655817e-03
-1.520348542710304356e-04,-8.430041845800616274e-03,-1.509317107364784851e-03,3.299381601020499964e-03,6.792012206415963364e-03
-1.165430327030898740e-03,-1.278628977780917921e-02,9.750077611811256827e-04,5.247875812369901319e-03,7.728836531289058100e-03
-1.354344057930073446e-03,-1.381719624301397560e-02,2.984846651509688847e-03,5.673143155946587524e-03,6.513550493487759233e-03
-1.130579886660514153e-03,-1.396973410698236495e-02,3.982324637358114830e-03,5.936120574569036037e-03,5.181868781715716528e-03
-1.399714385068059940e-03,-1.320027380815834601e-02,4.978076515726664181e-03,5.613630279127714527e-03,4.008281398372046979e-03
-7.744837956936016831e-04,-1.318452488888324087e-02,4.782323677930671452e-03,4.723922118148242248e-03,4.452762888497937416e-03
-6.356262407412000080e-04,-1.353078824745898058e-02,4.392194207739623553e-03,4.507489440496995591e-03,5.266730839963582912e-03
1.976410473750886616e-04,-1.364212408677981624e-02,3.852180371932673649e-03,4.388771570930078900e-03,5.203531096541950604e-03
1.777516441433529414e-04,-1.384726666695228377e-02,2.825453612305310527e-03,4.904839984099329184e-03,5.939221426404287484e-03
-1.570520291652052172e-04,-1.231930180024748585e-02,1.476963133205391352e-03,5.797650427179544021e-03,5.201740269027737423e-03
1.291449818402647587e-03,-1.036743785562647610e-02,5.606484183968288640e-04,4.441175656799626302e-03,4.074163962027351447e-03
1.290705857406279069e-03,-7.054699760597574719e-03,-1.068035051828401328e-03,4.842237911159781409e-03,1.989791043859901690e-03
1.697817396568643928e-03,-5.517503707878083398e-03,-2.929183193678052029e-03,5.846578935400835626e-03,9.022905695866682320e-04
1.513495162170962974e-03,-4.082531973818439436e-03,-3.344274339844061691e-03,5.417641415544505006e-03,4.956697359470329297e-04
1.726201199975157868e-03,-2.978046846328775542e-03,-3.833285059485219345e-03,4.794506287470187873e-03,2.906244183686567902e-04
1.642090989950833026e-03,-2.107910330919600048e-03,-3.834895808691906032e-03,3.069394471012270881e-03,1.231320678648403907e-03
1.813771892254511641e-03,-1.384154673908775859e-03,-2.927814222174347433e-03,1.382354561472576250e-03,1.115842442356032582e-03
1.200518671018647142e-03,6.704119821128115293e-04,-1.073170830661273516e-03,2.005314001157970703e-04,-9.982912225859768857e-04
3.001645304373629325e-04,1.834141904824420754e-03,-1.333108766993932942e-03,9.484580200123089808e-04,-1.749655688280156961e-03
1.622635970597390313e-03,2.136646799802541762e-03,1.851721332838745246e-03,-4.114513981293131152e-03,-1.496490121945551373e-03
2.037491801792065248e-03,3.224907130957684748e-03,2.242271959597564712e-03,-4.297001858059636310e-03,-3.207669034287665821e-03
2.490514996800703273e-03,3.381492938262750311e-03,4.204043145082145272e-03,-3.213719121553223947e-03,-6.862331958592367102e-03
1.712375097239730512e-03,4.545201096654712461e-03,5.442242700934176933e-03,-2.069795256763571050e-03,-9.630023638065025871e-03
2.932745146409520415e-03,2.485173014181695991e-03,6.420276960775780917e-03,-1.981932724312589125e-03,-9.856262397054418173e-03
1.779731509608008678e-03,5.717219305568518135e-04,5.798843739428414905e-03,1.474209955464737256e-03,-9.624507135058052443e-03
1.343418557375204670e-03,2.455890655390020102e-03,4.965685603042406873e-03,8.309304129788989230e-04,-9.595925228786553879e-03
2.035423435948049541e-03,3.400719072981156239e-03,5.278760380587626914e-03,-2.873564960145690277e-03,-7.841337929371128973e-03
7.197603861273606154e-04,2.872870567232949004e-03,4.221893415946407525e-03,1.373265736230869433e-04,-7.951850942929793165e-03
2.131725060639265857e-03,1.196866126504630978e-03,1.839709433638868439e-03,1.478487136971135939e-03,-6.646787757753897311e-03
2.244094700587188386e-03,4.506718612300725365e-04,1.451501351572819908e-03,5.201654075283611593e-04,-4.666433320918427462e-03
2.301222325775676304e-03,-8.785905701340763997e-04,1.789342982661440472e-03,-6.725623366502758824e-05,-3.144718504638020079e-03
1.968000143453330943e-03,-5.153283131980771837e-04,2.400807831495880857e-03,-1.012223743924580820e-03,-2.841255917826556940e-03
8.814940795735255036e-05,-1.334662076440289342e-03,2.033035673944365469e-03,1.967868299631110509e-03,-2.754391305092543808e-03
-1.022698663944294128e-03,-2.569978100459566553e-03,1.770839065029765824e-03,3.513947642244105024e-03,-1.692109942870011034e-03
-5.794513714213160317e-05,-2.433043216376269084e-03,3.243435152556020142e-03,1.680881447793861462e-04,-9.205349438169927465e-04
-4.583338827366545561e-04,-1.344621043566153994e-03,2.060222341318216754e-03,1.887426722440435590e-03,-2.144694137455837018e-03
-1.323232140411318130e-03,-9.272102093160464100e-04,3.840192575554381583e-03,1.044219354442594075e-03,-2.633969580269604829e-03
-1.610134486985603580e-03,-1.443315656363925153e-03,3.085714890116602639e-03,2.158152721198606031e-03,-2.190417467965684057e-03
-1.113121556214877010e-03,-1.868405646367585389e-03,1.770251006239465788e-03,3.476684276560169148e-03,-2.265408080217167983e-03
7.590510923622472523e-04,-2.442849803323529200e-03,1.466462565080473056e-03,2.691128372753314856e-03,-2.473792226872508458e-03
-9.379048896475526318e-05,-3.879801803621672675e-03,8.922931077629968257e-05,5.436886134844133404e-03,-1.552523153034012426e-03
-3.931546452969293323e-04,-3.567597440055628698e-03,6.144868431966936991e-04,4.631074755014065805e-03,-1.284809512858202125e-03
-1.487736897976949771e-04,-3.825925896888055996e-03,7.980120604911474262e-04,3.693548365558785122e-03,-5.168608393641885681e-04
2.563227746547102736e-03,-1.949232608957527594e-03,9.258199769456118989e-04,1.175940594853956342e-03,-2.715755709389151406e-03
4.505812031483999967e-03,-1.513364132883623708e-03,1.491656596394662880e-03,-1.488139120079028403e-03,-2.995965374916025048e-03
4.335604710488060592e-03,-4.956430835520949686e-04,1.010979372821585627e-03,-1.020169296536201651e-03,-3.830771703221360226e-03
4.495019141586062590e-03,-4.581175620161805745e-04,1.379199733247388595e-03,-1.031028893059327033e-03,-4.385072419757939620e-03
6.030801461445712067e-03,-8.772971210287525308e-04,2.561127658804836053e-03,-3.970500468260282183e-03,-3.744131530961527718e-03
6.942632242903834863e-03,-1.236135245191175220e-04,2.281946720222343978e-03,-2.999428169931554235e-03,-6.101537268675482663e-03
6.854551631354476905e-03,1.544220474047388052e-04,2.802228516447549146e-03,-2.580361645072471333e-03,-7.230840550134293686e-03
5.810451734159327412e-03,1.105147011823718554e-03,2.091989773501638870e-03,-1.520798732473804555e-03,-7.486789787010876378e-03
4.723392091113443915e-03,4.005599096093047026e-03,1.102786022273887726e-03,-2.078076130317876597e-03,-7.753701079162495131e-03
4.007982270376380350e-03,3.023221002109886899e-03,6.683312595857393871e-04,-2.867463577636995310e-03,-4.832070954435028348e-03
2.576217403426971086e-03,3.034185359572738345e-03,1.968313236657207575e-04,-3.839009121103058569e-03,-1.968224965562385444e-03
1.796958867808186398e-03,4.215244901164198754e-03,-5.739060566356458297e-04,-2.808548808043139031e-03,-2.629748904293598231e-03
2.188586337028679881e-03,3.402756849948019788e-03,-1.765750712180464300e-03,-2.183803799630340894e-03,-1.641788675165888403e-03
3.184874995204216210e-03,3.239452212436649305e-03,-2.382606748176110695e-03,-3.868312543449176338e-03,-1.734079160155737112e-04
-4.655304138452684757e-05,4.029533315168940498e-03,-2.992279137668842938e-03,-7.047955033508609144e-04,-2.859056327647122443e-04
1.592204427400992044e-03,2.799397492404618291e-03,-1.394068753798259315e-03,-4.400411020441503430e-03,1.402877854434159133e-03
1.356729974928689089e-03,2.145919952021213637e-03,-2.075450200450367193e-03,-3.730118661057544791e-03,2.302918934558017498e-03
9.007233490171601999e-04,2.494608929702970147e-03,-2.556412281441882480e-03,-2.697750123129722191e-03,1.858830125851461098e-03
4.872064546259776080e-04,1.707278850280754450e-03,-1.186991514161598801e-03,-3.121061806020683851e-03,2.113568015275552221e-03
-1.060030554522583884e-03,4.319573140750563385e-04,-1.879594878040907616e-03,5.252431103047069906e-04,1.982425008183731803e-03
-7.544867252358583055e-04,-1.994812795107245556e-03,-1.558300624569449420e-03,2.116836445994726371e-03,2.190763698917817803e-03
-1.006923142796024200e-03,-6.495509884438705438e-03,-4.588479437931990493e-04,2.799631306367816441e-03,5.161649664660136749e-03
-1.218695240932753023e-03,-1.224236821907937270e-02,1.623281804933309749e-03,4.768011730181265229e-03,7.069769924897531012e-03
-8.163650115991688853e-04,-1.474320230684745929e-02,2.863824041857923001e-03,5.795079574280404336e-03,6.900663702308331739e-03
-8.929528147041926973e-04,-1.469437899401452967e-02,3.927757420676326709e-03,5.186776273744874571e-03,6.472798114297529867e-03
-1.104962201925183086e-03,-1.379820264202906432e-02,4.664981610306782878e-03,5.225375045860159405e-03,5.012808187787287997e-03
-8.583154828031629114e-04,-1.377203197803482555e-02,4.570778221291377751e-03,5.100808220944978537e-03,4.958761018601624479e-03
-8.296498940536318123e-04,-1.396646643284326673e-02,4.564963160834744835e-03,4.975838627532575172e-03,5.255314538529577348e-03
-3.494570453976449245e-05,-1.406143471656950278e-02,3.765208489333145975e-03,4.735157322620369043e-03,5.596014609155742191e-03
-1.214847513998922355e-04,-1.381322823703595194e-02,3.152257116114825109e-03,4.956016137514902831e-03,5.826439734806103214e-03
-4.633316204755703232e-04,-1.272174044731379412e-02,1.889739254775471425e-03,5.679382916578842519e-03,5.615949896435039335e-03
1.201525686463642738e-04,-9.219525574299121395e-03,8.728952344765157287e-04,5.632718539603234591e-03,2.593759231573003129e-03
4.490185836928388841e-04,-4.909852420458803331e-03,-2.792476945802060051e-04,5.162664527303035406e-03,-4.225829959568706460e-04
7.854034318164035454e-04,-3.553677054668218614e-03,-2.004403549860412064e-03,5.731207535176870149e-03,-9.585303624646540751e-04
9.326271316204738518e-04,-2.389500231765191805e-03,-2.505599981757988121e-03,4.980003352566988832e-03,-1.017530270664288071e-03
1.381267058828262399e-03,-1.743980094366163114e-03,-3.139428320812071016e-03,3.348378104988564228e-03,1.537632513614126258e-04
1.853146065366898920e-03,-1.507915702020021839e-03,-3.334780710995857538e-03,1.809796968892111524e-03,1.179753378756873269e-03
1.493657568176354504e-03,1.333727146138310358e-06,-2.866100000111538714e-03,1.684680789166221769e-03,-3.135720843771792063e-04
1.161443176721952894e-03,1.721810060998391935e-03,-1.539809590765416243e-03,1.594655475919717642e-03,-2.938099122874644059e-03
3.584027453672564297e-04,2.714534303259407821e-03,5.883496185154116860e-04,-1.594116071469178471e-03,-2.067170595672896544e-03
1.130542728593524060e-03,2.462158259739360977e-03,1.451299295958182519e-03,-3.383066799762465566e-03,-1.660933484528606327e-03
1.505560807250722402e-03,3.136256997239120301e-03,2.199254124464034010e-03,-3.889466124719942984e-03,-2.951605804233931995e-03
2.405033279456439757e-03,3.540273185028741925e-03,3.833311034645004584e-03,-1.788824395239558152e-03,-7.989793103890637654e-03
2.832497098165112116e-03,4.045736916094164366e-03,4.886530418138235014e-03,-3.624879122516567326e-03,-8.139885309880939834e-03
2.880444829007028189e-03,4.677835131392544393e-03,5.775564406147564757e-03,-4.244646894863374730e-03,-9.089197471683775620e-03
1.367815314817301007e-03,-2.391582492272664045e-04,6.075369733575457926e-03,8.903602614736150916e-04,-8.094387060639101142e-03
2.585859149533962717e-03,6.698552830022038275e-04,4.644536438586780065e-03,1.303601054933163639e-03,-9.203851926056100599e-03
2.294010919968810739e-03,2.731074386431755954e-03,4.841486504877806109e-03,-1.669724509028770992e-03,-8.196847302249614386e-03
2.064771873903376281e-03,2.490649317179294275e-03,5.208806697819316073e-03,-1.661585347919914595e-03,-8.102642540982083960e-03
1.712517844532965468e-03,1.780374729852938652e-03,1.861194527528201937e-03,1.529718199875184335e-03,-6.883805301789292126e-03
2.781527391549286701e-03,2.131180457021368600e-04,1.161697169026036170e-03,6.177730443849570362e-04,-4.774115650662423029e-03
2.877301484545873554e-03,-1.143848842321868982e-03,1.234952402173014607e-03,2.765783060394108074e-04,-3.244983350436437142e-03
2.297700647901462691e-03,-1.075192835311657505e-03,1.994679283288696824e-03,-2.417746929736365013e-04,-2.975412402904855941e-03
5.601039642809281646e-04,-1.219078949800946185e-03,1.524477371429336283e-03,1.903057817129016676e-03,-2.768560203038329410e-03
-2.213865903829938871e-04,-2.666759012360624993e-03,1.425241738559153339e-03,2.262789699197592912e-03,-7.998858350131238205e-04
3.264397117132408961e-04,-3.924487716373331256e-03,2.906238061249890366e-03,2.532107196445716594e-04,4.385992237656187931e-04
-3.565075944676753016e-05,-1.762139084032754953e-03,1.940574375462244443e-03,1.782181316650355762e-03,-1.924965848633083346e-03
-7.005591948216866819e-04,-1.154824929225289421e-03,2.958831355133100319e-03,1.384876638693244722e-03,-2.488323869779371107e-03
-1.090256510232776119e-03,-1.664931669789856093e-03,2.199425764144894140e-03,2.785268527216768104e-03,-2.229506111339023527e-03
-8.095404776681803779e-04,-2.258073039582281661e-03,1.757844119473218588e-03,2.838106235409336951e-03,-1.528336837632088621e-03
2.236515306900482521e-04,-2.031767265334937476e-03,1.013931016865222794e-03,3.029398428320400835e-03,-2.235213710540737142e-03
-7.055661125998432680e-05,-3.762779299469547201e-03,-1.450037563375874701e-04,5.272121103165963024e-03,-1.293781436098847713e-03
-3.732781121355593419e-05,-3.760832292740034881e-03,2.922211223781660924e-04,3.674034586422028192e-03,-1.680956048465971197e-04
5.656157702945500401e-04,-3.404274033327836686e-03,3.453205084854483889e-04,2.757450130951845119e-03,-2.641123764040124999e-04
3.093810246119077165e-03,-9.850287275072083272e-04,4.853793985629630448e-04,5.142705451764704224e-04,-3.108431462351295312e-03
5.067310025150031580e-03,-1.065083440992493045e-03,9.847320500202768646e-04,-1.698801524596643469e-03,-3.288157109581176050e-03
5.561314353425141077e-03,-1.691228038318411944e-03,4.469021588232655181e-04,-8.434526021136025354e-04,-3.473535871816389731e-03
5.279451494540315926e-03,-1.449099167630782652e-03,1.641850347134455549e-03,-2.150869670605995779e-03,-3.321333003438002151e-03
5.978840524616027725e-03,-1.149327400174233928e-03,2.200876034296318437e-03,-3.859582511745663497e-03,-3.170806646992452207e-03
6.599749198008063311e-03,-5.521330135771786683e-04,1.857461846158667577e-03,-1.769684244157737315e-03,-6.135393786431816640e-03
6.490121765297255860e-03,-1.131783623212078002e-03,2.450545997575290322e-03,-8.261620472448363752e-04,-6.982722092415623132e-03
5.544446619835475230e-03,2.199224640107136190e-03,1.604963620926084470e-03,-1.492451565966411431e-03,-7.856183314902297904e-03
5.544203702838360580e-03,3.488217956351634223e-03,9.345476423694779045e-04,-2.904158012076149108e-03,-7.062811289483312757e-03
3.659621095903430651e-03,2.943267400715688341e-03,6.769451368619108875e-04,-2.800145348571755639e-03,-4.479688284909286167e-03
1.372773825872204484e-03,4.087470705780429057e-03,-7.206760552507285897e-05,-2.732649814720005191e-03,-2.655527111407571077e-03
1.766031422293977719e-03,5.202906365237521848e-03,-1.717584534979329364e-04,-3.073607687463357410e-03,-3.723571646570199029e-03
2.297740462468046869e-03,4.705657457212540640e-03,-5.019091914920398171e-04,-4.180565796689184911e-03,-2.320922931499355517e-03
1.642402777170105018e-03,4.461988141627646308e-03,-2.362380984586080930e-03,-2.452430907820187748e-03,-1.289579026391479829e-03
-8.032176946381686046e-05,5.102891591257095391e-03,-2.588470741496386694e-03,-8.079389804954191382e-04,-1.626160099801476520e-03
-7.750975375526737970e-04,4.879886576860044053e-03,-3.051646021212630049e-03,-4.118198217433969156e-04,-6.413231963513474658e-04
1.703779248594404711e-03,4.571980709356214187e-03,-5.691891401838126930e-04,-5.856779107405992411e-03,1.502082896391933623e-04
3.041508343265895259e-04,4.993763714946776282e-03,-1.199864196388475282e-03,-3.176127806337203548e-03,-9.219225465476826951e-04
-1.563598236349672283e-03,4.822580727112648659e-03,-1.243990064240171932e-03,-6.919172341372340244e-04,-1.323075192385570961e-03
-2.790093167154390590e-03,2.465322933150539738e-03,-8.553639880337313985e-05,1.294867658534315296e-03,-8.845610257270922943e-04
-1.796801011029421080e-03,-1.583120622322481017e-03,-2.542658500723527794e-04,2.702063634440649096e-03,9.321238489836012817e-04
-1.943380795240453977e-03,-4.161097507052275053e-03,1.098148705259277942e-04,2.795754038600124086e-03,3.198909393166686488e-03
-6.136452069141594282e-04,-8.235954879153697950e-03,1.481740443045263941e-03,1.770977125403696076e-03,5.596882517618892265e-03
-7.885263256233984762e-04,-1.260136929316643152e-02,2.654865651449059803e-03,5.784669417030689591e-03,4.950360550310080494e-03
-8.587917249300267312e-04,-1.294280813700231757e-02,4.244822592305451739e-03,4.921664627790000614e-03,4.635112641836840880e-03
-1.114409452211815752e-03,-1.286100579257740302e-02,4.565888588694945807e-03,5.127955877451488217e-03,4.281570778642788434e-03
-7.775262850016509235e-04,-1.305263619264691519e-02,4.284286702282504716e-03,5.084535700381502196e-03,4.461340074984533610e-03
-9.280496406187839498e-04,-1.265324837064100635e-02,4.427347077069308280e-03,5.101055470828016504e-03,4.052895463362477663e-03
-7.402137238194727653e-04,-1.247713667680490010e-02,3.902958174640592560e-03,4.868776086610922434e-03,4.445616139372832176e-03
-6.055440354984697928e-04,-1.184515511522435047e-02,3.390803240187628426e-03,4.738342820628857824e-03,4.321553089906358079e-03
-1.114003737935178370e-03,-1.022842736353481337e-02,2.750666535364749195e-03,5.537225505439018550e-03,3.054539060666226161e-03
-3.341730757365013807e-04,-7.254266867879742564e-03,1.352995470439118499e-03,5.484605473649181544e-03,7.508389995279521421e-04
2.882400908187378297e-04,-3.594820349863729440e-03,1.883182300707957296e-04,5.058076713331927272e-03,-1.939814684357726512e-03
6.541495642910059860e-04,-1.613521842340508898e-03,-1.759521955925342357e-03,5.663809707289610244e-03,-2.944915473314771263e-03
-1.570866428258559338e-04,-6.777071585081066458e-04,-1.890474284162265827e-03,6.326646002666315091e-03,-3.601377917170093135e-03
-1.508491387299563610e-04,-4.772805183001519401e-04,-2.160696288516903221e-03,3.859223219438934638e-03,-1.070397273891931112e-03
1.988291074763622480e-03,-5.624679909337111519e-04,-2.582847305715497283e-03,7.048566056603235586e-04,4.521676162252601192e-04
1.475937804690704343e-03,5.471211364029499383e-04,-2.336432150684388843e-03,9.283584243418430268e-04,-6.149852147511065134e-04
1.024565161799469073e-03,1.753927813073866875e-03,-1.785726140702182177e-03,1.878496841111524729e-03,-2.871263675282680668e-03
1.058495518002817081e-03,3.818369702433851813e-03,2.596419403946704087e-04,-2.241718206413526211e-03,-2.894788954417820519e-03
1.077451854894977828e-03,3.023694491672394586e-03,1.217009432742879307e-03,-2.918213824196839480e-03,-2.399941955113411157e-03
1.491586996248256674e-03,3.714621176382655859e-03,3.027902705224235630e-03,-4.613888329169429578e-03,-3.620222548685720753e-03
1.569523360937548915e-03,3.847576569455843712e-03,4.004238056625026958e-03,-2.791855456996061857e-03,-6.629482530022358377e-03
2.507533667501330842e-03,4.330387500665650209e-03,4.417764747999816839e-03,-2.860942666680319022e-03,-8.394743249486467593e-03
2.201915933747895446e-03,4.342394161286764614e-03,5.329427511407444466e-03,-2.437354552194825105e-03,-9.436383054247283325e-03
1.678857348394326371e-03,1.940313023225525820e-03,6.122010201285390911e-03,-3.038944781157637727e-03,-6.702235791747613615e-03
2.740780781062821143e-03,-5.283946469041704867e-04,4.372318587891411805e-03,1.359804261201495376e-03,-7.944508983251566403e-03
2.312857127857895472e-03,2.370792795564410395e-03,4.259900455443382285e-03,-9.993749562671576121e-04,-7.944175422598532058e-03
3.620442724454339158e-03,2.669430425179741655e-03,4.677062730435440491e-03,-2.630013394227003962e-03,-8.336922485842510402e-03
1.787566338654417641e-03,2.525505511530719630e-03,1.924738296702785661e-03,9.231647529173635193e-04,-7.160974899805299353e-03
3.306669221188584303e-03,2.794122257697467435e-04,1.120182841087855562e-03,2.367854666052236063e-04,-4.943049754651396635e-03
3.503740336907869637e-03,-9.557339348490676836e-04,1.031846162774133690e-03,-8.633513790641117729e-05,-3.493517426926537762e-03
2.965366205979573337e-03,-8.490357321004031324e-04,1.499219831538149954e-03,-6.202852589151459841e-04,-2.995265046502166260e-03
8.886223255470229775e-04,-1.320187338511933121e-03,9.275023047741300574e-04,1.664283439069460602e-03,-2.160220730878670108e-03
5.470740336077481360e-04,-3.358186624395448957e-03,1.443234832714551880e-03,1.323630283227298287e-03,4.424747484584981333e-05
7.406900231457250400e-04,-5.269851731933732249e-03,2.464135825328384738e-03,2.643136311442162239e-04,1.800712252315405434e-03
-1.727878807509108266e-04,-2.174462477988483699e-03,1.867985969053987403e-03,2.217225208575953135e-03,-1.737960818890550187e-03
-7.057227990744124229e-04,-1.529285087605463484e-03,2.429867993042677653e-03,2.143987835870007734e-03,-2.338847942232804168e-03
-1.069626270687233866e-03,-1.885689686802938378e-03,1.643242660193879002e-03,3.657282139165247449e-03,-2.345208841868957894e-03
-8.165637647776543672e-04,-2.672078494482269841e-03,1.377640938058690909e-03,3.318445631995573224e-03,-1.207444310794338624e-03
3.973829666020822272e-04,-2.686467450802778462e-03,8.657486020105855393e-04,3.514814015523842847e-03,-2.091478133333728520e-03
-1.116623623265100112e-04,-3.808299132349925956e-03,-1.468558198148904961e-04,4.775302082536120665e-03,-7.084847680447938899e-04
4.475729507889844670e-04,-4.300978636206962552e-03,-4.271201090784308750e-04,3.213535404951852002e-03,1.066990389544563789e-03
1.654270367787858331e-03,-3.630534512917869567e-03,1.161463371386653692e-04,1.634376288160639549e-03,2.257415198307076464e-04
4.355262305395699550e-03,-3.356627368307142536e-04,-5.869829146905294805e-04,-2.676021599170957639e-04,-3.165014493957368780e-03
5.126478992951812204e-03,-1.257833452596965633e-03,-2.172428939751849943e-06,-7.347426850479799650e-04,-3.131730426367133110e-03
5.780476817264962840e-03,-1.240666243902028426e-03,-1.426655286455571158e-04,-9.348507766641395589e-04,-3.462294268053217085e-03
5.575352763244355303e-03,-1.438537798554668937e-03,1.443507091058929834e-03,-2.557105828807870046e-03,-3.023216226940741384e-03
7.430192000453344353e-03,-1.234760209849031709e-03,1.608890101470628530e-03,-4.469711887706138975e-03,-3.334610004368804802e-03
6.942108104152883152e-03,-1.250923263150025997e-03,1.685934160831405312e-03,-1.716561924706016965e-03,-5.660557077128261332e-03
5.968610713287441326e-03,5.326596748358909412e-04,2.342019095481589087e-03,-1.218891774357599685e-03,-7.624397709247322102e-03
5.888659209156873325e-03,4.155304410068291245e-03,1.735028785784016418e-03,-3.063770795358791363e-03,-8.715221609650374013e-03
4.621165262762244250e-03,3.170987113533380291e-03,-5.617767565941631068e-06,-1.440550354500109466e-03,-6.345984254229570382e-03
4.596028099279854569e-03,3.445576950590501820e-03,6.632958892773273382e-05,-1.709888409677510135e-03,-6.398046229120585467e-03
3.544177758104474513e-03,5.521338760261643337e-03,-6.338858990690178496e-04,-4.518901121530695744e-03,-3.912729497766400354e-03
6.520935545241400046e-04,6.736700607021467793e-03,-1.377631373612602482e-03,-9.411212648323578163e-04,-5.070041523100640019e-03
8.770596714573673748e-04,5.753317092910477035e-03,-8.257606246815804791e-04,-2.554591045669336088e-03,-3.250025094016918085e-03
-2.602586126330446912e-04,5.505097070068173948e-03,-1.595066173004419403e-03,-1.620408805979059149e-03,-2.029363478451661710e-03
-8.640670725528120039e-04,6.896772329713362314e-03,-2.762481349834171405e-03,-6.249047066793644867e-05,-3.207733436658440681e-03
-5.055810518119770820e-04,7.545033564411191863e-03,-1.823087501994733036e-03,-1.599983670060475555e-03,-3.616381340544011502e-03
6.500674912110704579e-04,7.194858626509235272e-03,-1.508852761845757033e-03,-3.664203418403601687e-03,-2.671869937470932807e-03
-5.542483279452247108e-04,7.156798852882976722e-03,-4.951208945210496155e-04,-3.041205757715700463e-03,-3.066223872700996837e-03
-2.793452439197183484e-03,5.838808553300593729e-03,6.916566986918657768e-04,-1.306347331311699667e-03,-2.430665481483586764e-03
-3.879366392198627285e-03,3.347406350068949342e-03,1.247434385606540578e-03,1.873703019030250466e-03,-2.589177362507106162e-03
-3.109622978528359723e-03,-5.686676871683309537e-05,1.102185172480567472e-03,2.559328519265345169e-03,-4.950239445007170377e-04
-1.855605714671447210e-03,-5.035152293856003103e-03,4.721138103222872681e-04,3.599518197489815635e-03,2.819126000715350445e-03
-3.895128810998724862e-04,-9.027294438813986827e-03,1.402936830659638539e-03,3.216620678626156901e-03,4.797249810628073305e-03
-5.566029845920428872e-04,-1.203566406022488038e-02,2.980569329201356032e-03,4.361419370585234434e-03,5.250278345030313931e-03
-1.461419861073129075e-03,-1.270241024137996541e-02,4.452166594775630246e-03,5.542513208496278182e-03,4.169150299181189311e-03
-1.147875019922253541e-03,-1.188059678462893322e-02,4.767545316666331814e-03,4.858362835549615358e-03,3.402563652335207495e-03
-6.338870662417204127e-04,-1.155322383631196201e-02,4.357513195493874919e-03,4.665277682140994524e-03,3.164320024918797040e-03
-7.799457743049951087e-04,-1.177188985742143659e-02,4.104300951621810828e-03,4.617736808500490404e-03,3.829797871604122012e-03
-1.171525373354962698e-03,-1.224233481315517222e-02,3.941866348472228103e-03,4.417567328627902516e-03,5.054426509409988902e-03
-1.038493883845019883e-03,-1.070302210111448091e-02,3.540921050033572597e-03,4.889252465756817843e-03,3.311342469169132902e-03
-1.813947688312243138e-03,-7.640441960693928475e-03,2.930020950896471566e-03,5.762605335073236155e-03,7.617633630364670358e-04
-9.874932838054469031e-04,-5.298295782940160362e-03,1.712659151592249877e-03,5.525953435406858252e-03,-9.528235202535158266e-04
-4.701834560953423148e-04,-3.359636188925795627e-03,4.470764847045085992e-04,5.642402226246530546e-03,-2.259659065929885049e-03
-6.885661852586977837e-06,-1.154735706478900604e-03,-2.029763977279912235e-04,5.594005254936961283e-03,-4.229407488877482031e-03
-2.544372921305779103e-04,1.239855490890731052e-04,-1.564113711144939599e-03,4.979091267081355021e-03,-3.284525812894910617e-03
3.498192049593584242e-04,7.268797714041144590e-04,-2.665934268040763642e-03,3.894431481993217755e-03,-2.305196190315926454e-03
1.222375201330882892e-03,1.145557637942055474e-03,-3.244240268420900755e-03,2.351335244793938996e-03,-1.475027815645974655e-03
1.409798758325777474e-03,1.350822988183137969e-03,-2.072415694769313890e-03,9.495352120523922962e-04,-1.637741263791997861e-03
1.252366865095504113e-03,2.309632782781497438e-03,3.254740739342565250e-04,-1.053335447831620824e-03,-2.834138273979632319e-03
1.908241267495624583e-03,3.468911875685133650e-03,8.297571919323407661e-04,-2.078974484525866837e-03,-4.127935850587233571e-03
9.279071563654159001e-04,4.714090240192201839e-03,1.707167937434105488e-03,-3.220452735521273178e-03,-4.128712598470455145e-03
1.593742589655867091e-03,4.816675260553984934e-03,2.678895562130825976e-03,-4.425930086451158527e-03,-4.663383325889510801e-03
2.085230974202610926e-03,4.418551695156380972e-03,3.076544956754642592e-03,-4.718638161243828878e-03,-4.861689464869799540e-03
2.597572433974592622e-03,4.865018832639953980e-03,3.844019260983396521e-03,-3.171840516128125904e-03,-8.134770011469833265e-03
1.419728597416540375e-03,3.991897874890306362e-03,4.352809822176182189e-03,-1.075093829651313851e-03,-8.689342464831719196e-03
1.497477847086798371e-03,1.833016322714952229e-03,5.924082355742149933e-03,-2.887847252135854539e-03,-6.366729273408068546e-03
1.657368333144491803e-03,6.690369637188121324e-04,4.800092069052135264e-03,-3.164418680370301553e-04,-6.810055497878419670e-03
2.953686349852795243e-03,4.726173345133856786e-04,4.757922914765987284e-03,-1.286999723210559190e-03,-6.897226875921608907e-03
3.431797600062520392e-03,2.302583338448837506e-03,4.286683416241860757e-03,-2.382456539302597182e-03,-7.638607815450615401e-03
1.840244160785465015e-03,2.447510163960052096e-03,1.557471362837952768e-03,1.489157723774652909e-03,-7.334383411358114981e-03
3.278837130440509680e-03,4.709977437870880895e-04,7.042746788238858418e-04,3.827121504674191278e-04,-4.836821703518906154e-03
3.522333196986564535e-03,-1.786069217728333564e-03,-8.019585939545357774e-05,1.665587881203165616e-03,-3.321656001065958173e-03
3.009170537445315062e-03,-1.664599767799243134e-03,4.890312527628316213e-04,7.908220918166998037e-04,-2.624424114225604870e-03
1.788136769421608957e-03,-1.049081773959264184e-03,1.867913933144013466e-04,9.390475920679986150e-04,-1.864893980844747065e-03
6.871524407955333308e-04,-3.725753937201889930e-03,7.035458114348859451e-04,1.314401418867132800e-03,1.020654266104340999e-03
1.047478880269298333e-03,-5.841631416482716277e-03,1.286597638551435253e-03,4.033257824402517551e-04,3.104229115221733212e-03
6.729869267931568510e-04,-2.531285580222638904e-03,1.244191786105550189e-03,1.454965269079075548e-03,-8.408584017551373963e-04
-3.484814601601007107e-04,-1.800389547193091732e-03,1.770808194247427839e-03,2.177952739968882102e-03,-1.799889926863112348e-03
-9.102304326407698260e-04,-2.151920823787609183e-03,1.389471443056410332e-03,3.401827115933935691e-03,-1.729147302561976013e-03
-4.205757903980800660e-04,-2.676576032348000102e-03,1.231440640177044934e-03,3.036887926800554971e-03,-1.171176744231530904e-03
3.302247893760603954e-04,-3.379793215724910885e-03,7.062120726695078968e-04,4.259437627255256015e-03,-1.916081273575915645e-03
2.551783160082710935e-04,-4.878458537173211741e-03,-4.244847558526816428e-04,5.142510249171793751e-03,-9.474527215416788306e-05
9.410544517998253953e-04,-5.045547111067367162e-03,-1.161846113457089009e-03,3.417887796273881562e-03,1.848450976450745960e-03
2.165976465669738026e-03,-3.367449779187789601e-03,-4.413778999484037346e-04,1.125968328027746219e-03,5.168828854387048618e-04
5.094873233621679924e-03,-4.680808477806597517e-04,-1.427695812411848607e-03,-5.031876542331677139e-05,-3.148777808005862044e-03
6.013864949145852033e-03,-1.847052488890859939e-03,-5.986771668316976953e-04,-5.960204008741283284e-04,-2.972114892549163577e-03
6.628359912548342781e-03,-7.221753451883285808e-04,-1.039565322904743199e-03,-1.267278681376578361e-03,-3.599340563078675184e-03
6.922667233025081406e-03,-7.922338388697534352e-04,6.721765154188107366e-04,-3.466948441644110684e-03,-3.335661467930025204e-03
7.396515027126588510e-03,-6.803234693900478110e-04,1.130059881846133974e-03,-4.318176470246664483e-03,-3.528074969336000323e-03
7.164937838691255896e-03,-1.461868430383721565e-03,9.497815240754495063e-04,-6.009172861941259811e-04,-6.051933646188884311e-03
6.301837568448347658e-03,3.738745869405474178e-03,1.515967805232290360e-03,-3.370623145969835286e-03,-8.185928097116284066e-03
6.606999466294563410e-03,4.281008976151179195e-03,1.518632178334015101e-03,-4.020410936404846328e-03,-8.386229684374925039e-03
5.246120593221838789e-03,3.875579691221614758e-03,9.391680751240704750e-04,-3.383095340834766686e-03,-6.677773018732746819e-03
4.320498740031040660e-03,5.208755572179367063e-03,3.385374903433195247e-04,-3.314181988893232303e-03,-6.553609813660496788e-03
3.636148786998410088e-03,6.596836618388836684e-03,-4.789757192190710459e-04,-4.786976577600779784e-03,-4.967033108567401635e-03
2.254280172859441170e-03,8.131341796799477356e-03,-7.388274031358732681e-04,-3.732082973377944934e-03,-5.914711593145108998e-03
1.487680211968771867e-03,8.245757857788799453e-03,-1.807814624467978882e-03,-2.226079819923835589e-03,-5.699543625365768341e-03
1.360216007378086235e-03,8.093163909849578064e-03,-2.044286328379749801e-03,-2.711675764800782797e-03,-4.697417824047121077e-03
5.492744627808457489e-04,8.663229761213845151e-03,-1.450644811444222644e-03,-2.886981608804471081e-03,-4.874877803746001728e-03
-1.207274842140924421e-03,8.212546139258343827e-03,-2.803732934796156900e-03,-1.614580752824199580e-04,-4.040080287038875888e-03
-2.025398898186859826e-03,7.620281430097131971e-03,-1.956977306429297236e-03,-2.025153240362401500e-04,-3.435389901444721884e-03
-4.285982130564145029e-04,6.508093635711848131e-03,-4.226284813598095219e-04,-3.473520586659854283e-03,-2.183346354635771341e-03
-3.943683154562742724e-03,5.126550050953056561e-03,6.415732392234409611e-04,1.756548303262159554e-04,-2.000094965939962569e-03
-4.415016682466894535e-03,2.902231436759457068e-03,2.782047262959822052e-03,1.090710116829388988e-03,-2.359972134081757961e-03
-4.010624725596182057e-03,1.803650422243178043e-04,2.088536540931488182e-03,3.015207242125267102e-03,-1.273484099684880433e-03
-1.821726720192202607e-03,-4.872746967906743318e-03,6.352833635170331483e-04,3.859145306983027997e-03,2.200045017598885756e-03
-1.882945292758403421e-04,-9.701573786628460080e-03,2.040478217546574154e-03,2.947063794226144687e-03,4.902326304131589089e-03
-8.584226181489395483e-04,-1.149547449776978751e-02,3.253147133260144742e-03,2.568211858310103044e-03,6.532538124348461275e-03
-1.317772769363526920e-03,-1.387651117852363100e-02,4.349017728298920464e-03,4.674702085196671963e-03,6.170564134391578505e-03
-1.031948756955878383e-03,-1.297516598620756904e-02,4.612233419685784694e-03,4.553248438048600188e-03,4.841632885429053221e-03
-1.047436350419826082e-03,-1.165133798292552342e-02,4.346322754687695702e-03,4.234663250801589188e-03,4.117788327856054635e-03
-1.170467193312921565e-03,-1.114892197747913843e-02,4.276571268849471176e-03,4.329190824034481397e-03,3.713627077908114148e-03
-1.648470543951479532e-03,-1.035094852828008505e-02,3.957540007455418937e-03,5.122047072538923884e-03,2.919831992237176439e-03
-1.429464820152447557e-03,-9.199413876980113564e-03,3.877795480226736268e-03,4.714539065070293133e-03,2.036544151835514588e-03
-1.983480951417376879e-03,-7.463072717906428163e-03,3.283373106944917352e-03,6.015522535792546324e-03,1.476580265863299002e-04
-2.233674989773905360e-03,-5.048858517729628952e-03,2.208418531911971686e-03,6.596150358728678116e-03,-1.522035383137133272e-03
-1.324021298025939092e-03,-2.138224455285472284e-03,7.113954644912230197e-04,6.288645718928110445e-03,-3.537795430107903549e-03
-8.512224107790550883e-04,9.474769546236355320e-05,-2.364194006408292968e-04,5.727153599477817665e-03,-4.734259483520284785e-03
-8.609660878013005282e-04,-9.140871645061150069e-05,-1.907359623298453830e-03,5.228923106218565098e-03,-2.369188678668193628e-03
2.213291709260430487e-04,6.593903580635577472e-06,-2.131807019067087205e-03,2.159516744570653176e-03,-2.556328000102422917e-04
1.331457890490829596e-03,1.377042109054097221e-04,-2.258892098609343105e-03,6.645669440161625563e-04,1.251630531969312834e-04
1.181314215519708999e-04,6.015210214834718376e-04,-2.572868086988532987e-03,2.220861240287154079e-03,-3.676455963340572158e-04
9.354696485606767056e-04,1.348511788884638974e-03,9.522254935149240070e-05,-1.122373742884985159e-03,-1.256830243911829115e-03
1.019759279914079619e-03,2.806296341310921590e-03,8.400514557124121127e-04,-1.625524622002728773e-03,-3.040582454934680212e-03
1.585755443433945052e-03,5.286597388315427207e-03,2.825461691104975363e-03,-5.181134960634275685e-03,-4.516679562220093404e-03
1.585768918251411960e-03,6.068617458854676586e-03,3.059463230404714951e-03,-4.965611296808216876e-03,-5.748238310702568840e-03
1.681492716432645990e-03,6.021080925804989797e-03,2.857344062745412541e-03,-2.909486937017713177e-03,-7.650430767965355101e-03
2.118517388666418810e-03,5.246527028705401732e-03,3.615658458508498423e-03,-2.484507488391862924e-03,-8.496195387488457776e-03
1.288447487859218157e-03,3.812145484869524162e-03,4.864779402045518904e-03,-2.249538718862233340e-03,-7.715833655912011403e-03
8.235142359569623191e-04,2.470431755887563408e-03,6.271865115081399003e-03,-2.801399539587018719e-03,-6.764411567338891700e-03
1.116929857610281848e-03,1.876569153148627701e-03,5.148857356895862429e-03,-1.941887065648251805e-03,-6.200469302006518871e-03
2.449332232143088851e-03,1.692500582328785880e-03,4.298202815291331941e-03,-2.530957276592040416e-03,-5.909078353171181436e-03
3.051046694909812385e-03,8.401993148459630184e-04,3.749669482855360909e-03,-8.173285713611014216e-04,-6.823586921250054949e-03
1.763434300996597577e-03,2.424976954889865224e-03,1.486144583873495566e-03,1.613961996595739004e-03,-7.288517836355689998e-03
3.231733969595221908e-03,6.539192822662973428e-04,4.524040482369504589e-04,5.935339328092651984e-04,-4.931591232907738161e-03
3.954222178853821802e-03,-9.367190258681405571e-04,-5.281087021920834976e-05,5.288468316697092541e-04,-3.493539114436187455e-03
3.452872759560051200e-03,-1.697849183695802249e-03,-1.668093549056130309e-04,8.832983698262927711e-04,-2.471512590784920044e-03
2.746552014866541786e-03,-1.932488544540023750e-03,-2.629585030646563776e-04,1.094433456821623622e-03,-1.645538424083483817e-03
2.900022938985376470e-04,-4.341304776238403239e-03,-2.584938452911275057e-04,2.877307547292239694e-03,1.432488780338745434e-03
1.866889590830177583e-03,-6.573166946266918199e-03,1.047672744676073553e-03,-1.339012163532015938e-04,3.792505827113871152e-03
5.676566891607065166e-04,-3.087963295172574743e-03,1.018432487001470071e-03,1.913640715648277923e-03,-4.117665966378751064e-04
2.634812671632093413e-04,-2.045206951006083278e-03,1.466088928105386104e-03,1.789012050735409561e-03,-1.473375294997921131e-03
9.223087676303244511e-05,-2.350696473875580478e-03,1.193750577266701604e-03,2.539805661078806728e-03,-1.475090641232963511e-03
-1.781394715944352523e-04,-3.066433331022359616e-03,1.074379441615827329e-03,3.230555880447600649e-03,-1.060362519446627228e-03
6.429579881783059917e-04,-3.244625969869118290e-03,4.265311515762092794e-04,3.598435961901658674e-03,-1.423299131787050071e-03
9.308946672169143496e-04,-5.715149213910991448e-03,-1.122248644344070023e-03,5.417868744765704132e-03,4.886344462724321464e-04
1.606545964553381632e-03,-5.932000252973260168e-03,-1.239104695015099929e-03,2.840012141807241996e-03,2.724546841627725410e-03
2.982310965808855369e-03,-3.978375374021201304e-03,-1.341606200649915048e-03,1.783142195399566249e-03,5.545284134626907212e-04
6.284611828727556908e-03,-1.401828030193019454e-03,-1.678961251224941539e-03,-6.946274071870251344e-05,-3.134359806590897995e-03
6.936375000633309210e-03,-1.635375742472543409e-03,-1.375347313963776923e-03,-7.910009216747944643e-04,-3.134651022522185956e-03
7.322452741400209582e-03,3.259385676358461052e-04,-1.600496277347287144e-03,-1.878708542593330493e-03,-4.169186489095417884e-03
7.556295997023950578e-03,-2.654791697786271893e-04,4.838424135913242408e-05,-3.660560821765106252e-03,-3.678640246839345353e-03
7.462532716638425705e-03,-9.522133654107169153e-04,9.698115047461804009e-04,-3.695569056377160429e-03,-3.784561799596729195e-03
6.978787786779324168e-03,-5.077943731654672738e-04,5.914141197424065957e-04,1.123881460029774679e-05,-7.073646347956570081e-03
6.633350286670251436e-03,4.501637105352498600e-03,1.431068515650129333e-03,-3.819165740342765191e-03,-8.746890167330090976e-03
6.461448061572671285e-03,4.888436230767724718e-03,8.303602783225465809e-04,-3.670237393885859498e-03,-8.510007176777079074e-03
5.218169414726098881e-03,6.266989934700088749e-03,9.132249422358540338e-04,-3.297138772478513252e-03,-9.101245519183511282e-03
4.339504409965044655e-03,7.543211641808086898e-03,7.200195021481134742e-04,-3.885531248637939458e-03,-8.717204305283310015e-03
3.190615558340973660e-03,8.787351022092609529e-03,-2.523790245161798887e-04,-4.982221657721900600e-03,-6.743365898195475758e-03
3.035749764301332639e-03,9.368220528994193955e-03,-1.086858813726031443e-03,-4.669241418115951774e-03,-6.647870061453528198e-03
3.493571845470393785e-03,9.616264230880008923e-03,-2.448428231979713540e-03,-4.103133065142839167e-03,-6.558274779227845665e-03
2.370727378485994706e-03,8.372296416825689841e-03,-2.308466776736190461e-03,-4.005399453341192476e-03,-4.429157565234321560e-03
1.598644281040555821e-03,7.442348145802424493e-03,-2.081376767996001662e-03,-3.218144575574476141e-03,-3.741471083272504897e-03
-6.504760214573158342e-04,7.532052377009993555e-03,-2.749322490184809634e-03,-4.600603351369380407e-04,-3.672193530230917578e-03
-1.394557828879821378e-03,6.620450849011509480e-03,-1.851169381643256659e-03,-6.768001610090404897e-04,-2.697923477479388134e-03
-2.528560295626962155e-03,5.112132603706967364e-03,-6.798092860376649853e-04,-7.838582226509947706e-04,-1.119904799391344694e-03
-3.948092992141463871e-03,2.433176886447669177e-03,1.062651282088340927e-03,2.277122726579971449e-03,-1.824857902974513562e-03
-4.404574764363292788e-03,1.849413938426386784e-03,3.778073399172672629e-03,6.357965713804940213e-04,-1.858709144616251972e-03
-3.849188357137845254e-03,1.521195646635794532e-03,4.384000171590728481e-03,2.470625361278733657e-03,-4.526632822367418138e-03
-2.238797872391549461e-03,-1.365792408561164722e-03,2.207402618063687705e-03,4.168740569147081666e-03,-2.771552906258045214e-03
-8.553260382912075558e-04,-5.370219396223160045e-03,2.949844992721319722e-03,2.415380063254994950e-03,8.603203785380445813e-04
-1.109614593621479316e-03,-7.288479915771517263e-03,4.141282505932428366e-03,1.558590733047001027e-03,2.698221270413538563e-03
-1.315116043244463854e-03,-8.529044278952523789e-03,5.167952442741739066e-03,2.167548283054279278e-03,2.508659596400970165e-03
-1.485511188336805909e-03,-8.828658770625014834e-03,4.768185061475623508e-03,3.827139963886257504e-03,1.718844933599935395e-03
-1.313178584090650110e-03,-8.617796881674091858e-03,4.477483290637442916e-03,3.877617228986170606e-03,1.575874946141127362e-03
-1.582983013148884155e-03,-9.073483770841514126e-03,4.984101781070517621e-03,3.368717423405208269e-03,2.303647579514656128e-03
-1.674043153010060627e-03,-9.503668963915658935e-03,4.837264965039987999e-03,3.792331560564529171e-03,2.548115591321219089e-03
-2.087314387695427681e-03,-7.695911073867195071e-03,4.047917474058240414e-03,4.584644434166966834e-03,1.150663553337429815e-03
-2.528230227940784103e-03,-5.028951821177284412e-03,3.668552590208325193e-03,5.471466101500991122e-03,-1.582836642591238041e-03
-2.402174277543693733e-03,-2.519808314940144827e-03,2.735078511610304630e-03,6.042887146522899974e-03,-3.855983065649373417e-03
-2.902424562828589960e-03,-9.267129787648861966e-04,2.013357114641112482e-03,5.547967772459978797e-03,-3.732187345507605690e-03
-1.330813179792840906e-03,2.382612999535605803e-05,7.325941375880119875e-04,4.529091320696145700e-03,-3.954698408486669384e-03
-1.572026942461619402e-03,9.558025530885486554e-04,-4.920078733118292457e-04,4.119570006183912239e-03,-3.011337743499015174e-03
-2.964701847870339265e-05,9.548132438804649708e-04,-9.137125570324205245e-04,1.286451433477361732e-03,-1.297905101846704920e-03
-2.764145956850295148e-04,1.247449714139420426e-03,-2.227429901037141120e-03,1.700453766435288273e-03,-4.440589838525380636e-04
-1.526806669981933123e-04,1.429099001002653120e-03,-2.033145514981074802e-03,1.436505552142716561e-03,-6.797783711661000480e-04
1.568298458860992260e-03,1.458456646235342918e-03,-2.342155040400252866e-04,-1.924006704436180852e-03,-8.685328966201190642e-04
2.070213530463787480e-03,2.388272479303059359e-03,1.185119208288537345e-03,-4.143578769704397632e-03,-1.500026448350982432e-03
1.952789370491291856e-03,4.043394799383165199e-03,2.370148018969267870e-03,-5.158071577530957269e-03,-3.208260611312782618e-03
1.370449386206425060e-03,5.095256058255360869e-03,2.642905078118647048e-03,-4.275608615237899007e-03,-4.833001907342541342e-03
2.063740051757957834e-03,6.369684503353486085e-03,2.636141496367674225e-03,-2.998067139742923923e-03,-8.071498911736198559e-03
2.744043679165604228e-03,6.108038074658914997e-03,3.408963032404242147e-03,-3.451355064643230573e-03,-8.809689721585510849e-03
2.306683155549130778e-03,4.118874968191897114e-03,4.984133739930551692e-03,-3.475331844067305973e-03,-7.934360019604277947e-03
-1.127476432950345609e-04,3.165197101460736316e-03,6.107084859237246061e-03,-1.747800980370189418e-03,-7.411733337032739601e-03
7.196734387243247655e-04,2.775327465380851653e-03,5.144102243950189265e-03,-1.992267485717406656e-03,-6.646835662337960762e-03
2.371540790853933229e-03,1.203694384899988996e-03,4.132678138027798265e-03,-1.590843808883411845e-03,-6.117069504898311680e-03
3.716884101184315427e-03,1.204264556716898738e-03,3.689484321700071349e-03,-2.192485149488764776e-03,-6.418147830112511630e-03
3.175903746103236371e-03,2.873302292955213361e-03,1.290594422987143518e-03,-2.738527809625016375e-04,-7.065947681083082667e-03
3.721520978323926941e-03,1.267256629605071228e-03,1.418889825501518163e-04,-2.601471151856021467e-05,-5.104651878960583117e-03
3.958172064212306732e-03,-3.003670762049346753e-04,-5.933626471068476549e-04,6.129409343186469419e-04,-3.677383275219177090e-03
4.426935359649730034e-03,-1.386447679150439082e-03,-7.855964791489318533e-04,2.606601789972652671e-04,-2.515551380347624908e-03
3.483681384762469038e-03,-1.423912084193624996e-03,-1.041116595742893301e-03,5.515909851464538029e-04,-1.570243689972411266e-03
1.037208593799341912e-03,-5.031946051857114771e-03,-4.764022723052654235e-04,2.407670256936824457e-03,2.063469473426212796e-03
1.873004827025644093e-03,-7.602643302328551157e-03,4.458309616303677073e-04,9.642337587279253179e-04,4.319573754944610461e-03
9.002633194822390545e-04,-3.687666175733074828e-03,3.342542502142513113e-04,2.378000873164246107e-03,7.514773287236335881e-05
2.828104404153096202e-04,-2.254681704149179636e-03,1.483459041451131930e-03,1.786341450143245912e-03,-1.297929227860509073e-03
-1.634138371858677246e-04,-2.724599340500963654e-03,6.601007485290077102e-04,3.417450399523517396e-03,-1.189537970365694541e-03
2.024864550987069960e-04,-3.099437998822118789e-03,8.176953460796693813e-04,2.925455461716076812e-03,-8.461992640723345902e-04
1.390908551676772352e-03,-3.461773975541987489e-03,3.304227627340165731e-05,2.877754096286090808e-03,-8.399309486942727878e-04
1.583282098913874145e-03,-5.258499339869897662e-03,-1.221999375855541440e-03,3.989052077914663312e-03,9.081645388969068495e-04
1.548188668321192479e-03,-7.718976094506739029e-03,-1.436158534292045381e-03,4.022740657216548020e-03,3.584205303261047380e-03
3.937853065071083777e-03,-4.569004000671748889e-03,-1.814626795889556473e-03,1.689499402418184618e-03,7.562783290720465068e-04
5.731502874247426486e-03,-1.002622372669151069e-03,-2.587225184393491650e-03,1.103804120727294811e-03,-3.245459437912080313e-03
7.533952144019384969e-03,-5.353573197726416112e-04,-1.532711342239079927e-03,-2.072760078725931904e-03,-3.393123403281734889e-03
6.984879043786531086e-03,6.395115941914486990e-04,-1.744680031462975643e-03,-1.370459057200933313e-03,-4.509251549314073106e-03
7.457510391339078858e-03,1.390231292934706513e-04,-5.197621105759544276e-04,-3.258259965579609219e-03,-3.818511444476997002e-03
7.425682625074255666e-03,-3.565327934826171305e-04,9.730903117578791920e-04,-4.317406178883266034e-03,-3.724833964466257603e-03
6.960867037401566142e-03,1.665155831850163816e-03,7.468436752230214488e-04,-2.108542436552972733e-03,-7.264324107921802526e-03
6.446609162156695036e-03,5.357184236496757151e-03,9.186624160255752033e-04,-3.732851772624941160e-03,-8.989604042054101518e-03
6.140637500902701267e-03,6.317595591832883550e-03,-7.327951807457252782e-05,-2.878007681971033599e-03,-9.506945892689954228e-03
5.337878760384521734e-03,8.758250949495061111e-03,7.879004829877732721e-05,-2.865327263890089446e-03,-1.130959249428822692e-02
3.935951524483612823e-03,9.200839812024611333e-03,5.068397729325791910e-05,-2.269945586746127588e-03,-1.091752972705535216e-02
3.159468684386881280e-03,8.253155037468274877e-03,-8.879019014129471829e-04,-4.534696492011734692e-03,-5.990025328430442081e-03
2.388714385483897522e-03,7.782761031217382865e-03,-2.436055114701913236e-03,-3.039034327570909119e-03,-4.696385974428455429e-03
3.014426822758866416e-03,7.404354191703398091e-03,-2.863271486893451470e-03,-3.453224695801143662e-03,-4.102284831767652462e-03
3.082179387597020447e-03,6.829317116503499235e-03,-1.811200530754495915e-03,-4.612307717266505257e-03,-3.487988256079505283e-03
2.720458572595579709e-03,4.945477880059184587e-03,-1.298527197175939913e-03,-2.409871875035764829e-03,-3.957537380443061290e-03
4.140656624502613947e-04,7.364635958228320928e-03,-1.705754333255065118e-03,-2.201381757627731469e-03,-3.871565529795768443e-03
-6.058499779789610446e-04,7.033634747044024277e-03,-1.510977190423807084e-03,-1.666727401177133623e-03,-3.250080177464113960e-03
-1.666725717343635641e-03,5.469793501358237615e-03,5.798918066570935877e-05,-2.200358610444601900e-03,-1.660698354235697581e-03
-3.702860845779632187e-03,3.055511763404094618e-03,2.256502577850902184e-03,8.357773384006628560e-05,-1.692731229315431931e-03
-4.116398842462151535e-03,1.840491386374478724e-03,3.009013229813109567e-03,1.254700601730783993e-03,-1.987806375456225086e-03
-3.305562875940981377e-03,3.245580047726729983e-04,3.850751964719686862e-03,3.709341855103238548e-04,-1.240681279061702337e-03
-2.063156716041944071e-03,-7.754793141101462388e-04,2.603518707131286664e-03,1.625339351176651728e-03,-1.390222028155841359e-03
-1.505529525311326148e-03,-3.124448035432914571e-03,3.404399360281182285e-03,2.153549640512252440e-03,-9.279714400491838149e-04
-2.091012513850279333e-03,-4.990145684255709903e-03,4.943209984496160433e-03,1.076382455264419773e-03,1.061565758345422474e-03
-2.286762055364407412e-03,-5.988041201022949525e-03,5.589980006473048262e-03,1.155363955843667200e-03,1.529459294070643861e-03
-1.873170279904653448e-03,-5.991069575658909338e-03,5.116913759649150718e-03,2.319855202039797226e-03,4.274708938746309421e-04
-1.852055168664617233e-03,-6.356819080219029867e-03,5.258852808162787183e-03,3.485781430414366337e-03,-5.357599896935033839e-04
-2.520422121038382902e-03,-7.831983366387669163e-03,5.562022313710211253e-03,3.779003674901911664e-03,1.011379498813926329e-03
-2.440091893026510948e-03,-7.200210188460119329e-03,5.249989234982415515e-03,3.717084902054681225e-03,6.732279444495390666e-04
-2.834472376452971433e-03,-5.358092967633989491e-03,4.704787342586541805e-03,5.041997088473130183e-03,-1.554219086972696536e-03
-2.653954705186752343e-03,-3.212457238644661484e-03,4.016654137611510439e-03,5.159879591764939162e-03,-3.310121785545036208e-03
-2.755999583731596776e-03,-2.105646455833110921e-03,2.833575890078965029e-03,5.749400224396690462e-03,-3.721330074910941723e-03
-3.105521668178722831e-03,-7.278854454748619153e-04,2.432681827878265413e-03,6.108272297689970425e-03,-4.707547011914671800e-03
-2.676892614168098483e-03,-1.257267783803075174e-05,1.198578200942747090e-03,4.423886325030745512e-03,-2.932999233967347168e-03
-3.389186803487668816e-06,6.230153294861757399e-04,1.193400620525552226e-03,7.404415155374240512e-04,-2.553468278745664715e-03
-2.548403987677596910e-04,1.339645164351372124e-03,-6.238268431788173080e-04,1.624642770266185613e-03,-2.085620692670979437e-03
-3.908171576447814610e-04,1.323217727635229426e-03,-1.265429313021436885e-03,9.887316223183451481e-04,-6.557028792873606732e-04
1.574160732746113798e-03,1.409360405631005474e-03,-1.709779356758823143e-04,-2.245624892010623670e-03,-5.669183106906186542e-04
1.978342566337427163e-03,1.922427879513963602e-03,1.397080779895156248e-03,-3.658779918928080788e-03,-1.639071306818465140e-03
8.147372091297280230e-05,3.019899399077227362e-03,1.074699254897004469e-03,-2.255946236433157767e-03,-1.920126138454045185e-03
6.175586386776073678e-04,1.516830343610681619e-03,2.309338147979017684e-03,-1.045189063516473735e-03,-3.398538066750840959e-03
1.223864085461535706e-03,4.615077601821766448e-03,2.543279095551917793e-03,-3.967952191963663999e-03,-4.414268590871545973e-03
2.600516344810955595e-03,5.513538560938032254e-03,2.143802703187194011e-03,-2.478355497786239106e-03,-7.779502111149938851e-03
2.327699884692812846e-03,6.180837648199960510e-03,3.141182527442312224e-03,-2.833699664489906962e-03,-8.816020395845169944e-03
2.241744807621285761e-03,4.700985220306135720e-03,4.854685992327533589e-03,-3.016706432809314071e-03,-8.780709587445627989e-03
-1.145869420342288797e-04,4.182892176526743430e-03,5.835253891047305699e-03,-1.116688622613951293e-03,-8.786870502925866327e-03
1.478297949660935121e-03,4.185680601105892275e-03,5.025043498927791313e-03,-2.814423929565173458e-03,-7.874598120129430723e-03
2.622560283605263748e-03,1.787818289299367928e-03,3.499303111851193287e-03,-1.744877702990409087e-03,-6.164803981765418044e-03
3.717336688037855760e-03,1.202435761011435471e-03,3.243495475279824930e-03,-2.088786911725949973e-03,-6.074481012603164670e-03
3.446718294994081770e-03,1.723139360255469821e-03,4.996588570794917349e-04,1.584427440711947419e-03,-7.253943953040980878e-03
4.110517589960340293e-03,1.257303556988497838e-03,-3.073615128241917764e-04,1.461474583158422634e-04,-5.206607092440494744e-03
4.437410329077829362e-03,-3.209142765464310975e-04,-1.095044181852988709e-03,8.638737008206837402e-04,-3.885325571499076598e-03
4.836664071196034378e-03,-1.274911574553113736e-03,-1.344246097367129663e-03,3.739312282168164654e-04,-2.591437627492596332e-03
3.532393412330130968e-03,-1.469230538709277029e-03,-1.716443883202823598e-03,1.132304307922092331e-03,-1.479023298340129610e-03
1.474220655031524942e-03,-5.226252580990626943e-03,-1.127822042524196516e-03,2.314652188068800926e-03,2.565201780414489135e-03
1.916065739134932295e-03,-7.538023598924425278e-03,-1.990226733900619526e-04,9.034247399240473821e-04,4.917555793255519100e-03
1.472624924598437161e-03,-3.979074996112532715e-03,-1.730634520474237106e-04,2.253359581128870637e-03,4.261539424326483841e-04
8.210129333263467425e-04,-2.483353539122847269e-03,1.423030107331977549e-03,1.370784117255582305e-03,-1.131473618791056616e-03
8.548146892470947741e-05,-2.619736326748450892e-03,4.672492535929732653e-04,3.295408295903703988e-03,-1.228402691672940026e-03
6.289982726968772024e-04,-3.012291486365703628e-03,3.833629388094982331e-04,3.330337503671213298e-03,-1.330407228811890906e-03
1.469577507637052525e-03,-3.660964210088202102e-03,-7.113395582337710176e-04,3.408165034669870599e-03,-5.054387739849471864e-04
1.782178446273534984e-03,-5.171984785154749506e-03,-1.449522075000846425e-03,3.777472515564136990e-03,1.061855898317936968e-03
1.859077101644077265e-03,-7.241481991280870022e-03,-1.974868382359853698e-03,2.530784273473751789e-03,4.826488998522892281e-03
4.188949596984036829e-03,-3.273828686456968853e-03,-2.273298673002436751e-03,9.028854376713510649e-04,4.552923248040003095e-04
5.854801303074769030e-03,4.153395907812242635e-04,-3.084101039813264347e-03,6.918302030353578897e-04,-3.877870057078080385e-03
7.328051443251234684e-03,1.776583738780276032e-04,-2.137648939756749220e-03,-1.163282449343632473e-03,-4.204778428028896342e-03
6.821095631639259235e-03,1.732885016755155621e-03,-2.138619716978031656e-03,-9.104224343739170762e-04,-5.504938497042493120e-03
7.543679426535871042e-03,4.722791753532128351e-04,-9.906447242729043978e-04,-2.834921627083814358e-03,-4.190392250532380680e-03
7.000184008998082234e-03,1.224831437413358582e-03,4.098988322874518053e-04,-4.065081670244667829e-03,-4.569832608454230810e-03
6.523420652316325348e-03,4.457325140446759953e-03,3.387063261289309686e-04,-2.841684462046346633e-03,-8.477767656845691321e-03
6.616618873824639709e-03,7.371951328437681417e-03,1.026015949885802090e-03,-3.592871251500133305e-03,-1.142171490064796714e-02
4.855883940040718952e-03,9.013589962168959760e-03,1.049969812713693528e-06,-2.256183512329355736e-03,-1.161434035969305043e-02
5.044013200023561919e-03,9.408782503101991573e-03,-4.023618483778982794e-05,-3.334437123133957015e-03,-1.107812239515377530e-02
4.218718753783701030e-03,7.006587346300251380e-03,-8.896460269742432732e-04,-8.364641390814893602e-04,-9.499195934028195273e-03
4.151721101980102892e-03,6.783129864989590960e-03,-1.274769889038706401e-03,-4.821986912285055986e-03,-4.838094165645894819e-03
3.383577669381690727e-03,7.619618510636362065e-03,-2.806723782054674175e-03,-3.621057796192391539e-03,-4.575414601770969730e-03
4.662938844791338598e-03,8.187834883644631162e-03,-2.930448253122905009e-03,-5.265064553246417284e-03,-4.655260922066647468e-03
4.211229700640867733e-03,7.040391647731986981e-03,-2.419146459420935813e-03,-4.938706167940638131e-03,-3.893768721011275132e-03
1.838689519884164920e-03,6.010353140381039655e-03,-2.332237950089155378e-03,-2.232574676355241969e-03,-3.284230033820810263e-03
-1.750874453876358834e-04,3.855348391842472727e-03,-2.247492599051142265e-03,1.351303828520587086e-03,-2.784072175924276731e-03
-1.002731715871755950e-03,3.484754825494766790e-03,-1.807776994007417046e-03,2.349975185433211995e-03,-3.024221301048814464e-03
-1.159422283835572247e-03,2.017602765299440857e-03,2.855264655116766543e-04,-2.977592510406811260e-03,1.833885563431271416e-03
-1.940692574550212032e-03,2.331322417478179452e-03,1.519699725250061185e-03,-2.127855971066410987e-03,2.175264028883854993e-04
-4.993080758507695456e-03,9.072646911252880411e-04,2.627321379601546547e-03,1.928793431165210783e-03,-4.702987433843614081e-04
-3.941243015395189120e-03,-7.492494486369777286e-04,2.489297618207081571e-03,2.350807582275053157e-03,-1.496127364499746828e-04
-2.946577927567240168e-03,-2.119966063264606265e-03,3.010048377272576004e-03,2.812321561911327369e-03,-7.558259483520604095e-04
-2.002900716102519463e-03,-3.675323829918961550e-03,3.337437704933016430e-03,2.448403100718683431e-03,-1.076162596302160292e-04
-2.049235439886166500e-03,-5.352611600423733476e-03,4.269748703847655799e-03,2.183281561961101808e-03,9.488167745011590656e-04
-2.123659444758630062e-03,-5.637664154801038871e-03,4.897890221565232537e-03,1.617378095370550911e-03,1.246055282623863151e-03
-1.879629850154794068e-03,-5.408898627614266638e-03,4.882399557747238092e-03,1.621727624073738324e-03,7.844012959480801701e-04
-2.179690095530456995e-03,-5.645954635246079600e-03,4.872362679247110688e-03,2.885956687313072627e-03,6.732536421634399768e-05
-2.923957866164520782e-03,-5.569311342888496642e-03,5.229923778600211251e-03,4.409899631257971353e-03,-1.146554200805163445e-03
-2.506178543254221087e-03,-5.312247690174246723e-03,4.914320381391705343e-03,4.594356280051602529e-03,-1.690250428014848086e-03
-2.657257054271208296e-03,-4.865672809233109915e-03,4.908465625553338173e-03,4.493868061456227081e-03,-1.879403823505251814e-03
-2.760906952530390104e-03,-4.589287782405760893e-03,4.500876076905490665e-03,4.700490403506849338e-03,-1.851171745476206786e-03
-3.083312617311644889e-03,-3.540982569057995848e-03,3.449216659687724760e-03,3.793647307030123799e-03,-6.185687803482172549e-04
-3.665852413037547566e-03,-2.262584635573709757e-03,3.053452404636068478e-03,3.563609041759323130e-03,-6.886243977841345013e-04
-1.835190078271768405e-03,-2.385625574104983763e-03,3.469448053075167068e-03,1.179359475356797594e-03,-4.279918760552184559e-04
-2.086316283236619440e-03,-1.727152128710203764e-03,2.875756655915043779e-03,6.483143388637313325e-04,2.893974171680485804e-04
-5.440576393861792275e-04,-8.446795880545709479e-04,2.817679916112432459e-03,-6.712365161363500988e-04,-7.577061725353450867e-04
4.056908376112948315e-04,-5.287774844282717166e-04,1.843866940285816000e-03,-1.580878535955859091e-03,-1.399017575129775847e-04
1.340275786123538157e-03,2.013619647905259249e-04,8.379371721822851098e-04,-2.551626710047830409e-03,1.720517869514881016e-04
2.029658433991342586e-03,9.437228983199000493e-04,1.906072497987721564e-03,-3.802452969855719608e-03,-1.077000860443240796e-03
2.021339832795546534e-03,2.299649517347538037e-03,1.785650859170034551e-03,-4.263562231659364689e-03,-1.843077977653760288e-03
2.232062121279247864e-03,2.916730615749066943e-03,2.370677884865226518e-03,-4.882518853996405464e-03,-2.636951767897143233e-03
1.559740170551929999e-03,4.736281110497638121e-03,2.112760820215246835e-03,-3.750552681908277987e-03,-4.658229419356538052e-03
2.304282252731342309e-03,5.786151430957227164e-03,1.631724322219837162e-03,-3.030510055086011855e-03,-6.691647950822366374e-03
2.956577586748780368e-03,5.917955507006271085e-03,2.709301160028787427e-03,-3.109594279340078659e-03,-8.474239974443778869e-03
2.892463450539624770e-03,4.605010021844209260e-03,4.160064981428142523e-03,-3.279014799131534184e-03,-8.378523654680454513e-03
7.911539299071062388e-04,5.763165751531156532e-03,5.232994806842137733e-03,-1.989747464235352894e-03,-9.797567024045043815e-03
1.567993445290820007e-03,5.234025805249784176e-03,4.753185570887892564e-03,-2.605696521378628866e-03,-8.949508300049865278e-03
2.519106040871071841e-03,4.208347442188502263e-03,2.779502880832860744e-03,-2.167243124718412801e-03,-7.339713239174034190e-03
4.214100007478170998e-03,2.600103439737092535e-03,2.738123498997761373e-03,-3.266294774608885596e-03,-6.286032171604143647e-03
3.702032544384110339e-03,1.934148861811569274e-03,-1.707832367204672650e-04,1.638034425964120981e-03,-7.103432595439334793e-03
4.760857470372860736e-03,1.833511640397255315e-03,-1.071689261489329123e-03,4.016506182345139621e-04,-5.924330467515307938e-03
4.311473777340030580e-03,5.942814003545810820e-04,-8.131283950798009986e-04,4.084808808820779660e-04,-4.501107663496881420e-03
5.125426799650614589e-03,-6.975246243970113476e-04,-1.611792315339217758e-03,-6.767509778711213949e-05,-2.748434762127284145e-03
4.204072995287996654e-03,-1.529018498959413544e-03,-2.184152934124538106e-03,1.337838256920799137e-03,-1.828739819124848912e-03
2.055320312670534666e-03,-5.329706465042595605e-03,-1.659688583127832788e-03,2.036818974795028686e-03,2.897255760704871546e-03
2.560538759794254646e-03,-8.077966313354972838e-03,-8.745793558487280914e-04,8.676908488314790183e-04,5.524316060577958050e-03
2.009265829283798412e-03,-3.848860422911735968e-03,-4.919233717779544638e-04,1.852875378640355536e-03,4.786425867655439109e-04
1.489742174563361441e-03,-2.277006834566769247e-03,1.001031396200252610e-03,9.888314973270000228e-04,-1.202598233523853935e-03
5.325607300540105820e-04,-2.960979420182368801e-03,2.644453180743723758e-04,3.220972590708030998e-03,-1.056999218654026615e-03
1.210950808891627425e-03,-3.349139686717897500e-03,-7.855952599440592680e-05,3.183323318391114744e-03,-9.665749145704476868e-04
1.483456307555598578e-03,-3.706727076721985908e-03,-9.463002904436394790e-04,3.448312520752594510e-03,-2.787414611425647194e-04
2.215915025019390364e-03,-5.407149861304946618e-03,-2.000909607862926161e-03,3.184619460883037542e-03,2.007524983265455715e-03
1.844882158387197834e-03,-7.278555769240005816e-03,-2.506584244129204334e-03,2.740902338850343106e-03,5.199355516131664440e-03
3.960109354194723749e-03,-3.506605160525047993e-03,-2.573952795093707030e-03,1.791128730239901221e-03,3.293198711841222471e-04
5.651681858073045323e-03,8.178708682483490323e-04,-3.514757237813985382e-03,1.354919757833998031e-03,-4.309715246341400824e-03
7.376821395669675395e-03,1.371272320323190267e-03,-2.551977160209872256e-03,-8.349821475041748452e-04,-5.361134408278815308e-03
7.732739495865113485e-03,2.671002348804732938e-03,-2.680948695277341615e-03,-1.946514044074721620e-03,-5.776279105317785358e-03
7.529268102344700841e-03,1.393201671943583402e-03,-1.187548928192050423e-03,-2.715957467594161488e-03,-5.018963378502072983e-03
6.525115033817886594e-03,3.880383960956209407e-03,7.957743423254198703e-05,-1.406358773901389718e-03,-9.078717655105225312e-03
6.092212497284345274e-03,7.822311691415706134e-03,2.559178733269772870e-04,-2.675381539642567291e-03,-1.149506052238445306e-02
6.361039250936158761e-03,8.415789845128356095e-03,4.581170701126086628e-04,-3.547741397275543714e-03,-1.168720476890158268e-02
6.093948188886378833e-03,8.853356911435291549e-03,1.872299658375300632e-04,-3.944187427630099774e-03,-1.119034763852910959e-02
5.309757578193647493e-03,7.983302690785322453e-03,-5.655461079180605513e-04,-2.754843228599816469e-03,-9.972670932461047064e-03
4.669468975888565673e-03,7.487460825554681509e-03,-1.128744511676363707e-03,-4.265846203831338314e-03,-6.762339085935540825e-03
4.357748370879935967e-03,7.183867132133325145e-03,-1.981477113250611297e-03,-4.102553688719126970e-03,-5.457584701043506799e-03
3.609681125549997482e-03,8.190142350479148389e-03,-2.336351758591813464e-03,-3.607736838357735506e-03,-5.855734879079574351e-03
4.075906277681135698e-03,8.265715290632356591e-03,-2.965941047452345589e-03,-4.111886552858972504e-03,-5.263793968002164654e-03
4.334727947484207436e-03,3.892346343658465921e-03,-2.656284297577939796e-03,-2.089095893415829179e-03,-3.481694100148930836e-03
2.235616481118569629e-03,3.787792765520208316e-03,-2.882373094116607876e-03,-1.511151403677863346e-03,-1.629884748844316915e-03
-3.194147442344406917e-04,3.016517728574222897e-03,-2.637727887084185055e-03,3.185618095680405092e-04,-3.779369068236429724e-04
5.270890923614268914e-04,1.672342161210790433e-03,-6.957293218109369135e-04,-2.545240704590580588e-03,1.041538772829302996e-03
-5.911361002025194858e-04,1.648141080180886122e-03,4.021956377887067700e-04,-3.616250949237854225e-03,2.157050331470775940e-03
-1.674083139767148414e-03,1.314526303832013474e-03,1.048018821182682137e-03,-1.591483154071654830e-03,9.030211688241127294e-04
-4.421789302558988034e-03,-6.851500482185160241e-04,3.114494283834157769e-03,1.585434555865950206e-03,4.070105110773921796e-04
-4.573329203343181812e-03,-1.871872102627546554e-03,3.166110489329973434e-03,2.472502472517694797e-03,8.065883441230757480e-04
-3.044786328144515313e-03,-2.737632726536441512e-03,3.837893071508858937e-03,1.860345980857298388e-03,8.418000231480492028e-05
-1.944566017244482321e-03,-4.128341122872360505e-03,4.882639628199246344e-03,8.512958313205768986e-04,3.389716805970012601e-04
-1.784968933299169126e-03,-5.977025828975352298e-03,4.164070589061665516e-03,1.902916806927753722e-03,1.695007366285143820e-03
-1.516573869645939689e-03,-7.876178441235906491e-03,4.207155254738345618e-03,1.786628281893768485e-03,3.398968774249724271e-03
-1.553440251609194099e-03,-8.226686983784935875e-03,4.037417672347595743e-03,1.634573978406893540e-03,4.108135584639644594e-03
-2.533313835829767956e-03,-7.818261605448861146e-03,4.949683257976885374e-03,3.235568503687152615e-03,2.166323679614580271e-03
-2.729772031968754568e-03,-8.050795914261709221e-03,5.517830089461749250e-03,3.034918509179937961e-03,2.227819347588787420e-03
-2.662767182315559263e-03,-8.118759721807403476e-03,5.268612933513688000e-03,3.334092476388547839e-03,2.178821494220716925e-03
-3.644801161978623253e-03,-7.337701405426696848e-03,5.094482206467308531e-03,4.513521054241876121e-03,1.374499306696138267e-03
-3.149418170287514741e-03,-6.008428163032998245e-03,4.641133583176592498e-03,2.806876327781728225e-03,1.709836422362190095e-03
-3.496119178803464879e-03,-4.517444046823687089e-03,4.229144454946176003e-03,2.872384473871811544e-03,9.120342968091714681e-04
-2.746256852912294481e-03,-3.623110164048762554e-03,5.191623045218880968e-03,1.444605443208880143e-04,1.033283427421303070e-03
-2.246667117675198513e-03,-3.448439373282548726e-03,4.212546308985630657e-03,6.558382700667558015e-04,8.267219119053543846e-04
-2.169542404653056287e-03,-2.377144282023728461e-03,2.934101518544971875e-03,1.191069453349979847e-03,4.215157147818321035e-04
-1.622633684090727703e-03,-1.261497840673084844e-03,3.698727317874450898e-03,-1.364554990387540452e-03,5.499591972769080636e-04
-2.853868305731882375e-04,-2.064787554916822782e-03,2.463072898102904289e-03,-2.195871202731120801e-03,2.082972690118235770e-03
1.054805663059329469e-03,-2.107341737512916612e-03,2.932570434788977186e-03,-3.933404165909617362e-03,2.053369805574225149e-03
1.297620992942796325e-03,5.188340381965575974e-04,2.311067223927155880e-03,-3.905137220533068301e-03,-2.223850345334449168e-04
1.820972920577972488e-03,2.669621012953523730e-03,1.982697587996990352e-03,-4.235140542724778398e-03,-2.238150978803699065e-03
3.553181491471974537e-03,2.787086459315311730e-03,2.819142775374973604e-03,-6.185480797753235144e-03,-2.973929928409039039e-03
4.090134876190506044e-03,3.160514711702362960e-03,2.266782285117817982e-03,-6.108479296405093170e-03,-3.408952576605593383e-03
4.507904245468459005e-03,4.069091981293730675e-03,1.350109534788961757e-03,-4.515309625961201612e-03,-5.411796135589942019e-03
3.975449437380832764e-03,5.587543856284661603e-03,1.686662848925356891e-03,-3.346163883431512061e-03,-7.903492259159324018e-03
2.641143605671504146e-03,6.479469012180235840e-03,3.482443701245074592e-03,-2.525414188965009136e-03,-1.007764213013181455e-02
1.518947395869967975e-03,6.287935128993405072e-03,5.168975417194963604e-03,-2.617419392618522064e-03,-1.035843854943981762e-02
4.806732636119827578e-04,5.122019907281812404e-03,3.136786037686593778e-03,4.217087217445344532e-05,-8.781650080754844004e-03
3.054628878304140992e-03,4.665785873997658519e-03,2.390929726034715392e-03,-1.944087630726091739e-03,-8.167256847610451787e-03
4.211345805918695513e-03,3.555298642358342438e-03,2.024819082045158612e-03,-3.331869099510330855e-03,-6.459594430811863540e-03
3.883363053127817169e-03,2.837155394487473996e-03,-1.313908411828589593e-03,2.076355515756848468e-03,-7.482965551543550690e-03
5.403974705942767541e-03,2.674768388540331963e-03,-1.446188631602117773e-03,-2.246405432299445248e-04,-6.407913919651043143e-03
4.563457937993724289e-03,1.438276316617034508e-03,-9.923072108885024056e-04,5.231138366353736821e-04,-5.532540880357626062e-03
4.975343757374840921e-03,2.561096331461474055e-04,-1.347060166853793770e-03,-3.644340869146804910e-04,-3.519959136752513849e-03
4.101297659141600951e-03,-1.122800617761063628e-03,-2.768649708460219939e-03,2.022178489648338712e-03,-2.232025822568670190e-03
2.560763835729990175e-03,-6.130258618395673618e-03,-2.234181430825678532e-03,2.237384479908014184e-03,3.566291733583346057e-03
2.424844519124793717e-03,-8.972490921231691258e-03,-1.835504777644835417e-03,1.665737621250316849e-03,6.717413558501417192e-03
2.314339298816950243e-03,-4.368337407193864479e-03,-9.985255912592367732e-04,2.011452357205630037e-03,1.041071342430522056e-03
1.899648832818723364e-03,-2.583030623279158802e-03,4.550453158127102976e-04,1.238276698050889404e-03,-1.009940223403166162e-03
6.234906460889340710e-04,-3.221680892352645539e-03,3.478818013935537569e-04,3.135564278961147991e-03,-8.852558340909962974e-04
1.344283509805265647e-03,-3.602154528751949115e-03,-5.996036436502752073e-04,3.624592975823717235e-03,-7.671183132267472837e-04
1.545612818965324186e-03,-4.393162186391618221e-03,-1.890320551714921382e-03,4.564054891871512087e-03,1.738150272697101871e-04
2.108188995809765365e-03,-5.929768890693938935e-03,-2.631462350169091850e-03,3.468447062010272287e-03,2.984595183043003540e-03
2.197989604064153318e-03,-7.664147685010903530e-03,-2.932974367902834584e-03,2.919569050164699982e-03,5.479563398684867033e-03
3.598938005021443207e-03,-2.831631910851561528e-03,-2.659948032831842366e-03,1.794266477133519633e-03,9.837546152842920901e-05
5.362709066502185061e-03,2.465008140455024650e-03,-3.678631919854295947e-03,1.593032607624125796e-03,-5.742117894727036091e-03
7.707463776198690726e-03,3.034781621943577652e-03,-3.042419903590294801e-03,-1.367335541642613912e-03,-6.332489952909375712e-03
7.528359949166913562e-03,3.427216073552928795e-03,-3.138621781894632666e-03,-1.472366692746244392e-03,-6.344587548078962913e-03
6.222853992669956195e-03,3.864728590681331972e-03,-1.692043013654166185e-03,-1.152111263572923403e-03,-7.243428306124200314e-03
6.594082563049538659e-03,7.622591594432238417e-03,-1.468858307645282970e-04,-2.169798962479195428e-03,-1.189998936423805956e-02
7.077605403865414903e-03,8.519248905243748116e-03,9.182577881617455182e-05,-3.842698495403235655e-03,-1.184598159252212186e-02
6.196981726322128153e-03,7.799643042973787056e-03,4.342380120575805593e-04,-3.629125950430653856e-03,-1.080173683092284197e-02
6.147115105055450321e-03,8.952321420743761943e-03,-2.118758597283852848e-04,-3.566030610581034932e-03,-1.132153005548982259e-02
5.918361310081725508e-03,9.079948956886562186e-03,-6.602204198416983987e-04,-3.637651113543585116e-03,-1.070043873358302207e-02
5.645255670406489935e-03,7.765747031582378133e-03,-1.344828572078850823e-03,-5.477766170014742100e-03,-6.588407959895291842e-03
5.158211923062519001e-03,7.649113200527802615e-03,-1.785838340906876825e-03,-5.251488221857411251e-03,-5.769998560826030722e-03
5.231726899351406626e-03,7.859148651393832799e-03,-2.665175204631865802e-03,-4.650322737007364995e-03,-5.775377609106008628e-03
6.052369476352456763e-03,6.556808009359369090e-03,-3.045454186815011333e-03,-5.795362815071453122e-03,-3.768360483825335377e-03
5.874137974817661249e-03,4.743628492147866464e-03,-2.751717350776347951e-03,-5.896573034130423753e-03,-1.969476082058755143e-03
4.345483442718568214e-03,2.746823074073765584e-03,-2.763864780614041280e-03,-2.491871184230989942e-03,-1.836570551947303877e-03
1.937205836295902974e-03,2.396400998283200814e-03,-3.026864422428303912e-03,-1.345706754157984875e-03,3.896434200718920622e-05
4.603208249768935586e-04,1.254327028101604553e-03,-1.729459181359542649e-03,-2.082579943444359729e-03,2.097391271725405730e-03
-6.287482931413960769e-04,2.532551302400529820e-04,2.014529313810088250e-04,-2.884146677523095979e-03,3.058186909043436943e-03
-1.745020243188954122e-03,5.288367965270553356e-04,1.992369030319319449e-03,2.266343901938047017e-04,-1.002819973851225418e-03
-4.435512323010686736e-03,4.975440847990330760e-04,4.167632104249745228e-03,-1.697965780586487656e-03,1.468301914548403786e-03
-4.756854055474048562e-03,-2.238074455566075368e-03,5.281917597069673773e-03,1.431598270474376041e-04,1.569851086922999109e-03
-2.395272087263685366e-03,-2.943621708729107951e-03,6.045301125545093739e-03,-1.607197325898446346e-03,9.007899963461412631e-04
-2.424505845268776823e-03,-4.081561258087420402e-03,5.441877350711996249e-03,-1.196918532203567018e-04,1.183881605864578468e-03
-2.702026970201822887e-06,-6.028314747542869514e-03,4.844708445872458399e-03,-6.719677973997226260e-04,1.858276126040321911e-03
-6.827292687999991609e-04,-7.974097696874645966e-03,5.764529642524479809e-03,-6.265272623515153903e-04,3.518824585501706403e-03
-2.146514656092089052e-03,-8.905176677458596923e-03,4.958469491194461912e-03,1.770935965604230862e-03,4.322285876751983877e-03
-2.651148978671964522e-03,-9.012381167489244560e-03,5.530024522483256884e-03,3.354295948118670139e-03,2.779209675559298539e-03
-2.606286692322031927e-03,-8.361794467867054645e-03,6.237024552991906473e-03,3.456950838156723146e-03,1.274105769040490563e-03
-3.127573697773381421e-03,-8.589273100231827746e-03,6.124454887650630612e-03,2.242204183973145123e-03,3.350187726381445141e-03
-3.948234446516531333e-03,-7.562313514622125490e-03,6.473539849289319803e-03,1.799536903373308468e-03,3.237471208476050237e-03
-3.905374680926724379e-03,-6.469970440657188057e-03,5.677846231982362421e-03,2.559482138142278075e-03,2.138016751459286251e-03
-3.029440417319028290e-03,-4.847402091138465485e-03,5.141997844946222945e-03,1.543432476547856478e-03,1.191412186963411316e-03
-4.868034295909704108e-03,-3.913121373089381745e-03,5.324980898491381114e-03,2.518225655694232654e-03,9.379491148134930104e-04
-3.928357792705696599e-03,-3.275673065924069368e-03,4.376401524694440923e-03,2.027528873118709940e-03,8.001004608165988418e-04
-1.849461569701157503e-03,-3.134637208958225736e-03,4.556594924887775490e-03,-9.403634109437563953e-04,1.367867264715354495e-03
5.707830432762342943e-05,-2.171824577748328496e-03,3.925616110891216176e-03,-2.662786565403209380e-03,8.519167279326903420e-04
-1.929094101687740814e-03,-1.656187792384919118e-03,1.313662427480617474e-03,5.120563075917073043e-04,1.759563159000338082e-03
1.568193755144557189e-03,-3.540582321210404646e-03,1.849504207019153634e-03,-5.283507043228097321e-04,6.512350633695038801e-04
1.435451007921467650e-03,-8.601227370497760861e-04,1.638017842942667132e-03,-4.642403227139221301e-03,2.429057113324863473e-03
8.438274847388719906e-04,1.464008114238187636e-03,8.291050173426122750e-04,-2.571250698743829475e-03,-5.656899175758428600e-04
3.211661619965071671e-03,2.715374238993484724e-03,1.548311214358927008e-03,-5.418977479746340045e-03,-2.056369593571141189e-03
3.987261752824359899e-03,2.695687220818100346e-03,1.112116981485157920e-03,-5.108358556968022393e-03,-2.686707398159593821e-03
3.915280830980636013e-03,2.658921134949197070e-03,9.875507534966344609e-04,-2.578274153851733627e-03,-4.983478565574739338e-03
3.510753666479455529e-03,3.909563407235081174e-03,4.280144865825086589e-04,-1.953682932152887419e-03,-5.894648628144157076e-03
4.035953014869109526e-03,5.808115319661676448e-03,2.602684254165936635e-03,-4.178722352188610038e-03,-8.268030236508086550e-03
1.711584730128326006e-03,6.769961446657785965e-03,4.349953580081905406e-03,-2.622544836352257939e-03,-1.020895492051575836e-02
2.481431044996635846e-03,5.929456879232578720e-03,3.222984509116748244e-03,-2.581097493072229392e-03,-9.052774940273740356e-03
3.513681132895497827e-03,5.128669438400295863e-03,1.756731202575929430e-03,-2.979708815166416756e-03,-7.419372958705293571e-03
4.489264648618168478e-03,2.326774194171755267e-03,1.937456941998596258e-03,-1.696011987194245060e-03,-7.057483797594266486e-03
4.748765638402510821e-03,3.846566499784373656e-03,-1.925526462368519660e-03,1.087732092446826778e-03,-7.757537768265181620e-03
4.963750851257096343e-03,3.435787520562206664e-03,-2.103455538413559131e-03,9.905448423820897505e-04,-7.286627675787845336e-03
5.029465982886733265e-03,2.694946914241930138e-03,-1.656228031685286380e-03,2.660205447365356483e-05,-6.094786919917025841e-03
4.616907517424268317e-03,9.304681853512667203e-04,-1.811734625496166538e-03,5.967903516376106684e-04,-4.332431428916977759e-03
3.987365908639039537e-03,-6.497920794647469049e-04,-2.957684893877448543e-03,2.371045725822314588e-03,-2.750934661119153364e-03
2.702916852817309479e-03,-6.244997095181971207e-03,-3.086880043183517271e-03,2.728754186596470382e-03,3.900206098951713822e-03
2.449184755247236795e-03,-9.707436676847298537e-03,-2.342946483235160051e-03,1.998496226201122283e-03,7.602702178634101679e-03
2.772822589065469020e-03,-5.119950838524984539e-03,-1.207323487998183693e-03,2.568006400151980409e-03,9.864453373057337649e-04
2.499968106658117216e-03,-2.767728530664407931e-03,1.487857690332848538e-04,8.295569124552551899e-04,-7.105822574822500065e-04
9.320097845877972111e-04,-3.423342486145556328e-03,8.336293132845927229e-04,2.457893145888514867e-03,-8.001897576153393660e-04
1.765616161423921773e-03,-3.893448987429603235e-03,-8.650739321773731096e-04,3.662623668876792762e-03,-6.697169106937356968e-04
2.245150164578595120e-03,-4.631066631071700627e-03,-2.412043385536065745e-03,4.266603164706702159e-03,5.313566873224673595e-04
2.342252003284638149e-03,-6.386117493727368200e-03,-3.371322522916849959e-03,3.975325088668080729e-03,3.439862924691495377e-03
2.045777780888178264e-03,-7.188710126711167665e-03,-3.368714777579150457e-03,3.176287370754192832e-03,5.335359752647930547e-03
3.480565084215706591e-03,-1.150499124754795176e-03,-3.215563616774737461e-03,2.212128688313341057e-03,-1.326631030999518264e-03
5.486760056334346290e-03,4.581551238227029796e-03,-3.899432341820506780e-03,1.284370776606832184e-03,-7.453249729347703224e-03
7.897321288935223518e-03,3.783865084392061887e-03,-3.502028750909447815e-03,-1.287807791865877528e-03,-6.891349830551949870e-03
7.591688757754898841e-03,4.760939102950870541e-03,-3.622847848957820929e-03,-8.798287775284586434e-04,-7.849951234219488400e-03
6.740142510232735584e-03,7.027950677713937742e-03,-1.594567211543513902e-03,-1.933454222001144062e-03,-1.024007175440199389e-02
6.923261818314539393e-03,8.241199493674484372e-03,-5.761896459077118192e-04,-1.994086666599617901e-03,-1.259418499948167236e-02
7.046406812188162061e-03,8.461036999000946107e-03,-3.685801964306108431e-04,-2.983581139739379263e-03,-1.215528247501910381e-02
6.289441982182539942e-03,8.748844440760447649e-03,1.343849403253428521e-04,-3.476201250310476717e-03,-1.169647011295785015e-02
6.334050140271507007e-03,9.781320353310436061e-03,-6.603409809298935564e-04,-3.284322471560085360e-03,-1.217070704109196773e-02
5.618484322845357197e-03,8.782670610793864505e-03,-9.808012871562062605e-04,-2.866773187394850483e-03,-1.055358045908818578e-02
6.089921341065354654e-03,8.106079751690503654e-03,-1.670067817845509754e-03,-4.146248147120827621e-03,-8.379685127789545870e-03
5.569740512696828676e-03,7.787882476959010793e-03,-2.362800014799387380e-03,-5.060987047911756458e-03,-5.933835926944693029e-03
7.015318890023841507e-03,7.112582074387220447e-03,-3.356436975141837906e-03,-5.942057679073930489e-03,-4.829406310195288356e-03
6.764658285697293730e-03,4.931290206594085221e-03,-3.954259838509467488e-03,-4.787659280927018292e-03,-2.954029372854884931e-03
6.528386867274612107e-03,2.353517004907718178e-03,-3.002209502158949880e-03,-4.945863504816628599e-03,-9.338308652067630819e-04
5.037816411716339489e-03,7.150224501964659888e-04,-2.815958746703214801e-03,-3.757194758587322023e-03,8.203146433777263593e-04
2.504394717725655015e-03,-1.201601589015085245e-03,-1.887828473537504380e-03,-1.515103901342695642e-03,2.100139246169631119e-03
-5.503191039817503620e-04,-2.405562711491495906e-03,-1.509143024950291298e-03,-9.789669213537483732e-05,4.562921532558911197e-03
-1.008521007510447846e-03,-3.354002119400325589e-03,1.657650138164208035e-03,-2.939515189058948801e-03,5.644388177805510082e-03
-4.051483676896998343e-03,-2.888982827544327343e-03,3.013941599881325185e-03,-1.287334899891909908e-03,5.213859804451905638e-03
-3.980835340441603136e-03,-2.561381119157887711e-03,4.594852901184266064e-03,-2.258964392454005949e-03,4.206327950869231599e-03
-3.959516108408454686e-03,-3.348795385707437240e-03,6.382233337862777862e-03,-2.861407454656681067e-03,3.787485610909795564e-03
-1.229118616261323403e-03,-4.726616253056886534e-03,6.368810491932890179e-03,-3.191515432558230357e-03,2.778439809943543393e-03
-5.532952224698986033e-05,-5.090573533372974406e-03,5.585593970520751246e-03,-3.175988697260568976e-03,2.736297782359774569e-03
1.554451351330776417e-03,-6.224595268440960734e-03,5.253504551194485873e-03,-3.019761338408658013e-03,2.436400704324355373e-03
9.904047200453439462e-04,-7.172663614303724337e-03,5.828428946127022295e-03,-1.999863282498114906e-03,2.353693230629469533e-03
-1.177962813356540602e-03,-7.804365141816054299e-03,5.834472801642184327e-03,7.215973661435941050e-04,2.426257787386804001e-03
-2.335955317706760875e-03,-7.141610864573803667e-03,5.884628714549948111e-03,1.462350704324457545e-03,2.130586763406152381e-03
-2.322777235771447332e-03,-8.044802357812540217e-03,6.217718035856368772e-03,1.596339841047676386e-03,2.553521716679969713e-03
-2.765981275584578417e-03,-8.600574705595260758e-03,6.306759765961689364e-03,1.695954777610546652e-03,3.363841437607597521e-03
-4.183936413277366401e-03,-7.874424392939043810e-03,6.463554719048255660e-03,2.573780733134245057e-03,3.021025354033945922e-03
-3.316892616470863177e-03,-6.801486914952583132e-03,5.895755322801994255e-03,1.496222167180304499e-03,2.726402041441161432e-03
-3.068539596491992420e-03,-5.722970535696305858e-03,5.015599613878315294e-03,1.872526755734108548e-03,1.903383762575879207e-03
-4.436404061948647295e-03,-4.500906072520966493e-03,6.314481410130801976e-03,1.148444522959915807e-03,1.474384201378908148e-03
-4.320629535475703151e-03,-5.017053752909035949e-03,5.447850814587906418e-03,2.116535018244351026e-03,1.773297455552469946e-03
-4.022758423647522855e-03,-4.849736518589941280e-03,5.259669401497484367e-03,1.113711866208738936e-03,2.499113674531239747e-03
-7.611782747357584986e-04,-3.757097471575825739e-03,4.892550718767763041e-03,-1.660734835794686797e-03,1.286459863338511572e-03
-4.549994130398319768e-04,-2.627239873131690176e-03,3.284322765315244447e-03,-1.885239686781782845e-03,1.683156207638063315e-03
1.666591733705725335e-03,-2.695351551571887033e-03,2.739643951313357022e-03,-5.347071674577551920e-03,3.636187541130339249e-03
1.618925096866143803e-03,-1.787795279465982266e-03,1.658172852103356916e-03,-4.727356822880598997e-03,3.238054153377088133e-03
2.502364935011313577e-03,-4.684806613997301913e-04,1.225329189895383751e-03,-4.032794538966949331e-03,7.735810754599818694e-04
2.594142602298436188e-03,1.525597921212051584e-03,6.597913398689915238e-04,-3.505740014790597811e-03,-1.273791848588876063e-03
3.543753309249710222e-03,2.033827856242157676e-03,9.337945581529956624e-04,-4.904067290371878253e-03,-1.607308433272982163e-03
3.385213999613311594e-03,2.260790600753099979e-03,1.675314956679847117e-03,-1.810614320092077730e-03,-5.510705236954171853e-03
4.135839852597461910e-03,3.757140919232612730e-03,1.215610644078373532e-03,-3.948235785988247169e-03,-5.160355629920200353e-03
3.840798957517466659e-03,3.630013559074397964e-03,2.390692929109743386e-03,-4.207529612437836339e-03,-5.653975833263761262e-03
2.088375378800691289e-03,4.807925846373352699e-03,3.113842438301395957e-03,-2.133561689836678630e-03,-7.876581973638774326e-03
2.588725571465643523e-03,5.872080115072926022e-03,1.842809194193857115e-03,-1.480637217490935560e-03,-8.822977663241462695e-03
3.380780083187905245e-03,6.516123652857441252e-03,1.171861678289070697e-03,-3.345812823976357289e-03,-7.722952590358029765e-03
3.667089617302499594e-03,2.811326538089726264e-03,8.596991374956805413e-04,-3.435050851778028114e-05,-7.303764784370125190e-03
4.211602541831122558e-03,4.166879202507862978e-03,-2.285006980392313789e-03,1.530869941970221249e-03,-7.624344705916891694e-03
5.353263897224944112e-03,4.261202560775659808e-03,-2.635800106158803311e-03,1.494369127441972072e-03,-8.473035479283762272e-03
4.913983660134587858e-03,3.805938891614050416e-03,-2.463547563444855402e-03,3.085799851665022649e-04,-6.564954973470294407e-03
5.193642446976349213e-03,2.272464150692375760e-03,-2.542863155785719202e-03,2.262054826239977799e-04,-5.149448924506999647e-03
4.357528630380269087e-03,6.202250284744509519e-04,-3.448250047270366367e-03,2.011246837355515175e-03,-3.540750448939873184e-03
3.252899321970620806e-03,-5.884020563351377055e-03,-3.258356193297790113e-03,2.481009156337150856e-03,3.408468278341408083e-03
2.569126237001272042e-03,-9.908629799985279804e-03,-2.665462274192803831e-03,2.103243758583148420e-03,7.901722078593629781e-03
3.120158837600825984e-03,-5.504870008523292564e-03,-1.647069381338597338e-03,2.904212830105493224e-03,1.127567722155582404e-03
2.533406872968240429e-03,-2.970773254790580898e-03,-1.551145621764176335e-05,1.315534071781204826e-03,-8.626562337412150248e-04
1.069914416173101774e-03,-3.538086039542148384e-03,7.660503763399243923e-04,2.351903205889792001e-03,-6.497819588606744455e-04
1.602157519109300137e-03,-3.634251359649298425e-03,-1.233443766735146810e-03,3.851533362156915000e-03,-5.859957548817731551e-04
2.291720114760394458e-03,-4.475337920291966136e-03,-2.901836263849653149e-03,4.517288197490226809e-03,5.681658718909888021e-04
2.083685612422498182e-03,-5.885044023495585551e-03,-3.764196867428896108e-03,4.183663417863184818e-03,3.381891860638809068e-03
2.042483269879758617e-03,-5.836012096013633473e-03,-3.769695169921308785e-03,3.503391187470155516e-03,4.059832808585020318e-03
3.478430944418310286e-03,6.129204318232955254e-04,-3.692926181996130860e-03,2.345050682100121610e-03,-2.743475876345578563e-03
5.792963955940103049e-03,5.579409706873322480e-03,-4.354719912830299147e-03,1.286452126986111942e-03,-8.304105876969234204e-03
7.965528341183504557e-03,5.963905969454164763e-03,-3.983163664322474269e-03,-1.482434096818753240e-03,-8.463836549496443762e-03
6.738866218035627353e-03,8.463143995815792034e-03,-3.913454716659115970e-03,3.967319507390769774e-04,-1.168528744793136988e-02
5.709938541595358311e-03,8.828627599432743375e-03,-1.926763664525639116e-03,-1.066215809744787413e-03,-1.154558666675768383e-02
6.652196833352648150e-03,6.919912037844416254e-03,-8.857530810939544426e-04,-7.656604794351205487e-04,-1.192069531066800719e-02
6.793434186109989503e-03,8.984335397028841638e-03,-6.483975173085459271e-04,-2.886005951405340442e-03,-1.224336611442496114e-02
6.551312929662587471e-03,8.947903547984907557e-03,-3.885360667586794034e-04,-2.863024915816723276e-03,-1.224765549507207153e-02
5.814593487201305186e-03,8.767005403642422895e-03,-5.983396305117857179e-04,-2.911820462999799384e-03,-1.107143879733215111e-02
5.314606785665679581e-03,9.005342252169730791e-03,-8.074325196876775117e-04,-3.128733595290533308e-03,-1.038378292285722232e-02
5.660655174339890294e-03,7.750155107697219090e-03,-1.445282607363688847e-03,-3.184384288282075468e-03,-8.781143386391349406e-03
6.190547761570149195e-03,6.343381313544971603e-03,-2.359748910716774617e-03,-5.399766888403046729e-03,-4.774413275995287309e-03
6.100039343542515424e-03,4.592991113812661813e-03,-3.370454879895765348e-03,-4.209099092102704803e-03,-3.113476485356718795e-03
6.090208434754039793e-03,1.924452814517229812e-03,-3.380113035940071359e-03,-5.025736399354411785e-03,3.911881860231987938e-04
6.412430360596889367e-03,-1.809346083318685481e-05,-3.809765188518344711e-03,-4.032199435628819675e-03,1.447627724383456806e-03
5.630837855529172327e-03,-6.633946200392088714e-04,-2.299933358764637888e-03,-4.310374449502100101e-03,1.642864572776778871e-03
4.663190407381896663e-03,-1.737539633351156210e-03,-6.558802118733054283e-04,-5.180784795796667189e-03,2.911014233639231622e-03
1.306168885025132519e-03,-3.537468262916934527e-03,-1.072236483630803440e-03,-1.629750158583981139e-03,4.933286020106596344e-03
-7.493173262549375577e-04,-3.982484515289118343e-03,1.780258028058546863e-03,8.527296242330272349e-04,2.098814189252477033e-03
-1.936711492848388651e-03,-3.567324131809269851e-03,4.799257287041654683e-03,-3.985048876974746877e-03,4.689827214590761538e-03
-3.648664710719051567e-03,-3.935145358535514781e-03,6.547200656515899352e-03,-3.452318453815838976e-04,1.381841258120264284e-03
-4.380707856448761046e-03,-4.234526197541940012e-03,7.569054876071156131e-03,-2.525244232787198645e-03,3.571423410706753981e-03
-5.594922968313999299e-04,-4.683837928748296742e-03,7.072162569332227956e-03,-2.434055393818135727e-03,6.052230500655988044e-04
1.536964045577769245e-03,-6.874092059730148828e-03,6.475019993333237973e-03,-4.283135975322850675e-03,3.145243996141993369e-03
1.146666131889469576e-03,-8.116398988245569074e-03,6.281800010231672858e-03,-2.649964277358102943e-03,3.337897123482528282e-03
1.064847637579451316e-03,-7.998700958409547118e-03,6.585486461408287216e-03,-2.443108689890304865e-03,2.791475549312115185e-03
-4.660757431548979567e-04,-8.112052623829201642e-03,6.156210647281394784e-03,-2.148329203615470442e-04,2.636750640064277392e-03
-1.013299068102679586e-03,-7.708427271903197341e-03,5.853903816571018846e-03,7.794734855570551032e-04,2.088349037877810024e-03
-9.277104974422400617e-04,-8.591049699626282163e-03,5.369054349913192879e-03,1.167192818788394346e-03,2.982513028366929470e-03
-1.244278982780648449e-03,-8.387698153316594518e-03,5.893327412727450594e-03,7.968544552813696226e-04,2.941795268088428714e-03
-2.817178010061089592e-03,-7.851708387347760415e-03,6.555785839026203286e-03,1.276286631978533698e-03,2.836813926404133188e-03
-3.208554675067464782e-03,-6.991213150815345917e-03,6.486570889034040492e-03,1.666123180726845638e-03,2.047073756121917196e-03
-3.595666937957855882e-03,-6.036733014512110987e-03,5.794674965243639883e-03,1.762752087344038494e-03,2.074972899882267241e-03
-3.104178518084564804e-03,-5.312146987227073756e-03,8.457655625003210331e-03,-2.217058878324993949e-03,2.175728758633411336e-03
-3.478777970396031063e-03,-5.283064587426336382e-03,8.068743505056723622e-03,-1.089536579308639794e-03,1.782635632074295109e-03
-3.641541622231732594e-03,-4.860169563210899914e-03,6.174261219115594924e-03,3.276529543162088470e-03,-9.490795768350460083e-04
-1.281003155956905986e-03,-3.902337466484328242e-03,5.295675117839405456e-03,-1.135366605279310463e-03,1.023032109881142271e-03
-1.356886858943700527e-03,-2.834637999662024260e-03,4.113248020042983670e-03,-1.448282382017732940e-03,1.526559220580477093e-03
9.302250677372498559e-04,-2.695429143370652644e-03,3.399316415708579422e-03,-5.036322590842726502e-03,3.402210250767537941e-03
2.117768723632825010e-03,-2.338443083783037311e-03,1.777118314539900042e-03,-4.615660564409733956e-03,3.059216610020035806e-03
2.362523735820137080e-03,-1.655831302705759950e-03,9.533602542613216256e-04,-2.956984041923889014e-03,1.296931354548190585e-03
4.166134047840959649e-03,2.150652495325217021e-05,1.318724676953167635e-03,-5.693443997466492504e-03,1.870787477191206420e-04
3.946814300752496570e-03,6.856877005180973426e-04,1.173413125565617903e-03,-4.973702461352132696e-03,-8.322126654840849734e-04
3.219037243627181476e-03,1.894580419314420084e-03,1.877722012807677516e-03,-2.975452991292117360e-03,-4.015886684457165186e-03
3.505247698579621630e-03,3.248111727990330485e-03,1.701474591324414476e-03,-3.391918078986288273e-03,-5.062915938908080053e-03
3.578080921346269653e-03,3.781923402810443390e-03,2.656129714422502189e-03,-4.102011833863208543e-03,-5.914122204715994112e-03
2.469607279322381596e-03,4.212312694687661736e-03,2.263987855218723821e-03,-2.117930726055496180e-03,-6.827977103173270106e-03
2.699913563042516222e-03,5.660313359446687842e-03,1.529421229583299629e-03,-1.661470474148621585e-03,-8.228177677923904226e-03
2.608792206929307859e-03,7.291058001301017888e-03,4.674365532868277593e-04,-2.385439583689242388e-03,-7.981847177827922774e-03
3.971982717119766117e-03,5.321997054215405788e-03,-8.793170638335743965e-04,3.566575221761470187e-04,-8.771320229677746425e-03
4.466005191600158804e-03,4.667968895850288687e-03,-2.651389599510335128e-03,1.853397551681373445e-03,-8.335982039621490577e-03
5.002125567292785291e-03,5.480495699728824520e-03,-3.146843390068807412e-03,1.828558563749854400e-03,-9.164336440702615383e-03
4.466180531303222921e-03,5.345049820395872051e-03,-2.520803530802870687e-03,6.767435876684342556e-04,-7.967170408564637832e-03
5.071547836718299715e-03,2.904826444807208970e-03,-3.123748801890502760e-03,1.660471802946630795e-03,-6.513097282581647128e-03
4.672682873877381099e-03,7.590155757369813471e-04,-4.045954542893146280e-03,2.185927972237116605e-03,-3.571671878958352069e-03
2.825351063682300136e-03,-4.823067097106465556e-03,-3.656910783311040358e-03,2.934970539903495462e-03,2.719656276831722459e-03
2.780222991604616289e-03,-1.030815755319551205e-02,-3.030941119974966264e-03,2.647583405123540411e-03,7.911292276442289523e-03
3.282404160877250374e-03,-5.840296030987542422e-03,-1.649415037413440831e-03,2.012414204093638387e-03,2.194892703430107068e-03
2.666606974670480794e-03,-2.790986695156517060e-03,-2.189201086699725410e-04,1.148088063606080922e-03,-8.047882344500861557e-04
1.332676189303565531e-03,-3.764454192080403643e-03,9.726551252626932341e-04,2.078446206898196345e-03,-6.193233293840434434e-04
1.408825871672518071e-03,-3.569246548024304633e-03,-1.588585328501331169e-03,4.432274446995150032e-03,-6.832684421420178811e-04
2.215089557855863013e-03,-3.969782320570815377e-03,-3.078240754533793401e-03,4.677955251123342741e-03,1.549782661253892011e-04
2.201499013530703458e-03,-5.143233159086543077e-03,-3.862141165389273816e-03,4.140729984168404869e-03,2.663145326776712035e-03
2.064898003479655707e-03,-5.028353545180273484e-03,-4.058591366149670761e-03,4.038021560749434011e-03,2.984025347100855829e-03
2.734577360267720792e-03,1.228444228512650185e-03,-4.022133141460757823e-03,3.643133403835502153e-03,-3.584021851155123981e-03
5.459802280028992760e-03,7.120605110642132946e-03,-4.467127744509336550e-03,1.486856012456069104e-03,-9.600135658617815759e-03
7.199117391847482082e-03,9.907492280032443796e-03,-3.786267273778592523e-03,-8.279437941299000068e-04,-1.249239860397141980e-02
6.698485568493847166e-03,1.107308290174713154e-02,-3.787387726486100576e-03,2.588417085287749819e-04,-1.424302245228368027e-02
5.758672876257202485e-03,8.635275188602039784e-03,-2.582417597462386034e-03,-9.628850802415173365e-04,-1.084864538715533261e-02
6.099924501892437824e-03,6.727901551892839262e-03,-1.050209586557680113e-03,2.747075269874680518e-04,-1.205232399421508026e-02
6.869516644491945045e-03,9.200669963743456428e-03,-7.358985145485991705e-04,-2.870394186641619765e-03,-1.246389390704518915e-02
6.486806699662209588e-03,9.637771211846805561e-03,-4.770359092321224291e-04,-2.609720095526178816e-03,-1.303782190675066045e-02
5.536737068604932407e-03,9.753364664233075271e-03,-2.205048058620399489e-05,-2.881574369530411506e-03,-1.238647688272142937e-02
4.603367743561311183e-03,8.812176450956167931e-03,-2.247554554333812328e-04,-3.111095865908818092e-03,-1.007969287317527461e-02
4.793613363426735274e-03,5.977269676410188609e-03,-8.860657402934886276e-04,-3.147772005599428977e-03,-6.737045293944002484e-03
5.599613521456521005e-03,3.861472742070000842e-03,-1.816460693713219891e-03,-4.871180419981317213e-03,-2.773445149831988647e-03
7.018330783385579204e-03,2.019753438172894235e-03,-2.891240031275976816e-03,-5.306898431652495862e-03,-8.399457586299953395e-04
7.584944169260893210e-03,-2.421417577144345358e-05,-3.617060324339575229e-03,-5.553499866694178166e-03,1.609830197544293235e-03
7.615149172098460359e-03,-9.533172161963185181e-04,-2.888939727699959843e-03,-6.083882471034425532e-03,2.310990242832234969e-03
6.795905891564295136e-03,-1.221161330095623049e-03,-1.361271089731234648e-03,-6.036652644380337274e-03,1.823179172642905039e-03
6.514068593218155616e-03,-1.967309250646853084e-03,1.092965233423497269e-04,-7.050876285345387268e-03,2.394820419431713514e-03
2.598670637746004850e-03,-2.756240158909300728e-03,3.685485375540845337e-04,-3.798954168630678217e-03,3.587975152239894494e-03
1.297271725567493905e-03,-2.954857716943991124e-03,2.115152089493081266e-03,-3.681855332471172491e-03,3.224289234354596467e-03
-6.140684243527295538e-04,-2.457558553872511535e-03,5.159964704683938329e-03,-2.734042674022323961e-03,6.457049475636445022e-04
-3.904242662156683259e-03,-2.090347734038788298e-03,7.572843044835041171e-03,-3.135770836562200986e-03,1.557518187922632457e-03
-2.488942020918200829e-03,-2.473728303197787748e-03,8.820231213530762074e-03,-5.060285723782222828e-03,1.202724834367422009e-03
1.752078857622341266e-04,-4.712354927888422543e-03,7.979906180035571672e-03,-4.099544124570747919e-03,6.567849866613819287e-04
-1.695962588390365425e-04,-5.660994340147327761e-03,7.319112983739530821e-03,-3.048813312516045638e-03,1.560290927762870202e-03
-5.183707728062276338e-04,-7.008324047854268962e-03,6.997817103312362931e-03,-1.759745522166302010e-03,2.288623239514408353e-03
-6.447762626527200024e-04,-7.911123662230982664e-03,7.204743270687697515e-03,-9.146507449903246720e-04,2.265807399186350532e-03
-2.836848063213403474e-04,-8.470654286049844606e-03,6.181641141773692484e-03,5.303874758646734504e-06,2.567394075838834531e-03
5.986028407690363682e-04,-8.677318770580408347e-03,5.630791537805438646e-03,1.385104959676162388e-03,1.062819432329761620e-03
1.478727992394665786e-03,-7.931229974626459109e-03,5.391128430845088144e-03,-9.214898441602532549e-04,1.982863395546947266e-03
1.275747846719761614e-03,-6.965454051336529041e-03,5.564060539275562586e-03,-3.965662575281493564e-04,5.222119228693403734e-04
-1.547448438898418356e-03,-5.814039397071023643e-03,5.749384084532732121e-03,1.422447984648698158e-03,1.896557667880167616e-04
-2.822610543138421094e-03,-5.578962992200587126e-03,7.241265845959017448e-03,1.124355364870748691e-03,3.595232450923081092e-05
-4.323234258261557557e-03,-4.519794378453009104e-03,7.796932240032531519e-03,1.875293495680215559e-04,8.585670471140085169e-04
-3.704500497698081426e-03,-4.185099378153367411e-03,9.409156724153747500e-03,-2.801525555351069841e-03,1.281968707048780068e-03
-2.221278617752538934e-03,-4.377992717335088720e-03,9.794653107175895282e-03,-4.596769835407237860e-03,1.401388063318972400e-03
-3.509004698063797334e-03,-4.674963386979199415e-03,7.532085058576562867e-03,-2.073919561794732285e-03,2.725802588261169637e-03
-1.515781735112909463e-03,-3.472172259429914982e-03,6.077405511662688914e-03,-3.077612789566560106e-03,1.988161272446694987e-03
-1.241883174205760977e-03,-2.254135959239528947e-03,4.159439582380253415e-03,-2.052426094021901366e-03,1.389005645086937007e-03
6.841727246974855419e-04,-2.769394524064452533e-03,3.097515271433087716e-03,-2.155078095821277178e-04,-7.967856624839951205e-04
2.025185009313207850e-03,-2.432747781035722069e-03,2.455677282369134445e-03,-4.189168362956380287e-03,2.141053852309749653e-03
2.544024014174096990e-03,-2.412223135485570043e-03,2.045650382558065507e-03,-4.580238094393922731e-03,2.402786833147338517e-03
3.665511972638753162e-03,-7.407183878458185227e-04,1.196777907409945357e-03,-4.931929035991574999e-03,8.103575437886826422e-04
4.125275773208138437e-03,5.977414706704427738e-04,1.314274687288573967e-03,-5.356749872463076670e-03,-6.805420587040789419e-04
2.611223059906678766e-03,1.248619976717081637e-03,1.346205403840965067e-03,-9.328830033468909263e-04,-4.273165437117851240e-03
3.287989002302169148e-03,3.446739914628359908e-03,1.255257409420955979e-03,-2.512460616505337013e-03,-5.477525709846159732e-03
2.079572938539666141e-03,4.691971609008755394e-03,1.672297787855659291e-03,-1.444530437569580472e-03,-6.999311897834520520e-03
1.951310847134601770e-03,4.135846660089540633e-03,1.729312897156377827e-03,-1.267863538450035143e-03,-6.548606865930473378e-03
2.825329141812583933e-03,5.475284250804145214e-03,1.465268009654101559e-03,-1.868069847423184555e-03,-7.897811554847639429e-03
4.372058199932965863e-03,7.941532977596874390e-03,4.267684746755963051e-04,-4.227768268818668518e-03,-8.512591383386740665e-03
4.106128391224999133e-03,5.079919190726961582e-03,-1.586265369048521891e-03,1.095146386045274924e-03,-8.694928598948714615e-03
3.909425843038650400e-03,4.660671988350915777e-03,-2.718728525529451670e-03,2.839880779615075977e-03,-8.691250085475206097e-03
4.697378743442545690e-03,5.780230953772304975e-03,-3.350623660588642003e-03,2.438039409388056359e-03,-9.565025446014242469e-03
4.640021168055638232e-03,6.557944909578794675e-03,-2.259520928123092375e-03,7.247247435272432961e-04,-9.663169893038574612e-03
4.430120702369129068e-03,4.875392926670784471e-03,-3.231454367049308406e-03,1.913685530769493716e-03,-7.987744792760072612e-03
3.463472338693213658e-03,2.268694234237758178e-04,-3.905910804803198761e-03,3.865104275667359448e-03,-3.649535232981142383e-03
1.960566584146821584e-03,-4.159047138822204517e-03,-3.507824533186469033e-03,3.182925322495450994e-03,2.523379765366433498e-03
2.642207393508693228e-03,-9.609797259986499127e-03,-3.041609821968339119e-03,2.791559073808546395e-03,7.217640614637615103e-03
2.841490902050350983e-03,-5.742550652931772796e-03,-7.905811520437743250e-04,1.409769754842181986e-03,2.281871148083001576e-03
3.148480380969583946e-03,-3.294101975495433363e-03,8.268265269498199755e-05,8.931055720861944382e-04,-8.301666302553248377e-04
1.515855959195447876e-03,-3.846842706933911640e-03,1.490991087120626573e-03,1.665297087808640612e-03,-8.253014271908011438e-04
1.241330443983880167e-03,-3.048449969591686404e-03,-1.394490529322358263e-03,4.301805304484780830e-03,-1.100195249554608307e-03
2.094791875036433864e-03,-3.291749091559060744e-03,-2.924305659722656586e-03,4.458137066192449129e-03,-3.368741899471697828e-04
1.623722633778776391e-03,-4.032413875172329888e-03,-3.919302737350877780e-03,4.568485016817604334e-03,1.759508961926823907e-03
2.122623016582580926e-03,-3.153521500772988023e-03,-4.339465065091831913e-03,4.074462854777131937e-03,1.295900694505104037e-03
2.808693913857956883e-03,2.914780435415563042e-03,-4.077220876919843487e-03,3.662164817348532476e-03,-5.308418289702189832e-03
4.650653903869327727e-03,1.035179086224243851e-02,-4.198381736342004025e-03,1.755710977815032455e-03,-1.255977400758476886e-02
5.851597683296102907e-03,1.229788004322814737e-02,-3.472470814772336042e-03,4.861810891372321812e-04,-1.516318800088912316e-02
5.961439924930408973e-03,1.042142433284369042e-02,-3.529080940557318205e-03,4.393140529538444366e-04,-1.329309737017062704e-02
5.896000452028983020e-03,8.938757102037314661e-03,-2.505748882823335185e-03,-1.180182161052967076e-03,-1.114882651018998111e-02
5.762432086424408052e-03,6.700178253199709673e-03,-6.536988040420802859e-04,-2.583549120585031849e-04,-1.155055662352350715e-02
6.604023058422532101e-03,9.564759088352355748e-03,-2.415049821772834301e-04,-2.903501225161686343e-03,-1.302377593943591406e-02
6.162121579109674716e-03,1.167070694252981058e-02,-4.744181810933748846e-04,-2.753954049509804106e-03,-1.460445629103629753e-02
5.695587322014313003e-03,1.021617541506037764e-02,2.447545894065253241e-05,-3.242406713320625418e-03,-1.269383148269469935e-02
4.626256200201425348e-03,6.789159435315500132e-03,-3.784975468892689426e-04,-2.476276059191855755e-03,-8.560642029435806474e-03
4.047990578942075278e-03,3.578475410197206729e-03,-6.302120039046283598e-04,-3.106693611230954520e-03,-3.889560374003691971e-03
6.265899587602813750e-03,1.694639731827218354e-03,-1.202133240552585424e-03,-5.341303100455892239e-03,-1.417102978421574825e-03
6.804601670560340293e-03,3.797723534922823295e-04,-2.331779023382273518e-03,-4.781257172145208373e-03,-7.133782852513789947e-05
7.259693435459350225e-03,-6.347114499583734462e-04,-2.911985162574359104e-03,-5.442776459647657473e-03,1.729779636721052050e-03
7.157167082875246465e-03,-6.477994484151901886e-04,-2.451439799584764854e-03,-5.852912698658692577e-03,1.794984863783421862e-03
6.478936426972602483e-03,-2.367144642884336919e-04,-1.758462417367921389e-03,-4.136021951370492944e-03,-3.477375939457488471e-04
6.735505910607656258e-03,-8.881094720885030728e-05,-7.857327606041887677e-05,-6.311066985413002657e-03,-2.570547019253873844e-04
2.430302449022681520e-03,-4.887312626351672561e-04,1.985215783506899903e-04,-2.733445300014564552e-03,5.933525352763514621e-04
1.367111677000593020e-03,-1.701761983759180656e-03,3.304836093317037055e-03,-2.829359546478915979e-03,-1.408262400795162001e-04
-1.332229276057389500e-03,-1.756106253876964923e-03,5.863799375742544985e-03,-9.741910556520140410e-04,-1.801272790156174678e-03
-2.154317596996254726e-03,4.539690416401795077e-04,7.801888018522444741e-03,-3.843867269624802897e-03,-2.257672193541575192e-03
-3.651302307090466704e-03,4.365728485544106367e-04,8.724999029890941060e-03,-2.941295827918114728e-03,-2.568973743436783492e-03
-2.551628116279494943e-03,-1.274162052141203805e-03,7.577575394932723266e-03,-4.027474819545871451e-04,-3.349037744557445666e-03
-1.402224127329543485e-03,-1.941858309131049617e-03,8.089796840463105154e-03,-1.566819446033719185e-03,-3.178894957968788747e-03
-4.594249476137087992e-04,-2.738531133949012250e-03,7.943435671653314989e-03,-2.159595840470692005e-03,-2.585883749619901067e-03
-4.924059902126914781e-04,-3.628219243449895461e-03,7.056162504007629406e-03,-2.605499649425082232e-04,-2.674987305402522046e-03
1.569540765999061888e-04,-4.523446443287394182e-03,5.962504570144749536e-03,4.396673745472598829e-04,-2.035679578004529530e-03
6.611365122305867164e-04,-4.773889227346820099e-03,5.346556163161085042e-03,3.044684967590512679e-03,-4.278488415635350352e-03
1.278883695171652421e-03,-4.674274466737523594e-03,4.707510440897072143e-03,2.856260250483804927e-03,-4.168379919815003512e-03
2.455205165463522025e-03,-4.196713390642990531e-03,4.802173485680865175e-03,-8.175784174867641377e-04,-2.243086843014630363e-03
2.315608731772748820e-04,-3.674972241839628926e-03,5.928879835763906613e-03,1.017798766578855286e-04,-2.587248343759438341e-03
-2.838374269803254669e-03,-3.655600115837642598e-03,7.936929232422453365e-03,3.313481119004485151e-04,-1.774302958682003745e-03
-5.067105177347331832e-03,-3.072435716403591928e-03,9.580102640419068533e-03,-6.037892481987143772e-04,-8.367724984694361419e-04
-5.002832682636593545e-03,-3.499616282468193031e-03,1.024906790454209460e-02,-1.535083060888175815e-03,-2.115358785491315021e-04
-3.072485966862836121e-03,-2.709508379644465833e-03,9.601979157498198580e-03,-4.134172565369987132e-03,3.141877543790915894e-04
-2.675857129573609022e-03,-3.234238187815785450e-03,8.457844950125557176e-03,-4.054094935229853904e-03,1.506345302493681008e-03
-1.767689814116539179e-03,-2.367282158856525657e-03,7.014912372607769175e-03,-3.804217981247210584e-03,9.242775816125078708e-04
-1.181363002483533722e-03,-1.269876912405937990e-03,5.375686560251364578e-03,-3.284524952518566663e-03,3.600783071566785679e-04
5.280289999892751355e-04,-1.750095800532486343e-03,4.497144367080333806e-03,-3.390719805769230790e-03,1.156422392321213380e-04
2.285391834514765349e-03,-1.603251491091140608e-03,3.850543827819136698e-03,-4.825092028541929680e-03,2.924078572991806548e-04
2.339077028403183621e-03,-1.991636656398371175e-03,3.259599354770638825e-03,-4.652674456274506765e-03,1.045634729499064384e-03
3.557706917508642736e-03,-4.100485248171168904e-04,2.395468925556446145e-03,-5.970697238335023228e-03,4.275699200870609418e-04
3.952477127740009789e-03,5.021234412212815601e-04,1.114498342186587450e-03,-4.847384144517920788e-03,-7.217147666299679855e-04
2.727327663055116331e-03,6.034170244681944786e-04,2.049611342236777774e-03,-2.865536315614525958e-03,-2.514819714145568805e-03
2.723450564793260427e-03,3.262513357618097333e-03,2.254291704696067839e-03,-3.358673388952830834e-03,-4.881582238154595632e-03
1.036374670309801000e-03,4.924250507134053309e-03,1.248459804290822034e-03,-7.406881109076990204e-04,-6.468396870826975155e-03
2.834209136061474447e-03,4.798103210402399239e-03,2.159358368793327151e-03,-2.509353897354757966e-03,-7.282316817902438101e-03
3.716983749726627661e-03,5.696133047097663368e-03,8.919800386197964965e-04,-2.082770985702612262e-03,-8.222325849741503670e-03
3.471830860105491138e-03,7.835011246880223962e-03,-6.114290353936482209e-04,-2.039786822202960259e-03,-8.655626249389114860e-03
3.722904172814348739e-03,4.644280814745196419e-03,-1.696105226136357738e-03,2.277230519154712588e-03,-8.948310280577905645e-03
3.136888404651075671e-03,5.269394066627333152e-03,-2.862869214924644579e-03,3.288040176389547386e-03,-8.831453432743276502e-03
3.372588214298802376e-03,6.620637048720034480e-03,-3.504369418235372350e-03,3.398981895184758056e-03,-9.887837739968232537e-03
3.757942369767762643e-03,7.889487122576486003e-03,-2.694003526232090391e-03,1.791390784386418357e-03,-1.074481675049860328e-02
3.751527105806814859e-03,6.638529781982011047e-03,-3.557061057285567599e-03,2.574020123074908985e-03,-9.407015953578155149e-03
2.838668559022350033e-03,1.486614567328522736e-03,-3.433375631543941070e-03,3.766361633515615155e-03,-4.658269128322534494e-03
1.592534570331475890e-03,-3.894882309240233799e-03,-3.307731490983939222e-03,3.222276351074352795e-03,2.387802878818345419e-03
2.776840977199780767e-03,-8.939520426837453682e-03,-3.263966135907867515e-03,2.353968932177730091e-03,7.072676653367815543e-03
3.233006456260198100e-03,-4.991004713572175580e-03,-6.987505468655502835e-04,9.041665772990206294e-04,1.552582226878513640e-03
3.141702419450716904e-03,-2.925856277329434707e-03,5.153703250700401341e-04,4.574263956655184502e-04,-1.188642862856850810e-03
1.358407727608827199e-03,-3.901435509694695710e-03,1.765753793637214221e-03,1.222504364753874799e-03,-4.452303763052085288e-04
1.133605848760349749e-03,-2.877233747774793782e-03,-7.188935454275751378e-04,3.876232994344744852e-03,-1.413711549902715381e-03
2.155024735483550107e-03,-2.599353799015386400e-03,-2.658439286324212458e-03,3.882057503546737249e-03,-7.792891536906810168e-04
1.080466068722584026e-03,-2.964971733903543245e-03,-3.872969168115939550e-03,5.016699934183648305e-03,7.407748991132517662e-04
1.762359210093712193e-03,-1.772285582277808181e-03,-4.366353648723907827e-03,5.054787928656293179e-03,-6.785079077482813418e-04
2.308472545441661236e-03,5.173422545083398126e-03,-4.375404418560323826e-03,4.112661550460689278e-03,-7.219152222425394456e-03
4.138286213395383530e-03,1.274985012853395092e-02,-4.351107401450066657e-03,2.402385010362412688e-03,-1.493941395084167831e-02
4.991706479462457852e-03,1.243660058025563078e-02,-3.447459402524237406e-03,1.104294302531937891e-03,-1.508514195972581080e-02
5.053527731649019514e-03,1.029801578478657491e-02,-3.316600553620024233e-03,1.576658336800038909e-03,-1.361160129961561105e-02
4.872700408761448942e-03,9.602641282371791182e-03,-2.278692911758862984e-03,-3.556746841719644133e-04,-1.184097409520240042e-02
5.247935391025368781e-03,7.297416101386655293e-03,-9.443207716573288673e-04,1.323668295503774295e-03,-1.292469901625847850e-02
6.300568723086963016e-03,1.162668984542565044e-02,1.169435419668551375e-04,-3.266621596648724285e-03,-1.477758051383071952e-02
6.280811269377186215e-03,1.142554750721729538e-02,-4.760556078431046477e-04,-2.551440376912359267e-03,-1.467886279183900321e-02
5.313507440598961261e-03,7.581633343030993316e-03,-3.030225396173280689e-05,-2.991301958048130875e-03,-9.873536571620121494e-03
4.608415707190881630e-03,4.805946226956990704e-03,-1.759447496932202448e-04,-3.062485195976116185e-03,-6.175931988478535091e-03
5.140963443261675758e-03,1.828538451426237315e-03,-5.492120945155859902e-04,-4.181232677436201757e-03,-2.239057122736119471e-03
5.465827010256539033e-03,1.086400176042724621e-03,-1.563304153071344831e-03,-4.478686766086548317e-03,-5.102362671413633501e-04
6.132401476875661353e-03,6.759317660077688835e-04,-2.626597166512610604e-03,-3.948204528875722159e-03,-2.335315474950860350e-04
7.179068314505860846e-03,8.208805218557410893e-04,-1.769973090790342247e-03,-5.995049211921048976e-03,-2.349265336502098171e-04
5.944243039959830679e-03,1.074247376363343014e-03,-2.101845192962749267e-03,-4.511943256647253826e-03,-4.047019667131784609e-04
6.101386602873887406e-03,1.729742805857879817e-03,-1.248893284346627676e-03,-3.798536289073124305e-03,-2.783699835312017194e-03
4.609105647278378091e-03,1.301906271794785923e-03,-1.028448801532064628e-03,-2.527348061432660182e-03,-2.355215056108447228e-03
3.032612877907256508e-03,1.208011108434002654e-04,9.545449949124564437e-04,-3.343060704959797264e-03,-7.648982787033313220e-04
2.092887002167454890e-03,-2.185118156894958179e-03,3.192449854367992133e-03,-2.865490589725537551e-03,-2.347281099149520515e-04
5.564539468327945075e-04,-1.070682297884148438e-03,6.477140665787461775e-03,-5.541867543445508013e-03,-4.210447712906101856e-04
-1.527178924531537828e-03,-2.316183394489738055e-03,9.441264393086850823e-03,-2.828003184236904319e-03,-2.769898889828661948e-03
-2.889873617985602196e-03,-2.805717652128674085e-03,1.111123300483476094e-02,-3.676075794641879644e-03,-1.739565940078600893e-03
-2.400036877405554384e-03,-2.641962860285008031e-03,9.346521070321096164e-03,-1.992929858663702695e-03,-2.311591473966830620e-03
-6.672977020409601601e-04,-1.856022098795584267e-03,8.856106098458584042e-03,-3.035790298699842221e-03,-3.296995998922195442e-03
6.703694565550538317e-04,-6.214433903126826255e-04,7.814509147451926402e-03,-3.930204101033155442e-03,-3.933231112661142274e-03
8.694822584837763558e-04,-4.714461119817472652e-04,6.866207248500428607e-03,-2.570694554214282210e-03,-4.693548840788177440e-03
7.328098291254060920e-04,-2.022588515637575250e-03,5.924753569336777860e-03,2.594924935436001851e-03,-7.229899818260618685e-03
2.562029147691172615e-03,-2.899142722721353201e-03,5.153137061307050057e-03,1.713368973735707353e-03,-6.529392460012573354e-03
1.831130457067093415e-03,-3.265304579362620935e-03,4.597353386037907573e-03,3.232246723076329965e-03,-6.395425986818701995e-03
3.101355619886326815e-03,-3.356024254272295046e-03,3.476416455039420175e-03,1.086035677172788498e-03,-4.307783497826248899e-03
2.331960561409237350e-03,-3.301383038664322794e-03,5.631598847128873805e-03,-1.364143764546286910e-03,-3.298032605327496682e-03
-2.599194747592036871e-04,-3.737507098017503991e-03,8.084082084219547382e-03,-2.045108856031882440e-03,-2.041546655410944686e-03
-4.877758947356585807e-03,-4.336176579568557822e-03,1.029046575518245341e-02,-6.251535008098578136e-04,-4.513767274474272972e-04
-5.524960210486688610e-03,-4.318356666474573204e-03,1.172667576732300265e-02,-1.296653561444276745e-03,-5.867053289174532522e-04
-3.192969845694758509e-03,-3.519582490920345006e-03,1.042707360348453169e-02,-2.838581919726133104e-03,-8.759393471433004914e-04
-1.816597884395032341e-03,-2.740215289610513794e-03,8.680846517423001021e-03,-4.407620478780014013e-03,2.835871353625649821e-04
-1.228371174056007691e-03,-3.842228617200681672e-03,7.196595160393898759e-03,-2.575206581344625673e-03,4.492112122074194214e-04
3.383982247651944205e-04,-3.117624218446924441e-03,5.967416631970996928e-03,-1.826709178828056675e-03,-1.361481459461206167e-03
3.319401894279614589e-04,-1.503415903732807255e-03,5.367953118338460519e-03,-4.020370609085256730e-03,-1.761067949483593477e-04
1.226954737102755504e-03,-1.694195263047678594e-03,5.252122306178189266e-03,-5.104499644491244416e-03,3.196178642579830640e-04
1.316400750479186513e-03,-1.470764919013514650e-03,5.151848984214856854e-03,-5.285781220943184568e-03,2.882964052626533569e-04
2.182992263241226045e-03,6.657898500615473756e-05,3.542155516465259838e-03,-4.747224246278140651e-03,-1.044502518434501596e-03
1.983799855212308588e-03,9.081495727750567900e-04,1.586928992666771952e-03,-3.707841529558693252e-03,-7.710368910954364888e-04
2.207551445241299863e-03,3.623992135790891586e-04,2.576288361567511103e-03,-3.440726087926044337e-03,-1.705512932461860720e-03
2.363218773540846657e-03,1.926344865555380597e-03,3.047022624530847969e-03,-3.424552056070976833e-03,-3.912034207556106848e-03
2.393502477477545392e-03,4.458595063958404638e-03,1.612363413265091973e-03,-1.347471495816848774e-03,-7.116989458884187374e-03
2.836646396547675298e-03,6.455818728671324121e-03,2.310120412688371466e-03,-2.235788153298665266e-03,-9.366797384608710822e-03
2.707455145039611936e-03,6.984550809751191407e-03,2.017242961361763887e-03,-1.898937618178594749e-03,-9.810311297973954917e-03
3.778883298743412195e-03,7.719297716084916154e-03,-4.235878006719907395e-04,-2.448464384957316914e-03,-8.626128829198999662e-03
3.910770331809068981e-03,5.710079185373605204e-03,-1.872226070844642924e-03,2.429894238715200102e-03,-1.017851768505324828e-02
3.799055246166882418e-03,6.375415740080119312e-03,-3.377159291240009777e-03,2.374007691210623921e-03,-9.171319386217596792e-03
3.533775186740711720e-03,6.259519997959671345e-03,-3.523692095614842576e-03,3.128670292817120439e-03,-9.398273381902671336e-03
3.430625678597859843e-03,8.842950515992164390e-03,-3.011983698610271390e-03,1.843238591383519276e-03,-1.110483108736327537e-02
2.491256202720404551e-03,6.260041689772989637e-03,-3.448415029048763208e-03,4.865756592904948823e-03,-1.016863945634957460e-02
2.537578529802813135e-03,2.487027672683716616e-03,-3.330413014312316906e-03,4.585552890645077338e-03,-6.279746078819307097e-03
1.366695629956531837e-03,-3.140941123285189308e-03,-3.443374333363090518e-03,4.456341158741059308e-03,7.612786679506879225e-04
2.377265802191247390e-03,-8.448178089140907093e-03,-3.618960045913921161e-03,3.026632530112203720e-03,6.663239802751401430e-03
2.993836098283093623e-03,-4.496961824366627752e-03,-1.042879340255475082e-03,1.742432735328682415e-03,8.035723310103260386e-04
3.190127363705373177e-03,-2.861586932231252860e-03,4.387712546480298939e-04,6.604743131035845961e-04,-1.427785999225751612e-03
1.027210397772494168e-03,-3.808577688533422174e-03,1.678342619212113427e-03,1.928293435120089893e-03,-8.252687635712816026e-04
6.213175671397968506e-04,-1.872124358034487441e-03,-5.025355589503069636e-04,4.285149799130085271e-03,-2.531807449285081862e-03
1.671092825730983045e-03,1.753905739636754018e-04,-2.622147462015731248e-03,4.163344414673746108e-03,-3.387680352352663658e-03
2.123094627522241701e-04,-6.744638084587545150e-04,-3.679766740597961543e-03,5.420560745305431569e-03,-1.278639659000936320e-03
1.228641721321402282e-03,-1.038414411753644075e-03,-4.022238627563650380e-03,5.566416290453761115e-03,-1.734404972457862220e-03
1.944441674527857059e-03,7.507674950208943418e-03,-4.016297360495127942e-03,5.425886995979326347e-03,-1.086170626022097373e-02
3.814481447989785667e-03,1.478098978827465000e-02,-4.622281340646588847e-03,3.063374297909397456e-03,-1.703656419352722953e-02
3.604178399135820297e-03,1.369723360433058174e-02,-3.853919667158833742e-03,2.717339687223667335e-03,-1.616483202353125384e-02
4.545974755908095168e-03,1.177980613645769614e-02,-2.984610707620606162e-03,1.219998961899670942e-03,-1.456116914664484611e-02
4.287945786091275878e-03,1.127778597989558679e-02,-2.152437197693729543e-03,-2.932662315584490449e-04,-1.312002833673468240e-02
4.428783496878112812e-03,8.202611003872723600e-03,-1.403226745266936528e-03,2.932736802716506136e-03,-1.416090455820038542e-02
4.890167677502928710e-03,1.185518937627990863e-02,1.113232878192421584e-04,-1.901300977895594661e-03,-1.495537936370649329e-02
5.733141660634347332e-03,9.305679514057038984e-03,5.960964607373230560e-05,-2.754597928729557790e-03,-1.234383289203552260e-02
5.587286580170743380e-03,6.435126147140188269e-03,9.206658881243690593e-04,-3.375657121369673216e-03,-9.567421494065676824e-03
4.440235143791600864e-03,4.291965386044024021e-03,9.619832049332505131e-04,-2.968424825540809213e-03,-6.725758909228046235e-03
4.611651653674365102e-03,2.973782202181068663e-03,5.810268760405198603e-04,-3.255249271317721751e-03,-4.911211460578231332e-03
5.094140961366395819e-03,2.334850740504007365e-03,-3.912773311597376948e-04,-4.575529655672181534e-03,-2.462184715038494634e-03
6.170399032525492738e-03,2.962735617325169043e-03,-1.906451692029131678e-03,-3.640147048869580518e-03,-3.586535908951946766e-03
5.973726100409177883e-03,2.530363879483533626e-03,-1.288207597415957830e-03,-4.064295704181476038e-03,-3.151586678295276774e-03
4.866576568798771166e-03,1.426461883105116990e-03,-8.084454393117719399e-04,-3.539901795577533785e-03,-1.944691217014595441e-03
5.520327129807310086e-03,6.103174146074928468e-04,2.750781700484074277e-04,-4.660134817753605954e-03,-1.745587896709618501e-03
4.249731597492590641e-03,-1.674931159386804265e-04,1.001148032010083051e-03,-3.567383069503773322e-03,-1.516003444060213872e-03
3.828116623275211287e-03,-1.717511396704417053e-03,2.438347343693284333e-03,-4.855447168398238644e-03,3.064945981341465247e-04
2.158455250479234672e-03,-4.266708326873975068e-03,4.544542513892468882e-03,-3.803629611127891125e-03,1.367340173630168278e-03
4.795623091678951158e-04,-4.475581271475364935e-03,7.295335581596953771e-03,-4.219903755093274041e-03,9.205871358037884082e-04
-1.858725716335053431e-03,-4.511811237989090360e-03,1.025924024351159043e-02,-7.987253934200594634e-04,-3.089977895767369396e-03
-3.598655505149015582e-03,-2.541296981766820364e-03,9.837512728400957251e-03,-2.288763285097898063e-03,-1.408796956387215870e-03
-1.712941563873127820e-03,-2.837813735742133244e-03,1.032251302404469176e-02,-4.841056024406840096e-03,-9.307017000225681564e-04
1.011895404310599417e-06,-2.414187942464055079e-03,8.100573700027239102e-03,-3.852026988339027087e-03,-1.835370664628469895e-03
6.659561715439388761e-04,-1.600829346394084434e-03,7.051319994185290853e-03,-2.409304143218196550e-03,-3.707142676116959804e-03
1.680232816505733287e-03,-9.244677201553655682e-04,6.765422850524237947e-03,-2.856419371791059543e-03,-4.664768575083544713e-03
2.141791983070144480e-03,-1.379719813394306507e-03,6.134125983032737497e-03,1.307254417245983305e-03,-8.203452569954564413e-03
4.028681236219745256e-03,-2.040323719339014272e-03,4.596594436394300758e-03,1.506982715553802869e-03,-8.091934668828834609e-03
4.101778679739725812e-03,-3.058886096629710120e-03,4.152488151944654961e-03,2.436683219410378572e-03,-7.632063954465050960e-03
3.404372177362979032e-03,-3.457670133677423225e-03,4.058368056937419754e-03,7.707223682753485284e-04,-4.775792468898330811e-03
1.858142163832792945e-03,-3.557836715836160731e-03,6.145738368759020263e-03,-1.192081243992448424e-03,-3.253962572763197114e-03
-2.805378060405034138e-04,-3.198733472683784954e-03,8.766338915174670676e-03,-3.419386368609475362e-03,-1.867681267840903695e-03
-2.706990961279724054e-03,-4.027561778216988062e-03,1.069540827862474133e-02,-2.503387098055914663e-03,-1.457468441072150333e-03
-5.594155340381165055e-03,-4.401641115219907807e-03,1.235291627030871489e-02,-2.053624867590886707e-03,-3.034949471167705005e-04
-4.804964226107271905e-03,-2.949774192384367177e-03,1.081259033202031788e-02,-2.675591053227438249e-03,-3.822608603012355127e-04
-3.254274755295806076e-03,-2.729213930387077575e-03,9.132963418571997394e-03,-2.917350884218389024e-03,-2.321238486707348026e-04
-1.219879112882822332e-03,-2.004132810007893273e-03,7.777953865051935242e-03,-3.586319074167517319e-03,-9.676228679937048114e-04
4.812732971590900845e-04,-1.310235457977286392e-03,5.967682473303891066e-03,-3.851436541203349679e-03,-1.287283771282350664e-03
2.823328132613274152e-04,-1.583621890973254493e-03,5.281515407793722916e-03,-3.330748576717769156e-03,-6.494777533640284711e-04
4.347600329846834167e-04,-1.765696704829944385e-03,5.386530231810188717e-03,-4.179433147628182875e-03,1.238395876632759430e-04
8.627798803621410844e-04,-1.324522029036458637e-03,4.841595362604120961e-03,-4.199208628241521586e-03,-1.806445856882798171e-04
1.721833666466469773e-03,5.258022920616854017e-04,4.243605833650037143e-03,-5.221514193596479142e-03,-1.269727598581695286e-03
2.045885715673563705e-03,1.019253075957588005e-03,3.768858373163700391e-03,-5.788128166101943854e-03,-1.045868998692903694e-03
1.460289838927404573e-03,9.453264050844163366e-04,3.488781003868287028e-03,-2.754223289886098720e-03,-3.140173957994012253e-03
2.350660409076871845e-03,8.649934981676422191e-04,2.924076534321582484e-03,-2.963544176494823344e-03,-3.176186265071294888e-03
2.629223426748109049e-03,3.289632767180343791e-03,2.389300169823264843e-03,-2.844679612352637478e-03,-5.463476751399063726e-03
2.505143136008590714e-03,6.430596323150017390e-03,2.028104317597913871e-03,-1.450007515745927421e-03,-9.513836261010624046e-03
2.617434000881846759e-03,8.542910014696722051e-03,2.091431577876377325e-03,-1.468178263755831299e-03,-1.178359732969912199e-02
2.437449526550157161e-03,8.874401087659612719e-03,-3.651784460612352771e-04,-6.754839065586245531e-04,-1.027118826158994469e-02
3.718257425495943586e-03,7.442476199736007200e-03,-2.143664424302154595e-03,1.677487857479288604e-03,-1.069455705840909043e-02
4.216329569403191695e-03,6.385961322462304149e-03,-3.324049732004882851e-03,2.348255267238411569e-03,-9.626496427099002010e-03
3.482569647275792022e-03,7.054436973598665096e-03,-3.327477421952901564e-03,3.018743821156820439e-03,-1.022827302007838814e-02
3.721741803785159289e-03,9.126868547027882847e-03,-3.360930482476224158e-03,2.121010026386227400e-03,-1.160868989472307357e-02
1.820615600673378262e-03,6.257004606173046692e-03,-2.931220511266209496e-03,4.690005230591151771e-03,-9.836404926171340990e-03
1.461812782933943422e-03,4.296661617207735671e-03,-3.167737801936582574e-03,4.989417963850049584e-03,-7.580154562055158030e-03
1.436062507622973272e-03,-2.499212884910349212e-03,-3.807628719098271348e-03,4.226126061238186585e-03,6.446530351474586426e-04
2.476603482593063565e-03,-6.840033814538068642e-03,-3.295133068489941152e-03,2.006441294855349639e-03,5.652122105579597891e-03
3.320623163070980741e-03,-3.493496230491771517e-03,-1.633693136532277969e-03,1.758177096935566869e-03,4.838910701750277684e-05
3.073211005162726755e-03,-2.252510470714071990e-03,5.833151991503364615e-04,-3.813283729419624332e-05,-1.365882896304803067e-03
1.319690190925594227e-03,-3.768759855998283104e-03,1.913589338564426106e-03,1.309186292891791276e-03,-7.737059663835393463e-04
-1.971590309759681359e-05,-1.304405549025790777e-04,-3.067049392697299018e-04,4.502187798706266432e-03,-4.045326401436358243e-03
8.508750578759672169e-04,2.340416758671095242e-03,-2.312206798265569341e-03,4.699355128496471821e-03,-5.578440146777957458e-03
-8.066441573084030901e-04,4.671538398916393010e-04,-3.058925107497691837e-03,5.356382724039610195e-03,-1.957967299125162267e-03
5.334393230669257774e-04,5.468032710709492861e-05,-3.594509760742826011e-03,6.281404381052603514e-03,-3.275014270483811701e-03
1.013786446277055702e-03,1.036111440636496017e-02,-3.646433776558697260e-03,5.963164526211244681e-03,-1.369163160229454335e-02
3.345247386440887514e-03,1.559093546191002780e-02,-4.447707718429957414e-03,3.708900658072974803e-03,-1.819737578799394961e-02
3.259431163473061176e-03,1.410954108246859420e-02,-3.677832443857131841e-03,2.836587066275632774e-03,-1.652772686836016802e-02
3.951805352724084390e-03,1.254314810327865348e-02,-2.602101095066497536e-03,1.584880811953305688e-03,-1.547773317288957465e-02
2.953028408052383452e-03,1.132593713953245970e-02,-1.877038995681189551e-03,1.793949363982564986e-03,-1.419587591588622119e-02
3.052207533125763077e-03,7.868556177168929341e-03,-7.742178756131309425e-04,3.346256062719711946e-03,-1.349280189740125618e-02
4.197597857657438952e-03,1.040551177208703243e-02,6.235792122517801444e-04,-1.599893201740161704e-03,-1.362679564025610045e-02
4.846509090447369793e-03,7.734166059575981085e-03,1.514514563769909453e-03,-2.335556634506160637e-03,-1.175963307928711878e-02
5.035777330407341205e-03,6.473359590196830354e-03,1.833350995874237326e-03,-2.783193440501300579e-03,-1.055929447597712088e-02
4.288420611898467912e-03,5.757573678906730517e-03,2.002560034909851069e-03,-3.042411094998612783e-03,-9.006143230716450593e-03
3.791842332333520641e-03,4.372224033522625723e-03,2.077463870215211401e-03,-2.958452449966936411e-03,-7.283077786104425258e-03
3.771336015525395772e-03,3.777234038031267779e-03,1.270327060498318726e-03,-3.890967085642191639e-03,-4.927930028412787385e-03
4.707114897373725765e-03,2.897484738630791597e-03,8.096844809433603003e-04,-4.520469305218772181e-03,-3.893814811729096048e-03
3.451296320385522764e-03,1.638820873790862182e-03,5.646858838338621005e-04,-2.233053263151419526e-03,-3.421749814858834459e-03
5.029682658503628959e-03,-3.638114412244632329e-04,1.113976691174691945e-03,-5.382591103417423001e-03,-3.972568050364276766e-04
4.168116920912053568e-03,-1.246091233722730575e-03,1.173735025117862620e-03,-4.419577372158074377e-03,3.238166598508992805e-04
3.030550409189971747e-03,-1.674340523917190520e-03,2.126390503186869913e-03,-3.264498938061305509e-03,-2.181014503983434900e-04
3.458166653578129916e-03,-2.412240643934218404e-03,3.494468863266407717e-03,-5.119333212185273041e-03,5.789383392749558729e-04
1.871529938523762209e-03,-2.961666148896664481e-03,5.220100265284857537e-03,-5.135260056155459621e-03,1.005296001243522136e-03
1.171572445626243870e-03,-3.295866081153734500e-03,7.349590236172418890e-03,-6.024196153880840253e-03,7.988995532359100416e-04
-1.329600424277585513e-03,-3.615789928696312890e-03,1.005637676668834531e-02,-5.091908563447968862e-03,-1.907785026647175979e-05
-3.642808091258284333e-03,-3.071077826760693075e-03,1.042139600990183053e-02,-3.021422909318831340e-03,-6.860871825640206968e-04
-2.230243062214976469e-03,-2.646650220478029454e-03,1.111156563832413173e-02,-4.870605471790481755e-03,-1.364066883840634944e-03
1.357117742264039644e-04,-2.067132112020612141e-03,8.521419106171766386e-03,-3.698309233766571957e-03,-2.891689534610980290e-03
1.406689955661326579e-03,-1.461121036221340718e-03,7.182082631148467046e-03,-2.977619335710043023e-03,-4.150032214878415088e-03
1.301742848902429951e-03,-1.426506799068192168e-03,6.696959486104592935e-03,4.521363401091295896e-06,-6.576716899339928729e-03
2.798040699758283772e-03,-2.287112072358114725e-03,5.339976265578527670e-03,1.855902830611942710e-03,-7.706807723590635741e-03
3.789010537032527597e-03,-2.484166833339805040e-03,4.582751992816664309e-03,2.308992148910280102e-03,-8.196587845419649188e-03
4.010448180647338892e-03,-2.656687805685074670e-03,4.540741797349722754e-03,1.730160629637155249e-03,-7.624662801949163259e-03
2.682580349444681905e-03,-3.239422052912614008e-03,5.401030631296734746e-03,4.887767180460477617e-04,-5.332965645874834792e-03
6.038388847998623797e-04,-3.357127847034862504e-03,6.712693338836390848e-03,3.536401486069158987e-04,-4.313044525208308520e-03
-1.096853279361721103e-03,-2.269275346715783973e-03,8.686871722784773528e-03,-2.685785994976684805e-03,-2.634957101730599910e-03
-2.621575321346226225e-03,-2.238060104276044012e-03,1.107546306813478147e-02,-3.187547850025063134e-03,-3.028279792487468050e-03
-4.890531617457726486e-03,-2.085455943842659358e-03,1.200155167977160278e-02,-3.446301940109454398e-03,-1.579262178361759070e-03
-4.281443160464006026e-03,-2.276600025044688697e-03,1.145406837714254243e-02,-4.113192389908922747e-03,-7.828328017249028443e-04
-3.184763674129439514e-03,-1.473233045181106694e-03,1.021504637455170929e-02,-3.972377194038592511e-03,-1.584672461202561678e-03
-1.712599173145206268e-03,-2.587628617243734226e-03,8.586176596241825928e-03,-1.949061684627027141e-03,-2.336887121225853306e-03
4.498860626459982880e-04,-1.364812915025746549e-03,7.890856998067064670e-03,-5.168325737533688291e-03,-1.807604408153624161e-03
-5.507939131546017893e-04,-1.290130745226870240e-03,6.625563737691617973e-03,-3.633802912989405210e-03,-1.150836166320749624e-03
1.169739450217028795e-04,-1.057505941940903348e-03,6.266537435268447129e-03,-4.871285010493348749e-03,-4.547204278559113279e-04
1.362771709123940375e-03,-2.014135735072050009e-04,5.351534850193896860e-03,-5.597539593766102592e-03,-9.153533920445278528e-04
8.529782207928549237e-04,9.336473897463118442e-04,4.432080857681210476e-03,-4.588537964282547212e-03,-1.630168503937838922e-03
1.225387434991949452e-03,8.370694446330786921e-04,4.292526230945088207e-03,-3.495332462660324414e-03,-2.859650647909800069e-03
1.564858745619463224e-03,8.168756222631936648e-04,3.764288638718486703e-03,-3.309583699009276299e-03,-2.836439307591870872e-03
1.379584956839272417e-03,5.579931139961020635e-04,3.278315511627907970e-03,-2.213476916594531857e-03,-3.002416665868760243e-03
2.428388639731459721e-03,2.705418866735259751e-03,3.266396029650210642e-03,-2.708534482430145166e-03,-5.691669053686779743e-03
1.779122392660313070e-03,5.747183700083422116e-03,1.493560881564024150e-03,-3.838569914064510940e-04,-8.636009982901309001e-03
2.336644729386236439e-03,8.704889812595602294e-03,1.994306295428560465e-03,-4.611430952241150102e-04,-1.257469774218631688e-02
2.084155028694450757e-03,9.530321990765781501e-03,1.466021913432207581e-05,6.941866993905908625e-04,-1.232332393798514503e-02
2.829429892785658394e-03,9.445778465937396465e-03,-1.712871872029824143e-03,1.188233855113629339e-03,-1.175057034180682428e-02
2.062711091261101599e-03,6.771927889922932722e-03,-2.754023058320562763e-03,3.674546912618500191e-03,-9.755162835481979988e-03
2.366001094608635117e-03,7.419359659868499622e-03,-2.837766745685897825e-03,3.225365124220706640e-03,-1.017295913301191970e-02
2.264435585881904595e-03,9.359136967462128309e-03,-3.505718266836584194e-03,3.976367142926185393e-03,-1.209422142943361415e-02
1.104589158045146203e-03,6.121668622126504207e-03,-2.695808125502971355e-03,5.643758321100847755e-03,-1.017420797576954090e-02
4.496167476263171502e-04,3.747038278025994432e-03,-3.087763237109297787e-03,5.793415447037171713e-03,-6.902307235580168107e-03
8.212866448914790413e-04,-1.875463400605882625e-03,-3.467194358716489504e-03,4.883806592652767224e-03,-3.624354782218779320e-04
2.495552604958378370e-03,-6.372405343953307065e-03,-2.560938128760547380e-03,1.300715326128774841e-03,5.137075541626724869e-03
3.131854649000435746e-03,-2.640807732274415374e-03,-1.022983350610382836e-03,9.580556002758155738e-04,-4.261191663914382565e-04
3.522229699429999580e-03,-2.029603161465981260e-03,-4.214452106568605002e-05,2.534885910592782452e-04,-1.703970607957618457e-03
2.118541527145920058e-03,-3.226681181177993522e-03,1.152544402781554124e-03,9.435670670595861561e-04,-9.879718158090555410e-04
6.396246633093849443e-04,2.235150038377912811e-03,-3.503833268450336864e-04,2.928365399787696052e-03,-5.452756774629937027e-03
1.188917217569393113e-03,3.479132962827959519e-03,-2.052694352294337672e-03,3.581835722830502711e-03,-6.197191550933515286e-03
-1.232300500716388683e-03,7.742704428938597958e-04,-3.546575518067300592e-03,5.521774756184043460e-03,-1.517169180294213006e-03
-6.084625860343797316e-05,2.444020519444381912e-03,-3.587849702921508920e-03,6.374846028707105254e-03,-5.170170586626540721e-03
2.786806910597502854e-04,1.134892004754082737e-02,-3.626034629518791897e-03,7.110528694201491071e-03,-1.511209480328332480e-02
2.904644033654791256e-03,1.431662293057100847e-02,-3.723811964299067728e-03,4.129741700628680214e-03,-1.762719670055543780e-02
2.798760894424253375e-03,1.367999051901318264e-02,-4.219690639593573316e-03,3.692050318669840188e-03,-1.595111109251368120e-02
3.144122824226599795e-03,1.210788801834347325e-02,-3.293662686332984955e-03,2.969338262045159629e-03,-1.492768641828221693e-02
3.646217431622950696e-03,1.058791411985370717e-02,-2.131597290770114849e-03,1.056045198008645752e-03,-1.315857945871517533e-02
3.835223467371468367e-03,9.693630581124412435e-03,-6.458381437442137218e-04,-1.372937670295913248e-03,-1.151007823445577595e-02
3.508271750236358153e-03,8.145780194685163858e-03,3.028047912563027713e-04,6.334980749989395929e-04,-1.259035481117672974e-02
3.503750350911776553e-03,7.951123540437275705e-03,1.555033385436925368e-03,-4.947718716823830366e-04,-1.251513540510357930e-02
4.273986576763595668e-03,7.927069483135767633e-03,2.373865558926692865e-03,-2.408373677190103583e-03,-1.216654794163594781e-02
3.868621757789203822e-03,7.305799066802215642e-03,3.018560567963474855e-03,-3.125568349788421327e-03,-1.106741304276650205e-02
2.863904321176783535e-03,5.296677089397813440e-03,2.786661608689260192e-03,-2.600739358216440367e-03,-8.346503661047423306e-03
3.222461122029003470e-03,3.331104638774201165e-03,2.728005993653990179e-03,-4.537096896246699262e-03,-4.744474858210470831e-03
3.106691077495034228e-03,1.475293781389285224e-03,2.235762320872513968e-03,-4.314137108271704109e-03,-2.503610071485121505e-03
3.993190941036926962e-03,-2.887283578258303582e-04,2.235876644501119496e-03,-4.455534848706001888e-03,-1.484804379006213941e-03
3.843612754516556596e-03,-1.842534113153536509e-03,1.749138559142185152e-03,-4.422076750445390336e-03,6.718595499402027710e-04
2.727239771726221347e-03,-2.453379024781791092e-03,2.384096077718943305e-03,-3.780467063922563018e-03,1.122510239259165389e-03
2.871996746010596104e-03,-2.522244740441683970e-03,3.596398806240241018e-03,-4.680743857813087286e-03,7.345930460039170034e-04
2.286252117397770227e-03,-2.630042874005924895e-03,4.324138716111725414e-03,-4.845402553514485504e-03,8.650545940109078194e-04
2.362489106211042734e-03,-3.154585867380915471e-03,6.026826867881207757e-03,-6.329874092577218551e-03,1.095143985865872256e-03
1.501711078583098337e-03,-3.400392419926646318e-03,7.548740125180928955e-03,-6.095807769011281699e-03,4.457489851739057131e-04
-1.302796605100184748e-03,-3.303238587645182089e-03,9.399493345708534800e-03,-4.897750293426331170e-03,1.042921404631333903e-04
-3.326240022477713540e-03,-3.054792930375440935e-03,1.100345918634753652e-02,-3.680658789098829528e-03,-9.417674443955329974e-04
-1.932169763761568603e-03,-2.445857985169924871e-03,1.053026725187268184e-02,-3.996625008616652708e-03,-2.155614494324534572e-03
-2.422216583699854386e-04,-1.503581172547804531e-03,7.438891018236697301e-03,-1.519976394474916847e-03,-4.173111792843997234e-03
2.168727104187559256e-03,-1.084260506232454912e-03,6.398725600581060650e-03,-2.073612992856919360e-03,-5.409579205679267318e-03
2.152109608526636773e-03,-1.578780127157361360e-03,6.081375034140698924e-03,-5.205569874900163336e-04,-6.134147528019956268e-03
2.003106764864292285e-03,-2.389279042566691286e-03,5.258302908870384623e-03,2.508325909167739842e-03,-7.380456540335732403e-03
2.435687276741386933e-03,-2.324729547014886717e-03,5.336694928658304235e-03,2.941313783474429951e-03,-8.388966441859203177e-03
3.467787416358186596e-03,-1.698756122007349587e-03,5.122985242026058955e-03,1.533437837809037549e-03,-8.425454374185918985e-03
1.652576909697053582e-03,-2.489287877042856926e-03,5.990892904432696536e-03,5.612309654410756275e-04,-5.715412902527971205e-03
-9.863128131946587857e-04,-3.125733644907084663e-03,8.293272583938049794e-03,3.895607011989943801e-04,-4.570786827035296443e-03
-2.336760963424747758e-03,-2.492938628790745265e-03,9.955229358353058500e-03,-2.095703530988118467e-03,-3.029826235149445275e-03
-3.267966634589755063e-03,-2.630003571948276182e-03,1.070432778203681164e-02,-2.903147937254118519e-03,-1.903209638244653850e-03
-3.830037173188734732e-03,-2.069647701950736666e-03,1.221814679773018664e-02,-4.500400190297703697e-03,-1.818061732293013277e-03
-3.120783862852371388e-03,-1.757533627690873596e-03,1.230721528959904075e-02,-5.748254630634786963e-03,-1.680643168420993625e-03
-2.583742685352390708e-03,-1.023771263464862699e-03,1.120956089440175787e-02,-4.867118028837222679e-03,-2.734928916747272898e-03
-9.746449017214604002e-04,-4.052384492927061060e-04,9.640674315722689430e-03,-4.635865664081206122e-03,-3.624925300627314037e-03
4.232166303151011335e-04,-3.366349269138680777e-04,9.013524071830827933e-03,-6.316669467656379350e-03,-2.783436307575680013e-03
-2.577023893046335675e-04,-9.494463317282806443e-04,8.040185329542383005e-03,-4.875356143964484391e-03,-1.957680464544995190e-03
-4.075048157220547296e-04,-1.431262952546941266e-03,6.666420833277778533e-03,-4.391212564935260271e-03,-4.364405000735367950e-04
-2.642205857542498067e-04,-6.442797763150169251e-04,6.824726301211242289e-03,-5.151474664907655480e-03,-7.647512742343218119e-04
3.333817331214885909e-04,8.787542858664616156e-04,5.621092005679768563e-03,-4.911516476554989366e-03,-1.921711548112725121e-03
5.105538245061897384e-04,7.685020924752351606e-04,4.878146985213214701e-03,-1.952639875849234655e-03,-4.204563026345396921e-03
8.578768747712130780e-04,1.068826901080280204e-03,4.695179024725324932e-03,-3.522997963019262792e-03,-3.098884837557557698e-03
5.514806119544160947e-04,1.656897668577904902e-03,3.896488050857092444e-03,-2.424192209203810452e-03,-3.680674122185611553e-03
2.041990780849636724e-03,3.485318863594239792e-03,2.816360793313675559e-03,-1.276644973415169823e-03,-7.067025464342388541e-03
2.502866073072379169e-03,5.525701281896777672e-03,2.036880519003895010e-03,-1.286660783947485938e-03,-8.778787090025557890e-03
1.608848454464887993e-03,8.504091605294965273e-03,1.723262068822488868e-03,-1.228029639305287151e-03,-1.060817248927706409e-02
1.997316306696135350e-03,9.951098035480495513e-03,5.007546931204228833e-04,1.077068056117194044e-03,-1.352623709141424768e-02
1.855263675465881803e-03,1.006989221884769213e-02,-1.187879896041921625e-03,2.030489024191751805e-03,-1.276776502246342211e-02
2.362411402271227638e-03,7.250609587592805882e-03,-2.172119531122734901e-03,2.834814865923838446e-03,-1.027571632466513403e-02
1.610281079632002680e-03,7.194157415201009494e-03,-2.683911041114068509e-03,3.235796629317606692e-03,-9.356324083036552525e-03
2.200374041325686963e-03,7.430820414566116118e-03,-3.050856739641940370e-03,5.173317189747196447e-03,-1.175365490599705222e-02
3.745178977455189211e-04,5.450138008593644230e-03,-2.702675084038052861e-03,6.436134936289942751e-03,-9.558115758591051794e-03
7.200624975570206953e-04,2.843963252772884354e-03,-3.097790662827611379e-03,5.724562212851024880e-03,-6.190797300353293071e-03
2.416053911233800096e-04,-1.381055487536529333e-03,-3.561102373325151192e-03,5.249171652423184446e-03,-5.486191826848848792e-04
2.183790033706543756e-03,-5.231610937051424555e-03,-2.450047975874431946e-03,1.341553149616489440e-03,4.156315729602805091e-03
2.521707050582880100e-03,-1.955788628382469294e-03,1.549113443395290664e-05,1.492640291974433448e-04,-7.306735858318269940e-04
3.294080364152141178e-03,-2.147321300751441758e-03,-2.742139650583725013e-04,9.544492917285274120e-04,-1.826994390070849072e-03
2.572916839711380903e-03,-2.662872277592206755e-03,1.061612908060670900e-03,3.885608640567972285e-04,-1.360218334236639294e-03
4.382125172275061573e-04,3.048582879065665514e-03,-5.463831462163388445e-04,3.157625269086801727e-03,-6.098037519163622411e-03
1.410494497240253947e-03,3.645914241341196259e-03,-2.232516051540934209e-03,3.158900915297168863e-03,-5.982793602337678138e-03
-1.329323320468924277e-03,9.560265893581125626e-04,-3.941754832027178496e-03,6.011522536675147077e-03,-1.696470973537161095e-03
-9.481417277786311978e-04,3.771817047504383465e-03,-3.652558439699014371e-03,7.394354829112386937e-03,-6.565471709139133506e-03
-4.937665439185677128e-04,1.030887921325148067e-02,-3.509312053169918229e-03,7.552511682291675015e-03,-1.385831229845466660e-02
1.051352032912841912e-03,1.300381807985106011e-02,-3.556417386786588520e-03,6.341457061695894050e-03,-1.684020978767322013e-02
2.013774434439884100e-03,1.346213694177202450e-02,-3.797443492513231759e-03,4.262558957105892429e-03,-1.594102684080455148e-02
2.264112576841708496e-03,1.217958021325339819e-02,-3.128806035448569896e-03,2.709732966704034816e-03,-1.402461972135058202e-02
3.538555104085701081e-03,1.047692848166219270e-02,-1.679101923303917814e-03,1.117572851453502592e-03,-1.345395451389747379e-02
3.630635858991286199e-03,9.083154924851967113e-03,-4.171220259239498580e-04,-5.072583840466652656e-05,-1.224594291951462167e-02
4.066406332532625408e-03,7.449610260381581486e-03,1.123758999130330862e-03,4.493805693942834424e-04,-1.308915616143884950e-02
3.597677414395868828e-03,9.596869104758673150e-03,1.599418176524402321e-03,-1.121248980057472497e-03,-1.367271571562145988e-02
3.388863845582742920e-03,8.230906558152097097e-03,2.622954404453759804e-03,-1.807687770324723593e-03,-1.243503703786389206e-02
4.096647759603963199e-03,7.273581378212587434e-03,3.953038113125741278e-03,-3.867206535680327122e-03,-1.145606071526199948e-02
3.984702412081009629e-03,4.954787308095593736e-03,3.628327339139157497e-03,-4.165377741702521071e-03,-8.402439317613226780e-03
3.164769074089423401e-03,2.053106881422395429e-03,3.004498831722471688e-03,-4.755450171488186106e-03,-3.466924615746107882e-03
3.809735678401733518e-03,-3.419207965626470665e-04,2.805612211497375465e-03,-5.417537976481563190e-03,-8.558891168548992149e-04
3.113513739539874262e-03,-1.664795289506276537e-03,2.635506788220338958e-03,-4.137794607043084397e-03,5.356936878916062212e-05
1.971852830796549678e-03,-2.255957318693316369e-03,2.445050519431776065e-03,-2.989767154204311592e-03,8.288211226693023266e-04
2.305318115753592252e-03,-2.980921919893591947e-03,4.012530492123808114e-03,-4.528728101649525696e-03,1.191801413665702532e-03
2.815569546461493215e-03,-3.623992288145166073e-03,4.116553458557556736e-03,-4.999872277096010890e-03,1.691741560222110316e-03
1.704225434361347638e-03,-3.611343847689760765e-03,4.523577228636605288e-03,-4.347697552120722599e-03,1.731238736812535858e-03
1.537167903745065853e-03,-3.954683712075069552e-03,6.828071054791666657e-03,-6.544211357763442434e-03,2.133656111301766682e-03
9.695716858954770432e-05,-3.727801777615522959e-03,7.888540488004705531e-03,-4.929614860838261482e-03,6.719189818595336459e-04
-1.430752342355674387e-03,-3.984337742114255586e-03,9.458516888603748021e-03,-5.053942632589097060e-03,1.010515828455278578e-03
-3.487150144786310170e-03,-3.968381799582284056e-03,1.052876439742783839e-02,-3.436113220798407957e-03,3.628807677391537672e-04
-1.509002599224962575e-03,-3.563509405376570280e-03,1.002995528342581766e-02,-3.968104803370059788e-03,-9.893384754542232807e-04
-4.899148749032036353e-04,-2.720712880143789144e-03,8.022103041616518437e-03,-2.185486401846116217e-03,-2.625988884723412693e-03
2.512460542334313089e-03,-2.239307813747657642e-03,6.136311390933167978e-03,-4.891415352618101470e-04,-5.920322584258028674e-03
2.480580523167161527e-03,-4.404498367408328334e-03,5.042124786441271739e-03,3.989865485450467576e-03,-7.108072427650582482e-03
1.729940954484949752e-03,-3.731252705724049951e-03,5.146470323463568641e-03,4.607758421539340753e-03,-7.752916993763826758e-03
2.536623154280784331e-03,-2.456373642423440810e-03,5.319025449468797045e-03,3.213659624384735108e-03,-8.612934585710888685e-03
3.448437066787520770e-03,-2.465493977309720156e-03,4.672580152302653091e-03,2.479956459865167388e-03,-8.135479701645608949e-03
2.191399485717699692e-03,-1.382783008358211101e-03,5.792091051270355229e-03,-8.701778964864157829e-04,-5.730529632143422508e-03
-1.410279467188647537e-03,-2.092163795205138465e-03,8.928726140709717859e-03,-1.077971882393469758e-03,-4.348310995922471424e-03
-3.063799693388232111e-03,-2.562194402855213875e-03,1.051568165625539099e-02,-1.937259206194996610e-03,-2.952428353816962704e-03
-3.610496913720025788e-03,-3.119392267135594806e-03,1.079768234994360997e-02,-2.681805738615449831e-03,-1.385987430472564478e-03
-4.387324534994090433e-03,-2.951192009401307475e-03,1.191031592972343657e-02,-3.530401685280548305e-03,-1.041397700047490792e-03
-3.442024554526868993e-03,-2.691850879277507113e-03,1.201281430153902131e-02,-4.525824598544824287e-03,-1.353114269189829811e-03
-1.950027477177366207e-03,-2.787014167474857317e-03,1.089251417298235658e-02,-5.290357718171789271e-03,-8.651148101583629743e-04
-1.102825982964214134e-03,-2.521154636076108294e-03,9.903983774755466263e-03,-5.083606225487532354e-03,-1.196396930227601723e-03
-1.170966685811529375e-03,-1.967356081928831740e-03,8.917597560574140256e-03,-4.492128785637904305e-03,-1.287146007195904326e-03
-7.520514573604595090e-04,-1.483728042913116550e-03,8.435073604407213044e-03,-5.559411948734911159e-03,-6.398821553987172608e-04
-9.714560851674924067e-04,-1.887577657740857097e-03,7.790599664978381869e-03,-5.186583280520994273e-03,2.550173584509550766e-04
-4.166790538092618825e-04,-8.902935322833021876e-04,6.844465314233446653e-03,-5.044638468752475798e-03,-4.928542593883965392e-04
-1.038644248835157203e-04,-8.583415131516796098e-05,6.383473395113943918e-03,-4.531231566491321881e-03,-1.662543252423938790e-03
2.135841398570785754e-05,-6.959502311543160416e-04,5.934458218196497423e-03,-3.064448401697009421e-03,-2.195417999330869212e-03
1.105718319768831314e-03,-2.939491964893880746e-04,5.147471554392902063e-03,-4.139715857181615159e-03,-1.819524820490744455e-03
1.101002954209283867e-03,1.182754631904967208e-03,3.557145452869779276e-03,-1.635750157070814522e-03,-4.205152881913222333e-03
1.843486996944614185e-03,3.663412599540170553e-03,2.685977174791231818e-03,-1.177236097373324589e-03,-7.015640673902697605e-03
2.527069522854331722e-03,5.585569694983680278e-03,2.594890000476305497e-03,-1.560235392744390489e-03,-9.147293825569911829e-03
1.555197730710452348e-03,9.038156680412249427e-03,1.866567597812923696e-03,-8.549608254578951660e-04,-1.160496118347769355e-02
1.758423980451847158e-03,1.102770710341006120e-02,1.482818892824053518e-03,3.354334237453887113e-04,-1.460438340043134810e-02
9.650150055272927645e-04,1.028600953611321159e-02,-1.936310131282987579e-04,2.963992690806171743e-03,-1.402138621931837102e-02
1.613721916627750734e-03,8.097863123466077923e-03,-2.005982379831035018e-03,3.687580164187533559e-03,-1.139318282445031874e-02
1.495053798562131228e-03,5.567497818515499547e-03,-2.439866033047283396e-03,5.532167627186605763e-03,-1.015485321121693818e-02
1.690181216043359653e-03,5.519757660464866093e-03,-2.687890403836055379e-03,5.904098088094286191e-03,-1.042614656076644095e-02
4.159808595605185588e-04,5.256716316002262371e-03,-2.889739418477631563e-03,6.276115231615485984e-03,-9.059072988700652210e-03
1.166747369943118553e-03,2.427661090597058730e-03,-2.945078035094149654e-03,4.669375160475708157e-03,-5.318705585921738171e-03
4.252186896708991595e-04,-2.281625995070899176e-03,-2.509888159920442390e-03,3.824416638076417845e-03,5.418788272440451612e-04
1.721300311736518804e-03,-4.574059201384813450e-03,-1.906517727234394166e-03,6.397966104757471951e-04,4.119480006406963518e-03
2.654988021510314416e-03,-6.282291974043641277e-04,2.218101359496707839e-04,-2.267664556487674590e-04,-2.021802504406851417e-03
2.972739089381385390e-03,-2.108129825876013663e-03,-4.445452538741516478e-04,1.316256863117191457e-03,-1.736320872748403892e-03
2.576660498789416168e-03,-2.496670083796344308e-03,8.243144678749107258e-04,6.087627305063664403e-04,-1.513067613374349243e-03
4.223294325375820737e-04,2.772527688985769369e-03,-4.851647814690013315e-04,3.214791693322154292e-03,-5.924484033376509716e-03
1.657259062540291207e-03,4.461827910356278015e-03,-1.553200458610411823e-03,1.863330075825027745e-03,-6.429216590111181025e-03
-7.501156030198026948e-04,2.294970768285442986e-03,-3.341835781795371961e-03,4.826130622686225155e-03,-3.029150006156504978e-03
-1.570109333812626717e-03,4.870299398563406913e-03,-3.419283821959835223e-03,6.422424983801049668e-03,-6.303331226592024349e-03
-9.397803544541770328e-04,9.075634127256723346e-03,-3.286635786784001222e-03,7.986097002652521593e-03,-1.283531498867110376e-02
-3.645193736502249618e-05,1.396694100776363183e-02,-2.980106141560447119e-03,7.082623874941455788e-03,-1.803300680377963386e-02
1.050932268544924660e-03,1.313062917317618997e-02,-3.099456827272974082e-03,5.525545850818254154e-03,-1.660765046526645888e-02
1.378846701890794595e-03,1.082969291753888355e-02,-2.207791913042154216e-03,4.282878068830513717e-03,-1.428362577521802117e-02
1.725580912223324869e-03,1.150460506211881638e-02,-1.656653407391853877e-03,3.137641237751417119e-03,-1.471117380470167608e-02
2.925859742839958654e-03,8.807598680658695889e-03,3.594259490070979713e-04,5.954733826376045532e-04,-1.268835775514342255e-02
3.242598647803298165e-03,8.848092844316732958e-03,1.742128895883397321e-03,1.061871404769985797e-03,-1.489469179277345783e-02
3.332676320033695853e-03,9.617086288267687882e-03,2.457268060474062689e-03,-4.357202151065029858e-04,-1.497131045366891650e-02
7.979731775714524406e-04,7.781731280300930101e-03,2.516583198854474741e-03,1.251859864695258886e-03,-1.234814752142215748e-02
2.256379417378771065e-03,6.165797164790930672e-03,4.369978330521362073e-03,-2.608241290667967418e-03,-1.018391362202308859e-02
2.570052840974991221e-03,4.032156923780332893e-03,4.196493289015581357e-03,-2.553238697659318112e-03,-8.245464356111583890e-03
3.420187698489726442e-03,1.209368861200525334e-03,3.916716695507805636e-03,-3.890523129162600218e-03,-4.655750126035457410e-03
2.360502285159344921e-03,-7.755909896213478063e-04,3.203420721215246604e-03,-3.958859026913915877e-03,-8.294729898393248067e-04
3.707309173088183104e-04,-1.915599042220002268e-03,3.989868314374354387e-03,-2.528505766235433511e-03,8.350557677227185072e-05
7.065801489457030488e-04,-2.776831327233312066e-03,5.198249177461894410e-03,-4.360749790510628880e-03,1.232751791336333079e-03
1.576333879971158298e-03,-3.910154577714854141e-03,5.411317614670073210e-03,-5.235534207907345874e-03,2.158037290980981300e-03
1.072997350718907705e-03,-4.566284876994136481e-03,5.016111103142134771e-03,-4.559768631637387860e-03,3.036945054770492491e-03
5.465157002536270240e-04,-4.445910696132484956e-03,6.188063409840678479e-03,-4.927151560259372155e-03,2.638483146297541850e-03
1.301240122974641270e-03,-5.175439205737031138e-03,6.821111607637086842e-03,-5.944468079704557685e-03,2.997555554829880228e-03
-3.964091529228788062e-04,-5.745699027159274774e-03,8.589297992673343776e-03,-5.475769810225582061e-03,3.028579997634390022e-03
-2.798152304387979163e-03,-5.869046971716168626e-03,9.980668084914261218e-03,-3.941182581736059169e-03,2.627713772925941837e-03
-4.435979477747492225e-03,-5.269713333174295099e-03,1.091814120771152086e-02,-3.161175532087317358e-03,1.948727135297578838e-03
-3.094967222856859386e-03,-4.152082611553985919e-03,1.064543228786514473e-02,-3.307579283771043283e-03,-9.080316968326893230e-05
-1.713145456651704633e-03,-3.387877558922029828e-03,8.363683561446122461e-03,-1.400413038743781279e-03,-1.862247507128622333e-03
1.532639258878705935e-03,-2.609246740359655488e-03,5.811165091114072964e-03,1.512679342165897025e-03,-6.247236951799036049e-03
2.189421954931097727e-03,-3.651589564199536272e-03,5.602668167683293350e-03,3.252823321555806026e-03,-7.393323879970657361e-03
8.547298611754750421e-04,-2.562077032013583035e-03,5.904165123265262861e-03,4.130357515709763387e-03,-8.327175468136910341e-03
1.342214461556424801e-03,-3.015898027960030921e-03,5.527781059408046899e-03,4.468845704079881138e-03,-8.322943197084332542e-03
2.503850165644913757e-03,-2.469913654651914505e-03,5.163132869113926625e-03,3.252752364115775105e-03,-8.449821744222686670e-03
2.258942745539135096e-03,-3.045420872335602262e-03,6.344607734601742655e-03,3.189902962528094006e-04,-5.877119904058086299e-03
-1.533020170010763669e-03,-1.741019018325158131e-03,9.447458512717775078e-03,-1.892800408026967937e-03,-4.280618916354871246e-03
-4.576247290586474455e-03,-2.842656812363096759e-03,1.165230276951813651e-02,-1.600583127202045595e-03,-2.632815539366546807e-03
-5.317271529105647467e-03,-3.251550993202417198e-03,1.194194989554124911e-02,-2.165534578626397005e-03,-1.207592794606794379e-03
-4.389017828633321947e-03,-2.659427500448275934e-03,1.205036390015098817e-02,-3.970069021857871097e-03,-1.031849549211479727e-03
-3.517239882279756761e-03,-3.057521708491133059e-03,1.127293342980941263e-02,-4.305944495260755935e-03,-3.922273437777487647e-04
-2.498661359951295010e-03,-3.582381228618206764e-03,1.071135040257538244e-02,-4.741037276578425122e-03,1.107294625725742284e-04
-1.767751698784717721e-03,-3.357369797454249575e-03,1.046503513823275264e-02,-5.290897549397897970e-03,-4.901609259589441870e-05
-8.724445667046909839e-04,-2.970442569740840665e-03,8.952344552596297814e-03,-5.377616651881385670e-03,2.681592357306025374e-04
-1.104098894941881208e-03,-3.484880161699106891e-03,8.130336303179018509e-03,-4.879059564710781435e-03,1.337702318172769890e-03
-2.152183040819545881e-03,-3.506846302307371939e-03,7.547116098942970551e-03,-3.796738166466068817e-03,1.908651410650004593e-03
-4.929957434288668398e-04,-2.006836726935349712e-03,6.184455378438897567e-03,-4.138418485790325979e-03,4.537955777156394885e-04
4.768157918562527229e-04,-1.079975587068576206e-03,5.710086299837304792e-03,-4.843484655903203609e-03,-2.634418487217824161e-04
-7.734970363006512303e-05,-1.449461631376087242e-03,4.458162645006168157e-03,-8.664608992277691730e-04,-2.064890410772245426e-03
-5.043227226305047788e-04,-1.553500831832150880e-03,3.402253889740140553e-03,-3.093959002645154570e-04,-1.035034435012975726e-03
1.576788605392611666e-03,1.584040200021558933e-04,3.566555751205740740e-03,-1.617379607706647109e-03,-3.684368768893858236e-03
1.811594414501838156e-03,3.340850393966453887e-03,2.581280948222264629e-03,-9.224373264573713536e-04,-6.811288430233195836e-03
3.132617967033283178e-04,5.074185063932025626e-03,2.488775646474834964e-03,2.075480357360368067e-03,-9.951702864470541796e-03
1.501604400676559122e-03,5.950253021983230306e-03,1.914194677508309793e-03,2.552153057970957609e-03,-1.191820515813905336e-02
1.313498784472904354e-03,1.127763571214037905e-02,1.230417955801222166e-03,1.189618687581928602e-03,-1.501117113999642615e-02
6.124791834701447590e-04,1.091684432588175060e-02,1.243911658508799678e-04,3.609512160938771908e-03,-1.526322683614154269e-02
4.758115392314847970e-04,8.252025357273311268e-03,-1.987077505137831591e-03,6.420053529290654058e-03,-1.316081292065765518e-02
1.399010425557341546e-03,7.081194977277528724e-03,-2.684810724815132974e-03,5.991367881293084563e-03,-1.178676255931283487e-02
1.325688530789182135e-03,6.273953608247700986e-03,-2.919837622065153942e-03,5.604113487809306814e-03,-1.028391800478100325e-02
5.836875760561579043e-04,6.252395894133309061e-03,-3.150440004894814600e-03,6.261005183752517585e-03,-9.946648649047169083e-03
1.526893397656910309e-03,2.818700867045158698e-03,-3.379618001182508116e-03,4.293269369930133132e-03,-5.259245633449678194e-03
1.585831961806358518e-03,-2.233875190273679808e-03,-2.550356054478503890e-03,1.913742049784045987e-03,1.284657233161769002e-03
2.476560786376389399e-03,-5.024401829359032359e-03,-1.698832230600258886e-03,-6.713724056120959349e-04,4.918045679195011226e-03
3.151254116907291607e-03,1.405031701667800847e-03,-6.893711804035017451e-04,-4.776914039082422246e-04,-3.389223234263349406e-03
3.514667981110488823e-03,-2.206169351690320107e-03,-1.311664001698261252e-03,1.761543493988216181e-03,-1.758378121710114537e-03
3.026893771676077323e-03,-2.437212915072551386e-03,6.875702501076630738e-04,3.709144556245498278e-04,-1.648165562335743772e-03
6.737371390376816404e-04,2.701662328429995513e-03,-7.217131334380530536e-04,3.187122996202073223e-03,-5.840809330231711526e-03
1.165652833492752125e-03,4.976365555266441289e-03,-1.288876381373238325e-03,2.293887127795047210e-03,-7.147029135180999262e-03
-8.090788932539245710e-04,2.940989339988857136e-03,-3.290812397339152196e-03,4.681839648524299506e-03,-3.522937697920090500e-03
-1.607629082036222826e-03,3.565393373989049833e-03,-3.484790236494736751e-03,6.736036840363495738e-03,-5.209010895821583609e-03
-6.989318376905321413e-04,1.055844194917801744e-02,-3.201849755990263981e-03,7.247466267126141670e-03,-1.390512662262335768e-02
-9.532120696046408924e-04,1.563920249990797401e-02,-2.863092051757769319e-03,7.605256409577156387e-03,-1.942815478812271596e-02
1.560970044972742230e-04,1.359472892444644511e-02,-2.414871915113380330e-03,6.075595611645311263e-03,-1.741154962547564883e-02
8.787853815422018953e-04,1.149819979514518642e-02,-1.810118660935148942e-03,5.762313822892368639e-03,-1.632918033864460411e-02
8.347820637926774709e-04,1.128747979349786768e-02,-1.192678324917889219e-03,5.062352986439988718e-03,-1.599193651881270287e-02
2.052826074559473395e-03,1.047703228448767544e-02,6.299878749054470652e-04,6.038133261272166227e-04,-1.376365956007981860e-02
1.373673419940453890e-03,1.106359975165458094e-02,1.903495246254215210e-03,3.904781042810789599e-03,-1.824554946066004810e-02
1.589929840650220784e-03,8.624932601903200977e-03,2.886086860226093429e-03,3.226754202910153170e-03,-1.632770350568968007e-02
1.152479312541669501e-03,8.177277501523657829e-03,4.466145956053162343e-03,-5.897131190528080409e-04,-1.320618965106567198e-02
1.585516488909044248e-03,4.935944228204852853e-03,4.807247716681674679e-03,-1.062580672112429115e-03,-1.026612776168315047e-02
1.653737142212166264e-03,2.582436249836385974e-03,5.213044470183287281e-03,-2.686211193303097901e-03,-6.763006668928749424e-03
2.039914619156838957e-03,5.705157706742049629e-04,5.188851622012297972e-03,-2.851955461239169022e-03,-4.947326550604179592e-03
1.453805072329752502e-03,-1.388285090086565331e-03,4.567569584975033313e-03,-4.073490470152644170e-03,-5.595990970655715432e-04
6.060555708111523433e-04,-2.914200879369591504e-03,5.319557506610395926e-03,-4.151558390783694971e-03,1.140146192731746446e-03
6.432856341262620844e-04,-3.692116897349232308e-03,6.348774747206598415e-03,-5.129562956544069484e-03,1.829619472560449532e-03
3.513465673250630063e-04,-4.918110085950910294e-03,6.075199903325666749e-03,-4.736629121052425041e-03,3.228192736352628999e-03
-3.804849477087004139e-04,-5.327293222456609863e-03,5.950247335987846574e-03,-4.002687015070475682e-03,3.760217849247934289e-03
-1.725824808385473296e-03,-5.692913446358566394e-03,6.677007281695365379e-03,-3.140732765324235221e-03,3.882463738372924061e-03
-4.417797901991503623e-04,-5.928718668137583810e-03,7.182504124370965928e-03,-4.493451240693705287e-03,3.681445574659479927e-03
-1.902231900221765725e-03,-6.760800519874599068e-03,8.748354863306245788e-03,-4.167496649772584397e-03,4.082174206562703619e-03
-2.899754107113895491e-03,-7.143540157797110754e-03,1.125437090928295934e-02,-4.764101061673900982e-03,3.553024417301963497e-03
-4.489726433288413268e-03,-5.882508247409044475e-03,1.154913537428749193e-02,-3.499043135665100539e-03,2.322142442075045537e-03
-4.379920588272301352e-03,-3.966496511649207288e-03,1.110542671686951671e-02,-2.217694607391850013e-03,-5.413150095561294374e-04
-1.767678124874094746e-03,-3.583488389625712894e-03,8.961598857408653931e-03,-1.806234398621448878e-03,-1.804197944287387655e-03
1.021630351180006016e-03,-3.756404220683599512e-03,6.184918472952711903e-03,1.300695356007313406e-03,-4.750839959456433330e-03
6.716313253808198431e-04,-4.526940762747976021e-03,6.718439307617300217e-03,3.234719646672302128e-03,-6.097849516922417001e-03
-1.314692084169575290e-03,-3.324631411290734310e-03,7.473836549769516564e-03,4.751565753566351809e-03,-7.586078807875581975e-03
-1.884576514071985287e-03,-2.839256862385932702e-03,7.412937699191434436e-03,5.052118331732633090e-03,-7.741222654466166017e-03
-1.760971910079109630e-04,-2.719914298922115718e-03,6.388640614539429878e-03,3.708635311023673886e-03,-7.201264435633073641e-03
-3.883610502902758404e-04,-3.025072603884874575e-03,7.023811473741919421e-03,1.619572299938769463e-03,-5.229950119505530175e-03
-1.940744993241078249e-03,-2.349070755297666836e-03,1.053032176137395914e-02,-2.415416489429446714e-03,-3.825089523405765177e-03
-5.634657171085680726e-03,-3.220251538695073721e-03,1.307236528429048771e-02,-2.352820944843160133e-03,-1.864635629666552092e-03
-6.087918365963754415e-03,-3.151253289853320726e-03,1.332922296960584001e-02,-2.663691316868191990e-03,-1.426359996920566154e-03
-5.098747165502597566e-03,-2.701116976875503600e-03,1.317689210167599136e-02,-4.075517791774524272e-03,-1.301510167523365269e-03
-4.231533992544508384e-03,-3.832502121295631309e-03,1.161763589024931119e-02,-3.532262459615324954e-03,-2.133731679383216675e-05
-3.732657253072247956e-03,-4.316262855393281778e-03,1.086792828539775643e-02,-4.095847816052958397e-03,1.276839639120732131e-03
-3.154948971030393547e-03,-3.648591373367492379e-03,1.002637864351721073e-02,-3.777448892772735170e-03,5.546105936534023468e-04
-1.709930287594052002e-03,-3.583818265379489550e-03,8.978452607967549182e-03,-4.652399876401890934e-03,9.676958214078682343e-04
-1.698529227417878637e-03,-3.801383025930414692e-03,8.243522894944847051e-03,-4.508870754842271046e-03,1.765260113245717757e-03
-2.000067298772371764e-03,-3.556897238243539316e-03,7.465990585075469449e-03,-3.570485505189928497e-03,1.661459457130367310e-03
-6.581976647781829278e-04,-2.284282644032473077e-03,6.155153842155112152e-03,-3.835691183887018473e-03,6.230176505425651448e-04
-3.202842772489334451e-04,-2.039505767403360093e-03,4.534833003681014961e-03,-2.572034239529967427e-03,3.969912805012568461e-04
8.468969390688093441e-04,-2.332951552071390548e-03,3.881019480599338413e-03,-2.278781164084199475e-03,-1.161837035125551051e-04
4.428542810576117667e-04,-1.847134447430009117e-03,4.135982282534044624e-03,-9.247458079455271422e-04,-1.806956308216116662e-03
1.437732330377796460e-03,4.217191360665826214e-04,2.909779778923017590e-03,-1.049682145947680723e-03,-3.719549099419708089e-03
1.346391161202169836e-03,3.389026404650204247e-03,2.432845710506114333e-03,2.055981196024427558e-04,-7.373861395960931361e-03
9.852163875726249482e-04,2.772378524144599940e-03,2.587385174187444188e-03,1.812520238469671066e-03,-8.157500324374337974e-03
9.502468848796450035e-04,6.738702853758498854e-03,1.984211828564405068e-03,3.310999926666622142e-03,-1.298416149386917573e-02
1.873839446987244067e-03,1.089060883623153841e-02,9.286417471088628545e-04,1.583157896152680892e-03,-1.527624792648032796e-02
1.255646973197495483e-03,9.977855523437979476e-03,-5.209701313628897984e-04,4.768199425780594684e-03,-1.548073179105318754e-02
8.009081891865106649e-04,8.692120717813254377e-03,-1.952436826657759708e-03,6.540465139142566039e-03,-1.408105721948457560e-02
1.864764787933904629e-03,9.408646028796841324e-03,-3.277505779286401903e-03,4.453258797536883626e-03,-1.244916383498122399e-02
1.120774855298854256e-03,8.494978796415027927e-03,-3.582242781879483706e-03,5.745627417258215505e-03,-1.177913828709263068e-02
1.223706521331478824e-03,7.791584615201491149e-03,-3.567053775200906655e-03,5.582546354081472338e-03,-1.103078371541354498e-02
1.994799616262621453e-03,4.597192451323594761e-03,-3.445592549914242974e-03,2.859744424570574012e-03,-6.006143942242564600e-03
2.573270378702734434e-03,-1.564135468714688074e-03,-3.477187639624693127e-03,1.900270668305784538e-03,5.677820613308593020e-04
2.839466946216020159e-03,-5.117572601963512810e-03,-1.525547385921483283e-03,-1.271242158591008500e-03,5.074895200259984217e-03
3.477126257926880029e-03,1.672857829303197111e-03,-1.593499285598045170e-03,2.470143484087011852e-04,-3.803499150040738630e-03
4.453337214547635654e-03,-1.444554157216451683e-03,-2.393989816915997968e-03,1.374481773592820541e-03,-1.989275014008008713e-03
3.498294669855338181e-03,-2.586155952783476819e-03,1.563822689485207024e-04,3.486077478105054322e-04,-1.417128733830890506e-03
7.079132033046253150e-04,3.549824870533826917e-03,-1.038753397229701938e-03,2.912885870467369232e-03,-6.131870547076126790e-03
9.934511909853104786e-04,6.084009996556847925e-03,-1.145358847005581307e-03,1.829930441872983310e-03,-7.762032782409543710e-03
-2.358005165458064119e-04,2.812628729384443645e-03,-2.631153315300961346e-03,3.581843136169172645e-03,-3.527518033706846662e-03
-8.507445680850906451e-04,4.043626605657150118e-03,-2.825027003388881110e-03,4.922196713696931625e-03,-5.290051747880102941e-03
-4.563229701734670615e-04,1.362449576079521885e-02,-3.291078769753316442e-03,5.894193890977738465e-03,-1.577128791184617337e-02
-4.850868546201340167e-04,1.617770133462671442e-02,-2.668575935591401514e-03,6.950837725387823234e-03,-1.997487626980290823e-02
-7.457460336449324738e-04,1.481486048236374704e-02,-1.487679229882395669e-03,6.409516252509669075e-03,-1.899095147134609307e-02
2.131066509318685896e-04,1.477407364207299588e-02,-1.192509600570868010e-03,5.489976348410325474e-03,-1.928464704084435766e-02
-4.206021336583135929e-04,1.339184209305355026e-02,-2.588811134812760563e-04,5.790197692790048818e-03,-1.850255653870402570e-02
3.224142136947514355e-04,1.260002520332874180e-02,8.272125192682366120e-04,3.130582586204600729e-03,-1.688023452249635264e-02
1.237823417863422124e-03,1.193882373104080200e-02,2.630881985951863834e-03,6.416989367083792729e-04,-1.644922807156446593e-02
1.442825070924584792e-03,8.547111124492757714e-03,3.556988291249724501e-03,2.751727381386643873e-03,-1.629865186805370958e-02
9.520243829081948342e-04,5.038610677252569787e-03,4.273141201171742724e-03,2.388672343000325729e-03,-1.265244860433283047e-02
9.471214297628033482e-04,4.228563771561322931e-03,5.324824919721978835e-03,-8.765380764090794242e-04,-9.623972044637002163e-03
2.847408536866185896e-04,1.635287615831578249e-03,5.570116763958059096e-03,-1.403910050978740510e-03,-6.086235182497509028e-03
1.833632884322850269e-04,-7.136922979628536464e-04,5.186243071002540755e-03,-3.542261993973500511e-04,-4.301687862074644528e-03
1.264125375706779981e-03,-2.671293812491465532e-03,4.840643601511662036e-03,-3.850336644702430540e-03,4.168614799754413692e-04
1.175006043896633648e-03,-4.236124484796833720e-03,4.547981304962635425e-03,-4.222952917155031911e-03,2.736090053092598076e-03
5.030893209309482330e-04,-4.814083498616290868e-03,5.333273864715585080e-03,-4.177100158792769295e-03,3.154820471762506250e-03
-7.457625641544742684e-05,-5.473489770433473747e-03,6.100931273678144792e-03,-4.453977004633929981e-03,3.901111757804707082e-03
-1.017946381648848417e-03,-5.839764330785693867e-03,6.412015787128846553e-03,-4.036047473371448015e-03,4.481742398677168032e-03
-2.717046874955799957e-03,-6.645291624820316365e-03,7.491427840585446890e-03,-3.071075909798420996e-03,4.941986568989071779e-03
-1.803342464098568699e-03,-6.714634485566499909e-03,8.676330137165608192e-03,-5.014093092215093916e-03,4.855739904714525060e-03
-2.768724855241362290e-03,-6.675521545820815861e-03,8.796676726834058019e-03,-3.928496190482110191e-03,4.576065864710200833e-03
-4.459015619620295377e-03,-6.743179906929740695e-03,1.044456029172092376e-02,-3.500936257136497056e-03,4.258571491965584647e-03
-4.319405135442834151e-03,-5.995221046096574705e-03,1.080500161411423327e-02,-3.578776657251074838e-03,3.088401224676225274e-03
-4.760935350188394768e-03,-4.676112039482221809e-03,1.055698904488225169e-02,-1.671287764951176003e-03,5.513461097395290717e-04
-2.274835209618974747e-03,-4.019053303696636277e-03,9.197226350412443172e-03,-1.500738517626687548e-03,-1.402599319470156092e-03
-1.451338539572110450e-03,-4.357326177761899726e-03,7.154906582806604999e-03,2.849033677246461550e-03,-4.195275542719061578e-03
-2.011042501107641704e-03,-4.478959905989825067e-03,7.252170021241929714e-03,5.298045574810159898e-03,-6.060213188954612432e-03
-3.884432357331635364e-03,-3.200776387344810535e-03,8.337053260998098653e-03,5.932445308607228046e-03,-7.184289824928882101e-03
-4.404075492867710537e-03,-2.693145283517476077e-03,8.451462489565174721e-03,5.514831863025048547e-03,-6.869073576205044461e-03
-2.872544484158641009e-03,-3.129749417396528611e-03,6.851738566874084578e-03,5.357618433837836071e-03,-6.207063099156748427e-03
-2.695218409540596841e-03,-3.356708075234528157e-03,7.635861820450961374e-03,3.085538096519426648e-03,-4.669473432195266061e-03
-3.466846397731899055e-03,-3.249606806047627885e-03,1.077214032293464727e-02,-1.034308825742530835e-03,-3.021378293412585372e-03
-5.103431693951008055e-03,-3.209098240229018607e-03,1.257896890803453932e-02,-2.992302670398059184e-03,-1.274136303456467785e-03
-6.292913879797074408e-03,-2.713697824026806149e-03,1.273348902980064173e-02,-2.477764291022171994e-03,-1.249113034954621925e-03
-6.156944029205455894e-03,-3.097872011421550550e-03,1.184101797849428095e-02,-2.539738851453015450e-03,-4.646308641426833829e-05
-4.647548567688642232e-03,-4.316504419174040617e-03,1.099814744858466746e-02,-3.725772021611613131e-03,1.691677559889614643e-03
-4.158402835163881039e-03,-4.306657899048067957e-03,1.027692128115739387e-02,-3.756421005591920395e-03,1.944560458646488535e-03
-3.527162197602663751e-03,-4.280925825668123810e-03,1.019140881546514235e-02,-4.425062340299545927e-03,2.041741548105180729e-03
-1.991760931073571078e-03,-4.867508676177596111e-03,8.799235755800686662e-03,-4.518029594412106137e-03,2.578063445862614853e-03
-2.932591767653614737e-03,-4.153313247209278712e-03,7.851373335327009248e-03,-3.357928010328639894e-03,2.592459689864523228e-03
-1.044755595363431591e-03,-3.146001157415875306e-03,7.285540421360257521e-03,-4.856189864024503325e-03,1.761406195443543377e-03
-1.517760984866613769e-03,-1.880907110069033336e-03,6.540773946843901621e-03,-3.206286606726145919e-03,6.418075481790715153e-05
-7.144035310694893393e-04,-1.753292599541817496e-03,5.588052076129435691e-03,-1.809016866267197177e-03,-1.311339079250928861e-03
-1.671305033089926298e-03,-1.612754073417095634e-03,3.765875455201271767e-03,8.422940598673968977e-04,-1.324110408561642938e-03
1.955390204599714713e-04,-8.884136162982732721e-04,4.042125015840439782e-03,-6.627656727036794915e-04,-2.686484747298461661e-03
1.451644896089396243e-03,9.400666811749765943e-04,2.824831908773272650e-03,-5.210425645401088775e-04,-4.695500921497539754e-03
9.450097782693566394e-04,1.494794764168059370e-03,1.730603756564973259e-03,3.816672339903620995e-03,-7.987080638906005059e-03
7.731618326609415726e-04,4.040141669705229338e-03,1.968300152361444726e-03,2.430266501218314619e-03,-9.211870155945925051e-03
8.127340666473366988e-04,9.183547591876586175e-03,1.754344133955266713e-03,1.576734795906928896e-03,-1.332736058838616434e-02
1.246148937205412326e-03,1.053218502183903178e-02,6.115388936739386827e-04,2.881675653196507075e-03,-1.527154850591490136e-02
8.213824661444136003e-04,9.367059120753537874e-03,-1.154346115894955846e-03,6.530819797623769324e-03,-1.556491526862679303e-02
1.168704366117405066e-03,9.824701082706714661e-03,-2.382548135849938027e-03,5.310611388233067026e-03,-1.392146870120724265e-02
1.778190400517023432e-03,1.037409337064887013e-02,-3.375146096434085419e-03,4.253368391374614567e-03,-1.303050606610645264e-02
1.502056319556298401e-03,8.861611037999978305e-03,-4.169805502068329138e-03,6.220211871209017918e-03,-1.241407372669696765e-02
1.664071681142061630e-03,8.924622441608432225e-03,-4.136357220951006851e-03,4.701635153054325306e-03,-1.115397205485379670e-02
2.307151772611512434e-03,5.618596839351302878e-03,-3.136020385089172136e-03,2.745530920297332630e-03,-7.535259147170975808e-03
2.985497984910554740e-03,-4.213356425094358501e-04,-2.608561940747290524e-03,2.037296644577721023e-04,-1.593300661116103616e-04
2.680345435740701977e-03,-4.327106934010170256e-03,-1.348860664627740116e-03,-1.442507663241996254e-03,4.438129826139219393e-03
4.176031064852953924e-03,1.568130930887896108e-03,-1.872592177867013182e-03,-1.939630464907491432e-04,-3.677606771383072799e-03
5.083808319912350507e-03,-9.259120686064805034e-04,-2.674656274531188229e-03,9.132871079251748047e-04,-2.396527084699847255e-03
4.102469824965216880e-03,-3.149540084832621115e-03,-3.351801764171684437e-04,4.032423486755209096e-04,-1.020991912390949857e-03
1.241443498795504526e-03,4.414516423471708494e-03,-1.103992017370552950e-03,2.348825798657061190e-03,-6.900793703553744461e-03
1.251960755578473148e-03,6.702586219760912553e-03,-9.675762340610774255e-04,1.524414550458607926e-03,-8.511385291736920863e-03
5.489002713489126925e-04,3.277687783944974523e-03,-1.728455765339513821e-03,1.939724558771626500e-03,-4.037856848726006399e-03
-9.369847419148255542e-04,5.815349945745060430e-03,-2.508678493818636019e-03,4.600236098801080767e-03,-6.969922808812695561e-03
-6.041884831302948540e-04,1.406223536817988867e-02,-3.311019742373896412e-03,5.963770158414082381e-03,-1.611079730108973262e-02
5.645168084064097801e-05,1.677926439120439039e-02,-2.961823448027845005e-03,5.936596194314775789e-03,-1.981048881833200048e-02
-5.435124575010996228e-04,1.673793209771367793e-02,-1.326673267832162266e-03,6.190677506038547336e-03,-2.105842387841894495e-02
-3.524156069250786280e-04,1.736053216223786000e-02,-8.365362630628748975e-04,5.614257108071622066e-03,-2.178583740032161500e-02
-1.114972808961090488e-03,1.702706960890668086e-02,3.183656246200969970e-04,5.199008776084626006e-03,-2.142947120065029354e-02
-9.939469235229992858e-04,1.303500000790044390e-02,1.380026437788454052e-03,5.212898399569512557e-03,-1.863397792173534032e-02
-1.177343619687009924e-04,1.048235951692534640e-02,2.280267306209643029e-03,3.362213712959285540e-03,-1.600710617412562028e-02
5.639095314239671395e-04,8.813804301760364696e-03,4.232446160220450573e-03,1.676876087241435968e-03,-1.528703608064622445e-02
3.865031736652309140e-04,5.850276052942682964e-03,5.198138018258175938e-03,1.764970775490322386e-03,-1.319988802035644386e-02
8.111717094407114347e-04,2.106674066032560282e-03,5.526915220199760635e-03,1.290264566847304940e-03,-9.735025562520368408e-03
9.523337983350668680e-04,8.700134068274514940e-04,5.094792094692015411e-03,-1.265955546583720373e-03,-5.651183753270816110e-03
1.090809479070706727e-04,-1.670216391543594614e-03,5.681635598792314328e-03,-1.807150442816345647e-03,-2.313349712339447545e-03
4.318461097172715079e-04,-3.851883126660760395e-03,5.764591259345569658e-03,-2.423578066814214768e-03,7.902382441214146440e-05
1.631445827182706585e-04,-5.152966027656049469e-03,5.824001464539134247e-03,-4.019639574714731732e-03,3.185459555113383939e-03
-1.154830160031130925e-04,-5.542482094854598619e-03,6.568296815946868608e-03,-4.534593018669234518e-03,3.624261313580095199e-03
-1.244977268210264955e-03,-5.299519183289213599e-03,7.077531099901028175e-03,-3.728142142343612419e-03,3.195107493942043499e-03
-1.925619182080058655e-03,-5.322520860023300694e-03,7.323073499870139461e-03,-3.394534315512459308e-03,3.319600857745684183e-03
-2.273765564338419386e-03,-6.028681233891134902e-03,8.413079990803708566e-03,-4.413529945711052241e-03,4.302896753136872809e-03
-2.638693190667565185e-03,-6.599771079774052751e-03,9.241438778496573886e-03,-4.146331585626873012e-03,4.143357077571907521e-03
-2.898166907508470912e-03,-6.121334353733450494e-03,9.562656673415196110e-03,-4.583180517895583256e-03,4.040025105722324164e-03
-4.135228837189546328e-03,-6.152464049134921675e-03,1.053466334754064350e-02,-4.064804469761155309e-03,3.817834008544982848e-03
-4.052954810390432816e-03,-5.989478120223245758e-03,1.060133292007685302e-02,-3.453823302264442605e-03,2.894923312801309361e-03
-4.363578361786925840e-03,-5.407745872019658999e-03,1.067903436139863542e-02,-2.199616921767004896e-03,1.291906794174952581e-03
-3.889874127395206993e-03,-4.394471108073306001e-03,9.249292609398935064e-03,1.307720202211283588e-03,-2.272667576141725824e-03
-3.201608034578297575e-03,-3.520239306378532881e-03,8.156441946893062608e-03,2.996868453672775316e-03,-4.431463059608998362e-03
-2.629804129647642791e-03,-3.685903952337745045e-03,7.144858412784807662e-03,5.517442186463326556e-03,-6.346592517262729036e-03
-3.951532666491201426e-03,-8.690676445896522223e-04,8.247830285094679900e-03,4.676609114499208700e-03,-8.103839088513042216e-03
-4.627049764111242428e-03,-9.514515945075493857e-04,8.405829627366596252e-03,4.527566475891661377e-03,-7.354894744639467984e-03
-3.226489668284049112e-03,-1.057986284546624453e-03,6.950003212115595658e-03,4.041731336476835773e-03,-6.707258595761767840e-03
-3.431394918703955296e-03,-2.818800657176140975e-03,7.902581271563114546e-03,3.012875646886071981e-03,-4.665261342569076812e-03
-5.092658799987556141e-03,-2.736718828015880650e-03,1.091462221703691504e-02,-2.450797492888979524e-04,-2.840164839744560403e-03
-4.838236957961167956e-03,-4.156489655994750898e-03,1.256619504168484357e-02,-2.784927715327341173e-03,-7.865407124015784445e-04
-6.030583727731357764e-03,-3.680390012161332235e-03,1.271679464581883939e-02,-2.468323044578909272e-03,-5.374978613472673359e-04
-6.416024196291226535e-03,-4.454884899751655226e-03,1.177358532135600391e-02,-2.158840139515583959e-03,1.256163914202447713e-03
-4.282288054065579684e-03,-4.487738427461301395e-03,1.163594548040439852e-02,-4.681531651137403605e-03,1.815612652259870115e-03
-3.515803732916297601e-03,-4.381161046567655717e-03,1.088600453319322342e-02,-4.890202126665120844e-03,1.901162372955836864e-03
-3.174423689197839859e-03,-4.222691110698451912e-03,9.832008369890000293e-03,-4.372559285529040336e-03,1.937665715535334850e-03
-2.577342405580038999e-03,-4.716749958681836288e-03,9.698238078518718955e-03,-5.019077256548008792e-03,2.614931542291188977e-03
-2.049202731299893873e-03,-4.850733554293104773e-03,8.529029122942411931e-03,-4.871573068683673902e-03,3.242480231334262351e-03
-2.882015374087013894e-03,-4.088537545624223481e-03,7.314657475065313059e-03,-3.083516477686750953e-03,2.739411922332664860e-03
-1.691713646652996195e-03,-2.667306210918852193e-03,7.651071540193519864e-03,-4.081321760604508797e-03,7.892700779828226839e-04
-4.903331349997001355e-04,-1.664209478788602125e-03,6.003245346319418391e-03,-2.256499792269971334e-03,-1.592202940261148482e-03
-1.243578135066900764e-03,-1.264311359543369637e-03,5.263208764629132702e-03,-6.211151603587268316e-04,-2.134204109660131458e-03
1.085979248200413393e-04,1.213837920157894053e-04,4.981270555774080719e-03,-1.531659647817451694e-03,-3.679592624792462317e-03
7.672434313181939695e-04,1.720738397022183444e-03,3.102647470942305162e-03,4.077990939240412637e-04,-5.998428393206712943e-03
8.666547631191928508e-04,1.292280418381758526e-03,3.371036567808088306e-03,1.528680677337476397e-03,-7.058652426646499708e-03
3.082266316553029187e-04,3.758330906604082436e-03,2.178850006865312543e-03,3.986016902365661571e-03,-1.023142444749037747e-02
1.985419939070527922e-03,8.625228809037334063e-03,1.974290613507904708e-03,5.825086052600605231e-04,-1.316744796687583513e-02
8.771146111005212248e-04,9.537941215868366018e-03,3.583792329741931383e-04,4.166127289982569579e-03,-1.493956234992562665e-02
2.472246172584681781e-04,1.011519903262447263e-02,-1.437526535255751348e-03,6.284741779075796869e-03,-1.520963889370301018e-02
1.957319689223131591e-03,1.164919292629860124e-02,-2.413759826852589999e-03,2.906068012434679521e-03,-1.409882080110382886e-02
1.592738881834218937e-03,9.947997001220851634e-03,-3.687056168247744917e-03,5.457738641001872414e-03,-1.331141835580919135e-02
1.639713208734549284e-03,9.404146910068016119e-03,-3.811700378278902457e-03,5.800668118007729600e-03,-1.303282785853140599e-02
8.938814033615023096e-04,9.028913800758415695e-03,-3.133328441459370256e-03,4.145640708349111921e-03,-1.093510747100964221e-02
1.752089326771427485e-03,5.581446255098936222e-03,-2.562444697982496546e-03,2.651462102870964180e-03,-7.422552986758830691e-03
2.154403945641952811e-03,1.051085334570549484e-04,-2.085519176038921809e-03,3.255875468401092849e-04,-4.995808499001921183e-04
2.844271071119896209e-03,-3.292560709896282748e-03,-1.339462684847618533e-03,-1.637660002558969296e-03,3.425412326182986078e-03
3.545839748963894224e-03,2.730937796087745759e-03,-2.258911851185970831e-03,5.408755739849537654e-04,-4.558741267850647746e-03
5.060403033635987001e-03,-6.005422188126597612e-05,-2.701863742156130916e-03,9.665538430304650847e-04,-3.265038912629039669e-03
4.998548515714226759e-03,-3.625877715288272195e-03,-6.836238702986770482e-04,-1.904880049378188133e-04,-4.985589251894566960e-04
1.423413445092647309e-03,4.960942220560679398e-03,-9.362676646855128603e-04,1.417702132639912143e-03,-6.865790133607726532e-03
1.428005905377614879e-03,7.439636576378663019e-03,-1.203833716982895870e-03,1.542998032266530446e-03,-9.206806797039909437e-03
5.392892297451500755e-04,4.893905062661893512e-03,-1.541809987192270309e-03,1.518704787718902537e-03,-5.410089092933679719e-03
-1.536792862414866449e-03,6.645327591102612522e-03,-1.489286936344615163e-03,3.997297970519152373e-03,-7.616545762862274825e-03
-3.511438636651971349e-04,1.349334396369199045e-02,-1.812447966294390657e-03,4.330484112092564293e-03,-1.566023624582495513e-02
-1.824787878197421654e-04,1.794041527354019866e-02,-2.900982948495906249e-03,5.760764115481997912e-03,-2.061771765270659085e-02
-7.495721996579173679e-04,1.849118700335253274e-02,-1.368322909799761294e-03,6.924222094663131342e-03,-2.329751398855797392e-02
-1.219637391632001329e-03,1.867383694683429768e-02,-5.721055799843798029e-04,6.831528854538105114e-03,-2.371362282975607305e-02
-7.227481468118890882e-04,1.911409141849276447e-02,4.940530647139124458e-04,4.677301854172590326e-03,-2.356269819056733272e-02
-1.363995684245202606e-03,1.396946962999972425e-02,1.720915540296064994e-03,4.647575954267308546e-03,-1.897396544031788174e-02
-8.372150255070719181e-04,8.731469898510401881e-03,3.563073565353696952e-03,3.615339076919133789e-03,-1.507266751527615821e-02
8.898425000164060560e-05,7.712725832613316970e-03,4.173046376175376139e-03,4.960098902123904032e-04,-1.247076634900275496e-02
6.821432610479378957e-04,4.985539817108252357e-03,5.012862015381000166e-03,1.690964360675876630e-03,-1.237150945421306401e-02
9.283296957958138505e-05,1.843823447290130792e-03,6.043939643187536993e-03,1.719851215206453891e-03,-9.700447275263718999e-03
-6.860695599643667391e-04,1.345548122634503043e-03,6.195066056953167817e-03,-1.502551253022205212e-04,-6.704289494321064545e-03
-2.033637213265706016e-04,-1.633445404377826225e-03,6.643372492674166907e-03,-1.263815972240267841e-03,-3.542747394729504461e-03
-6.380235750964726544e-04,-3.785488459590792987e-03,7.216397090410529153e-03,-9.344372815561475219e-04,-1.858447774167118699e-03
-9.370717723066459767e-04,-5.031968142451401747e-03,7.678782182953953518e-03,-4.042927422234189432e-03,2.333185154038279734e-03
-1.602484982833016517e-03,-5.081839065215259729e-03,7.328002569267987043e-03,-2.967243621991990949e-03,2.323565100772286007e-03
-1.960512553869939688e-03,-4.940389244246569042e-03,8.157501276803093629e-03,-3.746090706596850138e-03,2.489491227910247025e-03
-2.531676762029865056e-03,-5.100693797150178226e-03,8.042155854369131482e-03,-2.388942486679637364e-03,1.979157191490565210e-03
-1.535897879519328721e-03,-5.668030775757883395e-03,8.780291353317653744e-03,-4.946441099925826500e-03,3.370078401885415013e-03
-1.942422421647606442e-03,-6.252814091286772180e-03,9.529110508316908021e-03,-5.425289162806557972e-03,4.091415167424046137e-03
-3.164031321232971088e-03,-6.010348762725194194e-03,9.242486955155808023e-03,-3.880425231583017366e-03,3.812318360385373757e-03
-3.780149917315487034e-03,-6.351200859814723314e-03,1.021973158664517788e-02,-4.009370165358613902e-03,3.920989355843624256e-03
-4.173001295821696967e-03,-6.463241663453515862e-03,1.017251746534233482e-02,-3.128717423668136207e-03,3.592442917601004673e-03
-5.811229239408733510e-03,-5.555266253655116553e-03,1.027227469412677133e-02,-6.894328055420900856e-04,1.783653604479152992e-03
-5.400597304177428941e-03,-5.121548087808782887e-03,9.406302646611878690e-03,2.593090955805885979e-03,-1.477248210431576910e-03
-4.322908721148043497e-03,-4.353251258580521400e-03,8.879409255002449278e-03,3.332167394500940624e-03,-3.535416669774789009e-03
-4.318983424002931053e-03,-2.219668070101773073e-03,8.149651497841480657e-03,4.612007183434080858e-03,-6.223007187170855221e-03
-3.104388359440784454e-03,-5.517785096924318844e-05,8.060331385343514482e-03,3.043818846981489069e-03,-7.944584021914957023e-03
-4.402981522580512973e-03,1.175628941862163572e-05,8.347501240718100193e-03,3.578638684268095616e-03,-7.534914691824312442e-03
-5.249410730159582462e-03,-3.041704039304788374e-04,8.355693050894039825e-03,4.315722247034543130e-03,-7.117834163838517372e-03
-6.233480803749915158e-03,-1.500980489337704320e-03,9.799486095398676419e-03,2.082116864976499455e-03,-4.147141667287553360e-03
-7.298648845198666725e-03,-2.871602317232507199e-03,1.191597780132889507e-02,6.300660172861115424e-04,-2.375792656183831064e-03
-7.676186056544017505e-03,-3.103435385048880241e-03,1.274911525947659656e-02,-4.804027170234675091e-04,-1.489091100860250169e-03
-5.827824404066615782e-03,-4.050070496827543748e-03,1.265070202972168843e-02,-2.585193830012983644e-03,-1.876132988145401902e-04
-4.900117020239814873e-03,-4.761809095132529986e-03,1.162603856831014547e-02,-3.244914103092101480e-03,1.280801650154296751e-03
-5.114713317792334013e-03,-4.819681788312902074e-03,1.188067940686977388e-02,-3.709673972089003614e-03,1.763389671324489894e-03
-4.520941673434438965e-03,-4.591645757025751215e-03,1.103046206622550728e-02,-4.090381957409624375e-03,2.172507321644306412e-03
-3.009014210119596161e-03,-5.213903472296625187e-03,1.006403554255796279e-02,-4.735440108854201309e-03,2.894322248712448593e-03
-2.317884686420210692e-03,-5.538155635380551459e-03,1.021884525636171034e-02,-5.777655704297775946e-03,3.414850769736827319e-03
-3.434081308694039367e-03,-5.273230201023643322e-03,9.075617969786689554e-03,-3.601558968940014090e-03,3.233252508871021971e-03
-2.389637606194870353e-03,-4.237035708228945215e-03,8.576763313486421986e-03,-4.434078118953930191e-03,2.483988119891346324e-03
-2.205011642827603424e-03,-3.050388839283996265e-03,7.890115209175534161e-03,-1.898044194899703788e-03,-7.366705321642326356e-04
-2.685097498671927541e-03,-1.790115594771865331e-03,7.028851124934092608e-03,-6.173217068054772045e-04,-1.936316324684822423e-03
-1.472977901243395548e-03,-1.208546679317451696e-03,5.858890858213930755e-03,-9.085606267797098276e-04,-2.268805650873352651e-03
-5.409145144568219560e-04,9.551667809130267575e-04,4.631595122344961055e-03,-3.115767622348516118e-04,-4.734270626566308010e-03
4.025573058839380263e-04,4.553563640070662109e-04,3.821572631999704817e-03,3.604251370168853625e-03,-8.283737672059561866e-03
1.010209838856970408e-03,2.716557692512781147e-03,3.501572839458276434e-03,2.104561147515711470e-03,-9.332901518343726666e-03
2.049900725496414146e-03,6.380943029535899799e-03,2.584701887592329075e-03,2.614196131305517945e-04,-1.127696525575516522e-02
1.545544645684471426e-03,6.950097981975615971e-03,2.037916121391112733e-03,2.442941486994901993e-03,-1.297650023604610472e-02
3.300670122368594981e-04,7.943541405769142388e-03,3.795613982777695902e-04,5.453985517378225935e-03,-1.410715533366202479e-02
9.464349722109162769e-04,1.066532226612104846e-02,-6.842541449509185894e-04,3.690368095590975533e-03,-1.461787118897202482e-02
1.058227283223726282e-03,1.078053821977086220e-02,-2.327496546034689764e-03,4.414314939969280274e-03,-1.392558389692914560e-02
1.470806880356791656e-03,1.005766754198438549e-02,-3.133921760760305028e-03,5.511373379672566790e-03,-1.390592604125340595e-02
1.549351535857501410e-03,1.141519180767630766e-02,-3.452179402082902662e-03,4.515848524317271281e-03,-1.402821246576817747e-02
9.429681192449092773e-04,9.097001967205186126e-03,-1.549314125897430705e-03,2.602228582765095128e-03,-1.109288454331777696e-02
5.867953722505983832e-04,6.161817379206639168e-03,-1.345454861043558553e-03,2.277557700325114239e-03,-7.680715590738785431e-03
1.877678481474914654e-03,-3.216101990720512754e-04,-1.673699182600188072e-03,-3.458331072870724355e-04,4.634640074844005976e-04
3.441159111349199450e-03,-2.727128712022879563e-03,-1.541683483322557613e-03,-2.242869703561712561e-03,3.070522787557954190e-03
3.401112010431953016e-03,3.010810877347063971e-03,-2.192123116473785292e-03,1.123275996871024498e-03,-5.343075768176260530e-03
5.367476629114723355e-03,-4.268202739101074959e-04,-2.747587905340726552e-03,1.199404860468461726e-03,-3.392473310332330162e-03
6.226779443124188379e-03,-4.313743894051999192e-03,-1.955246891793992279e-03,3.529428531349059514e-04,-3.107315104131107199e-04
2.399075240369904615e-03,4.878952250211798097e-03,-1.322659991695679469e-03,9.297010335173219557e-04,-6.885068532403329153e-03
2.076876755526269654e-03,6.492435443227822026e-03,-1.411475048726967482e-03,9.560782516506809419e-04,-8.113915401677806657e-03
8.726937532022420192e-04,5.579814659746213171e-03,-1.757683224390206404e-03,1.480598858166075381e-03,-6.175424046724322866e-03
-1.305082546475174301e-03,7.130592189176365378e-03,-1.277223388548307751e-03,3.689014192674034288e-03,-8.237300446826937780e-03
-5.582355200456319078e-04,1.374577478154051860e-02,-1.190159600076106956e-03,4.332415105877599273e-03,-1.632979476729638779e-02
-4.784433985106835451e-04,1.808686580043361580e-02,-2.416114510923720021e-03,5.469439424185279335e-03,-2.066174731518453933e-02
-1.374351459504825467e-03,1.943822551979130370e-02,-1.372252085108132368e-03,5.826463220402837949e-03,-2.251808519558117644e-02
-1.624211724612905456e-03,2.052628927117390589e-02,-1.630295802154189781e-04,6.737535657352423588e-03,-2.547658362369801047e-02
-1.223972380012443208e-03,1.948085637266461570e-02,5.171748439698653672e-04,4.806947549058775658e-03,-2.358100638568080831e-02
-1.325388598657796339e-03,1.480112695745564380e-02,1.454553833059116404e-03,3.479336641240569298e-03,-1.840962883309752926e-02
-6.514841578767590008e-04,9.541971046457618788e-03,2.911067711304664730e-03,2.211824094576246395e-03,-1.401337869446172765e-02
-1.499323107274589274e-04,6.380921415409255941e-03,3.780794384893606218e-03,1.545757294943187095e-03,-1.155754078451860269e-02
2.417370967548310417e-04,5.837386667381927463e-03,4.060759309366954520e-03,1.934423745903600172e-03,-1.207430681940730235e-02
1.310418806588099956e-03,3.555131163868141281e-03,4.861226525839089027e-03,1.528226780158241707e-04,-9.879599174311162052e-03
-8.287829631350543706e-04,9.527236921768643743e-04,5.357879915913622143e-03,2.305966512801539085e-03,-7.787787157756970689e-03
-6.961817918260273890e-05,-9.026487649393355418e-04,6.259196486903537311e-03,8.308242841425165354e-05,-5.370011971195838216e-03
-3.415378717760256559e-04,-2.376626486678490649e-03,6.510175227703886118e-03,-1.261997633632068200e-03,-2.530013235617321454e-03
-1.146895360049174058e-03,-4.138204036682936564e-03,6.591439824678533080e-03,-1.777077029907372756e-03,4.707366019609259032e-04
-1.771805362813791808e-03,-4.537275098238140181e-03,7.467739274516328220e-03,-3.418359887369595927e-03,2.259701073905182132e-03
-2.624511943762608806e-03,-4.286081340639579657e-03,7.568106615963399002e-03,-3.126234867563528266e-03,2.468721536002327702e-03
-2.628256496467022696e-03,-4.275422893257342302e-03,7.824938504189740338e-03,-3.048583421245766242e-03,2.127324306780392638e-03
-1.705780536242555408e-03,-5.006760640056636021e-03,8.579898161705252352e-03,-4.807396847314928529e-03,2.940039861908879098e-03
-3.269626350922430306e-03,-6.152608974729239545e-03,8.424237139830604779e-03,-3.652681206926351558e-03,4.650679392747419233e-03
-3.654319694420504663e-03,-6.380130183553883380e-03,8.276076191530043827e-03,-3.157962956628579572e-03,4.916336643072881721e-03
-3.805977175410093886e-03,-6.466931920597958523e-03,8.863716339614899353e-03,-2.953897266633011276e-03,4.363090023026176476e-03
-4.934305097035011044e-03,-6.804933065674721726e-03,9.355730251180201240e-03,-2.303597799446606247e-03,4.687105710976127368e-03
-6.710562955935927415e-03,-6.599392499217138913e-03,9.646830647374817283e-03,4.166821397320544110e-05,3.621456593805051031e-03
-6.250779588138461254e-03,-5.590321800348531898e-03,8.615148357943603133e-03,2.901804836054319540e-03,3.241481944890672266e-04
-6.540126201170322860e-03,-4.860424619376258089e-03,8.825236019610225094e-03,4.947891401505585991e-03,-2.372576600569239677e-03
-6.375279677422887939e-03,-2.565405339322705987e-03,8.509054501403741713e-03,5.356004320471673651e-03,-4.924373805129820571e-03
-5.196923122062249191e-03,-2.847440154146333520e-04,7.940263553581343448e-03,3.645043907860524325e-03,-6.103640323964988103e-03
-6.218854208981775683e-03,7.533059062447332397e-04,8.537860406669237762e-03,4.350922321815922124e-03,-7.423234425748104215e-03
-8.122904418409007329e-03,1.891809249188639388e-04,8.923929719781753880e-03,5.366361967825756217e-03,-6.356568194117344535e-03
-8.617390630342013774e-03,-2.231738477803450922e-03,9.987313682686491806e-03,4.373004733442474937e-03,-3.511189307983489903e-03
-9.035365608567817730e-03,-3.635088014051466882e-03,1.078923001481422138e-02,4.159504219921163377e-03,-2.278280612116082363e-03
-9.011242859831364999e-03,-2.977776029747727839e-03,1.165987810762840644e-02,9.260694593583980666e-04,-5.969286774076859765e-04
-7.192354675367194222e-03,-3.931528396442036423e-03,1.148801171179401892e-02,-1.500361878610476877e-03,1.136233238625696841e-03
-4.228735255693602535e-03,-4.041383078300819776e-03,1.099248207015195156e-02,-4.050972645303319367e-03,1.328608909145802697e-03
-3.858163670563001350e-03,-4.317843441101403695e-03,1.051854937921985721e-02,-4.584117361298318920e-03,2.241575093742851146e-03
-4.672893103731962268e-03,-4.787548932914698595e-03,9.714422461470546138e-03,-3.591092777720103751e-03,3.337112352896233654e-03
-3.769664673440023192e-03,-5.414630477395492199e-03,9.844494498278026987e-03,-4.843540824981050832e-03,4.183341477538496736e-03
-4.734893808101004950e-03,-5.546901319190196758e-03,9.505077199145952130e-03,-3.241041204262956436e-03,4.017759132408196474e-03
-3.969091169088952153e-03,-4.738226718886658431e-03,9.202483138532415591e-03,-3.975226483824717376e-03,3.480061233267908900e-03
-3.432083813396119825e-03,-3.658174554755015510e-03,8.452054889032537335e-03,-3.684135229049536123e-03,2.322338708168117643e-03
-3.874057775674488811e-03,-2.672164650480086338e-03,7.422628082645438795e-03,-6.752228042884608717e-04,-2.011828522024007148e-04
-3.399808953252763440e-03,-1.563720920087979544e-03,6.721661843485316618e-03,1.746477044005032009e-04,-1.932779674545086809e-03
-2.177646347850139413e-03,-4.731131114719601839e-04,5.328203034270846683e-03,5.135469307639551999e-04,-3.190990505712729391e-03
-8.976768329164476479e-04,1.005751228907691888e-03,3.886752307913798454e-03,2.446815641037416479e-03,-6.441642344942473918e-03
-2.706156774411175086e-05,2.513966106976629235e-03,2.981641871984891130e-03,1.990650788248701179e-03,-7.459197199466108437e-03
1.735255198534910301e-03,6.046438017670799185e-03,2.342763490862480313e-03,6.626716320692988492e-05,-1.019072387027511288e-02
1.418816828802025535e-03,6.350691413752743326e-03,2.436853279583456322e-03,1.776157866634131641e-03,-1.198251938877237244e-02
5.723856021441461927e-04,7.187565282141080390e-03,1.788102211803606085e-03,3.350134205892252304e-03,-1.289818730198108096e-02
-1.015091948709046085e-03,8.433648223391749729e-03,4.030915167908225992e-04,5.808229664157229036e-03,-1.362987745563075566e-02
3.817403410546178029e-04,1.004026052751101107e-02,-3.496683280267063026e-04,3.980273276426044698e-03,-1.405260581696499665e-02
-4.353663593419707491e-04,9.401959976616558121e-03,-1.848907529817079643e-03,5.843101670042474480e-03,-1.296078775749998947e-02
1.426327603784914447e-03,1.134315025812795627e-02,-2.763260236465529471e-03,3.808662934120742981e-03,-1.381488055956808098e-02
2.427708382532511085e-03,1.188083214190530437e-02,-2.279487942520125494e-03,2.589987598228265728e-03,-1.461904018014597781e-02
1.114333299500322233e-03,9.554131943714882710e-03,-1.814456121159471009e-03,2.788677346355407718e-03,-1.164268646841114599e-02
1.988021149208143209e-03,6.782900437686699945e-03,-1.769973232849693942e-03,1.384991173826019464e-03,-8.385939527871203586e-03
3.152265007412556261e-03,1.004098626693384911e-04,-2.632973497416036569e-03,-8.202444256332210807e-04,2.005430529673630472e-04
4.356410649387279857e-03,-2.327701912402563821e-03,-2.155970385088655083e-03,-2.148703989937834902e-03,2.275965638041790862e-03
5.712309304856921441e-03,3.262592633024000762e-03,-3.552939499076235817e-03,1.308078812250080137e-04,-5.552770320029710473e-03
6.496131439664071250e-03,-2.085024858189228007e-03,-3.035010413187757324e-03,1.034685955018834662e-03,-2.410782123305909089e-03
7.137151359505829185e-03,-2.956954228797695986e-03,-3.505076152502806588e-03,-6.584859035406794448e-04,-1.663507466465765139e-05
3.741615975725381352e-03,4.772723055520905130e-03,-2.691552041335383300e-03,7.005841773782009669e-04,-6.523371167289127893e-03
2.736536093685712316e-03,6.164661705008284490e-03,-2.346512064842016122e-03,9.032957299558940466e-04,-7.457981463807881670e-03
1.376514816464545618e-03,5.783174512068255287e-03,-2.410495828758889986e-03,1.179251551943897138e-03,-5.928445051717807189e-03
-3.003849378077263891e-04,6.209800639322670887e-03,-2.330665190252115271e-03,3.590685530527902136e-03,-7.169436041790743126e-03
7.008154306001544958e-05,1.182450883904696305e-02,-2.061050218959445662e-03,4.237745811889093508e-03,-1.407128597503664973e-02
3.443647382315754234e-04,1.664879666995891169e-02,-1.737715351165155901e-03,3.911659427473065248e-03,-1.916710548449845203e-02
-2.731674714528760828e-04,1.767355292686741478e-02,-2.326973981160994007e-03,5.222704793057167567e-03,-2.029611626731072857e-02
-9.564427766042388722e-04,2.107689253242566244e-02,-5.090293238980812427e-04,4.622558688848430256e-03,-2.423397912077176683e-02
-1.442239543304588275e-03,1.847165117298969067e-02,-9.333503684152914923e-05,6.508125958407572076e-03,-2.344420255125118438e-02
-9.341337779471246567e-04,1.362395790989473846e-02,1.099196596435118075e-03,4.371417319252884383e-03,-1.816043804763554925e-02
-4.736667568363306683e-04,9.541830093195969448e-03,2.362884718019357937e-03,2.977480750098748970e-03,-1.440852880447772953e-02
-2.538541765135686533e-04,6.499315492349664811e-03,3.028130563837861788e-03,2.352046830608507753e-03,-1.162563871028246890e-02
-5.924523101137062247e-05,5.148528142491665474e-03,3.103821789919319288e-03,2.041014845839406178e-03,-1.023411954723897968e-02
3.766304375079104652e-04,3.281455669753656577e-03,4.541589139506495287e-03,2.031839487098293252e-03,-1.023151473386633981e-02
6.198918311910515521e-04,2.846468699039394947e-03,5.201817539367640034e-03,-5.040249650333774797e-04,-8.164153104564725316e-03
1.411197035845696360e-04,3.971518828709037508e-05,5.964495570570159909e-03,4.107083462814718386e-04,-6.556038808723286399e-03
-9.223292193248469378e-05,-1.768770092893286834e-03,6.360897228698148866e-03,-3.476413955991430578e-04,-4.152252818273236869e-03
-3.212679743625840778e-04,-2.394840372001912424e-03,6.703057473973620013e-03,-1.393786781686190326e-03,-2.593162345922931343e-03
-1.059274304827398372e-03,-3.014463770611445093e-03,7.048958458293986228e-03,-3.611259345874117885e-03,6.360389630189715445e-04
-1.807300489279151448e-03,-3.083816325750808780e-03,7.718640548707196569e-03,-4.162743840571797929e-03,1.335220106894539471e-03
-2.594964456537781489e-03,-3.121075775130393529e-03,7.968873304412536426e-03,-3.609904669213323362e-03,1.357071596468954148e-03
-2.837007663935265604e-03,-3.767587031765811528e-03,8.189843207644960724e-03,-3.296626553133208924e-03,1.711378041189307335e-03
-2.882031119824371521e-03,-4.910253679332948241e-03,8.269212076489231358e-03,-3.479304925089870496e-03,3.002377647757964105e-03
-3.179080229979020563e-03,-5.803080784287314303e-03,8.112809197364456715e-03,-3.359437269195645649e-03,4.228789086097533775e-03
-4.709385870307340044e-03,-6.219248937714206768e-03,8.380464298394398395e-03,-2.176781688013050640e-03,4.724952197640194286e-03
-6.076220329663152911e-03,-7.060638241463312176e-03,9.099537497521211285e-03,-1.012491416837682772e-03,5.049812490442937007e-03
-7.599568511278451122e-03,-6.969668353882069525e-03,8.247292707545199331e-03,2.297933279157064919e-03,4.024010878458241652e-03
-7.378859500186529981e-03,-6.082618137845807391e-03,8.332004565381141703e-03,5.009942303803044221e-03,1.195307688481682932e-04
-8.397172473563070325e-03,-3.751790065935728304e-03,8.338122786221502727e-03,6.848973925298487524e-03,-3.038134172021184683e-03
-8.017149315565148121e-03,-1.259280147509453211e-03,8.512477544775465255e-03,6.037482523641433431e-03,-5.273530605342306027e-03
-7.043681384739344103e-03,-1.034703418099541577e-04,8.259901204622921086e-03,5.488138120487527985e-03,-6.600887598561185586e-03
-8.387877518980138558e-03,9.094988503249350426e-04,8.847862367438640019e-03,5.696668534919432751e-03,-7.066152233702862641e-03
-9.736496973250340428e-03,1.628244406264595168e-06,9.193154321768990181e-03,6.857211675679454436e-03,-6.315497268604380703e-03
-1.000364503283176706e-02,-7.378782776307705581e-04,9.810932753561919101e-03,6.190592141809710645e-03,-5.260001584909108387e-03
-9.781609252692214512e-03,-2.606155512471698948e-03,1.103033373396639441e-02,2.804578071746502248e-03,-1.447147040548985367e-03
-9.564371322610506349e-03,-4.447028247439824278e-03,1.063071233755066847e-02,2.865889551928106453e-03,5.147976805715647050e-04
-7.923082895008093374e-03,-3.637122855257456447e-03,1.041551969886806046e-02,1.913410159655346294e-06,1.142772641237836282e-03
-5.854056708056346904e-03,-4.014958191695706079e-03,9.688710972568174984e-03,-1.370006720243101706e-03,1.550310647427002690e-03
-4.156788772752855431e-03,-4.689836325402587866e-03,9.680301919405109867e-03,-2.121895173429687656e-03,1.288218352179998534e-03
-4.400784730497395679e-03,-5.122029826193203426e-03,8.831212348653508584e-03,-2.529584237265515047e-03,3.221186445302577379e-03
-4.022357547879905348e-03,-4.858317453621982876e-03,9.173443963314847904e-03,-4.253563707399724871e-03,3.960794745586772130e-03
-3.832041374514931226e-03,-4.492496239554323763e-03,8.964257838786612864e-03,-4.026585076946329576e-03,3.386864852228962594e-03
-3.992277244107785873e-03,-3.555512328363377109e-03,8.015076426384949368e-03,-2.783566521661611816e-03,2.316279667747802879e-03
-3.255813100349905665e-03,-2.768712213108290125e-03,7.789448503602918947e-03,-1.699872373098185001e-03,-6.505081704652864176e-05
-3.835130369243930967e-03,-1.955781173274238893e-03,6.555855925650709917e-03,5.203773888546089216e-04,-1.285321771987143558e-03
-2.870498344240443849e-03,-1.951529016731177015e-03,5.094323903822265721e-03,1.886739343629470272e-03,-2.159035886480106890e-03
-1.947103294539499069e-03,-5.106484811797642673e-04,4.784391592281696595e-03,1.829889560028141824e-03,-4.156529376590591997e-03
-1.017273808629249677e-03,2.569799942894922945e-03,4.482913636241721463e-03,5.360975241289218235e-04,-6.571537294636325445e-03
5.525667033777941276e-05,5.243123438416740119e-03,3.761406133626531839e-03,-8.225781761903156169e-04,-8.237208066190736255e-03
4.572249205710656643e-04,6.849375003939680608e-03,3.311921968177180577e-03,1.797681656932525660e-04,-1.079829005838119256e-02
-4.966976486441261954e-04,8.117073977008955332e-03,2.875840381967657757e-03,2.162686581457359293e-03,-1.265890329178986570e-02
-1.117193885542511981e-03,8.259736845658874685e-03,2.361184637766891494e-03,4.244675478760918767e-03,-1.374840307664414868e-02
-1.074805006482480859e-03,8.546723094676994537e-03,9.927802471197391329e-04,5.615088379272343416e-03,-1.407978671458658126e-02
-4.927643788658622129e-04,9.551513410515849803e-03,-1.277554816459695126e-04,4.155132087269944492e-03,-1.308612563727394769e-02
2.591184970052816242e-04,9.052389679489410146e-03,-1.855139022150959025e-03,3.839657319266680593e-03,-1.129602647361039984e-02
1.483117017407930725e-03,1.027120594427796511e-02,-2.228046792631774905e-03,3.668713341553346465e-03,-1.319498951060747369e-02
2.521947898280936691e-03,1.093531677806817634e-02,-2.421083423808263746e-03,2.442245154380758183e-03,-1.347842640692160400e-02
1.652968223185823224e-03,9.367118464627254004e-03,-1.074926476939875534e-03,1.808687064717273002e-03,-1.175384727559047708e-02
2.669041627509517907e-03,6.556564529099737949e-03,-1.358323981453366750e-03,-3.565094165049929414e-05,-7.831631233505376849e-03
2.918249314827789202e-03,-3.887592821998703198e-04,-2.702601155652266905e-03,-6.541097499231109634e-04,8.272208729474502583e-04
4.393158844970469767e-03,-1.243576659102234088e-03,-2.353564648534964710e-03,-2.425669885005020312e-03,1.629652347671752379e-03
6.463374296861334155e-03,2.530132452799993287e-03,-3.621923203269471984e-03,1.868557010222428717e-04,-5.558439247414091906e-03
7.171912197026504392e-03,-1.127747664378778896e-03,-4.309937435698281069e-03,-2.619019305919067413e-04,-1.472325166357537794e-03
9.340766383171163548e-03,-2.768854630814514620e-03,-4.649203613313439287e-03,-2.087683890771744027e-03,1.649757517285092596e-04
5.488322189263618138e-03,5.047798594625034149e-03,-4.202699518064825258e-03,7.228014683527841206e-05,-6.405701412659101091e-03
4.475273327606374418e-03,6.277887878546564715e-03,-3.095944176209092236e-03,-1.690537160506461406e-04,-7.488163313893195228e-03
2.594765084636270827e-03,4.679141560208287254e-03,-3.485133552011204609e-03,9.961814823697292924e-04,-4.784954575203091871e-03
1.002793303563076456e-03,4.943476563300507401e-03,-2.674479977727050803e-03,2.187953866233074713e-03,-5.459743755369608417e-03
8.208646816673108478e-04,8.319040905003353276e-03,-2.125851986964248826e-03,3.771071791762397804e-03,-1.078512539146879445e-02
3.753283915464530516e-04,1.331777962176304390e-02,-1.367489401112312580e-03,3.714238450528832905e-03,-1.603985706272603035e-02
-2.239497123217216881e-04,1.351121832927751863e-02,-1.048992021267261066e-03,3.964389438142248631e-03,-1.620266603383081760e-02
-5.067661280174966341e-04,1.481282601748727321e-02,-1.092599285242656188e-03,4.350300442340258693e-03,-1.756376104656738601e-02
-7.552866188736568351e-04,1.587058399485465759e-02,1.853852780430771362e-05,3.972926826483693004e-03,-1.910676273026902169e-02
-1.317707092659207990e-03,1.225179772231489023e-02,9.338449352427957229e-04,3.817491702906536041e-03,-1.568542726780499524e-02
-1.498016948007124208e-03,6.432635480130748443e-03,2.162623696857643874e-03,3.959541177351899241e-03,-1.105678340633318643e-02
-1.313701956172599883e-03,5.166171001397911085e-03,3.075445558319266255e-03,2.685445795517650298e-03,-9.613360399062183953e-03
-1.007004469498659713e-03,3.611002917249870117e-03,3.894828677245075910e-03,1.875805710534826209e-03,-8.374632835531092140e-03
-1.250755121244182975e-03,1.522562288713361685e-03,5.147424122116497740e-03,5.237763714919975314e-04,-5.943007661077688401e-03
-4.499687535190044344e-04,1.282449342881275631e-04,5.428894194603774148e-03,1.029454212777286201e-03,-6.136624588150183315e-03
-1.429276351219759488e-04,-4.346839122175859727e-04,5.685498275808345547e-03,-7.685838867626439293e-05,-5.031028339792530807e-03
-6.882040854027284948e-04,-2.204912095003937287e-03,5.892370772975219495e-03,5.923902557924981159e-04,-3.591644848361060394e-03
-9.095816165372343698e-04,-3.425633840190392496e-03,6.635193931813420862e-03,-3.640454021428173389e-05,-2.263573934871496683e-03
-1.374935931993459494e-03,-3.612043074952065065e-03,6.691756627373143980e-03,-6.116999506232428290e-04,-1.093077669804374532e-03
-2.133705162664451850e-03,-4.376979621789481474e-03,7.201301081705362324e-03,-1.917183333948485656e-03,1.226567036697044730e-03
-2.771587750165880205e-03,-3.498178238394347456e-03,7.333259352072528207e-03,-2.527255087200783873e-03,1.463761723688489398e-03
-3.253992587406266679e-03,-3.446347612644705578e-03,7.577590776682262275e-03,-2.172063693485001747e-03,1.294813116853705441e-03
-3.843762964737057735e-03,-5.005533592093736397e-03,8.217441628468357892e-03,-1.220929337947987241e-03,1.852784266310410688e-03
-4.761232144964321587e-03,-6.353702961678560704e-03,8.773009463936908003e-03,-1.255454640568180995e-03,3.597380283274160054e-03
-6.432412733089591834e-03,-7.108378584431459223e-03,8.603899587575770946e-03,-1.779885328568359774e-05,4.954690583230965568e-03
-7.204178704536972483e-03,-7.264950374505949743e-03,7.969756533180095276e-03,1.629865416317074220e-03,4.869507129545753814e-03
-8.015325065313287992e-03,-6.382981728865564502e-03,8.382861910131465116e-03,3.027596642424385410e-03,2.987848241623000233e-03
-8.489423353534789399e-03,-5.430336276545533018e-03,8.351387088610415926e-03,4.041439676554511168e-03,1.526932864915386649e-03
-9.478852303653945155e-03,-3.382916978394508774e-03,8.603447039609881525e-03,5.440466938353124074e-03,-1.182144695914533888e-03
-9.805928153000258510e-03,-1.143758733500505054e-03,8.943946569753178158e-03,5.791103771834778084e-03,-3.785363455087166658e-03
-9.662262751125475641e-03,4.567308170755580098e-04,8.990063163239487426e-03,4.915790127927855552e-03,-4.700321357117433207e-03
-9.825881069437077467e-03,-7.739148250115863406e-05,8.876887856956077252e-03,7.131797466997115073e-03,-6.105412772014926978e-03
-1.106587274262177227e-02,5.656378622822605872e-04,9.244845172456940888e-03,6.473771883164331289e-03,-5.218382175281755832e-03
-1.145939933446451890e-02,-1.117613938217010749e-03,9.717957403098087185e-03,5.734865346974634369e-03,-2.875809477391165665e-03
-1.108065695312681481e-02,-3.509384884485305250e-03,1.052601072670606916e-02,3.079193700976077565e-03,9.848374099299546901e-04
-1.008459651978440424e-02,-4.875362395415936377e-03,1.006670692730665152e-02,2.183589513042440665e-03,2.709662474851214174e-03
-8.623141784640095051e-03,-5.343725103527023450e-03,1.000928698121548999e-02,3.195823957997563636e-04,3.637997511151902074e-03
-7.076231861542043103e-03,-5.317366360265393492e-03,9.076427255647620887e-03,-2.863751613577837713e-05,3.345808482295601922e-03
-5.616211200250632342e-03,-5.316663084728983496e-03,8.944747398179329206e-03,-1.459709845778567631e-03,3.447836732578857949e-03
-5.200471142820471508e-03,-5.948242046226807390e-03,8.384709278991736570e-03,-1.403587641589876906e-03,4.167591551645396034e-03
-4.424794679962660952e-03,-7.327470382792839951e-03,8.155425914300469536e-03,-5.155742223533435085e-04,4.112413370808387127e-03
-4.051599466547393946e-03,-6.498089441803299969e-03,7.830219287532339326e-03,-3.382635656638390627e-04,3.057733186482188177e-03
-4.351920047888977079e-03,-5.739779252427736241e-03,7.279309065619531810e-03,2.789006520939218969e-03,2.338371375799014009e-05
-3.151149975915381284e-03,-4.940209432228948039e-03,6.706904155163036577e-03,1.351017809498958680e-03,3.343744348233433682e-05
-3.488385387623148086e-03,-2.823346270571226030e-03,5.992683248161104898e-03,1.305748195854883114e-03,-9.866997858216110771e-04
-2.378256529166139326e-03,-2.005885304032481269e-03,5.569853580750054427e-03,6.170811713172526030e-04,-1.802792918868695434e-03
-2.965114005628852883e-03,5.815142964939912402e-04,4.905215968119389439e-03,1.849043691265903760e-03,-4.370659950250407703e-03
-1.568452273561379189e-03,2.837054470061231137e-03,4.702597337776439831e-03,-8.957665452135360907e-04,-5.075432989062764362e-03
-1.734652807624323259e-03,4.292147744997627454e-03,3.665352781817626023e-03,1.072984332280150577e-03,-7.295832051471073422e-03
-1.174577599981238086e-03,5.987393201718195675e-03,3.221573081893702901e-03,1.379950305961968448e-03,-9.414338989592653875e-03
-1.641353284077647816e-03,5.382786324486549256e-03,2.612522945295860186e-03,4.458940584844427006e-03,-1.081289657054917801e-02
-1.422248230558371962e-03,7.420557502748908844e-03,1.589195298701596287e-03,3.854730666821501017e-03,-1.144223523771364416e-02
-1.599611286488274208e-03,7.692060501397249804e-03,1.672768555764552259e-03,3.423899765596542973e-03,-1.118911753627009099e-02
-1.849807275676780148e-04,6.383598695067768843e-03,-4.852490141243004590e-04,3.453955708906969891e-03,-9.167324662282738332e-03
9.309321783544437191e-04,5.320355298088372265e-03,-1.867206364314231070e-03,3.982468084920199637e-03,-8.366549197048805259e-03
2.351294496570615223e-03,7.349192622519925416e-03,-1.635678753514168381e-03,2.549047319625059524e-03,-1.061385568520141140e-02
1.978193453146737200e-03,6.834944737838430026e-03,-2.028419979093849454e-03,2.982194172525480524e-03,-9.766912384416810006e-03
6.991014380003154199e-04,7.065173895339659296e-03,-1.138300321465751013e-03,2.258245777518065427e-03,-8.884220789392308429e-03
2.859244452653010062e-03,3.258696921823495737e-03,-1.306185854683908571e-03,-4.022030174002137141e-04,-4.409552502392385248e-03
3.805686043320754934e-03,-3.400898972959280706e-03,-2.675217477000853879e-03,-1.543869431570957587e-03,3.814299838210335070e-03
3.800193404371368308e-03,-3.210805413132740427e-03,-2.741947834908060010e-03,-1.107174563256967592e-03,3.259734406926395600e-03
4.449017576916636414e-03,1.976358764856294293e-03,-2.677998725547576456e-03,-6.027176980172835232e-04,-3.144659918208080052e-03
9.139740696593588731e-03,-1.772436306407863121e-03,-5.063800113741513849e-03,-1.434004952798901633e-03,-8.694993236452941898e-04
1.008460103357777977e-02,-3.401894364380875224e-03,-3.810951488350784212e-03,-3.771697908586890691e-03,8.999427277407757737e-04
5.989355536405867667e-03,3.916366945007980840e-03,-3.856937180947978775e-03,-1.184927568526585300e-03,-4.863857731939269687e-03
5.356811201734890462e-03,4.104281314997151181e-03,-3.974098526075347040e-03,2.336749858998548235e-04,-5.720668976556509203e-03
4.451095168912539736e-03,6.948098175008276742e-04,-3.259688149549743418e-03,3.438123780394630903e-05,-1.920598074667569360e-03
2.899096666358335576e-03,3.513169220058919994e-04,-2.727339113800160766e-03,1.065554562563006185e-03,-1.588629037127074891e-03
1.369986705437533378e-03,3.735619984967014553e-03,-2.382887507206415088e-03,3.737992999200211598e-03,-6.460712182398354632e-03
8.532137599635008932e-04,7.020797480872277389e-03,-1.061443949773091143e-03,4.058939005504016637e-03,-1.087150629656668394e-02
8.622494148434867286e-05,7.016509125392243230e-03,-2.343857039111481603e-04,3.689251484405017129e-03,-1.055759984737045416e-02
6.197646301754787188e-04,7.504347411742679635e-03,-8.830584312541729034e-05,2.863381231464981209e-03,-1.089918743025774552e-02
-1.592844196843071246e-05,8.552812474221920327e-03,-1.061139952902179505e-04,4.711770356295510997e-03,-1.314254039325877740e-02
-9.768093259865937624e-04,7.275195845517415556e-03,1.264656844036934598e-03,4.085211169676172469e-03,-1.164825453324392843e-02
-1.204543793002236336e-03,3.017960108223090732e-03,1.883043010544740038e-03,3.215041314977083557e-03,-6.911500640742662162e-03
-6.255748812225507115e-04,1.310146299814048685e-03,3.827284832421124459e-03,1.032202716914164828e-03,-5.544058967926779671e-03
-8.877207841645006316e-04,8.089912869790566279e-04,4.322117220383413227e-03,1.492277490602708602e-03,-5.735665213800682921e-03
-1.824734853632646939e-03,-3.680792886206642038e-04,4.793189473975193945e-03,1.332578209335886360e-03,-3.932953541057780493e-03
-2.041472282328865920e-03,-1.102756311564742414e-03,5.541198271971478975e-03,-1.709779049515173946e-04,-2.225991773126356418e-03
-4.811336081841825025e-04,-2.221374221716211281e-03,6.157756695230385754e-03,-5.568842264563832710e-04,-2.898364638873633745e-03
-6.028265871282873856e-04,-2.600726709492206124e-03,6.460542211821229501e-03,-8.842112404524896064e-04,-2.372777674748246385e-03
-9.667249341116177777e-04,-3.535074376514241688e-03,6.952656158597381522e-03,-1.321506701325541547e-03,-1.129350146645979316e-03
-1.568882774428109490e-03,-6.055674788513117253e-03,7.506684048955574416e-03,2.248886026506962928e-04,-1.070150886650620049e-04
-2.705130169198570987e-03,-6.639213019387692552e-03,7.276517097146038317e-03,1.660239719805705694e-03,4.075863716345164383e-04
-2.611186057550744267e-03,-6.350961153694292989e-03,7.872522393178210329e-03,-1.234227360270720875e-03,2.323852178337520048e-03
-3.786568193864768561e-03,-5.980665372531951060e-03,8.247409661550995225e-03,-7.379836069770233289e-04,2.257807511822740136e-03
-4.713709526924543883e-03,-6.714231643282048481e-03,8.344625731819418912e-03,4.728346197449452429e-04,2.610480818642221378e-03
-6.569663478450576792e-03,-6.471432872753448556e-03,9.034908817235625875e-03,1.433020202670573918e-04,3.862885513701307550e-03
-7.419191786795991533e-03,-7.511607227011988207e-03,8.164098660759957007e-03,1.382406705663727191e-03,5.384293647384303348e-03
-7.661117521774564801e-03,-7.914973359996411648e-03,7.941131034899658395e-03,3.200962502445684789e-03,4.433997344425612448e-03
-8.546913820354103825e-03,-7.298592195486340237e-03,8.157107943822468343e-03,3.578197958136613861e-03,4.110200113881375301e-03
-9.167447643236516577e-03,-6.390064753217881283e-03,8.467578381271621824e-03,3.765196019467210563e-03,3.324737995715559401e-03
-1.011305682443421755e-02,-4.948077331569550839e-03,8.314279563340848736e-03,5.399855905432694378e-03,1.346998687230243708e-03
-1.078700778830076965e-02,-3.556578649953705349e-03,9.229546683356109477e-03,4.940353506590757816e-03,1.736862483075918718e-04
-1.110754108161151645e-02,-2.818373746222949203e-03,9.233399689884382033e-03,5.847202617365308309e-03,-1.154687479415202143e-03
-1.145012825460151214e-02,-2.518484972475926696e-03,9.555460621946541139e-03,6.832476417896536473e-03,-2.419323812765655259e-03
-1.186994597080396480e-02,-1.722841878736821285e-03,9.561160259946318782e-03,5.258483316932660231e-03,-1.226855727338185776e-03
-1.200417791276279719e-02,-3.091701103852984456e-03,9.709134715159620233e-03,6.264235054517215337e-03,-8.774907530611053118e-04
-1.077687203400362094e-02,-4.311809113314826920e-03,1.013600204529686681e-02,3.230251457701522472e-03,1.722427644320063565e-03
-1.034941205282027647e-02,-5.249536237423469733e-03,9.723409497765398909e-03,3.482430020655027068e-03,2.393108771823309385e-03
-8.980043767555611137e-03,-5.741367751727916718e-03,9.114167697644297642e-03,1.233262262980065836e-03,4.373981558659196904e-03
-7.769713502728104078e-03,-6.188213243070317046e-03,9.320055051047469036e-03,-1.186391401013990696e-04,4.756510834852356769e-03
-6.732281761117488161e-03,-6.346390736753394768e-03,8.739771393123350191e-03,-5.169198707575420413e-04,4.855820975505104053e-03
-5.727574517452637196e-03,-7.147353466199771882e-03,8.019697914434095395e-03,-4.885381882360361914e-04,5.343768257454368197e-03
-5.724786113818143216e-03,-6.906263162063164263e-03,7.992449070754820833e-03,1.391071808178225694e-04,4.499493024308642147e-03
-4.591637937970361079e-03,-7.209458109046210615e-03,7.840864923664307706e-03,2.587205947189356002e-03,1.373025176162902131e-03
-4.620382337142517164e-03,-6.924933508951414303e-03,7.545297850959716175e-03,3.364957413184465826e-03,6.350605819497319015e-04
-3.942458288328874912e-03,-6.142126815887986868e-03,6.937353880524962241e-03,2.629464288660294646e-03,5.177669350315838599e-04
-3.485573348184731104e-03,-3.213504851623797797e-03,6.527471627682155352e-03,7.555062883049075894e-04,-5.838997161785215717e-04
-3.330781481247768738e-03,-2.042446685113693053e-03,5.461475046308512937e-03,1.598619065448142907e-03,-1.686865945395202076e-03
-2.603258271139564581e-03,-3.502350506610774484e-05,4.982963155796171079e-03,3.034647528848660844e-04,-2.648146132475358468e-03
-2.118835394756245823e-03,6.866722626599355101e-04,4.109081189143657872e-03,2.002492864792427586e-03,-4.679410921839799106e-03
-1.987125129333627751e-03,2.080198107576227990e-03,3.797911043832858952e-03,2.682966742932746309e-03,-6.573950765008205500e-03
-1.452295522829604845e-03,3.610338846305931847e-03,2.845014844520954347e-03,2.592481235367381179e-03,-7.595539403364651686e-03
-8.870607909872805109e-04,3.549496384529597041e-03,2.701184200149447934e-03,2.338172910305300663e-03,-7.701792703997053201e-03
-8.789072180148579634e-04,4.354889906505230932e-03,1.690386742117010958e-03,3.058601891906536675e-03,-8.224971322513933286e-03
-1.616503400942637851e-03,3.686959685449601228e-03,1.194757043917386938e-03,3.971619684023442939e-03,-7.236833012447779594e-03
-1.234895328098581466e-04,1.566684273798940380e-03,-3.436954062329520437e-04,4.370361937837123623e-03,-5.469861272593256468e-03
1.200157883437273296e-03,2.639955260228706024e-03,-5.131839509620887609e-04,3.250138563778808866e-03,-6.577067756482698341e-03
2.437272970701708126e-03,4.046664697852421846e-03,-1.463493857649400022e-03,2.470914491069882944e-03,-7.491358301974611160e-03
2.460409014401492359e-03,3.353958439501319652e-03,-1.476862502931467966e-03,2.196085353108197594e-03,-6.533590304079547710e-03
1.954010736820755399e-03,3.081429174192355097e-03,-1.790629663578462323e-03,2.340110587834141886e-03,-5.584920835268799601e-03
4.213231927193901959e-03,-1.219601304791840266e-03,-1.901051863126496013e-03,-1.250177729820278966e-03,1.575989705447146687e-04
5.133397602104770169e-03,-7.935900192669471595e-03,-3.366382514126787379e-03,-8.596653233124437830e-04,7.028550428003917626e-03
4.335282910546147360e-03,-5.343671951331924186e-03,-2.354972900130801374e-03,-2.391743361006931374e-03,5.755105301923499166e-03
5.405926402083652098e-03,2.940049847250644560e-04,-3.385363616075221828e-03,-4.200850370584914215e-04,-1.894482733674990186e-03
1.092052655759071129e-02,-1.792839915962617884e-03,-5.077219775013216800e-03,-3.231949780149170112e-03,-8.185170864656905612e-04
1.086981168496274977e-02,-3.826141070962215188e-03,-4.362540548307026339e-03,-4.157330579956606924e-03,1.476200514263129688e-03
7.157177550444348765e-03,2.356383102391902771e-03,-3.938725402603859664e-03,-1.980634556748564132e-03,-3.594200693483849424e-03
6.458183575616042831e-03,2.717938120524360061e-03,-3.735467277083528125e-03,-1.883206623060775615e-03,-3.557447795996085058e-03
5.373471493658217926e-03,-1.536285133610273317e-03,-3.044587736614014217e-03,-1.598085635576329587e-03,8.054870121423959427e-04
4.273635555230379489e-03,-3.671290078993273958e-03,-3.137801617872537814e-03,9.239116507820980487e-04,1.611544490853328597e-03
3.311744995621072711e-03,5.973528828234442268e-04,-2.884594850194839750e-03,2.080473247918950344e-03,-3.104976276168632410e-03
2.760507216123204554e-03,2.719438359890793619e-03,-1.862776368784849678e-03,2.577501043309931867e-03,-6.194670250539081012e-03
1.694337493444168742e-03,3.990117879538230064e-03,-1.136086369824643475e-03,2.985465968625782094e-03,-7.533834971783549134e-03
5.568461071121595836e-04,3.844201136135499356e-03,2.253594149502654545e-04,2.684966820215563873e-03,-7.311373478413486261e-03
-4.751220837379771734e-05,4.322046700520755513e-03,9.567806353113715015e-04,2.928787742652466403e-03,-8.160102870110779241e-03
-4.354503579224093079e-04,3.989834884856384607e-03,1.593326923972330014e-03,3.355525869005187949e-03,-8.503237319911502098e-03
-1.389028498965722957e-03,1.389350821127425303e-03,1.799860315559957203e-03,4.217385493439451336e-03,-6.017568131161103728e-03
-6.998144062749899873e-04,-9.310219101816758804e-04,2.996568123036676135e-03,2.167881329840929718e-03,-3.533613136420927624e-03
-9.656026331236265258e-04,-7.832937258625136600e-04,4.081008717371251496e-03,1.146148144780152756e-03,-3.478260503165269812e-03
-1.267481815364039080e-03,-1.130273490466916211e-03,4.195360473009489624e-03,1.362463832054179851e-03,-3.160068999232723726e-03
-1.298124782484143995e-03,-2.198610272904971772e-03,5.070606228864722384e-03,2.907683254326022581e-04,-1.864639498908188383e-03
-1.871103971078875560e-03,-3.876850438252466263e-03,5.497382378781426673e-03,1.229614210769193082e-03,-9.790421802192772818e-04
-9.454728066510426640e-04,-4.791322932786728703e-03,6.416613410892308723e-03,6.956978660798554060e-04,-1.375515537534386257e-03
-1.330060226809958931e-03,-4.582201468899121943e-03,6.638697100147729346e-03,3.548588597323508995e-04,-1.081294264171003654e-03
-2.051789819592960383e-03,-5.263553452562296474e-03,6.836570431263134726e-03,1.066570004821387188e-03,-5.877971639292675502e-04
-3.439887708933424097e-03,-6.120293569823343632e-03,7.090085666239767659e-03,1.752253026090006081e-03,7.178425864269818470e-04
-3.535073563109422928e-03,-6.751892231301266124e-03,7.899319197591313235e-03,7.685679779722270205e-04,1.619078618847145544e-03
-4.386254897049022758e-03,-6.950777748237010542e-03,8.372288107677193850e-03,1.262368282775472132e-03,1.702376254833386617e-03
-5.341572211934126659e-03,-7.224531033844436984e-03,8.194557818191856163e-03,7.514525184574601243e-04,3.620092909129213853e-03
-7.165169242794930740e-03,-7.284735007084079499e-03,8.546822008195580425e-03,1.490206046877537872e-03,4.412876194805909723e-03
-7.270601290667879323e-03,-8.232449691841600692e-03,7.922775752444568415e-03,2.710160600657071043e-03,4.870114629407837521e-03
-8.679442894602741598e-03,-8.562314224161423487e-03,8.061848542725043656e-03,4.752111407631290536e-03,4.427797168407802270e-03
-8.433738198519188586e-03,-7.983837872188623980e-03,8.603490199265458396e-03,3.173935548279505688e-03,4.640150323162869732e-03
-9.333537946979438699e-03,-7.511573063875116689e-03,8.747708312748929058e-03,3.714541279338498970e-03,4.382861418767159886e-03
-9.929939789285422216e-03,-6.868932387852880357e-03,8.665107777658123678e-03,3.760980051131016660e-03,4.372784348349195195e-03
-1.086864397987874660e-02,-5.360155753775826606e-03,9.271781579701128886e-03,3.754508836031204486e-03,3.202509317922260217e-03
-1.176389362169342513e-02,-4.546244124457943583e-03,9.586939171488522218e-03,5.107925925332984854e-03,1.615272649329903927e-03
-1.252913258879093626e-02,-3.555471483712077923e-03,9.601097409745957059e-03,4.921283732523886421e-03,1.562222930233147069e-03
-1.172751537084368648e-02,-4.259745553729760506e-03,9.446700802492427260e-03,4.747735069051744680e-03,1.792825053029262249e-03
-1.140640721486129924e-02,-4.851044662225917001e-03,9.735595019812205361e-03,4.782069403285715489e-03,1.739787453989280431e-03
-1.079197270123767941e-02,-5.936107822343564266e-03,9.656774945375218994e-03,4.052000892169590855e-03,3.019304686036417343e-03
-1.018682775374940737e-02,-6.622928054778891641e-03,9.127973715154060266e-03,4.188196177148160657e-03,3.493585916226063775e-03
-9.337413935773320947e-03,-7.071814014632602473e-03,8.821261914779028948e-03,3.644626659404891569e-03,3.943339376222025454e-03
-8.433815613737412342e-03,-7.389207586304794712e-03,8.551839705005998341e-03,2.510934556791554091e-03,4.760248938244663296e-03
-7.785417479481610004e-03,-7.741870826615285424e-03,8.550139132205671760e-03,1.745432152787926511e-03,5.231717021103301710e-03
-6.913162298611771200e-03,-7.915517676313642628e-03,7.707452368229407956e-03,1.974912839906671231e-03,5.146314766789335075e-03
-6.111978924887732922e-03,-7.401513351263809895e-03,7.742582190660785360e-03,2.405423643824487496e-03,3.365486441666282538e-03
-5.795445454229673603e-03,-7.416166128921719732e-03,7.741468237508433541e-03,2.881399704998560164e-03,2.588743640644395293e-03
-4.882892829636852061e-03,-7.202858312133247551e-03,7.598230596818414222e-03,1.985480340204900246e-03,2.502040204746780808e-03
-4.343580676068233178e-03,-6.160536430143082054e-03,7.153042222300902593e-03,2.131645064137389130e-03,1.219429819773010714e-03
-3.784621774220023761e-03,-4.824808683889219435e-03,6.636799077986020069e-03,2.328597717010352525e-03,-3.559663368871303205e-04
-2.529725952880386170e-03,-2.471752325455343034e-03,5.767680209439864612e-03,5.679015511847560361e-04,-1.334103482288885806e-03
-2.888061467405832281e-03,-4.115652634508934460e-04,4.763170408471699771e-03,1.223676431678354017e-03,-2.687220109293309359e-03
-2.094406315719268916e-03,4.698682654124200909e-04,3.942988649217791207e-03,1.876632105387960117e-03,-4.195082704298911010e-03
-1.350127851997822348e-03,1.365026258943460294e-03,3.442876239791520070e-03,1.607111537956896086e-03,-5.064886184694057138e-03
-7.664938966051661239e-04,1.224467747548088885e-03,3.001724038190358313e-03,1.754288603214155173e-03,-5.213986492347431369e-03
-1.339488978544991788e-03,1.374480922729454883e-03,2.544663879573970042e-03,2.865645243338166455e-03,-5.445301067096592652e-03
-1.993027487215869292e-03,1.673107292832603068e-03,2.679552027607117089e-03,3.250512571972734906e-03,-5.610144405196589891e-03
-1.333643281848861765e-03,5.806570227293954538e-04,1.569708950514249295e-03,3.460081744512778085e-03,-4.276804435907567356e-03
-1.371823028836667308e-04,2.883169348572771980e-04,1.202879943570025730e-03,2.519002686742649946e-03,-3.873017262286294112e-03
9.403972713555774823e-04,1.920813611121123922e-03,2.816272453519321904e-04,2.965184699989346050e-03,-6.108022827817975904e-03
1.799166581707618319e-03,1.566385912327149157e-03,-2.886440579691391560e-04,2.532846387529187181e-03,-5.609754823594811923e-03
2.387702171935330350e-03,9.977166150065533336e-04,-8.276883064997430468e-04,1.832398666542456702e-03,-4.390129146984591592e-03
4.025882858195332231e-03,5.484503731714239060e-04,-6.422075636888156759e-04,-7.718523141084509013e-04,-3.160273353569490861e-03
5.036734865819595015e-03,-6.214932607339295444e-03,-1.982356582131654735e-03,-2.877737977347679028e-04,3.448328121386119976e-03
5.091677051688461852e-03,-7.869780257898237319e-03,-3.801430169122369061e-03,-1.637256393373847946e-03,8.216789768705975994e-03
6.615677722854081642e-03,-6.357580043043948442e-03,-2.547281192796868078e-03,-3.969428209919925732e-03,6.258611722906627650e-03
9.451282335201670326e-03,2.538597979443936621e-04,-3.974198342439701562e-03,-3.605069208929037074e-03,-2.125874581777350072e-03
1.225390510188330111e-02,-2.505705061471419533e-03,-5.004104870299885648e-03,-4.749278706872957743e-03,5.183536760928148157e-06
1.467479095961538894e-02,-3.094033163883699086e-03,-6.692590666410646282e-03,-5.154954852559250414e-03,2.667877232382191428e-04
1.097525300514843975e-02,5.708651111133381927e-04,-5.783055315322620064e-03,-3.851565160900797830e-03,-1.911497640038346824e-03
9.348326323476841351e-03,3.502489987505461857e-04,-4.006217819113522087e-03,-4.282572495873049334e-03,-1.409785007240767869e-03
6.270716904068739106e-03,-4.178251208489179060e-03,-3.339780672774470775e-03,-2.066304775737772340e-03,3.313619752932687405e-03
5.255432209927156373e-03,-5.090240595781159866e-03,-3.313016152495767974e-03,-1.139048211589711824e-03,4.286872749939477437e-03
4.669748746034104760e-03,-2.050494909818798787e-03,-3.575486497675248784e-03,8.654313117347420259e-04,9.080134972519335801e-05
3.958305768493623408e-03,-2.053438526861138796e-03,-2.584863333096321537e-03,3.310931559517606322e-03,-2.630935468053770265e-03
2.793122352677928407e-03,9.976877388780925303e-04,-1.424734084499968854e-03,2.231131585162633973e-03,-4.597207592218694079e-03
1.154437184922370080e-03,1.445817099801951491e-03,-6.031865419962902097e-04,2.784492422947535458e-03,-4.781560165675578095e-03
2.747086479014368464e-04,1.302889228170014350e-03,7.409732938472342193e-04,2.719643149036239400e-03,-5.038214318954912022e-03
1.231999018759375895e-05,2.002512291307168187e-03,1.991852838415800880e-03,1.977061302761139519e-03,-5.983746422671710856e-03
-5.165229832990672230e-04,1.268877352156649397e-03,3.068438762678714175e-03,1.875756057771023333e-03,-5.696549189307321091e-03
-1.599017901120589709e-03,-8.701290209002557861e-04,3.568686112122158079e-03,2.490044481848294189e-03,-3.589583671949616965e-03
-8.222010746007662628e-04,-1.692325964483621173e-03,4.645356436983240182e-03,3.876523371468314975e-04,-2.518481735045684407e-03
-9.743111468869952458e-04,-1.713154531393558866e-03,4.639444818527372998e-03,6.348535061509743248e-04,-2.586832646397797548e-03
-1.446636697642855436e-03,-2.270184391330963471e-03,5.052342907811528672e-03,1.112395927389931956e-03,-2.447917746227629577e-03
-1.739573518551184314e-03,-2.904672044890394423e-03,5.336392211766754004e-03,7.116662644351296222e-04,-1.403812912760300444e-03
-2.184902838917264067e-03,-3.596407309400335896e-03,5.987853582755572543e-03,6.820076969437468455e-04,-8.885511313817273400e-04
-2.613356086059534338e-03,-4.528623908784700988e-03,6.677912956800235653e-03,1.397849893649965279e-03,-9.337828556059746049e-04
-2.238269773089332330e-03,-5.658170097352990813e-03,7.145009994559785999e-03,7.947256064599561793e-04,-4.329573057742495707e-05
-3.231863293618273975e-03,-6.429482119728118297e-03,7.108300343754188864e-03,2.130425446863448181e-03,4.226196227287728449e-04
-3.849344068980362858e-03,-7.230585631482737072e-03,7.808617675259654951e-03,1.516286011603642028e-03,1.755026013599794710e-03
-5.361780256991290246e-03,-7.961913918535880319e-03,7.962323040724561193e-03,3.252186976517084868e-03,2.109184158285502386e-03
-6.322919869690606619e-03,-7.615778410643216610e-03,7.922012637225243903e-03,3.656988578857051173e-03,2.359697064251509505e-03
-7.030627888664006328e-03,-7.668965666786833890e-03,7.586137893487772225e-03,3.572699746864475574e-03,3.540755915098563363e-03
-7.601287870963459314e-03,-9.025063070260694667e-03,7.654976131356639943e-03,3.847453192028234270e-03,5.123921617839263289e-03
-8.590467988698726257e-03,-9.022602613947848516e-03,7.978168363186655121e-03,4.250086793071639751e-03,5.384815446388297247e-03
-9.054871608074359021e-03,-9.038604314661757150e-03,8.619359549020825378e-03,4.500384527967966723e-03,4.973731845747318865e-03
-9.917283168012651362e-03,-9.220993657803185431e-03,8.348050625909708700e-03,4.612160000711334334e-03,6.178066199194780748e-03
-1.065090053928489759e-02,-8.845778548800571281e-03,8.945960167232657606e-03,4.129687184946056674e-03,6.421031735906686938e-03
-1.202670393846300492e-02,-7.841677044475017441e-03,9.326252216766001135e-03,4.635124123450662034e-03,5.907004642721374807e-03
-1.239357116728242135e-02,-6.469405928832655875e-03,9.316338573290011346e-03,4.897013329436528811e-03,4.649625193388517985e-03
-1.249607093881898584e-02,-5.227789095669911276e-03,9.210574131155953304e-03,4.633875032296893431e-03,3.879410871036023493e-03
-1.172374619142687972e-02,-5.365289450477865596e-03,9.173103137291891557e-03,3.865604568097126548e-03,4.050327936515715072e-03
-1.180401828746966905e-02,-5.858512346465765547e-03,9.116513556142983796e-03,4.537033130877373387e-03,4.008983946915083488e-03
-1.123687778718951251e-02,-5.985582902491139688e-03,9.472426373414387021e-03,2.932435518347054244e-03,4.817598797919208330e-03
-1.032625811594766428e-02,-6.799903243027308718e-03,9.344222732027904557e-03,2.287731050814409417e-03,5.494207576132657291e-03
-9.880967472013616609e-03,-8.487990438675660845e-03,8.851822281476956836e-03,3.501815561855223941e-03,6.015320067357111423e-03
-8.888554145133261211e-03,-9.031037092573013930e-03,8.998339552973001754e-03,2.578581708479381861e-03,6.342669976253916680e-03
-8.417789669456306537e-03,-8.948116386111037990e-03,8.518543540860071955e-03,2.965011226490934116e-03,5.882351288216329348e-03
-8.281893587440839269e-03,-7.591983449189378466e-03,8.688340177974374079e-03,2.270947365104378744e-03,4.914589493551467514e-03
-6.914805578750619040e-03,-7.388228050028782488e-03,8.109159719663730850e-03,1.903902935377447441e-03,4.289970973738213914e-03
-6.495237252600118832e-03,-7.423421888022394693e-03,8.115185821435303912e-03,2.000617585689697803e-03,3.802855733497537399e-03
-5.582062850148093898e-03,-6.714248558131182681e-03,7.444267317827590706e-03,1.873675819762930708e-03,2.978368270688772079e-03
-4.502634414570930686e-03,-4.813326649883016908e-03,7.086132868315560274e-03,1.514047761684341386e-03,7.157804344540396463e-04
-4.926339487930536318e-03,-3.508236813852200122e-03,6.431836306126860643e-03,2.158831580121014539e-03,-1.560915844651348660e-04
-3.328793368810420168e-03,-1.962922785826594959e-03,5.700654737795018967e-03,1.396265581863400176e-03,-1.805204165021409438e-03
-3.648273562300502655e-03,-5.906528056216402492e-04,5.223952162459491629e-03,2.017786771435346304e-03,-3.002812565972693727e-03
-2.678789913179153818e-03,-7.334987822776956002e-04,4.980146029168477061e-03,2.331401374897503105e-03,-3.899258708609132807e-03
-2.443216819548848281e-03,-1.811624603583584874e-04,4.094969252043044808e-03,2.250715448595613268e-03,-3.721305420731451253e-03
-2.870455860019361337e-03,3.328685664994597267e-05,4.359380212287351265e-03,2.185022190694827556e-03,-3.707233399612754662e-03
-2.551198201925350319e-03,-3.671162652073721357e-04,3.702432059128289796e-03,3.421939675597372461e-03,-4.206057267592962570e-03
-2.549636886839146046e-03,-1.113560533768708036e-04,3.506915245375319228e-03,2.935666337424971181e-03,-3.781588642584266836e-03
-2.007795132730783548e-03,-1.289503641440277199e-03,2.795131524609259857e-03,2.984698503551824408e-03,-2.482531253990025687e-03
-6.446580317016130076e-04,-3.805278848393471081e-04,1.743257084846078957e-03,3.074942083855793182e-03,-3.793013252160914138e-03
2.798264447481473276e-04,5.741179954078254669e-04,1.724516314374496427e-03,2.023106479072075622e-03,-4.601567233602547012e-03
1.284587268436195376e-03,-4.263941566507283292e-04,1.985576854654419248e-04,2.862755641052780985e-03,-3.919506438303702912e-03
2.946376509736021738e-03,-1.788401372196749559e-03,2.760494229704233879e-04,1.185643000782388807e-03,-2.619667561292077489e-03
3.829192065370250805e-03,-1.566456479910615946e-03,-4.748080435532523250e-04,-1.504742314042501090e-03,-2.831852278638825274e-04
5.074156424822950928e-03,-6.489804299589013378e-03,-2.226308387529349515e-03,-2.199706969216095459e-03,5.841663231511512629e-03
5.690202982736911920e-03,-8.878168476496946585e-03,-2.952313723753431998e-03,-2.720586432955867436e-03,8.860865650469335400e-03
1.040465120389216271e-02,-6.560748702092081448e-03,-3.541019836071931156e-03,-6.414518440889888963e-03,6.111635775161763581e-03
1.242069050917067596e-02,-7.554210505026151545e-04,-4.833106199861368114e-03,-5.567529158252256666e-03,-1.264634100554410659e-03
1.192357261644177990e-02,-3.397346989207398592e-03,-5.248189164767935733e-03,-4.143307997211531819e-03,8.652715347450838559e-04
1.704101463422230331e-02,-3.046959636068778503e-03,-7.409908225796123758e-03,-6.591552920857852299e-03,7.406148500428056868e-06
1.317492402567423115e-02,-5.544223127964966564e-04,-5.727454583359078803e-03,-5.703285591038918106e-03,-1.189761538479744418e-03
1.032387520068061074e-02,-5.192413229193648975e-04,-3.383123044827972097e-03,-5.884869890480164470e-03,-5.366409424530956115e-04
7.535248497675721413e-03,-4.653787355024668025e-03,-4.033623977369409433e-03,-3.331547633743175366e-03,4.483710468461529243e-03
6.491930598478080384e-03,-5.203094129748538424e-03,-4.312058478733045083e-03,-1.601297381308447064e-03,4.624519391311946934e-03
6.259803441084408997e-03,-3.851351358918865368e-03,-3.490406538154621711e-03,-1.358752725392602069e-03,2.440707181381668225e-03
3.853041213703032025e-03,-1.601775990139199307e-03,-3.040188975800705087e-03,1.382279823999217963e-03,-5.933560717623434250e-04
2.204488994553535555e-03,-5.066691578689523504e-04,-1.135805031743657330e-03,1.751980935840269198e-03,-2.313995740781201252e-03
1.644325144417967252e-03,-1.240818612275256406e-03,-4.686049158764982463e-04,3.804481011566195232e-03,-3.739382627832405718e-03
7.681531343337856749e-04,5.793599112003615772e-04,9.845238448707265000e-04,2.296855975941564966e-03,-4.628892866346449343e-03
-2.878108998907959377e-04,1.076528796163958319e-03,2.069747760373318816e-03,1.933698142986260606e-03,-4.792163799632729280e-03
-1.215110693562959166e-03,1.445718819889749325e-03,3.070114757347913639e-03,2.161929593427890529e-03,-5.462652477102605819e-03
-1.726840577062889980e-03,4.660344903652066553e-04,3.956797014105933180e-03,1.788588296589207864e-03,-4.484579223997449751e-03
-2.283017083005683522e-03,-1.262189613464975149e-03,4.349165056213578386e-03,1.992125417294829740e-03,-2.796083777037728420e-03
-2.442347949395678487e-03,-1.647481972726960297e-03,5.370028936805049113e-03,1.257015068417363787e-03,-2.537214083099773899e-03
-2.379406851401745255e-03,-2.247155966680023601e-03,5.363916159735393138e-03,1.228654939008765089e-03,-1.966008280662383083e-03
-2.046603142127765423e-03,-2.332187508342088798e-03,5.497294829442946409e-03,5.728855717747227032e-04,-1.691389750747834732e-03
-2.327439956519460583e-03,-2.542840965887498226e-03,6.048636660312449280e-03,1.449567246852161454e-04,-1.323312462590692197e-03
-2.712773304178184731e-03,-3.221115940814637223e-03,6.568073194726599222e-03,1.386841486628313585e-03,-2.021025436362081096e-03
-3.194834377717737425e-03,-4.817546845490068390e-03,6.804293052908278773e-03,1.884402168866871306e-03,-6.763139985673338565e-04
-3.965573928123453974e-03,-5.450790851454953047e-03,7.139031291408163768e-03,1.825062975078524342e-03,4.522705130917271509e-04
-5.322084449395605293e-03,-5.848182219357467466e-03,7.674887044272747823e-03,2.468134754427999105e-03,1.027244870052326483e-03
-5.856577114374538449e-03,-6.397808159379164868e-03,7.219460784095519008e-03,3.312740819910781412e-03,1.722183669747400295e-03
-6.955870210795547098e-03,-6.809940070216370482e-03,7.463373176297609032e-03,3.352194615044102200e-03,2.950242489670210251e-03
-7.374073689614721316e-03,-7.127007688035267956e-03,7.633811417500472457e-03,3.325649069455336414e-03,3.541620890694195580e-03
-7.947058052180136847e-03,-7.133880338416130618e-03,7.854748123334658397e-03,2.819747555163047530e-03,4.406442712098568477e-03
-8.915146734676526741e-03,-8.187219183973545519e-03,8.141153969533630394e-03,3.472971860296419216e-03,5.488240088820033925e-03
-8.762565925606036199e-03,-8.647617101795509326e-03,8.702769031935772559e-03,2.493047643022627737e-03,6.214366352443158673e-03
-9.754346371380513692e-03,-9.056985093418115293e-03,8.566532834842528407e-03,3.766589799101874823e-03,6.478208830854187590e-03
-1.016954232522949281e-02,-8.965370336319720621e-03,8.862757343052009296e-03,2.830522976101139399e-03,7.441632342396058662e-03
-1.152869167937950641e-02,-7.788299920129988958e-03,8.874019664835773591e-03,3.312365259407356547e-03,7.130606675266375205e-03
-1.156623573795036337e-02,-6.789238933487494292e-03,8.992353797145290553e-03,3.659577935523373408e-03,5.703542938769208884e-03
-1.179184873647395534e-02,-5.812495928414928258e-03,8.856526957426506114e-03,3.419572350604726304e-03,5.328245356857625598e-03
-1.164629829636938674e-02,-5.768273814433761727e-03,8.694597248208261325e-03,3.724863671823353591e-03,4.995111190771547860e-03
-1.127484818435516012e-02,-6.385470236231442255e-03,8.867701514983533650e-03,3.133107804370425728e-03,5.659509101232643863e-03
-1.074819649180016982e-02,-6.933367654381930763e-03,9.160369355197877858e-03,2.737573470566785714e-03,5.783621320417479950e-03
-1.023059463383191488e-02,-7.379984599629836259e-03,8.652312387224381576e-03,2.783578213898248166e-03,6.174688632339100577e-03
-9.613814805478409706e-03,-7.853613763539667864e-03,8.523193717975744918e-03,2.109186990053781886e-03,6.835047860988570714e-03
-8.754617040482000692e-03,-7.894897319072138181e-03,8.240171955131093268e-03,1.890268995632612015e-03,6.519073408790394125e-03
-8.118953507386868565e-03,-7.371129477023809044e-03,7.987479326822401193e-03,2.621518377415794562e-03,4.881085280172503538e-03
-7.401070936895094536e-03,-7.400443438138793947e-03,8.226007421701288930e-03,1.980536935311600494e-03,4.594970018021002529e-03
-7.141147186426021788e-03,-7.106093569702382449e-03,8.286698395069009085e-03,1.517019323187665742e-03,4.443523037871727893e-03
-6.737748977293748533e-03,-6.467493342688334680e-03,8.283249195654525041e-03,1.583230002031072283e-03,3.338763122296504321e-03
-5.508112691149776204e-03,-5.226153305645592911e-03,7.735521403612818925e-03,1.947937363236571526e-03,1.050807229945945054e-03
-5.188164663359551634e-03,-4.444303736756311483e-03,7.736858505677562427e-03,9.869916003226451070e-04,9.086182941156658839e-04
-4.926489994863820707e-03,-2.383756193390883932e-03,6.507499294699905894e-03,1.786475655201624768e-03,-9.837287616468056405e-04
-4.639749641354296364e-03,-9.281023488354916192e-04,5.321934621400982272e-03,2.686720194057664116e-03,-2.440802825268867295e-03
-3.368248590629668773e-03,-3.799751318743356770e-04,5.006578150132866452e-03,1.782896954058021564e-03,-3.041251381686871369e-03
-3.954429120599007100e-03,-3.376961069395342276e-04,5.018632053553006948e-03,2.354017875158191057e-03,-3.080524701172667953e-03
-3.470858804269302041e-03,-1.017396640604790867e-04,4.390523825127642769e-03,2.502442962024138424e-03,-3.320368318821984629e-03
-3.062245255760572341e-03,1.701273901854016610e-05,3.780267501411563660e-03,2.701909580837660689e-03,-3.436944565507187889e-03
-2.959486126126854074e-03,-3.066754265147680978e-05,3.982279687717186177e-03,2.462281522376284348e-03,-3.454407541315154210e-03
-2.673198637149882661e-03,-1.136942427892864097e-03,3.795998465263859638e-03,2.397972479488027792e-03,-2.383829879709146310e-03
-1.764780129497534955e-03,-5.891585789330309629e-04,2.937272458301195058e-03,2.230564363894245884e-03,-2.813898113764875999e-03
-6.897185990263006482e-04,-4.267572093503956823e-04,2.276613087440754104e-03,2.424467563557881379e-03,-3.584604842621942188e-03
5.581729297110783142e-04,-2.933076909251193034e-06,1.326130520575649879e-03,1.630587207397225444e-03,-3.511957580774694842e-03
2.265283351588818269e-03,-2.695770233273832761e-04,1.842609578438412989e-04,-1.859603334820088887e-05,-2.161371252757076158e-03
4.193476056344706479e-03,-5.488631099478922821e-04,-9.596384283579982317e-04,-1.168269497314221479e-03,-1.516705020724600341e-03
4.959884729494556249e-03,-3.558426840447499739e-03,-1.244037521076377713e-03,-2.422380396268005841e-03,2.264960028297324009e-03
5.468290769578134508e-03,-7.089844351049512904e-03,-2.960362654736641008e-03,-2.053039849153937696e-03,6.634956085361967508e-03
7.744295989616407916e-03,-8.693697469034384478e-03,-3.577481821856045435e-03,-4.480353104671221630e-03,9.007236405945239291e-03
1.153741859535433942e-02,-6.220952737353648704e-03,-4.287808437133600742e-03,-6.683020879381116990e-03,5.654363458514033089e-03
1.288688762133258052e-02,-1.787640209506572960e-03,-5.339248193781506030e-03,-5.540809627363787494e-03,-2.191895906806929750e-04
1.378172972267736537e-02,-5.976189608770637873e-03,-6.218647897805950134e-03,-2.113818748986010746e-03,5.269265328852412939e-04
1.383086325289643870e-02,-4.664268409923367012e-03,-5.620747104446364474e-03,-5.902676422029460787e-03,2.356828683502795209e-03
1.107887212210096825e-02,-2.696553338145116913e-03,-4.661544307087631470e-03,-4.842269058750990791e-03,1.121494581882766586e-03
1.115221449494958363e-02,-4.143880951909930180e-03,-3.331322378853121460e-03,-4.462407693184097628e-03,7.853965289975545824e-04
9.672565752287221388e-03,-5.898477305312878338e-03,-3.944816837073485474e-03,-5.180321181817707475e-03,5.351049571916847297e-03
7.493591861009345385e-03,-6.387168301507322073e-03,-3.292510979761667858e-03,-3.558197024735181707e-03,5.744284444994814109e-03
7.383796900434672766e-03,-4.780077699584426611e-03,-2.435792200520783563e-03,-3.631895729408520131e-03,3.463968729079062742e-03
4.163598680408679177e-03,-3.900166850676684959e-03,-2.657982155120734540e-03,7.680359392339840188e-04,1.626514386154770614e-03
2.166850502567056660e-03,-2.173645820140913173e-03,-8.672898556966506184e-04,7.279718540828962036e-04,1.461133191876081902e-04
5.008091330561307382e-04,-1.136473152558938179e-03,5.356406126989076560e-04,1.936505274316431807e-03,-1.836481867512532130e-03
-2.650911048621614483e-04,-6.269360488023191221e-05,1.664068260416738622e-03,1.727162352178794125e-03,-3.063445902853130943e-03
-9.923743788513310262e-04,-2.572277065896630909e-04,3.065611257384499768e-03,1.639036523379792379e-03,-3.455045695323299710e-03
-6.996203430381660966e-04,-8.180424942393060015e-04,4.036441497948847074e-03,1.709054635972942927e-03,-4.227833296644317035e-03
-1.773344525697513564e-03,3.213533515391654239e-04,3.242256840939970221e-03,2.663949713210536727e-03,-4.454215379992168891e-03
-2.334788738317731139e-03,-7.919692124199834106e-04,3.666063611070495640e-03,3.128797380525339105e-03,-3.668103040858129629e-03
-2.793942617285904463e-03,-1.798633422390223495e-03,5.506178305443818269e-03,1.267248138559356812e-03,-2.180850404327045172e-03
-2.965043477909428283e-03,-1.946087313250022266e-03,6.148376758072100420e-03,7.207419571403341158e-04,-1.957987924053002093e-03
-3.110145528128460592e-03,-2.325269998252299433e-03,5.779812823194251103e-03,1.367357792375089622e-03,-1.711755089188579182e-03
-3.656068984015329020e-03,-2.275508605227787463e-03,6.186778698953046898e-03,1.463328535559109064e-03,-1.718529645269034709e-03
-4.080494319633989030e-03,-2.444587688737325654e-03,6.521195256473351701e-03,1.673346742749865770e-03,-1.669459990851907775e-03
-4.870272933184650356e-03,-3.086057245795809176e-03,6.702804794065535254e-03,3.686784291206919931e-03,-2.433258906291979173e-03
-5.298195561344898850e-03,-3.953481608087378203e-03,6.946146572666225469e-03,3.577184863098588873e-03,-1.271654266332534035e-03
-5.888448482079799810e-03,-4.564626646204075940e-03,7.348968176434651604e-03,3.420993558724441923e-03,-3.168866068751983707e-04
-6.235439523471457759e-03,-5.570591510963342555e-03,7.444130943276213407e-03,3.325491685641236792e-03,1.036408405517341659e-03
-6.837925603117930504e-03,-6.061107416440082545e-03,7.240625451854880434e-03,4.053078828008931274e-03,1.605328739694218904e-03
-7.396980680030666375e-03,-6.894207817572833505e-03,7.933315233054060236e-03,3.422005970822400000e-03,2.935867293727030536e-03
-7.865196762323788809e-03,-7.378356981504922453e-03,8.090234553400079201e-03,3.601471647549630423e-03,3.551847542878982990e-03
-8.603918690630650221e-03,-8.001333901225772191e-03,8.345058870256478675e-03,3.742399864976691387e-03,4.517793856623252349e-03
-9.154277123679463099e-03,-8.492976884813442304e-03,8.201950623725404177e-03,4.078308770955660530e-03,5.366994613811830288e-03
-9.678553443616406959e-03,-8.639564642812532988e-03,8.446812408450694865e-03,3.839910334767693799e-03,6.031395343210553886e-03
-9.929828689405725134e-03,-8.192250364015737571e-03,8.662537096423941416e-03,3.065002322141485193e-03,6.394539634856055178e-03
-1.072338188236102684e-02,-7.538069463967306955e-03,8.748570581515690420e-03,3.502929423451966746e-03,6.009951341360690938e-03
-1.119665426704475296e-02,-6.794246205152038032e-03,8.670427186845530015e-03,4.654627227880563968e-03,4.665846057470717824e-03
-1.104672752433647105e-02,-6.475290929051063377e-03,8.639264513096685597e-03,2.831236928384813899e-03,6.051517011906063989e-03
-1.105249370834191294e-02,-6.739186854243308343e-03,8.352563865840996471e-03,3.161453494854716498e-03,6.277663201889492270e-03
-1.085088753192463978e-02,-7.194115429577198524e-03,8.293141975757293075e-03,3.144753785992020732e-03,6.607107199752509756e-03
-1.051030071675171547e-02,-7.410507304159147726e-03,8.364280642834197310e-03,3.206579687285964018e-03,6.349947690790677148e-03
-1.008813014048821378e-02,-7.909164259634291275e-03,8.444682440164621995e-03,3.300627043244982670e-03,6.251984916712877843e-03
-9.488057577629271933e-03,-7.971777260376960647e-03,8.052625515486662791e-03,3.275902098248685470e-03,6.131307224270924651e-03
-8.845498558351653356e-03,-7.724200783084107617e-03,8.015068796044988800e-03,3.214411600041977828e-03,5.340218945348805188e-03
-7.978957757704661230e-03,-7.488755981676039654e-03,8.150319542248502663e-03,2.645873579532569912e-03,4.671520617599624406e-03
-7.803187372300587551e-03,-6.857857152293891229e-03,8.133014592603385676e-03,2.153372146095188216e-03,4.374657785895886240e-03
-7.529660086614015091e-03,-6.193254391802538797e-03,8.054321376736606891e-03,2.546196584841435833e-03,3.122396516838479939e-03
-7.304206770913789122e-03,-5.214906494134510274e-03,7.676908236747314977e-03,3.422898544267325392e-03,1.419306484033685265e-03
-6.051046477331905801e-03,-3.628174672645705697e-03,7.382790852566332822e-03,1.133556541914693431e-03,1.162873755496593919e-03
-5.322373050031431289e-03,-2.512565399297393785e-03,7.176949624394800796e-03,7.914465692458417731e-04,-1.334577443118115862e-04
-5.120133802203126645e-03,-1.280078978512959060e-03,7.120924425756852347e-03,9.214327140704325816e-04,-1.642144359111228930e-03
-4.589822250573348875e-03,-6.544363795640069544e-04,6.608115965175413893e-03,8.359869976394828945e-04,-2.199844332677542043e-03
-4.356459818117878156e-03,-8.284521193338763604e-04,5.962688650793902985e-03,1.319495565750800330e-03,-2.097272279092934812e-03
-3.853572844177515205e-03,-6.725559852676297719e-04,5.681767499979395453e-03,1.059899886581221196e-03,-2.215538557115463540e-03
-4.106597773050280065e-03,-4.181197631368638139e-04,5.056350856421690763e-03,1.736665897943558568e-03,-2.268299218178110657e-03
-3.239073731627213105e-03,-6.396469616359514321e-04,3.896266864258357814e-03,2.298384986025366495e-03,-2.315931157020554351e-03
-3.046050773304778952e-03,-1.468088324861053411e-03,4.144056931588789745e-03,2.540793649343499067e-03,-2.170711482766468376e-03
-2.880892655908900025e-03,-2.725340886098969080e-03,3.928719931058273669e-03,3.484150674432218934e-03,-1.806637063482623064e-03
-1.853654242465584438e-03,-5.834713416321604115e-05,3.462938030815704196e-03,1.040865351217403444e-03,-2.591802005404315271e-03
-7.093402790773300744e-04,-1.528433833629010759e-05,2.107583272470498533e-03,1.676764177638980641e-03,-3.059722832695855373e-03
6.716807461043713392e-04,-1.027587697154678549e-03,8.743426967098655387e-04,1.107178413464475009e-03,-1.625614159124039518e-03
3.602019094215311908e-03,-1.328178745801124371e-03,-6.528383381745478126e-04,-3.871030655872134728e-04,-1.233898944652423325e-03
5.034978406863069994e-03,-2.869015957699110053e-03,-1.589519436609450592e-03,-1.518676269823406293e-03,9.422332572688846926e-04
5.932481975473984440e-03,-5.334731433470881259e-03,-1.476200102522930461e-03,-3.545627896342447728e-03,4.424077456862284333e-03
7.652847047349669272e-03,-7.394526318927232937e-03,-2.639434829696268685e-03,-4.516191883358662389e-03,6.897305984632496473e-03
8.143029001690789415e-03,-9.235183663213440003e-03,-3.962764865592933831e-03,-4.508905612500307969e-03,9.563825139615891521e-03
1.079597714925005503e-02,-9.868451602023681213e-03,-3.127315017928006171e-03,-4.622200533808174666e-03,6.821990004509852559e-03
1.189114137013708508e-02,-3.195994371076934116e-03,-4.583310214372151269e-03,-5.826606940116599818e-03,1.714770155428601206e-03
1.298553547206211627e-02,-3.759093014534730867e-03,-5.370283119943930657e-03,-5.634663168509495244e-03,1.778503830925989978e-03
1.447938932095380569e-02,-4.616885972582931985e-03,-6.548717069990560129e-03,-5.643616471831186705e-03,2.329830193450864884e-03
1.177144175412657250e-02,-3.882582839042866742e-03,-5.054149638382936759e-03,-5.413808698957064090e-03,2.579099422256275146e-03
1.157990520831911341e-02,-3.581989321714659086e-03,-3.131377120806173517e-03,-6.988896861843255266e-03,2.122358096044979665e-03
1.065736195938923533e-02,-6.322320147743320379e-03,-2.845112275234139634e-03,-6.996643953355385394e-03,5.506714416943606603e-03
9.377866697861390530e-03,-9.538276124895384012e-03,-3.197879459370012774e-03,-2.863053153041770181e-03,6.221342039445762993e-03
8.067946717033770351e-03,-4.651720460638469022e-03,-2.056688062916246524e-03,-4.402245974297254796e-03,3.042707780818193920e-03
4.243710986748121944e-03,-3.995236045367635096e-03,-1.639342284188598665e-03,-6.435637895402997752e-04,2.034431132348416254e-03
3.802007059351240111e-03,-3.642431891836964315e-03,-2.003212921695575856e-04,-1.223057526141946251e-03,1.263803650797228149e-03
2.316071151038850485e-04,-2.120869761810099865e-03,6.748997357378958093e-04,1.443154196050720674e-03,-2.287912850824063836e-04
-3.635018541709347361e-04,-6.381616050743317212e-04,1.931997817953920058e-03,1.484895601885927998e-03,-2.415229960594580515e-03
-1.531060569029825316e-03,-2.235583663504155019e-04,3.339027376807103369e-03,1.709536168211457999e-03,-3.293944609638317731e-03
-2.474115315041750755e-03,1.479204727577908209e-04,4.225770204750456394e-03,1.415423889455446433e-03,-3.314999251921948911e-03
-1.955843436467092147e-03,8.849034118917533786e-04,4.516151903045950884e-03,9.269474263192616992e-04,-4.372159304789863081e-03
-2.022139776480712681e-03,-7.556059588816490093e-04,4.369232384295264685e-03,2.641249436386551054e-03,-4.232736085319449386e-03
-2.258150292642204741e-03,-2.179944909825173166e-03,4.161758607815047202e-03,3.413122774956837188e-03,-3.136786180304510820e-03
-2.232716054109288271e-03,-1.830832541028264192e-03,4.401108774467363434e-03,2.234050241163456404e-03,-2.571610420493281469e-03
-3.032466093515905244e-03,-1.869321155747826705e-03,5.178878933342414247e-03,2.324420706244765579e-03,-2.601512390323464357e-03
-3.371902489652123507e-03,-2.028596005324528277e-03,5.551732039517788542e-03,2.187233623530743330e-03,-2.338467168071885292e-03
-3.398884974648881153e-03,-2.161756217916633877e-03,5.958298217179420174e-03,1.744844485335218147e-03,-2.142501509949145625e-03
-4.655505233877191805e-03,-2.237933060282005192e-03,6.546247822357298407e-03,2.280246463040365695e-03,-1.933055991238492909e-03
-5.057893597440523206e-03,-2.523087087063826447e-03,7.042346244566154330e-03,2.420535929831838830e-03,-1.881901489893648277e-03
-5.750702617411538459e-03,-3.141696350883620148e-03,7.620091326061661889e-03,4.203360957579906597e-03,-2.931053315346407277e-03
-6.208412753124059602e-03,-3.745247693539591367e-03,8.099393123287198029e-03,3.414564671908272217e-03,-1.560297348531809953e-03
-6.598820675840233636e-03,-4.736305109916058576e-03,8.063519152519694685e-03,3.600204086871819278e-03,-3.285974536352178482e-04
-6.718495819884961681e-03,-5.353320254206445777e-03,8.088581944350990705e-03,2.978802143592056660e-03,1.004431986148384814e-03
-7.321405128221006309e-03,-5.945308227709510812e-03,8.291680335508847324e-03,3.241608336494392235e-03,1.733424683927256961e-03
-7.909359409453009179e-03,-6.293133840221359736e-03,8.675604828192734833e-03,2.778016401151069733e-03,2.748872020330560446e-03
-8.546618218397599234e-03,-6.632399877372031557e-03,8.339445769013418067e-03,3.496835677152559507e-03,3.342736649603646713e-03
-9.032898437276891054e-03,-6.990847861560443334e-03,8.522304239254405861e-03,3.415744685559935281e-03,4.085697374022993246e-03
-9.966910157645674992e-03,-7.215526290456515494e-03,8.582946007621090542e-03,4.107514313611628463e-03,4.491976126869454133e-03
-1.019804869596968415e-02,-6.957141446406820383e-03,8.752244323472564008e-03,3.693294847506371249e-03,4.709650971397551060e-03
-1.050361486204812005e-02,-6.602239437503808553e-03,8.771186172077751614e-03,4.582627971502826678e-03,3.752040155971370257e-03
-1.041409398951105916e-02,-6.648364838804062156e-03,8.852000958118418431e-03,3.599614802753465809e-03,4.610843067443219298e-03
-1.013244093274871110e-02,-7.021167469182774262e-03,8.716850332267265730e-03,3.535911760140285007e-03,4.900846309523926823e-03
-1.004060725849849345e-02,-6.898563952865559810e-03,8.705132724709924857e-03,3.155681841228005682e-03,5.078356645426113612e-03
-1.018421580900668623e-02,-6.427153151895230454e-03,8.689759653667744957e-03,3.398480891929934588e-03,4.523128415304271399e-03
-9.453741253879452064e-03,-6.715382654938544145e-03,8.990450957250135586e-03,2.945420314502885349e-03,4.233252637064990886e-03
-9.032205980000969012e-03,-6.654006457999195497e-03,8.598902255607103473e-03,3.245266697488450799e-03,3.842043484904566434e-03
-8.524134789331717227e-03,-6.520304037264173722e-03,8.340319334578388116e-03,2.968135206719682388e-03,3.735984285297814806e-03
-7.491237912634954137e-03,-6.302452473166476540e-03,8.285404769533375943e-03,2.357290437640605345e-03,3.150995178627460230e-03
-7.074100687151234183e-03,-5.607244154497305517e-03,8.048851793110795017e-03,2.716886067933252727e-03,1.915606980604499547e-03
-6.647688523102426514e-03,-4.888432414540276952e-03,7.917382800127761508e-03,3.409674329937802031e-03,2.090638075771411467e-04
-6.411637697564745962e-03,-3.300964212197250638e-03,7.664567994111620014e-03,1.835196069217234034e-03,2.128378464331418744e-04
-5.637871884408811839e-03,-2.480523285099886944e-03,7.794508114343201913e-03,1.163310633918641403e-03,-8.394235787531419309e-04
-5.487111840898402371e-03,-1.440896188714651431e-03,7.355161958392632433e-03,1.420005527926694339e-03,-1.847159456706248901e-03
-5.035503829624614867e-03,-8.184202871822082856e-04,6.963845015544528963e-03,9.950835310986814314e-04,-2.105004429836396240e-03
-5.213274055928430670e-03,-7.730076686268716772e-04,6.175809458944051152e-03,2.081437438013331118e-03,-2.270965172402088054e-03
-4.412502689413189301e-03,-5.676329412899569927e-04,5.965998357015903086e-03,1.510850214445619462e-03,-2.496712940758364328e-03
-3.374510547448165629e-03,-1.510680774116655899e-03,4.998359560375911434e-03,2.466924528229594727e-03,-2.580092767040705233e-03
-3.431681023814382551e-03,-1.688194481218630114e-03,3.948304738666844407e-03,3.703418897939445443e-03,-2.531848131573280654e-03
-2.704432574836017431e-03,2.595489720647485145e-05,4.244568779436353780e-03,1.061374942798381810e-03,-2.627466044605190811e-03
-2.472260120900782437e-03,-2.838329815309093679e-04,4.889705408164826857e-03,3.469863861029566011e-04,-2.480598691836094580e-03
-1.934409708774259334e-03,-1.074267932592073559e-04,4.504014242945877586e-03,2.790133163542689461e-04,-2.741191057266681875e-03
-1.539163781238566103e-03,-2.974429661590256976e-04,3.187598593472174870e-03,1.202744555077853638e-03,-2.553736401152435515e-03
-1.401926605160133058e-04,-9.022219014162649077e-04,1.798098422022098184e-03,1.164685912457575799e-03,-1.920369772547396393e-03
2.156258204233472454e-03,-1.337446645492764872e-03,1.206265816283092103e-03,-4.334885963362556521e-04,-1.591588778687547286e-03
3.801970858410482022e-03,-2.707266048149635593e-03,6.544574548790493907e-06,-1.709378761140216071e-03,6.081293763305868150e-04
6.536550568320875949e-03,-4.305766046541470264e-03,-6.198477465722927867e-04,-4.641673556330542204e-03,3.030736781123424210e-03
6.520122377076317810e-03,-8.107526864212939374e-03,-1.433761498592477611e-03,-1.211893404589127953e-03,4.233059390318194386e-03
7.899234871867616067e-03,-7.532523451263547533e-03,-2.570748690032246056e-03,-4.559270889572550854e-03,6.763308159000735315e-03
8.535550442885658090e-03,-9.957850451611519743e-03,-3.064664456084316944e-03,-5.495517346975595935e-03,9.982481811785759787e-03
1.136172748358785928e-02,-7.839286277162118774e-03,-3.083372280279693140e-03,-7.795800244812651353e-03,7.356731318666594015e-03
1.170373132409017157e-02,-3.564442756931629919e-03,-4.830590625090586988e-03,-5.365963727880404890e-03,2.057265785812423340e-03
1.270999196574047925e-02,-4.530959570698447035e-03,-5.363047846866037492e-03,-5.380317038191050061e-03,2.564332490015073986e-03
1.544240459564916700e-02,-4.424335953294999089e-03,-7.027647150947955237e-03,-5.955133020227438255e-03,1.964711528821244235e-03
1.234302968505145495e-02,-4.662873942266816327e-03,-5.135308619155937344e-03,-5.621777997051012610e-03,3.076930873422310461e-03
1.058811680872068749e-02,-5.392333346463608693e-03,-2.504412159072041261e-03,-7.031723605979943448e-03,4.340352302794902445e-03
9.464792266929075715e-03,-6.491866135433199160e-03,-2.026347297791016629e-03,-6.199832183083153411e-03,5.253253349378340757e-03
8.832028802072395060e-03,-8.625601831720159859e-03,-2.487932748761365834e-03,-5.530444777283392843e-03,7.811950555692552534e-03
8.052634204052815797e-03,-4.961751563544375583e-03,-1.718220027508283749e-03,-4.791803747980265260e-03,3.419141134980101422e-03
5.956411185183043376e-03,-3.574083561756772644e-03,-4.058406948851522172e-04,-3.707403788611066814e-03,1.730916860069946347e-03
2.951710982423063657e-03,-6.864504134795235309e-03,9.997289381409586555e-04,6.650678320550233854e-04,2.247996382176198609e-03
1.450279352335342173e-03,-2.851285262628342528e-03,1.379375261275390171e-03,-6.366865569740221562e-04,6.583172059916285457e-04
4.235836219924076656e-04,-2.376360439405742798e-03,2.676635776865554650e-03,-4.844438254127452436e-04,-2.394151340394764149e-04
-1.475657918653001987e-03,-5.584482146074250556e-04,3.512909487599396013e-03,1.290930006617877933e-03,-2.769733360956848096e-03
-2.447383270255870224e-03,-8.893972729487662323e-05,4.228599205406098800e-03,1.723187664643810848e-03,-3.415463872499167625e-03
-2.383205318180508635e-03,5.588563965355921670e-04,4.732094191971220228e-03,1.077801865489633713e-03,-3.985547135815925221e-03
-2.170630707907593004e-03,7.997712590870530375e-04,5.175097271523302137e-03,1.191144329755738224e-03,-4.995382152458508092e-03
-2.451317945878335892e-03,5.416916944791789860e-04,5.073914819596340997e-03,1.065379966138661457e-03,-4.229668534335833188e-03
-2.847295366891019856e-03,-4.181381803876849600e-04,4.834922213941334444e-03,1.753609078576026051e-03,-3.323097745238672105e-03
-2.789040012152569324e-03,-9.742153982493265921e-04,5.607010494404832124e-03,1.074455361846422385e-03,-2.918210445849354906e-03
-3.037656233385356737e-03,-2.106040441892381189e-03,6.133961110818372114e-03,1.891463144423169299e-03,-2.881727579963811511e-03
-3.495374930651913483e-03,-3.003569129861514541e-03,6.892486250777552122e-03,2.524489800723010019e-03,-2.918031990987132816e-03
-4.169547237878628264e-03,-2.773892446133124391e-03,6.988601936659773715e-03,2.534075121078236195e-03,-2.579237373726250750e-03
-4.169047461657053241e-03,-2.328987966735948482e-03,6.761929669959653583e-03,1.961453632485474306e-03,-2.225347874052131369e-03
-5.085557441415236059e-03,-2.179621477210490384e-03,6.935804821219387038e-03,2.363311536415564195e-03,-2.033937439009208311e-03
-5.789526205011155321e-03,-2.315455670122750376e-03,7.139925483579066638e-03,3.694564706467519475e-03,-2.729508314912672175e-03
-5.813550926475402267e-03,-2.416313941103673951e-03,7.076345886925019049e-03,3.928937158609519149e-03,-2.775418177955468486e-03
-6.708386017351877957e-03,-3.137720441128986730e-03,7.359001703261988138e-03,4.393532555868114031e-03,-1.906427800649252010e-03
-7.095138823789978906e-03,-3.846295164049096799e-03,7.736100279759907175e-03,4.019284588684333623e-03,-8.139508806051760437e-04
-7.895703351058968797e-03,-4.308315720203023148e-03,7.661608116529094840e-03,5.099928661857814315e-03,-5.575177071249261002e-04
-8.086986506765982477e-03,-4.475132648949217869e-03,8.065385506901164708e-03,4.553535843374504830e-03,-5.680219456045483328e-05
-8.121228210648159807e-03,-4.754049524877451173e-03,8.353721683501853790e-03,3.961541877864075550e-03,5.600141741596755679e-04
-9.174979357949241202e-03,-5.192777946446793316e-03,8.516867957288974667e-03,4.570454489549717440e-03,1.280434857557351952e-03
-9.365233882026162762e-03,-5.263249775544731092e-03,8.459774374105610839e-03,4.248031858416596689e-03,1.920677425048695867e-03
-9.470886671657312642e-03,-5.345761077666457556e-03,8.463999860506192172e-03,4.064658808410185654e-03,2.287989080407378494e-03
-9.604087967721948449e-03,-5.363821711857934098e-03,8.617921693929853424e-03,3.912460790643687222e-03,2.437527195006367487e-03
-9.371489773572175275e-03,-5.655098580472054867e-03,8.684779342678578332e-03,4.277955845645844100e-03,2.063853165719818118e-03
-9.573866135780269293e-03,-5.584023072403672926e-03,8.672299922037057449e-03,4.603597404514191312e-03,1.881991881632680665e-03
-9.502173094252591018e-03,-5.641253784869385349e-03,8.649135766799055311e-03,4.330249273156918516e-03,2.164041839166018586e-03
-8.887786174133244232e-03,-5.648638940121623007e-03,9.058397988035062770e-03,3.397878135976531693e-03,2.080148990243268006e-03
-8.224812643612309029e-03,-5.694829077341049574e-03,8.995746620726777915e-03,3.020857211137568856e-03,1.903037889089049780e-03
-8.186583515529904237e-03,-5.395069133743326042e-03,8.763857903649394793e-03,3.695940792624629115e-03,1.121853952999250824e-03
-7.215329513926067861e-03,-4.840670708668171930e-03,8.860839311419994521e-03,2.910754544506177332e-03,2.844063666680465797e-04
-6.753556143347821429e-03,-3.954661371529973393e-03,8.487026572550789710e-03,1.675961054473688698e-03,5.452298878533016688e-04
-6.425519706274783645e-03,-2.912749002711602277e-03,8.498995083831851691e-03,1.480285407000020512e-03,-6.410117818454655727e-04
-6.408198257773116586e-03,-2.303986497734546775e-03,7.928237768842749320e-03,2.637966756270922024e-03,-1.854019769606018607e-03
-6.000215803934123848e-03,-2.084476554651331845e-03,7.510949923000763764e-03,3.050734264157309999e-03,-2.476991828572616336e-03
-5.409065918468896651e-03,-1.935754461462051547e-03,6.819294721163194316e-03,3.235511767331801774e-03,-2.709986108564060251e-03
-5.122444712701733870e-03,-1.719942910965772996e-03,6.379805909618281416e-03,3.416289362815564355e-03,-2.953707648766350832e-03
-5.052276835106044722e-03,2.627821605488308546e-05,5.724439456790385468e-03,2.820604725209110205e-03,-3.519045562948346952e-03
-4.244863127942428115e-03,2.480909045490050529e-04,5.171080300352628827e-03,2.225172114096917331e-03,-3.399480191056135619e-03
-3.533752410423625021e-03,5.649479005546562344e-04,4.753093824474852007e-03,1.662148472832051735e-03,-3.446437787437939618e-03
-2.869497492044438113e-03,6.651698784406940602e-04,5.040333627133510193e-03,7.456248276641116871e-04,-3.581630841193873382e-03
-2.822306237266809618e-03,1.570814204027795602e-04,4.785284541747326578e-03,8.796261439513884586e-04,-2.999685868834674977e-03
-2.943264101967536534e-03,3.668470786790941165e-04,4.886454608099925594e-03,1.286695056765054055e-03,-3.596732641576556692e-03
-2.798021186689465898e-03,-3.433334184718288317e-04,4.651397620570392639e-03,1.410570941482522682e-03,-2.920613956891615279e-03
-9.274979819659357567e-04,-7.300971646508400267e-04,3.674660635692627610e-03,1.516898093827489646e-04,-2.168755298458604694e-03
5.989531729339673269e-04,-1.195091707397667475e-03,3.153024323698626428e-03,-1.373497636145459225e-03,-1.183388153089468681e-03
2.805194688335743442e-03,-3.153711777776039334e-03,2.121059920813997326e-03,-2.242673338495392889e-03,4.701305071216892325e-04
4.382302184713889395e-03,-5.138194338706695945e-03,4.853077034319841910e-04,-1.619907033059694813e-03,1.890491483620508010e-03
6.021569225068910611e-03,-4.335744935810464593e-03,-5.141731474442105257e-04,-3.982362285264890410e-03,2.810711143450653291e-03
5.920900781847041744e-03,-5.717414675555380389e-03,-1.009665456220594157e-03,-3.837280571072521074e-03,4.643459921001454743e-03
7.044466357217843942e-03,-8.251719788058789473e-03,-2.115166870868341337e-03,-4.476461874347793107e-03,7.798882176057080409e-03
9.105044738971909343e-03,-1.028575465279622445e-02,-2.334965983606570369e-03,-7.347181256971102754e-03,1.086285715440202596e-02
1.204497619701514442e-02,-7.002735072970691504e-03,-3.680988414816747413e-03,-7.698164647358575995e-03,6.336911938130889571e-03
1.347033807731547357e-02,-4.056353396479901383e-03,-5.444486842113186592e-03,-6.182837942002998230e-03,2.213340103280626945e-03
1.341693381896484280e-02,-4.623773012451344935e-03,-5.929218965826465668e-03,-5.579863791912369891e-03,2.715921951225325117e-03
1.318750785496453255e-02,-5.707931690731289295e-03,-5.447784072833753571e-03,-5.385147905836978194e-03,3.353355814437465957e-03
1.307126608262607591e-02,-4.990360245823293253e-03,-5.209538152048425602e-03,-5.710429663635972937e-03,2.839061978881661421e-03
1.246000744353977299e-02,-6.089874696611109403e-03,-3.512092609058327288e-03,-7.448249524030860040e-03,4.590209386160556265e-03
9.965692394325962461e-03,-6.909970895685155906e-03,-1.744404883508748113e-03,-7.315488382436508875e-03,6.004171767304451734e-03
8.175617029714378134e-03,-9.108851122057295968e-03,-8.993900276360799681e-04,-6.428527465125627970e-03,8.261151585104603220e-03
6.658019129087674841e-03,-6.878042727117921439e-03,-8.368439359881949197e-04,-4.714531319240045093e-03,5.771398853258495609e-03
6.133764959776102227e-03,-4.237091792926307200e-03,6.605036628308794927e-06,-4.410432717622076934e-03,2.507154514143964102e-03
4.188278869040312075e-03,-3.964763954594452584e-03,1.297346431849978740e-03,-3.509781905272433850e-03,1.988920558976597138e-03
1.562166186855176763e-03,-3.555367571152779835e-03,2.384551147681123785e-03,-2.230010470235462266e-03,1.838660706851948275e-03
2.925614418985523026e-04,-2.505724192274010054e-03,3.141981719968182148e-03,-1.452929285258101368e-03,5.241103156653759403e-04
-1.177640055108921963e-03,-4.011174302311492842e-03,3.944819164937920543e-03,1.761098557469674593e-03,-5.171033649871875941e-04
-1.705034681210594897e-03,-3.189627411321303298e-04,4.847040188294651948e-03,9.047588318163907238e-05,-2.913518649133559329e-03
-2.975301859800971380e-03,-4.578435795897706277e-05,4.946593779805115443e-03,1.339592056202238085e-03,-3.265099618247422480e-03
-2.921880112160281460e-03,9.285567079504619030e-04,5.378400337095755150e-03,9.442572143641757114e-04,-4.329334147250102523e-03
-2.992458395489256285e-03,1.168690455795712161e-03,5.028457361157644655e-03,1.575003090478139037e-03,-4.779692511942233712e-03
-2.997877959621104288e-03,6.368070247824148119e-04,5.183830529830778591e-03,1.439388161065585561e-03,-4.262147756057679121e-03
-2.756973381045091116e-03,-3.494395478164606645e-05,5.360542292389538187e-03,1.134010737961464472e-03,-3.702635694524252473e-03
-2.724644689174863035e-03,-5.055917425546117708e-04,6.327935865162245474e-03,1.226220533456686952e-04,-3.220321486778426109e-03
-3.000228299560076146e-03,-8.912112747373477153e-04,6.638257718988369548e-03,2.780526963518877600e-04,-3.024870841042833717e-03
-3.509229980012342105e-03,-9.230718581625297790e-04,6.780642730440020020e-03,7.794419439008649876e-04,-3.127782836166002715e-03
-4.078898743257936173e-03,-1.031415715874247838e-03,6.945222290902353449e-03,1.298537045167769480e-03,-3.133444876937932413e-03
-4.375889970053501062e-03,-1.170274047437244464e-03,7.515205277520277220e-03,9.416080414396697578e-04,-2.910649301469192454e-03
-5.017600249312650917e-03,-1.285128755115589596e-03,7.941135147143086118e-03,1.283773698120896801e-03,-2.922179840835752596e-03
-4.779215612001818866e-03,-2.169255553082101093e-03,7.921330865429589835e-03,1.572067461068230379e-03,-2.544927161413873800e-03
-5.658172513250286396e-03,-3.023112040002219527e-03,8.140659056106001532e-03,2.628436311723116991e-03,-2.087810814576585277e-03
-6.221984733596173239e-03,-3.418440349672656735e-03,8.015204332865025205e-03,4.261166007282344258e-03,-2.635945256878535151e-03
-6.419783787001824907e-03,-3.892314074541882232e-03,8.399149564060882922e-03,4.823055255334347119e-03,-2.910106957851522902e-03
-7.003517374701283792e-03,-3.907520287811240382e-03,8.603190453623905942e-03,5.108645035133208175e-03,-2.800797826244596882e-03
-7.560842896703394607e-03,-3.862148010383620756e-03,9.075417387100053954e-03,4.725751017671119165e-03,-2.378177497684147781e-03
-8.260133571074133527e-03,-4.048588885182424421e-03,9.453374674595980270e-03,4.937334586690976870e-03,-2.081986805030382713e-03
-8.333714951657330075e-03,-4.022882437162588441e-03,9.484797292640094121e-03,4.641304451449795691e-03,-1.769504355269944625e-03
-8.557915584081291285e-03,-4.048859249401817913e-03,9.402537640240850661e-03,4.639912182057075521e-03,-1.435674988814798986e-03
-8.587921175531474868e-03,-4.494031137025213986e-03,9.236424956886240406e-03,5.173491926096424054e-03,-1.327964570425986665e-03
-8.541388852316859903e-03,-4.917179566215124087e-03,9.276981263067795094e-03,4.781563518184597621e-03,-5.999763627204454794e-04
-8.428352847664041456e-03,-5.273559183253203123e-03,9.151244837488956008e-03,5.073886460872503897e-03,-5.232192674441970030e-04
-8.367438273345056271e-03,-5.101054267517522722e-03,9.176276377636103515e-03,4.955939085593040819e-03,-6.637229223665556911e-04
-8.235177087239010929e-03,-5.216449222069976729e-03,9.183005005372677290e-03,5.281734063821658630e-03,-1.013112759885326361e-03
-7.641147995313203427e-03,-5.183949853682987344e-03,9.444352430698460879e-03,4.576203285716622278e-03,-1.195457867418873738e-03
-7.347440626970662240e-03,-4.807741063700286289e-03,9.436173207524083811e-03,3.106344193205843283e-03,-3.873357100589708128e-04
-7.232313868182384253e-03,-3.669108398123058744e-03,9.270675042036840077e-03,2.399225119772021349e-03,-7.684778955033968540e-04
-6.189879134441579958e-03,-1.657743761592986309e-03,9.344536186469250272e-03,7.537524737541226316e-04,-2.250665764188794927e-03
-6.166617598611800859e-03,-7.496018513918805207e-04,8.970422987782498622e-03,1.124606408354055865e-03,-3.178809946132872891e-03
-5.648500155947557694e-03,-5.987156162634140952e-04,8.346801996147002606e-03,1.230674422876554047e-03,-3.330260646812598958e-03
-5.200116395155903078e-03,-1.270515376747410343e-04,8.108411441908248973e-03,9.190858036924370780e-04,-3.700329312770042102e-03
-4.235767639467201071e-03,3.754641494791056836e-04,7.621069749417373924e-03,1.460761254714577158e-04,-3.906842384900744737e-03
-4.078553522774676365e-03,5.620346392459802526e-04,6.958654939704610881e-03,5.748674058987221416e-04,-4.017003462074647535e-03
-3.581420232659751797e-03,8.611995711203754853e-04,6.575594498764953527e-03,2.431568102232615168e-04,-4.098530647448840603e-03
-3.200565102589713034e-03,1.212062271120276265e-03,5.813395533876173152e-03,5.305474353949504816e-04,-4.355440137801688816e-03
-3.965866516935863222e-03,9.439395993159967625e-04,5.893635559096877669e-03,9.673930098608081191e-04,-3.839101651337814124e-03
-3.769068128932722122e-03,4.856959676479953320e-04,5.926317385764476309e-03,9.324193487813158725e-04,-3.575364573261052923e-03
-3.550684915333265912e-03,1.046305414059497388e-03,5.533811520279528252e-03,1.363756100278699663e-03,-4.393188119284466980e-03
-2.745515177800189523e-03,4.958213566047510267e-05,5.638068301141197468e-03,1.399249073796046509e-04,-3.082060166381095714e-03
-1.951042395558802564e-03,-1.043708972106374960e-03,5.886684553113442735e-03,-6.709531217045540527e-04,-2.220980063743710833e-03
-8.242052344655103756e-05,-2.092629737226322020e-03,4.792182474500139566e-03,-8.269730963657657887e-04,-1.790159117461505300e-03
8.802634208716723094e-04,-2.072032798021997135e-03,3.261354373228594027e-03,-1.828022519966078551e-03,-2.415624761121952307e-04
3.327493617368335651e-03,-3.378471448163372810e-03,2.319186217494834633e-03,-3.682019546751237084e-03,1.413811160051435057e-03
3.992222420992814526e-03,-4.113370814408602062e-03,1.508564726526432330e-03,-3.779893570521207415e-03,2.392477237410553081e-03
4.828155666233954063e-03,-4.410585005178811226e-03,5.655559353725090775e-04,-3.923650234428246661e-03,2.940523638000605913e-03
5.491074621816098046e-03,-6.929548847400693670e-03,-4.936894278168814853e-04,-3.896263240442517095e-03,5.828426893843987808e-03
7.073449256857674769e-03,-9.211030528945927248e-03,-1.971513439422934930e-03,-5.252089062144782092e-03,9.361183773655983378e-03
8.559619337249984097e-03,-1.039839417268259396e-02,-2.029210234088600975e-03,-6.765177849258102033e-03,1.063316291877927991e-02
1.219793707733723975e-02,-7.473448369983841898e-03,-3.377362579232507083e-03,-7.955559578886581967e-03,6.608433450765669077e-03
1.365573274263969135e-02,-4.992597044614320578e-03,-5.527202716191277447e-03,-6.410186696130218582e-03,3.274253714296109646e-03
1.412172161928460130e-02,-4.590648235067934860e-03,-6.609454732463140338e-03,-5.571404473216945083e-03,2.649785821463427216e-03
1.233366661776597734e-02,-8.008928522063047534e-03,-4.141478963699661391e-03,-4.593573096987005333e-03,4.410313964983743860e-03
1.171659974451109282e-02,-5.899250497600718422e-03,-4.348952757197637603e-03,-5.144222862814749712e-03,3.675826373102014221e-03
1.264993337728122398e-02,-6.616084526479528750e-03,-3.112325263873848107e-03,-7.574039827609429197e-03,4.652516240681600287e-03
1.121571621013809326e-02,-7.222033884642152166e-03,-2.281290349782403616e-03,-7.284888800367416220e-03,5.572496824653896952e-03
9.467714502900985082e-03,-7.965330623968839771e-03,-1.328461023001745438e-03,-6.979875645370063782e-03,6.805952789439627913e-03
7.061128844467600731e-03,-7.823461724845128668e-03,2.927674430904921780e-04,-6.179977351917199067e-03,6.649542789204254505e-03
5.714095655216047849e-03,-5.223594536474998780e-03,6.846602815988169855e-04,-4.874240019080554147e-03,3.699078618740674323e-03
3.772440751688455572e-03,-3.517189538691833754e-03,1.175159695335618350e-03,-3.191872932181503975e-03,1.761462023849264024e-03
2.441625489274177815e-03,-3.879413131073281961e-03,2.367780519900326668e-03,-3.121827308172021951e-03,2.191834430070807669e-03
1.215626217350316380e-03,-2.414809305912440310e-03,3.574601832755593383e-03,-2.539046785118990752e-03,1.636280409255133573e-04
-9.461542301435110682e-04,-2.673036833229324241e-03,4.917139987649701664e-03,-1.619425238492389540e-03,3.214763142155289315e-04
-1.827070172538965837e-03,-1.872753820865808490e-03,5.612408865984674748e-03,-1.132078222323800332e-03,-7.805066502560918489e-04
-2.439138296516806751e-03,-1.215541292476447272e-04,5.327377638249905512e-03,2.854137957878432144e-04,-3.052099008273308645e-03
-2.588300954473377481e-03,-4.994666721829703684e-04,5.844655184251945981e-03,1.200368218614791902e-03,-3.957255776210384830e-03
-3.224270785112520570e-03,-2.713307595135253342e-05,6.116862086999271322e-03,1.814152494150592055e-03,-4.679610720085988079e-03
-3.123302983239760553e-03,1.126092449197408848e-03,5.884318677543699458e-03,8.378634687107097819e-04,-4.724971612212038562e-03
-3.547999006284164626e-03,1.034089714680653388e-03,6.207869459972550040e-03,1.138544621946386334e-03,-4.832504790315394344e-03
-3.506249055396635107e-03,5.512749694468346926e-04,6.073576192709516548e-03,1.421745845154707153e-03,-4.540347951914422420e-03
-3.880444524197890210e-03,-6.744607817116437024e-05,6.612252209472769746e-03,1.350967937121498900e-03,-4.015329544225206340e-03
-4.043561938643507742e-03,-6.050753602920877798e-04,7.095557495943495205e-03,1.040902199308868688e-03,-3.487822396316774768e-03
-4.062929965270530887e-03,-8.892922218511859368e-04,7.226896647612965005e-03,9.980865443739773447e-04,-3.272761004865205360e-03
-4.552717054754150394e-03,-9.724688947804369056e-04,7.904236556502965486e-03,8.894697864890867929e-04,-3.268520393457469315e-03
-5.109323617531722622e-03,-1.051894960256276670e-03,8.603327807561305177e-03,8.093502760281719123e-04,-3.251459505801480940e-03
-4.797176102614169983e-03,-9.844972628636164836e-04,8.781038641239023376e-03,2.970877881906606576e-04,-3.296453063951906241e-03
-5.533958554122309081e-03,-9.241250035653187549e-04,8.078322907700771077e-03,1.722611299941548355e-03,-3.342850649954701246e-03
-5.736539249324801824e-03,-1.052449151893188137e-03,8.514289144709204227e-03,1.489540133519681340e-03,-3.214840877010886715e-03
-5.996799498311656401e-03,-1.150289994942799458e-03,8.592198917808657743e-03,1.766258288188407534e-03,-3.211367712742605515e-03
-6.236829242932544898e-03,-1.174589531580297113e-03,8.753518639847558680e-03,1.696264891419260734e-03,-3.038364756753976752e-03
-6.741971395481509768e-03,-1.489968031135577558e-03,8.907936126674960431e-03,2.006389627678050944e-03,-2.682386327735922747e-03
-6.916664255972340865e-03,-1.838532376888587106e-03,8.888015599096403541e-03,1.994804269223268006e-03,-2.127623235458753117e-03
-6.873726286773293621e-03,-1.891013665854434506e-03,8.823810283524365083e-03,2.004712616511257917e-03,-2.063782947407910920e-03
-6.906824724744900154e-03,-1.843686446346275241e-03,9.005079644698869845e-03,1.807051963627025453e-03,-2.061620437234748526e-03
-7.130504669137142579e-03,-2.018515342676151150e-03,9.065556529569529509e-03,1.941203050833708189e-03,-1.857739568589930092e-03
-7.099244635577739090e-03,-2.250860173313487186e-03,9.067696995832288248e-03,2.052125100209677491e-03,-1.769717287150741631e-03
-7.070942730519481044e-03,-2.237340777200248591e-03,9.070893162779421898e-03,1.885740139989993238e-03,-1.648349795049705233e-03
-7.082372070962385247e-03,-2.037714331509591845e-03,9.102245141774057899e-03,2.047953437192199903e-03,-2.030112176494279410e-03
-6.919826350389302223e-03,-1.969526472678142810e-03,9.108698299250109209e-03,1.942573932102000574e-03,-2.161919408284654776e-03
-6.700235769981855750e-03,-1.688289506154133299e-03,9.026524426924390984e-03,1.782557303470079730e-03,-2.420556454258482315e-03
-6.534281317192032479e-03,-7.658696055023018036e-04,9.391463701393563956e-03,1.343142299801623925e-03,-3.434455078500866284e-03
-6.273818732146274613e-03,2.448852203752893849e-04,9.302566014380985945e-03,1.373152990526632384e-03,-4.646785493136632722e-03
-5.873886334589460342e-03,4.772671770107822487e-04,9.066264331361094039e-03,1.170330260432742671e-03,-4.839975434215172331e-03
-5.062242823332280608e-03,5.293867268797374610e-04,9.024400294250846041e-03,3.170822053545426129e-04,-4.808626403152848651e-03
-5.101870973106616657e-03,8.098053759498183984e-04,8.664607181934694258e-03,7.592176581144208887e-04,-5.131759242892323936e-03
-5.048673655915703745e-03,8.712375987935958369e-04,8.155610700216702966e-03,1.114984553977377930e-03,-5.093159197071976674e-03
-4.767685116218639552e-03,1.136075151865471216e-03,7.802221603487858453e-03,9.577813672949074845e-04,-5.128393006429592289e-03
-4.822018225817870443e-03,1.379292300137094059e-03,7.611056157745455311e-03,1.140943304877096174e-03,-5.309273536941792881e-03
-4.546169938837493069e-03,1.331900616667425468e-03,6.673570931027973663e-03,1.705775715192968302e-03,-5.165077324050851813e-03
-4.595257660210546984e-03,1.102168208447580752e-03,6.872390358781369120e-03,1.069736244448547509e-03,-4.449037151466942591e-03
-4.757960656196717070e-03,6.407788227586715731e-04,6.831691745194210137e-03,1.308935339720761941e-03,-4.023445251476910969e-03
-3.456887156079965859e-03,-1.043240957991945720e-03,6.789468879750913503e-03,1.932284838574142892e-03,-4.221625604253141130e-03
-1.959067963063824535e-03,3.477102291011751950e-04,6.313171621314136658e-03,-1.400323367167515768e-03,-3.301490520183965587e-03
-1.553978549254121265e-03,-3.555855171129360809e-04,6.088299042377257227e-03,-1.561879950273837442e-03,-2.616855025736382172e-03
-5.180166375081186100e-04,-2.892610348658054137e-04,5.721847755778575531e-03,-2.421905989571533462e-03,-2.492664093833092676e-03
5.857720926542574506e-04,-1.500222617760658007e-03,4.901074069931747081e-03,-3.181146929752298302e-03,-8.054766150730366218e-04
1.351311768019947991e-03,-2.854871152251572172e-03,3.508971368761078582e-03,-2.830330033623215148e-03,8.249180490937516388e-04
2.328853062397274933e-03,-3.674549627568989875e-03,2.651913825422646132e-03,-2.931246453381512653e-03,1.625029193130577993e-03
3.435811540818102961e-03,-3.753923431705120158e-03,1.911266484840427578e-03,-3.150089668414341685e-03,1.556935074460930870e-03
4.000566838813606786e-03,-5.534165430401891822e-03,1.421080782404966032e-03,-4.188930863203115321e-03,4.301448672386440179e-03
5.537144688465259548e-03,-7.103538357570823164e-03,-1.542871764241947471e-04,-4.790787399230593373e-03,6.511468244760325146e-03
7.684048030841786336e-03,-9.492197572453058008e-03,-2.117277854315865755e-03,-5.617315293159752011e-03,9.542742689086862115e-03
9.840107834783373350e-03,-9.256313918084575765e-03,-3.435382029662775987e-03,-6.010856730006640392e-03,8.862444842970617492e-03
1.313077480274145621e-02,-7.612854235193598600e-03,-3.642209926414167586e-03,-8.225451057081429804e-03,6.349740415947703782e-03
1.241098256954533026e-02,-5.439472206957046869e-03,-6.272919863610930229e-03,-4.318219955104558687e-03,3.619629456127221138e-03
1.278352694902249245e-02,-7.858626282591228696e-03,-5.858417160131110940e-03,-2.125552470553796619e-03,3.059068964253626888e-03
1.245897355194512494e-02,-6.212032644380683505e-03,-3.465753532567997751e-03,-6.843840298525172804e-03,4.062652923528717840e-03
9.751622526742836569e-03,-6.070057776997432770e-03,-3.556290534294555793e-03,-3.783097097593013988e-03,3.657822882142156441e-03
9.968540755733296815e-03,-9.690086405155064544e-03,-2.697254592813340141e-03,-2.189222629077411907e-03,4.608022871312523680e-03
8.646453481782272188e-03,-7.077945270982047982e-03,-2.596957707086294462e-03,-4.558161880793536007e-03,5.586611377079579374e-03
9.047118641687066157e-03,-6.513063702732429031e-03,-2.362840230087013844e-03,-5.299319068881040880e-03,5.128104360013403286e-03
7.249034438063147942e-03,-6.962820704897226300e-03,-1.090017742484470807e-03,-4.946383804008584913e-03,5.750187813327144702e-03
5.067207873987228731e-03,-5.549101954131049202e-03,7.459101088153736146e-04,-4.557223995722203477e-03,4.293207967050662911e-03
2.597988754891606116e-03,-3.655953352551534821e-03,1.547228142497794048e-03,-2.540952625135283784e-03,2.051689080297417356e-03
1.620627542854710321e-03,-3.214082224482954844e-03,1.844717608426396996e-03,-1.792939011003988857e-03,1.541676084205838553e-03
4.667664893929615090e-04,-3.222155863232876224e-03,2.711407734133633538e-03,-1.116064281901407544e-03,1.160045921607689209e-03
-7.106462613143475467e-04,-1.593861266351046056e-03,4.462914612300657342e-03,-9.078272230787938751e-04,-1.250579861556471708e-03
-1.891316129121537338e-03,-2.127488282235648342e-03,5.765637276849081526e-03,-9.406212687325919437e-04,-8.062115967593059618e-04
-1.919943063931258201e-03,-1.276491037699097140e-03,6.064629466623628826e-03,-1.232845765837420164e-03,-1.635349599155864163e-03
-2.298338585295695187e-03,9.206729801303433251e-05,6.323383897404357551e-03,-8.136882090474716273e-04,-3.303424401074229935e-03
-2.797905821275494063e-03,5.802846381509023767e-04,6.285997876663475953e-03,-2.208753369698134505e-04,-3.847501356569087757e-03
-3.264209717345579759e-03,1.131438027824875885e-03,6.153777090120656629e-03,8.384800425159944772e-04,-4.859485443115942570e-03
-3.245010227517420263e-03,1.184303649807041123e-03,6.302307597855364221e-03,8.927529425257418275e-04,-5.134353962670726475e-03
-3.883161851745449769e-03,1.268743036600482538e-03,6.628226109481186352e-03,1.420611754535178921e-03,-5.434419048871395007e-03
-4.173092647073652246e-03,-8.306217809478588180e-04,7.139435058347947533e-03,3.551440043760978240e-03,-5.687160674087433573e-03
-4.370562837667655437e-03,3.842322340842228476e-04,7.475944542406639561e-03,1.614451743264565167e-03,-5.104065682087765253e-03
-4.506944745112957153e-03,1.307132356863500414e-04,7.649723376585483049e-03,1.388715271744065186e-03,-4.662207138902941042e-03
-5.119628512468777683e-03,-3.112330050818551365e-04,7.758874289209839910e-03,1.801400898867325934e-03,-4.129413670526529447e-03
-5.604445719639802176e-03,-7.018680641571198526e-04,7.878837735317103727e-03,1.981315510593631164e-03,-3.553839462113819042e-03
-5.895190961446782237e-03,-9.280577749970715445e-04,8.124767017956136331e-03,1.974157280275331411e-03,-3.275675561787625128e-03
-5.997385956418470505e-03,-9.499725764629129857e-04,8.204722296588402505e-03,2.012452078238981343e-03,-3.269815841945992660e-03
-6.178332677018692765e-03,-8.985456014485447736e-04,8.638087113943379927e-03,1.856547888950079404e-03,-3.417756724426213120e-03
-6.930246766560594664e-03,-9.316338137617509799e-04,8.844732467482468649e-03,2.329969175084419496e-03,-3.312821062244546838e-03
-7.081311691760404023e-03,-1.047493953804674600e-03,9.009851023611879089e-03,2.285541024985137098e-03,-3.166586403031951876e-03
-7.213318378872179103e-03,-1.271155220867753932e-03,9.194297847362357945e-03,2.159317778569445467e-03,-2.869142026191882303e-03
-7.330719009703438004e-03,-1.486775506022009093e-03,9.235052116770678735e-03,2.149973090879621004e-03,-2.567530691924863485e-03
-7.389846717935850788e-03,-1.514025484577780903e-03,9.258199833282056146e-03,2.201830517751062182e-03,-2.556158148519485120e-03
-7.517179477188345831e-03,-1.530466674322657900e-03,9.416330788008195687e-03,2.063359137186179804e-03,-2.432043773683366990e-03
-7.359577104061486817e-03,-1.296251800757719681e-03,9.324486119344808227e-03,2.116805969763982474e-03,-2.785463184289614560e-03
-7.504410334995883017e-03,-1.153816071749436036e-03,9.335862253420793358e-03,2.268502710696549719e-03,-2.946138557372028795e-03
-7.438681045802131991e-03,-8.588700899259328787e-04,9.384373725427684609e-03,2.303441585664357111e-03,-3.390264175363968176e-03
-7.352045974026260450e-03,-4.195380253597958678e-04,9.438999975785310192e-03,2.079524478294095865e-03,-3.746940454693331850e-03
-7.511604680182250651e-03,2.946641922570577502e-04,9.415072779867970573e-03,2.464944274763183289e-03,-4.663076566705957708e-03
-7.251407984771998834e-03,1.021346209831243759e-03,9.420410736488265060e-03,2.253262659391208535e-03,-5.443611620938719822e-03
-7.247971457346057481e-03,1.270187738338312243e-03,9.122225189666982939e-03,2.491601956948651803e-03,-5.636043427607913790e-03
-6.887166998537371833e-03,1.153662656152930994e-03,9.330508972333078146e-03,1.861238196176043377e-03,-5.458242826124660302e-03
-7.004825123750063262e-03,1.067851749619021674e-03,9.409119573637075851e-03,1.804838569912812921e-03,-5.276984769418850869e-03
-6.169840814130697106e-03,1.239031979054856531e-03,9.173201439621655670e-03,1.291080686044562744e-03,-5.533473290590384779e-03
-5.978162967516963654e-03,1.347533401279716204e-03,9.438192226238416652e-03,9.339394516950632469e-04,-5.741502111696245893e-03
-5.674919693509484706e-03,1.128677224896196957e-03,9.480653742106158119e-03,7.032136901547458028e-04,-5.637624963647576599e-03
-5.559680461495648991e-03,-4.173431358867256240e-04,8.677904147741576091e-03,3.154039314815855650e-03,-5.854919865175021131e-03
-5.228338456017751247e-03,-2.143001955613146376e-05,7.818944493514485769e-03,2.782900949191344925e-03,-5.352076967131966408e-03
-5.084528073842023259e-03,1.168822479615053318e-03,7.432123973930365723e-03,9.282980381574446873e-04,-4.444716417860819328e-03
-4.592283216061999844e-03,1.086430159697569396e-03,7.598000703443638128e-03,8.257036027582205116e-05,-4.174718007355013305e-03
-3.642776077583630406e-03,1.269499773873340297e-03,7.150246635007688652e-03,-6.474800835104927658e-04,-4.129490247786906862e-03
-2.859747764008426559e-03,9.485302617305065714e-04,6.381098188188832551e-03,-8.244705413549587979e-04,-3.645410144555940538e-03
-2.087919564856207961e-03,1.295968878520761174e-04,6.143352885645924147e-03,-1.316229841359064156e-03,-2.868800367282713700e-03
-1.921574824255297374e-03,2.760790249278240573e-05,6.269142233246635665e-03,-1.609452058350099206e-03,-2.765723253134022303e-03
-1.965179076187619205e-03,-8.659031764489739285e-04,5.671805323971700410e-03,-1.322211140706085458e-03,-1.518511930629021928e-03
-1.217122061239350565e-03,-1.917699669641377861e-03,4.542189923150444404e-03,-1.331512667045885515e-03,-7.585552522383195366e-05
-4.357767958995351575e-04,-2.985239675147655439e-03,3.639189361062123915e-03,-1.440773104109820384e-03,1.222600214094887337e-03
9.284329489321061554e-04,-3.454134218332985135e-03,3.289278844597303200e-03,-2.443181203247042025e-03,1.679603628050629080e-03
2.349668196241471926e-03,-3.977614520260292288e-03,1.944247399598951227e-03,-2.418222749090928863e-03,2.101921673510784554e-03
3.169095535301004289e-03,-5.763208781721687081e-03,8.314046620592234135e-04,-3.244883958275860628e-03,5.007592542637318705e-03
5.796484692345702655e-03,-6.806883308994324602e-03,-1.658688811566086483e-04,-5.065498392412587543e-03,6.241765890217806402e-03
7.576423466372648498e-03,-9.187590276976933396e-03,-2.588061246822974826e-03,-4.815018065246932759e-03,9.014246122674202458e-03
9.468252330751950052e-03,-9.508496701742542509e-03,-3.576008056910575522e-03,-3.069198115050895872e-03,6.685450542952071223e-03
1.168688843941399422e-02,-6.869854730637630150e-03,-4.461350488085680591e-03,-5.752061987664904008e-03,5.396378766974235276e-03
1.186038673511822031e-02,-5.434411774377267274e-03,-6.772612506734086886e-03,-3.142048066577698799e-03,3.488685612570864743e-03
9.922282839982197664e-03,-5.513636689313419423e-03,-5.121745721956000655e-03,-2.840664386281506037e-03,3.553763957568734956e-03
1.038438238645480322e-02,-5.900763947357393763e-03,-3.548088900028821460e-03,-4.483264793728700646e-03,3.547735254660117857e-03
9.973375644491426842e-03,-5.799659722594995535e-03,-2.802116159300574796e-03,-5.113786570554839858e-03,3.742186807959010670e-03
9.656166542104736850e-03,-5.649265582120806088e-03,-2.510975764735816698e-03,-5.296342040086858202e-03,3.800416844838724190e-03
8.020965187561733198e-03,-6.615889514146194167e-03,-2.810023592471448239e-03,-3.596338243590726288e-03,5.001286162646603403e-03
8.281476695182990455e-03,-5.993755054841778604e-03,-1.940313076142143522e-03,-4.721596479287457591e-03,4.374187915088371265e-03
6.724311009200908441e-03,-8.595837424858671083e-03,-6.437920462200706498e-04,-2.350226511741907061e-03,4.865544973619795321e-03
5.291008926633644638e-03,-5.175994360537775583e-03,3.549516299104790804e-04,-4.428339273880875331e-03,3.958373077874523943e-03
3.942373782204132947e-03,-3.958466734389987085e-03,1.398906254713458766e-03,-3.874985346411744403e-03,2.492172043884149750e-03
1.490240604444975723e-03,-2.709776941519562946e-03,2.269200257553607211e-03,-2.219129275547403277e-03,1.169465355068391096e-03
2.283426043207572036e-04,-2.749018598899220789e-03,3.449834863714359729e-03,-1.892938773681989610e-03,9.637799045460978577e-04
-9.187518838961376919e-04,-1.906030228146492764e-03,4.678653883704100847e-03,-1.384561895893602875e-03,-4.693098757678503311e-04
-1.410937341645613621e-03,-1.088053730217352581e-03,5.204663464733038508e-03,-1.318706394291614334e-03,-1.386965998578446697e-03
-1.776123133670967202e-03,-1.467790339170962650e-03,5.291752922259091406e-03,-9.699855554383193931e-04,-1.077853893978842053e-03
-1.895816905926596364e-03,-9.932649682179172951e-04,5.565719110915341369e-03,-7.445662982416118535e-04,-1.932070938529215206e-03
-2.463683884413160260e-03,2.606299901980455350e-04,6.230106778605076258e-03,-7.281225986194678982e-04,-3.298930285770490869e-03
-2.560698868858649665e-03,8.174574670205749394e-04,6.477417701996317917e-03,-7.431070978653874642e-04,-3.991069202292858546e-03
-2.736140882373975288e-03,1.192501279190131408e-03,6.795293273205965656e-03,-6.239593529880306175e-04,-4.627694317034101133e-03
-2.821227764718921369e-03,1.325052904447607911e-03,6.795652504299779136e-03,-3.644247960807836702e-04,-4.935052847947683959e-03
-3.051373080972398077e-03,1.382313066049751203e-03,6.939642409955482094e-03,-6.363225126630175444e-05,-5.206950143766526581e-03
-3.439605183533917757e-03,1.273869327340983702e-03,7.297726644121154023e-03,2.025411080557785830e-04,-5.334531895983981448e-03
-4.142657355757904149e-03,1.213901957507669375e-03,7.806545976190186649e-03,5.538917737820692752e-04,-5.431682351721996323e-03
-5.070547653239797226e-03,1.195498126860451097e-03,8.080822759627799556e-03,1.292366599402619857e-03,-5.498139832651090415e-03
-5.447450054321652593e-03,8.495994183333213613e-04,8.212057314785553563e-03,1.450588565771191015e-03,-5.064795244568411070e-03
-5.589803653436519262e-03,2.890196124062097876e-04,8.472359753246417116e-03,1.246925149665324261e-03,-4.418500861881428758e-03
-6.476711714024263773e-03,-5.950945951416673979e-04,8.621308088393295557e-03,2.546777175779009472e-03,-4.096278955006349247e-03
-6.755025795721767562e-03,-2.185826129847716001e-03,9.091226858799237448e-03,3.665914060028646268e-03,-3.816288993258397117e-03
-7.150145840833775114e-03,-2.909653049309545488e-03,8.777183407556836403e-03,5.150891253843974810e-03,-3.868275771257504488e-03
-7.215348049257345499e-03,-2.753320726463992334e-03,9.609108420032125286e-03,4.234007704124432940e-03,-3.874447348435230802e-03
-7.464667554560619131e-03,-2.324303888889381157e-03,9.467294268460000120e-03,4.027010017844142101e-03,-3.705332842854149739e-03
-7.280014087063120184e-03,-1.671911725014786805e-03,9.920889096715207467e-03,2.490184557427965219e-03,-3.459147842065269599e-03
-7.561970492939997304e-03,-1.486123034469177947e-03,9.964072384231163412e-03,2.442398032065634574e-03,-3.358376888887607773e-03
-7.379303971461202531e-03,-1.219952381640911640e-03,1.015423130523307634e-02,1.951551458851877438e-03,-3.506526410982860418e-03
-7.653919018654025720e-03,-1.046496596827312889e-03,1.021695838702914999e-02,2.182265558254004294e-03,-3.698808329801797894e-03
-7.642937284263497111e-03,-7.329290688029865310e-04,1.024263005465353600e-02,2.546282559372746879e-03,-4.413046260959795769e-03
-7.746640206641567522e-03,-5.449539924760973299e-04,1.021532587226114952e-02,3.303563105042923824e-03,-5.227294778186388977e-03
-7.531399860935399614e-03,-6.483447952126860899e-04,1.010960335729279604e-02,3.905549394650147978e-03,-5.835408095794867959e-03
-7.544258478149346372e-03,-7.545103850859718022e-04,1.003217436436276179e-02,4.327603370237889137e-03,-6.061008871365351942e-03
-7.634765850692462608e-03,-6.576392701829185828e-04,9.833961474925245402e-03,4.469133925638506949e-03,-6.010690279688368776e-03
-7.397740825975298445e-03,3.754652332503368079e-04,9.666222010063634310e-03,3.171488104948893844e-03,-5.815434522287597253e-03
-7.272003100365809387e-03,1.383400036653952133e-03,9.445483071938178682e-03,2.382461208410101023e-03,-5.939341216636422234e-03
-7.278720323932329553e-03,1.495535415371809090e-03,9.496662784239107147e-03,2.164551587522726452e-03,-5.878029463201322677e-03
-7.057970777682719653e-03,1.558135946703198245e-03,9.363991717018835259e-03,1.969865134639807881e-03,-5.834022020679115010e-03
-6.193204429196916619e-03,1.343005129323744185e-03,9.354682621989476865e-03,1.101672177967012809e-03,-5.606155500083325263e-03
-5.412725274237077666e-03,1.323744100356304609e-03,9.203970049586304367e-03,6.111349553900392645e-04,-5.726123831095597354e-03
-4.809782920622699028e-03,1.216141465673359475e-03,8.846686285881057848e-03,-1.992773253900171054e-04,-5.053767505541686446e-03
-4.401094974627332325e-03,1.123897383942435140e-03,8.163270355830243991e-03,-3.394177785671243517e-04,-4.546654986578235573e-03
-3.637019297130315593e-03,1.302723253194125377e-03,7.661310219775144432e-03,-7.812854593620697022e-04,-4.545728716476882779e-03
-3.407867663932468219e-03,1.497480156766564392e-03,7.097074015002298973e-03,-6.650851688541825277e-04,-4.521601338982198307e-03
-3.143776893349722792e-03,1.100283804702142021e-03,7.065621422706935655e-03,-1.195744156628173209e-03,-3.826384177431192517e-03
-2.868912231632403734e-03,5.068661693782473441e-04,6.688356130020397562e-03,-1.099550722870084240e-03,-3.226759344896146849e-03
-2.499448519696540177e-03,4.624505170649489548e-04,6.513110204266702417e-03,-1.149503229101598223e-03,-3.326608972533502944e-03
-2.006826617928722262e-03,-3.883856707922396143e-04,6.343137667076360724e-03,-1.632869997886415110e-03,-2.315055380468989971e-03
-1.855822095537478997e-03,-1.057844865474803862e-03,6.054393354712519701e-03,-2.008559867376639302e-03,-1.132166526323591469e-03
-1.601569951166853132e-03,-1.917643670167300902e-03,4.615543933478229340e-03,-1.493197309977885951e-03,3.968669978338165553e-04
-2.356372518046476021e-04,-2.530690022532380845e-03,3.557220784541466774e-03,-1.731158228244426183e-03,9.402647180399866357e-04
1.197844886077728543e-03,-2.774772162870402931e-03,2.667459736130616162e-03,-2.651911636442792850e-03,1.561379177104858448e-03
3.037049813525334770e-03,-4.042818303669825503e-03,1.899365847584989038e-03,-3.930117682556926242e-03,3.036520325116418614e-03
5.130121612341098473e-03,-4.844431959058564073e-03,5.337517828484298048e-04,-4.978198921647175763e-03,4.158757485516214811e-03
6.308480162543116110e-03,-8.929034336391895865e-03,-8.171373783419778707e-04,-2.939557792162479036e-03,6.377249344353247071e-03
7.638597653052144054e-03,-7.726483350029394494e-03,-2.017001143091937641e-03,-5.112878799545284535e-03,7.217765639614493432e-03
8.141554272098415479e-03,-6.687299372360039351e-03,-3.224973829644674911e-03,-3.791225657024619670e-03,5.561944586930924091e-03
9.376067134259834235e-03,-6.803406547784825002e-03,-4.137787063662151481e-03,-3.844419627131146888e-03,5.409546104318255742e-03
1.120018185782120819e-02,-5.507483745064939949e-03,-4.717592300941465810e-03,-4.406181555668005866e-03,3.431075743853212109e-03
9.571289108414059166e-03,-5.477306900213791893e-03,-4.751965678297818442e-03,-3.122344827255782527e-03,3.780328297353328058e-03
1.252077882190507328e-02,-6.180469841883888191e-03,-2.556188403945872448e-03,-7.817120170636208606e-03,4.032999594560908972e-03
1.116428901602794371e-02,-6.048746999854102101e-03,-1.953973835702115924e-03,-7.006035993000534964e-03,3.844467812528839200e-03
8.304683857783342824e-03,-5.339941108401797046e-03,-2.096816052056366640e-03,-4.003258917701485974e-03,3.135332220376331122e-03
7.233173621843055207e-03,-6.414054457397246577e-03,-2.451397023815272795e-03,-3.378369848020661495e-03,5.010647707390135201e-03
8.061419468801928057e-03,-4.892868230557704742e-03,-1.675495579985418785e-03,-4.732628312971194108e-03,3.239572654712381556e-03
6.129975974294729277e-03,-5.403041726144380656e-03,-9.874423937163276030e-04,-3.565160529022053972e-03,3.825668674588036423e-03
5.796079753244536177e-03,-4.529139478874218659e-03,-4.503771998473018350e-05,-4.455565644050032796e-03,3.233663089664442873e-03
4.149435342512763740e-03,-4.332927103233599926e-03,1.267912268413177480e-03,-3.977478271767739826e-03,2.893057764075402868e-03
2.246376171456648807e-03,-4.775669449298244190e-03,2.876014132959441721e-03,-1.795590156537056874e-03,1.448869301419209018e-03
9.732693051791644050e-04,-1.894117721015703588e-03,3.425156116521612185e-03,-2.418330279982019559e-03,-8.597742070306021870e-05
-8.295627254548254949e-04,-2.154197037922074825e-03,4.402882541277157967e-03,-1.430850813594705933e-03,1.172803569445401504e-05
-9.729548368307372420e-04,-1.603187908176637250e-03,4.893024718380622508e-03,-1.458718952206062821e-03,-8.581630211671702332e-04
-1.528220304923865076e-03,-6.997091216294709995e-04,5.260814217985921790e-03,-1.168934367121328725e-03,-1.863950424311257856e-03
-1.252811270553118479e-03,-7.233046692123406250e-04,5.611799129734365392e-03,-1.791343478295626341e-03,-1.844339711673270840e-03
-1.816622584118379909e-03,-6.688645683556548828e-04,5.775144132641662695e-03,-1.242959622474289422e-03,-2.046697357693325579e-03
-1.907244428271131012e-03,7.500443216233363791e-06,5.981476760555801825e-03,-9.864807777328879392e-04,-3.095251997768021235e-03
-2.253284016929468607e-03,7.168880215410309469e-04,6.148064886710800231e-03,-5.070996745676545608e-04,-4.104569216754701613e-03
-2.463074175088503584e-03,1.031576874102858865e-03,6.433225105222092205e-03,-3.123372538698730282e-04,-4.689390550366564700e-03
-2.580874214729548741e-03,1.320242122497961978e-03,6.722015056105656167e-03,-3.481252413463125825e-04,-5.113257722527746359e-03
-2.986187624082775431e-03,1.354810310253652108e-03,7.122525302498560265e-03,-3.096897445625983528e-04,-5.181458244106844878e-03
-3.627480707573848672e-03,1.215751826661042945e-03,7.570375279007742104e-03,-9.763547360824910448e-05,-5.061010924486694131e-03
-3.768061651737119200e-03,1.154385686733739929e-03,7.829192378940152269e-03,-1.694185514376468301e-04,-5.046097862499127930e-03
-4.550306417282621273e-03,1.226897822626744081e-03,8.073556386054971806e-03,4.123514753320684477e-04,-5.162499266731138993e-03
-4.793820796122161103e-03,1.318307407035410050e-03,8.469214905054856662e-03,4.266291921866882599e-04,-5.420330708154803140e-03
-5.499991557904379026e-03,1.362616886572636573e-03,8.697693492895246584e-03,9.382739261992512937e-04,-5.498592747762765832e-03
-5.746723031086605100e-03,1.172009104578546675e-03,9.228724361806045842e-03,6.956927052341090999e-04,-5.349703140532108443e-03
-5.691699810305227147e-03,8.917004586601953720e-04,9.532380437091552208e-03,6.192570023251896391e-04,-5.351638087771696736e-03
-6.148518863295696600e-03,7.277933108958999694e-04,9.423486410612798986e-03,9.872812183944971575e-04,-4.990042076607529437e-03
-6.121979853734612134e-03,6.388408448961622587e-04,9.544502125119602026e-03,7.256128936137562794e-04,-4.786976009894903551e-03
-6.585710830849245134e-03,5.961030451834656470e-04,9.606476273268963958e-03,1.133481188906630341e-03,-4.750349676509849073e-03
-6.429153461622349672e-03,5.894320898344687252e-04,1.000470994233476803e-02,6.222576668193053684e-04,-4.787246237366196353e-03
-6.747711995419469928e-03,7.981377482154265518e-04,1.014771436779407510e-02,8.913527137475299239e-04,-5.089492834337569667e-03
-6.715076347284873112e-03,1.056003033424699877e-03,1.001623823901584207e-02,8.810306989936517912e-04,-5.238195624149354773e-03
-6.784182356104699260e-03,1.166090650103254051e-03,1.003993763044901295e-02,9.076474617375117565e-04,-5.329493386185068550e-03
-6.579654775058361126e-03,1.074545369425661603e-03,1.002702727605979741e-02,7.538836297495393052e-04,-5.275801500176665812e-03
-6.389126409435705138e-03,9.893540738150684386e-04,1.005119776633257682e-02,5.032664147335180792e-04,-5.154691845445459608e-03
-6.087615183337339447e-03,1.176907881205472130e-03,1.011201499474203951e-02,1.544893004299294735e-04,-5.355796993040093205e-03
-6.162307910627542670e-03,1.310939086230889080e-03,1.018464144940220244e-02,1.374204783419833960e-04,-5.470693103347534086e-03
-6.044863425202956324e-03,1.382014885674121701e-03,1.011000704063453465e-02,1.313078357131901330e-04,-5.578466336818893763e-03
-6.130516097425589214e-03,1.388972754438866884e-03,9.865602802142206182e-03,3.042283902516262364e-04,-5.428287849407152643e-03
-5.765671798502240882e-03,1.276108265080577904e-03,9.666567541193613403e-03,3.030801260667058536e-05,-5.207312020378600248e-03
-5.400730875161818302e-03,1.366175019994721879e-03,9.126227696898286251e-03,1.442389440214361738e-04,-5.235910785752621692e-03
-5.012650570745173784e-03,1.245030132479993824e-03,8.822637896062957702e-03,5.008941384232374640e-05,-5.105106871640118470e-03
-4.978521481613973169e-03,1.026888671528088017e-03,8.417132188140670490e-03,4.573628754542508707e-04,-4.922862253509010730e-03
-3.844965282423607172e-03,1.266718216130925233e-03,8.026970412997059753e-03,-5.898880255896281821e-04,-4.858835321114742152e-03
-3.386879814693335121e-03,1.569437381735013957e-03,7.596385397314125813e-03,-7.830281445178848129e-04,-4.995914819837908236e-03
-3.142510274030733269e-03,1.448491982261363928e-03,7.365314298965763146e-03,-1.016451555512895913e-03,-4.654844451683509167e-03
-2.883256398561407242e-03,1.088987552709046527e-03,7.190674823293095354e-03,-1.194080868351969681e-03,-4.202325109088775150e-03
-2.815410547376820481e-03,1.094945159104678597e-03,7.136130926207021746e-03,-1.317484548436243744e-03,-4.098180989498649562e-03
-2.606039944006669808e-03,5.627786764656138828e-04,6.970606929019866095e-03,-1.797631864606193987e-03,-3.129713796872627893e-03
-2.043418463629331945e-03,2.095671102036420505e-04,6.538913184906288562e-03,-1.999320427271152230e-03,-2.705741404209452156e-03
-1.884593611659079017e-03,-4.883223719076375171e-04,5.877791468971052362e-03,-1.707740466014159462e-03,-1.797135019390176365e-03
-1.602813125863913933e-03,-1.475040883917921441e-03,4.867175550980452729e-03,-1.250439417252949097e-03,-5.388821239456596931e-04
-3.823630609614923491e-04,-1.663162520921156184e-03,3.857096383278984467e-03,-1.924648224058980728e-03,1.130774226626453903e-04
6.664029855230830298e-04,-2.572084459454168810e-03,3.119761852151558060e-03,-2.484134393500551409e-03,1.270054015280092574e-03
2.276421283448814160e-03,-4.864791214854464335e-03,2.837081321588213936e-03,-1.646594278028118462e-03,1.397882887845559689e-03
5.194358851262409135e-03,-3.220113374088813020e-03,6.744648033048645207e-04,-4.506964949619692365e-03,1.858254669141227609e-03
5.465964438958734184e-03,-4.807263676369029348e-03,4.219960945687856668e-05,-4.650503226334916362e-03,3.949602854288323216e-03
5.341458534690341799e-03,-6.862073791837265679e-03,-1.136713538788098037e-03,-3.768472323768837402e-03,6.425801119703844141e-03
6.706177393215456521e-03,-6.534013607537189801e-03,-2.212594015775427424e-03,-3.676303634288206716e-03,5.716733864385344435e-03
8.142818470996352614e-03,-6.480404363869277096e-03,-1.995549548591729009e-03,-4.900029359038375609e-03,5.233164800503039941e-03
8.360867548799244889e-03,-6.699951035136734664e-03,-3.678915636875103052e-03,-3.268064808976194838e-03,5.286063932188756441e-03
1.021775641945678152e-02,-5.425329967640979932e-03,-4.624924831849854499e-03,-3.918276697342899621e-03,3.750775077376931714e-03
1.133543417497718392e-02,-5.076619893366178873e-03,-4.349827239883242297e-03,-5.233333390242056286e-03,3.324346348514276191e-03
